District,Metric_Type,Category,Latest_Year,Latest_Value,Year_5yr,Value_5yr,Year_10yr,Value_10yr,Start_Year,Start_Value,CAGR_5yr,CAGR_10yr,CAGR_15yr
Abby Kelley Foster Charter Public (District),Expenditure,Teachers,2024,7312.0,2019,4646.0,2014,,2009,,0.09494270747690736,,
Abby Kelley Foster Charter Public (District),Expenditure,"Insurance, Retirement and Other",2024,2130.0,2019,3646.0,2014,,2009,,-0.10192503957864574,,
Abby Kelley Foster Charter Public (District),Expenditure,Pupil Services,2024,2289.0,2019,1664.0,2014,,2009,,0.06585590143296738,,
Abby Kelley Foster Charter Public (District),Expenditure,Other Teaching Services,2024,873.0,2019,840.0,2014,,2009,,0.007736506101490015,,
Abby Kelley Foster Charter Public (District),Expenditure,Operations and Maintenance,2024,1503.0,2019,1729.0,2014,,2009,,-0.0276272099441629,,
Abby Kelley Foster Charter Public (District),Expenditure,Instructional Leadership,2024,570.0,2019,1162.0,2014,,2009,,-0.1327710931578816,,
Abby Kelley Foster Charter Public (District),Expenditure,Administration,2024,2165.0,2019,866.0,2014,,2009,,0.20112443398143132,,
Abby Kelley Foster Charter Public (District),Expenditure,"Guidance, Counseling and Testing",2024,552.0,2019,341.0,2014,,2009,,0.10112580310679498,,
Abby Kelley Foster Charter Public (District),Expenditure,Other,2024,538.0,2019,468.0,2014,,2009,,0.02827028214381233,,
Abby Kelley Foster Charter Public (District),Expenditure,Total PPE,2024,17932.0,2019,15362.0,2014,,2009,,0.03142153287460103,,
Abby Kelley Foster Charter Public (District),Enrollment,In-District FTE Pupils,2024,1421.4,2019,1425.4,2014,,2009,,-0.000561877022946411,,
Abby Kelley Foster Charter Public (District),Enrollment,Out-of-District FTE Pupils,2024,0.0,2019,0.0,2014,,2009,,,,
Abington,Expenditure,Teachers,2024,6531.0,2019,5543.0,2014,4698.0,2009,3866.0,0.0333488512992175,0.03349092418255584,0.035574121142313286
Abington,Expenditure,"Insurance, Retirement and Other",2024,3082.0,2019,2469.0,2014,1995.0,2009,1763.0,0.0453514088572744,0.04445317260637904,0.03793945607876603
Abington,Expenditure,Pupil Services,2024,1827.0,2019,1432.0,2014,1072.0,2009,828.0,0.04992700401961092,0.05476175995049304,0.05417783535529863
Abington,Expenditure,Other Teaching Services,2024,2141.0,2019,1267.0,2014,1044.0,2009,833.0,0.11062644573141256,0.07446337619956211,0.0649554597205475
Abington,Expenditure,Operations and Maintenance,2024,1119.0,2019,1002.0,2014,783.0,2009,768.0,0.02233321972084168,0.036350908476555865,0.025410887731234455
Abington,Expenditure,Instructional Leadership,2024,961.0,2019,768.0,2014,653.0,2009,503.0,0.045857303454095666,0.03939595089752945,0.04410384119261024
Abington,Expenditure,Administration,2024,388.0,2019,384.0,2014,403.0,2009,333.0,0.0020747066387576396,-0.003785937431353137,0.010242960265517631
Abington,Expenditure,"Guidance, Counseling and Testing",2024,611.0,2019,471.0,2014,341.0,2009,306.0,0.05342606666746308,0.060055693931790666,0.047179951409401566
Abington,Expenditure,Other,2024,435.0,2019,676.0,2014,734.0,2009,439.0,-0.08439424826251085,-0.050971358159762836,-0.0006100393160726192
Abington,Expenditure,Total PPE,2024,17095.0,2019,14012.0,2014,11723.0,2009,9639.0,0.04057597664973711,0.03844388675646071,0.03893682881793903
Abington,Enrollment,In-District FTE Pupils,2024,2142.5,2019,2064.7,2014,1943.1,2009,2306.2,0.007425117300326578,0.009816744762412899,-0.004896491367392342
Abington,Enrollment,Out-of-District FTE Pupils,2024,145.2,2019,102.0,2014,93.6,2009,79.4,0.07318177534273951,0.044886400540278704,0.0410615519610138
Abington,NSS,Ch70 Aid,2024,6429.338168631007,2019,3862.1200592885375,2014,3672.6065737051795,2009,3412.839597902098,0.10730713874421394,0.057594506320832295,0.043125813731063944
Abington,NSS,Req NSS (minus Ch70),2024,7753.607887579329,2019,6769.272727272727,2014,6484.3097609561755,2009,4843.513986013986,0.027524922650405736,0.018038044569721468,0.031865007788516975
Abington,NSS,Actual NSS (minus Req NSS),2024,1726.8033923118774,2019,2706.730036267131,2014,1114.891364029965,2009,1338.3435834926322,-0.08597181012361887,0.04472270698823033,0.01713442072893545
Abington,NSS,Total Actual NSS per pupil,2024,15909.749448522212,2019,13338.122822828394,2014,11271.80769869132,2009,9594.697167408714,0.03589020273390919,0.03506345910350417,0.03428955263600897
Abington,Enrollment,Foundation Enrollment,2024,2206.0,2019,2024.0,2014,2008.0,2009,2288.0,0.01737017075224223,0.009448530066313854,-0.002430185818057984
Academy Of the Pacific Rim Charter Public (District),Expenditure,Teachers,2024,10131.0,2019,5174.0,2014,,2009,,0.14383973259899085,,
Academy Of the Pacific Rim Charter Public (District),Expenditure,"Insurance, Retirement and Other",2024,2472.0,2019,4498.0,2014,,2009,,-0.1128321336621968,,
Academy Of the Pacific Rim Charter Public (District),Expenditure,Pupil Services,2024,2473.0,2019,2466.0,2014,,2009,,0.0005670774871029405,,
Academy Of the Pacific Rim Charter Public (District),Expenditure,Other Teaching Services,2024,959.0,2019,792.0,2014,,2009,,0.039007506279198356,,
Academy Of the Pacific Rim Charter Public (District),Expenditure,Operations and Maintenance,2024,2188.0,2019,1164.0,2014,,2009,,0.13453753193690665,,
Academy Of the Pacific Rim Charter Public (District),Expenditure,Instructional Leadership,2024,5144.0,2019,1652.0,2014,,2009,,0.25504177937377603,,
Academy Of the Pacific Rim Charter Public (District),Expenditure,Administration,2024,4093.0,2019,2612.0,2014,,2009,,0.09399091241979729,,
Academy Of the Pacific Rim Charter Public (District),Expenditure,"Guidance, Counseling and Testing",2024,612.0,2019,905.0,2014,,2009,,-0.0752580304644902,,
Academy Of the Pacific Rim Charter Public (District),Expenditure,Other,2024,1927.0,2019,878.0,2014,,2009,,0.1702467394046161,,
Academy Of the Pacific Rim Charter Public (District),Expenditure,Total PPE,2024,29999.0,2019,20141.0,2014,,2009,,0.08294188110569611,,
Academy Of the Pacific Rim Charter Public (District),Enrollment,In-District FTE Pupils,2024,452.6,2019,532.7,2014,,2009,,-0.03206460646100573,,
Academy Of the Pacific Rim Charter Public (District),Enrollment,Out-of-District FTE Pupils,2024,0.0,2019,0.0,2014,,2009,,,,
Acton,Expenditure,Teachers,2014,4556.0,2009,3940.0,2004,,1999,,0.029479015883767,,
Acton,Expenditure,"Insurance, Retirement and Other",2014,1916.0,2009,1712.0,2004,,1999,,0.02277086690907093,,
Acton,Expenditure,Pupil Services,2014,1328.0,2009,1052.0,2004,,1999,,0.047698849595609216,,
Acton,Expenditure,Other Teaching Services,2014,1521.0,2009,1266.0,2004,,1999,,0.03738294007224496,,
Acton,Expenditure,Operations and Maintenance,2014,750.0,2009,861.0,2004,,1999,,-0.02722674366441158,,
Acton,Expenditure,Instructional Leadership,2014,778.0,2009,547.0,2004,,1999,,0.07299686759859148,,
Acton,Expenditure,Administration,2014,602.0,2009,515.0,2004,,1999,,0.0317105046215147,,
Acton,Expenditure,"Guidance, Counseling and Testing",2014,250.0,2009,197.0,2004,,1999,,0.0488050178461481,,
Acton,Expenditure,Other,2014,364.0,2009,313.0,2004,,1999,,0.03065047848582525,,
Acton,Expenditure,Total PPE,2014,12065.0,2009,10403.0,2004,,1999,,0.030086618768723206,,
Acton,Enrollment,In-District FTE Pupils,2014,2453.3,2009,2566.7,2004,,1999,,-0.008996679517251027,,
Acton,Enrollment,Out-of-District FTE Pupils,2014,47.4,2009,29.6,2004,,1999,,0.09874604830543388,,
Acton,NSS,Ch70 Aid,2014,2390.4422077245626,2009,2163.9656456953644,2004,1094.1630937368639,1999,708.4579482439926,0.02010664678169105,0.0812836065566922,0.08445352500440095
Acton,NSS,Req NSS (minus Ch70),2014,6461.941905168731,2009,5619.76738410596,2004,5463.917612442203,1999,4896.509704251386,0.02832156132260133,0.016917897097471046,0.018665885114864667
Acton,NSS,Actual NSS (minus Req NSS),2014,2594.113110515506,2009,1967.200331125828,2004,1109.567044976881,1999,602.7204251386322,0.056885802589634826,0.08863811579401171,0.1021943995362471
Acton,NSS,Total Actual NSS per pupil,2014,11446.4972234088,2009,9750.933360927153,2004,7667.647751155948,1999,6207.688077634011,0.03258374427242128,0.0408809144236435,0.041636480274094945
Acton,Enrollment,Foundation Enrollment,2024,0.0,2019,0.0,2014,2341.0,2009,2416.0,,,
Acton-Boxborough,Expenditure,Teachers,2024,7718.0,2019,5888.0,2014,5051.0,2009,4268.0,0.0556194767288225,0.04330848777159191,0.040284252283554256
Acton-Boxborough,Expenditure,"Insurance, Retirement and Other",2024,3853.0,2019,2369.0,2014,2265.0,2009,1943.0,0.1021654417512814,0.05456433672728789,0.04669885051945033
Acton-Boxborough,Expenditure,Pupil Services,2024,2782.0,2019,1635.0,2014,2081.0,2009,1565.0,0.11216154307899351,0.029457695752612256,0.039097226393797424
Acton-Boxborough,Expenditure,Other Teaching Services,2024,2007.0,2019,1596.0,2014,793.0,2009,695.0,0.04689444915634389,0.09730515260538919,0.07325809100420666
Acton-Boxborough,Expenditure,Operations and Maintenance,2024,1342.0,2019,1094.0,2014,1062.0,2009,1145.0,0.04171049299452134,0.023676656455659417,0.010639966207474316
Acton-Boxborough,Expenditure,Instructional Leadership,2024,1353.0,2019,1048.0,2014,865.0,2009,773.0,0.052415662432142573,0.04575071192981772,0.03802517584851661
Acton-Boxborough,Expenditure,Administration,2024,524.0,2019,432.0,2014,593.0,2009,449.0,0.039368398171154784,-0.01229407417692141,0.010351125828126806
Acton-Boxborough,Expenditure,"Guidance, Counseling and Testing",2024,892.0,2019,598.0,2014,559.0,2009,410.0,0.08326006786760498,0.047840799978871695,0.05318678195121085
Acton-Boxborough,Expenditure,Other,2024,481.0,2019,452.0,2014,335.0,2009,285.0,0.012514679388261785,0.036835902115196495,0.03550773604468471
Acton-Boxborough,Expenditure,Total PPE,2024,20952.0,2019,15112.0,2014,13604.0,2009,11533.0,0.06753152297246134,0.044133154556327936,0.0406041324285622
Acton-Boxborough,Enrollment,In-District FTE Pupils,2024,5134.3,2019,5586.8,2014,2882.3,2009,2950.3,-0.016750751082171278,0.05943473054997028,0.0376263791926299
Acton-Boxborough,Enrollment,Out-of-District FTE Pupils,2024,122.2,2019,124.0,2014,105.6,2009,88.4,-0.0029202315780464394,0.014707169128040487,0.0218204640234565
Acton-Boxborough,NSS,Ch70 Aid,2024,3175.8826693227093,2019,2763.510117733628,2014,2422.0799333781965,2009,2330.894557823129,0.02820728854707899,0.027466327144921587,0.020836339178895047
Acton-Boxborough,NSS,Req NSS (minus Ch70),2024,10039.679880478088,2019,7920.697755702723,2014,7301.821668909825,2009,6197.256462585034,0.04855516725718001,0.032354521717710805,0.03268537471912336
Acton-Boxborough,NSS,Actual NSS (minus Req NSS),2024,5871.238894278888,2019,3807.041745768949,2014,2407.971210632571,2009,2137.3285714285716,0.09050691175210557,0.09322069933002619,0.06968826322712407
Acton-Boxborough,NSS,Total Actual NSS per pupil,2024,19086.801444079687,2019,14491.2496192053,2014,12131.872812920594,2009,10665.479591836734,0.05663614708393072,0.04635855803770794,0.03956149364250083
Acton-Boxborough,Enrollment,Foundation Enrollment,2024,5020.0,2019,5436.0,2014,2972.0,2009,2940.0,-0.015796616281900655,0.053817705982287745,0.03631175821891719
Acushnet,Expenditure,Teachers,2024,6083.0,2019,5125.0,2014,4418.0,2009,3662.0,0.03486759817201812,0.03249797958637335,0.03441140066474535
Acushnet,Expenditure,"Insurance, Retirement and Other",2024,1933.0,2019,1601.0,2014,1260.0,2009,1084.0,0.03840818913987154,0.04372510763520765,0.039314145178862114
Acushnet,Expenditure,Pupil Services,2024,1900.0,2019,1440.0,2014,1281.0,2009,1091.0,0.057007872172952334,0.04020861702018785,0.037676361109398204
Acushnet,Expenditure,Other Teaching Services,2024,1482.0,2019,1170.0,2014,1013.0,2009,919.0,0.04841317128472156,0.03878070899234842,0.03237032584805788
Acushnet,Expenditure,Operations and Maintenance,2024,1858.0,2019,1016.0,2014,846.0,2009,649.0,0.12831510023563242,0.08185120877921825,0.07263854916224854
Acushnet,Expenditure,Instructional Leadership,2024,993.0,2019,850.0,2014,695.0,2009,495.0,0.03158748458826133,0.03632611989760548,0.047505398777525354
Acushnet,Expenditure,Administration,2024,777.0,2019,543.0,2014,473.0,2009,482.0,0.07429669051263166,0.05088692299509723,0.03234517436593043
Acushnet,Expenditure,"Guidance, Counseling and Testing",2024,512.0,2019,436.0,2014,241.0,2009,207.0,0.03265842912942607,0.07826446224271755,0.06223345251044665
Acushnet,Expenditure,Other,2024,876.0,2019,495.0,2014,506.0,2009,545.0,0.12093332667795442,0.056416945556798215,0.032144510095190926
Acushnet,Expenditure,Total PPE,2024,16414.0,2019,12676.0,2014,10733.0,2009,9134.0,0.05304381026444083,0.04339639043140764,0.03984887936935877
Acushnet,Enrollment,In-District FTE Pupils,2024,953.7,2019,1018.1,2014,980.1,2009,1032.1,-0.012983826843053548,-0.0027268205216258723,-0.005252933769441581
Acushnet,Enrollment,Out-of-District FTE Pupils,2024,278.8,2019,318.4,2014,305.5,2009,331.4,-0.026213068097228787,-0.009103816994190383,-0.011455969946627342
Acushnet,NSS,Ch70 Aid,2024,5872.506142506142,2019,5153.489812550937,2014,5007.264320785597,2009,4748.725747629467,0.02646562872664293,0.016066882408957817,0.014261076925565996
Acushnet,NSS,Req NSS (minus Ch70),2024,7158.824733824734,2019,5806.948655256724,2014,4990.939443535188,2009,3449.7716994894236,0.042746519144539086,0.03673066121133206,0.049872979162758346
Acushnet,NSS,Actual NSS (minus Req NSS),2024,779.8480340698483,2019,1236.1361761465776,2014,475.3592471358429,2009,233.38439095550692,-0.08801282075099504,0.0507485600132056,0.08375025251945734
Acushnet,NSS,Total Actual NSS per pupil,2024,13811.178910400724,2019,12196.574643954238,2014,10473.563011456627,2009,8431.881838074398,0.025176340141746856,0.02804856244399434,0.0334443199596266
Acushnet,Enrollment,Foundation Enrollment,2024,1221.0,2019,1227.0,2014,1222.0,2009,1371.0,-0.00097991369074224,-8.18632111080353e-05,-0.007694921694783252
Advanced Math and Science Academy Charter (District),Expenditure,Teachers,2024,6316.0,2019,5510.0,2014,,2009,,0.027680472854554328,,
Advanced Math and Science Academy Charter (District),Expenditure,"Insurance, Retirement and Other",2024,2194.0,2019,3990.0,2014,,2009,,-0.11273623541100852,,
Advanced Math and Science Academy Charter (District),Expenditure,Pupil Services,2024,1540.0,2019,1833.0,2014,,2009,,-0.0342345797955681,,
Advanced Math and Science Academy Charter (District),Expenditure,Other Teaching Services,2024,325.0,2019,373.0,2014,,2009,,-0.02717458983308363,,
Advanced Math and Science Academy Charter (District),Expenditure,Operations and Maintenance,2024,1038.0,2019,904.0,2014,,2009,,0.028029990932973536,,
Advanced Math and Science Academy Charter (District),Expenditure,Instructional Leadership,2024,1156.0,2019,929.0,2014,,2009,,0.04469237290545358,,
Advanced Math and Science Academy Charter (District),Expenditure,Administration,2024,2189.0,2019,1737.0,2014,,2009,,0.047343613055788936,,
Advanced Math and Science Academy Charter (District),Expenditure,"Guidance, Counseling and Testing",2024,482.0,2019,316.0,2014,,2009,,0.08810796940188048,,
Advanced Math and Science Academy Charter (District),Expenditure,Other,2024,1153.0,2019,765.0,2014,,2009,,0.08550936459711034,,
Advanced Math and Science Academy Charter (District),Expenditure,Total PPE,2024,16393.0,2019,16357.0,2014,,2009,,0.00043979151352879775,,
Advanced Math and Science Academy Charter (District),Enrollment,In-District FTE Pupils,2024,965.8,2019,972.7,2014,,2009,,-0.0014227741829431206,,
Advanced Math and Science Academy Charter (District),Enrollment,Out-of-District FTE Pupils,2024,0.0,2019,0.0,2014,,2009,,,,
Agawam,Expenditure,Teachers,2024,8125.0,2019,6896.0,2014,4939.0,2009,4535.0,0.03334471674885453,0.051038039290603576,0.03964021859596767
Agawam,Expenditure,"Insurance, Retirement and Other",2024,4008.0,2019,3050.0,2014,2140.0,2009,2076.0,0.05614993027459936,0.06475918207486275,0.04483254291876726
Agawam,Expenditure,Pupil Services,2024,2009.0,2019,1388.0,2014,1125.0,2009,1008.0,0.07675796776149624,0.05969952930148614,0.047051299919193657
Agawam,Expenditure,Other Teaching Services,2024,1926.0,2019,1820.0,2014,1275.0,2009,1059.0,0.011386096171118076,0.04211251096528845,0.040680351202761145
Agawam,Expenditure,Operations and Maintenance,2024,1569.0,2019,1341.0,2014,952.0,2009,1067.0,0.031902900417764,0.05123206529095281,0.026039077678023492
Agawam,Expenditure,Instructional Leadership,2024,1067.0,2019,1046.0,2014,832.0,2009,618.0,0.003983434202770697,0.02518940516663637,0.03707873584046184
Agawam,Expenditure,Administration,2024,485.0,2019,400.0,2014,499.0,2009,424.0,0.03928904495613805,-0.002841675256976872,0.009001299265479767
Agawam,Expenditure,"Guidance, Counseling and Testing",2024,868.0,2019,603.0,2014,488.0,2009,478.0,0.07557446359516096,0.05927809205979706,0.040573564521167116
Agawam,Expenditure,Other,2024,863.0,2019,499.0,2014,500.0,2009,425.0,0.11578893426133763,0.05609765704034708,0.048354405037736914
Agawam,Expenditure,Total PPE,2024,20920.0,2019,17043.0,2014,12750.0,2009,11690.0,0.0418450370099992,0.05076391397246205,0.03956060038724418
Agawam,Enrollment,In-District FTE Pupils,2024,3523.0,2019,3710.3,2014,4046.9,2009,4064.2,-0.01030648768536957,-0.013768165408462152,-0.009481697348898366
Agawam,Enrollment,Out-of-District FTE Pupils,2024,167.6,2019,158.5,2014,128.6,2009,153.0,0.011227681509355492,0.026841244929884933,0.006094648361581578
Agawam,NSS,Ch70 Aid,2024,7314.9511838643675,2019,5133.077657036841,2014,4559.234845124052,2009,3783.0534648921525,0.07341267580761457,0.048411912410402325,0.04493978195781878
Agawam,NSS,Req NSS (minus Ch70),2024,7416.849751534639,2019,5956.647495361781,2014,5460.515292390506,2009,4469.489215236347,0.0448249052996168,0.03109477322532772,0.034341871493281495
Agawam,NSS,Actual NSS (minus Req NSS),2024,5324.984644758844,2019,4918.891266607433,2014,2217.6014987674657,2009,1771.206516750803,0.015991857687420286,0.09154962639774933,0.07614289795759555
Agawam,NSS,Total Actual NSS per pupil,2024,20056.785580157848,2019,16008.616419006055,2014,12237.351636282025,2009,10023.749196879302,0.04612000352930634,0.050648365479758706,0.04732646040024102
Agawam,Enrollment,Foundation Enrollment,2024,3421.0,2019,3773.0,2014,4087.0,2009,4358.0,-0.01939691819718692,-0.017630560288525388,-0.01600915782094814
Alma del Mar Charter School (District),Expenditure,Teachers,2024,5054.0,2019,4612.0,2014,,2009,,0.018472220411567264,,
Alma del Mar Charter School (District),Expenditure,"Insurance, Retirement and Other",2024,1564.0,2019,3012.0,2014,,2009,,-0.1228449738774724,,
Alma del Mar Charter School (District),Expenditure,Pupil Services,2024,710.0,2019,2644.0,2014,,2009,,-0.23122477407410924,,
Alma del Mar Charter School (District),Expenditure,Other Teaching Services,2024,4045.0,2019,1291.0,2014,,2009,,0.25660405473114256,,
Alma del Mar Charter School (District),Expenditure,Operations and Maintenance,2024,1131.0,2019,804.0,2014,,2009,,0.07063469058247951,,
Alma del Mar Charter School (District),Expenditure,Instructional Leadership,2024,706.0,2019,504.0,2014,,2009,,0.06973161925297755,,
Alma del Mar Charter School (District),Expenditure,Administration,2024,1991.0,2019,1701.0,2014,,2009,,0.03198501059193215,,
Alma del Mar Charter School (District),Expenditure,"Guidance, Counseling and Testing",2024,460.0,2019,376.0,2014,,2009,,0.041151663495705204,,
Alma del Mar Charter School (District),Expenditure,Other,2024,2256.0,2019,1597.0,2014,,2009,,0.07153617118146371,,
Alma del Mar Charter School (District),Expenditure,Total PPE,2024,17917.0,2019,16541.0,2014,,2009,,0.016109955391995667,,
Alma del Mar Charter School (District),Enrollment,In-District FTE Pupils,2024,1038.8,2019,440.0,2014,,2009,,0.1874514247012362,,
Alma del Mar Charter School (District),Enrollment,Out-of-District FTE Pupils,2024,0.0,2019,0.0,2014,,2009,,,,
Amesbury,Expenditure,Teachers,2024,8269.0,2019,6580.0,2014,5060.0,2009,4828.0,0.04675590532319385,0.050340828367576806,0.0365232514502527
Amesbury,Expenditure,"Insurance, Retirement and Other",2024,4840.0,2019,3593.0,2014,2400.0,2009,2263.0,0.06139644549174328,0.07266327536704753,0.051987841709610905
Amesbury,Expenditure,Pupil Services,2024,1797.0,2019,1171.0,2014,1244.0,2009,926.0,0.08942725567975418,0.037463364681024736,0.04519134802159486
Amesbury,Expenditure,Other Teaching Services,2024,2565.0,2019,1746.0,2014,1185.0,2009,848.0,0.07996237680867235,0.08028140826478314,0.07657948842764806
Amesbury,Expenditure,Operations and Maintenance,2024,2081.0,2019,1267.0,2014,939.0,2009,1223.0,0.10433056650124861,0.08283092083554489,0.0360714542200562
Amesbury,Expenditure,Instructional Leadership,2024,1357.0,2019,962.0,2014,697.0,2009,777.0,0.07122563030808382,0.06889416661139536,0.0378723019067333
Amesbury,Expenditure,Administration,2024,533.0,2019,419.0,2014,351.0,2009,348.0,0.04930716219684017,0.04265831082687299,0.02882900069454375
Amesbury,Expenditure,"Guidance, Counseling and Testing",2024,685.0,2019,532.0,2014,352.0,2009,258.0,0.051854787176113915,0.06884514970145172,0.06726284645895397
Amesbury,Expenditure,Other,2024,603.0,2019,414.0,2014,346.0,2009,229.0,0.07811079401003584,0.05711959075457895,0.06667501344487947
Amesbury,Expenditure,Total PPE,2024,22730.0,2019,16684.0,2014,12574.0,2009,11700.0,0.06379966913683766,0.06099319387501145,0.0452677991732402
Amesbury,Enrollment,In-District FTE Pupils,2024,1817.9,2019,2044.4,2014,2342.1,2009,2318.4,-0.023210857704991872,-0.025018319515068277,-0.01608229667143013
Amesbury,Enrollment,Out-of-District FTE Pupils,2024,238.8,2019,151.5,2014,169.5,2009,217.0,0.0952779331762148,0.03487158387597922,0.006402343137921873
Amesbury,NSS,Ch70 Aid,2024,5128.471575527883,2019,4152.651046405824,2014,3563.540091400083,2009,3693.7310821806345,0.043115750124078644,0.037076110852565236,0.022119118928597414
Amesbury,NSS,Req NSS (minus Ch70),2024,9872.55116404981,2019,6895.3130118289355,2014,6084.6589115081015,2009,5118.782343368593,0.07442246773704375,0.04958910874413269,0.044762354189727294
Amesbury,NSS,Actual NSS (minus Req NSS),2024,6220.578888156085,2019,4104.734459584379,2014,2329.963620248563,2009,1141.572497396826,0.08669869858597701,0.10318453792830073,0.11966599085197283
Amesbury,NSS,Total Actual NSS per pupil,2024,21221.601627733777,2019,15152.698517819139,2014,11978.162623156748,2009,9954.085922946053,0.06968925917031776,0.05886061627024897,0.05176436299816789
Amesbury,Enrollment,Foundation Enrollment,2024,1847.0,2019,2198.0,2014,2407.0,2009,2458.0,-0.034198575840092005,-0.026134276531299405,-0.01887200507207898
Amherst,Expenditure,Teachers,2024,9745.0,2019,8538.0,2014,6627.0,2009,5944.0,0.026798294394104527,0.039313305591538894,0.03350727059119474
Amherst,Expenditure,"Insurance, Retirement and Other",2024,6605.0,2019,5212.0,2014,4189.0,2009,3353.0,0.04851267055160946,0.046589193539214646,0.0462350964957956
Amherst,Expenditure,Pupil Services,2024,1965.0,2019,1362.0,2014,1223.0,2009,865.0,0.07606149061535428,0.048560780687253,0.056224968723078694
Amherst,Expenditure,Other Teaching Services,2024,4612.0,2019,3084.0,2014,2610.0,2009,1762.0,0.08381457199625886,0.058582911862589127,0.0662496287699541
Amherst,Expenditure,Operations and Maintenance,2024,2248.0,2019,1646.0,2014,1451.0,2009,1264.0,0.06432262714193215,0.04475122598042147,0.03913015707032974
Amherst,Expenditure,Instructional Leadership,2024,2498.0,2019,1325.0,2014,1275.0,2009,1134.0,0.13520765534843582,0.06956756648011231,0.054059900846023634
Amherst,Expenditure,Administration,2024,1213.0,2019,767.0,2014,809.0,2009,627.0,0.09600639297517533,0.041336827928097675,0.04497576234623368
Amherst,Expenditure,"Guidance, Counseling and Testing",2024,1053.0,2019,668.0,2014,538.0,2009,396.0,0.0952931756143045,0.06946015722221288,0.06737136041364766
Amherst,Expenditure,Other,2024,1328.0,2019,1092.0,2014,1098.0,2009,684.0,0.039908402490685946,0.01920037196824609,0.045224220522475767
Amherst,Expenditure,Total PPE,2024,31267.0,2019,23694.0,2014,19820.0,2009,16029.0,0.057035482456701425,0.04664223637496723,0.045551234123633266
Amherst,Enrollment,In-District FTE Pupils,2024,1001.5,2019,1130.9,2014,1196.7,2009,1387.2,-0.02401004043634647,-0.017649283471089627,-0.02148506593621191
Amherst,Enrollment,Out-of-District FTE Pupils,2024,133.9,2019,124.4,2014,90.4,2009,64.7,0.014827060749099674,0.040066754934005466,0.04968361888023676
Amherst,NSS,Ch70 Aid,2024,5953.339336492891,2019,5504.704339963833,2014,4804.460472697637,2009,4482.623032904149,0.015793262634778538,0.021672258916373144,0.019096307389957268
Amherst,NSS,Req NSS (minus Ch70),2024,10585.922274881517,2019,8089.282097649187,2014,7157.3365933170335,2009,3946.491416309013,0.05527036970692478,0.03991472058718992,0.0679915975738632
Amherst,NSS,Actual NSS (minus Req NSS),2024,11077.950241327015,2019,9833.643316856685,2014,6496.46503727782,2009,6169.091416309014,0.02411562368838971,0.05481969587540969,0.03979856470584742
Amherst,NSS,Total Actual NSS per pupil,2024,27617.211852701425,2019,23427.629754469708,2014,18458.26210329249,2009,14598.205865522177,0.03345196630025238,0.04111547611797639,0.043418877841687076
Amherst,Enrollment,Foundation Enrollment,2024,1055.0,2019,1106.0,2014,1227.0,2009,1398.0,-0.009397393139972454,-0.014989659484698992,-0.01859179199331551
Amherst-Pelham,Expenditure,Teachers,2024,8270.0,2019,7285.0,2014,6765.0,2009,5491.0,0.0256878019829343,0.02029033070573627,0.02767771189554602
Amherst-Pelham,Expenditure,"Insurance, Retirement and Other",2024,6248.0,2019,5047.0,2014,3954.0,2009,3305.0,0.043617957124443274,0.0468162015589344,0.04336909948080803
Amherst-Pelham,Expenditure,Pupil Services,2024,2766.0,2019,2236.0,2014,1764.0,2009,1645.0,0.04346064832722796,0.046008851208975576,0.035251221414354106
Amherst-Pelham,Expenditure,Other Teaching Services,2024,2851.0,2019,2122.0,2014,1739.0,2009,1199.0,0.06084117415803503,0.0506783019485757,0.05944529257545628
Amherst-Pelham,Expenditure,Operations and Maintenance,2024,2221.0,2019,1776.0,2014,1585.0,2009,1459.0,0.04573373738406361,0.03431287127820526,0.028409826698798213
Amherst-Pelham,Expenditure,Instructional Leadership,2024,2336.0,2019,1544.0,2014,1545.0,2009,1289.0,0.08633834295515186,0.042208079133041476,0.0404343006198995
Amherst-Pelham,Expenditure,Administration,2024,1277.0,2019,759.0,2014,907.0,2009,652.0,0.10965972661399137,0.03480462480265567,0.04583431343712818
Amherst-Pelham,Expenditure,"Guidance, Counseling and Testing",2024,1465.0,2019,925.0,2014,733.0,2009,525.0,0.09632464848798561,0.0717003313907365,0.07080869271106072
Amherst-Pelham,Expenditure,Other,2024,799.0,2019,610.0,2014,424.0,2009,646.0,0.0554639124529277,0.06541324678936666,0.014271644016075946
Amherst-Pelham,Expenditure,Total PPE,2024,28233.0,2019,22304.0,2014,19416.0,2009,16211.0,0.048274096739964856,0.03814908729857969,0.037679287572816245
Amherst-Pelham,Enrollment,In-District FTE Pupils,2024,1209.3,2019,1334.3,2014,1470.3,2009,1712.0,-0.019480774800624934,-0.019352761805237595,-0.022908235448270475
Amherst-Pelham,Enrollment,Out-of-District FTE Pupils,2024,146.7,2019,158.3,2014,148.7,2009,111.5,-0.01510521064017123,-0.0013532004292057254,0.01845931132887002
Amherst-Pelham,NSS,Ch70 Aid,2024,7658.082417582729,2019,6643.047452896021,2014,5865.270082226439,2009,5487.857856746252,0.02884638569241904,0.027030171130320024,0.02246349685019089
Amherst-Pelham,NSS,Req NSS (minus Ch70),2024,10834.806122448977,2019,8271.117236566643,2014,7379.941808981657,2009,4382.675180455302,0.05548336643028695,0.039146599360468715,0.062197946157751094
Amherst-Pelham,NSS,Actual NSS (minus Req NSS),2024,6058.931852417268,2019,5364.706908583391,2014,3837.705249841872,2009,3406.991116046641,0.024636950946423708,0.04672463406005822,0.03912630226099467
Amherst-Pelham,NSS,Total Actual NSS per pupil,2024,24551.820392448975,2019,20278.871598046055,2014,17082.917141049966,2009,13277.524153248196,0.03898190187031236,0.03693651087656358,0.041832193127148365
Amherst-Pelham,Enrollment,Foundation Enrollment,2024,1274.0000000000002,2019,1433.0000000000002,2014,1581.0,2009,1801.0,-0.023247239009308363,-0.021358212868887838,-0.02281442434701264
Andover,Expenditure,Teachers,2024,9222.0,2019,7116.0,2014,5863.0,2009,5232.0,0.05321693996950816,0.04633444494646288,0.03850954417865715
Andover,Expenditure,"Insurance, Retirement and Other",2024,3306.0,2019,2844.0,2014,2457.0,2009,1932.0,0.030563250056560687,0.030124625533734184,0.03646119901729872
Andover,Expenditure,Pupil Services,2024,2676.0,2019,1361.0,2014,1089.0,2009,909.0,0.14478939285806303,0.0940717970157523,0.07463623880106574
Andover,Expenditure,Other Teaching Services,2024,2263.0,2019,1950.0,2014,1570.0,2009,988.0,0.03022002796858625,0.0372381697108044,0.056805765528751495
Andover,Expenditure,Operations and Maintenance,2024,2048.0,2019,1595.0,2014,1217.0,2009,1075.0,0.051268987726053705,0.05342576779594199,0.043906093200555274
Andover,Expenditure,Instructional Leadership,2024,1482.0,2019,1112.0,2014,871.0,2009,766.0,0.05912856996964444,0.0545884361488429,0.04497996091431866
Andover,Expenditure,Administration,2024,783.0,2019,422.0,2014,383.0,2009,288.0,0.131591983712529,0.0741286456184087,0.06895137836848986
Andover,Expenditure,"Guidance, Counseling and Testing",2024,780.0,2019,647.0,2014,521.0,2009,574.0,0.03809730698470015,0.04117969019141543,0.020654717781963372
Andover,Expenditure,Other,2024,989.0,2019,547.0,2014,352.0,2009,334.0,0.12574957856498692,0.1088310092995699,0.07505327939181172
Andover,Expenditure,Total PPE,2024,23549.0,2019,17594.0,2014,14323.0,2009,12098.0,0.06003834752191284,0.050978538901061965,0.045403442687736995
Andover,Enrollment,In-District FTE Pupils,2024,5488.2,2019,5967.5,2014,6169.9,2009,6170.3,-0.01660612190184929,-0.011639955138405877,-0.007779391095147359
Andover,Enrollment,Out-of-District FTE Pupils,2024,94.0,2019,121.5,2014,93.3,2009,115.8,-0.050029071184024554,0.0007477468650742836,-0.013808429014538381
Andover,NSS,Ch70 Aid,2024,2511.8473172488298,2019,1825.2647717484926,2014,1386.4448345117814,2009,1256.388795423957,0.06594175103824385,0.061228889960642796,0.04726826993073052
Andover,NSS,Req NSS (minus Ch70),2024,10495.788260713,2019,8604.819810508183,2014,8173.289387487717,2009,7432.39333781965,0.040530119801255315,0.02532564164610851,0.02327514414036358
Andover,NSS,Actual NSS (minus Req NSS),2024,8248.408265394315,2019,6667.546209866825,2014,3813.06763631921,2009,2801.3948005628704,0.04347205520720343,0.08021340897002482,0.0746483808926437
Andover,NSS,Total Actual NSS per pupil,2024,21256.043843356143,2019,17097.6307921235,2014,13372.80185831871,2009,11490.176933806477,0.04450205918696537,0.047432397653824676,0.041862439408879126
Andover,Enrollment,Foundation Enrollment,2024,5554.0,2019,5805.0,2014,6106.0,2009,5944.0,-0.008801285175056406,-0.009430600860030003,-0.004514042182557132
Argosy Collegiate Charter School (District),Expenditure,Teachers,2024,7956.0,2019,4533.0,2014,,2009,,0.11908174423116491,,
Argosy Collegiate Charter School (District),Expenditure,"Insurance, Retirement and Other",2024,1874.0,2019,2873.0,2014,,2009,,-0.08190675480748955,,
Argosy Collegiate Charter School (District),Expenditure,Pupil Services,2024,1609.0,2019,2175.0,2014,,2009,,-0.058502098056175345,,
Argosy Collegiate Charter School (District),Expenditure,Other Teaching Services,2024,926.0,2019,494.0,2014,,2009,,0.13390535825256822,,
Argosy Collegiate Charter School (District),Expenditure,Operations and Maintenance,2024,1427.0,2019,833.0,2014,,2009,,0.11366813710353374,,
Argosy Collegiate Charter School (District),Expenditure,Instructional Leadership,2024,2004.0,2019,815.0,2014,,2009,,0.19714848894001258,,
Argosy Collegiate Charter School (District),Expenditure,Administration,2024,2605.0,2019,1753.0,2014,,2009,,0.08244331416208239,,
Argosy Collegiate Charter School (District),Expenditure,"Guidance, Counseling and Testing",2024,1298.0,2019,384.0,2014,,2009,,0.27581790739423084,,
Argosy Collegiate Charter School (District),Expenditure,Other,2024,1061.0,2019,917.0,2014,,2009,,0.029601602029733165,,
Argosy Collegiate Charter School (District),Expenditure,Total PPE,2024,20760.0,2019,14777.0,2014,,2009,,0.07035591935600127,,
Argosy Collegiate Charter School (District),Enrollment,In-District FTE Pupils,2024,566.6,2019,458.9,2014,,2009,,0.04306579157420298,,
Argosy Collegiate Charter School (District),Enrollment,Out-of-District FTE Pupils,2024,0.0,2019,0.0,2014,,2009,,,,
Arlington,Expenditure,Teachers,2024,7673.0,2019,5271.0,2014,4275.0,2009,4078.0,0.07798926595218769,0.06023688235867941,0.043040563807210885
Arlington,Expenditure,"Insurance, Retirement and Other",2024,3333.0,2019,2387.0,2014,2202.0,2009,2433.0,0.06904645798657039,0.0423217492124397,0.021204877245577736
Arlington,Expenditure,Pupil Services,2024,2002.0,2019,1378.0,2014,1074.0,2009,660.0,0.07756374534657517,0.06425568604167786,0.07678255068566608
Arlington,Expenditure,Other Teaching Services,2024,1946.0,2019,1089.0,2014,883.0,2009,602.0,0.12311180269267585,0.08222662243414458,0.08135864430238438
Arlington,Expenditure,Operations and Maintenance,2024,1455.0,2019,1172.0,2014,1103.0,2009,1054.0,0.044208144686729955,0.028084349834660793,0.02172689499053937
Arlington,Expenditure,Instructional Leadership,2024,1189.0,2019,917.0,2014,794.0,2009,701.0,0.053325271104668115,0.04120473685239734,0.03585171426478717
Arlington,Expenditure,Administration,2024,689.0,2019,490.0,2014,547.0,2009,396.0,0.07054426280811721,0.023347633419742886,0.03761188055050457
Arlington,Expenditure,"Guidance, Counseling and Testing",2024,873.0,2019,626.0,2014,589.0,2009,324.0,0.06877917265514566,0.04013544184684359,0.06831161180763767
Arlington,Expenditure,Other,2024,714.0,2019,313.0,2014,455.0,2009,659.0,0.17931758614294857,0.046089111171732755,0.005358266289394287
Arlington,Expenditure,Total PPE,2024,19874.0,2019,13643.0,2014,11922.0,2009,10907.0,0.07813980686353417,0.05243096313392259,0.04081129875161449
Arlington,Enrollment,In-District FTE Pupils,2024,6065.0,2019,5957.9,2014,5080.1,2009,4723.2,0.0035696505613709295,0.017878296689566753,0.016809584606380046
Arlington,Enrollment,Out-of-District FTE Pupils,2024,97.2,2019,148.7,2014,151.0,2009,134.9,-0.0815171336062318,-0.04309476223843345,-0.021613869218053527
Arlington,NSS,Ch70 Aid,2024,3116.1961012995666,2019,2033.8674157303371,2014,2001.3901613224457,2009,1393.8899082568807,0.0890816189135315,0.0452719637954897,0.055098697895584525
Arlington,NSS,Req NSS (minus Ch70),2024,9362.435854715095,2019,7992.570095073466,2014,7241.114319856602,2009,6978.319982098904,0.032144446806252835,0.02602595032015187,0.019786358932150305
Arlington,NSS,Actual NSS (minus Req NSS),2024,5694.311904317228,2019,3306.401504003775,2014,2259.9610966164687,2009,2239.03024499102,0.1148517820688546,0.09681663563865661,0.06420530480801268
Arlington,NSS,Total Actual NSS per pupil,2024,18172.943860331892,2019,13332.839014807578,2014,11502.465577795518,2009,10611.240135346805,0.06389931662411885,0.04679932583143653,0.036519020922474166
Arlington,Enrollment,Foundation Enrollment,2024,6002.0,2019,5785.0,2014,5021.0,2009,4469.0,0.007392064686141175,0.018006560896999924,0.01985643950214455
Ashburnham-Westminster,Expenditure,Teachers,2024,5901.0,2019,4845.0,2014,4445.0,2009,4310.0,0.040222795389818655,0.028739427489527403,0.021166493492298155
Ashburnham-Westminster,Expenditure,"Insurance, Retirement and Other",2024,2298.0,2019,1930.0,2014,1568.0,2009,1254.0,0.03552012353140643,0.03896375369667604,0.0412064086155608
Ashburnham-Westminster,Expenditure,Pupil Services,2024,2180.0,2019,1725.0,2014,1695.0,2009,1272.0,0.04793290852183185,0.02548350503341812,0.03656838489260972
Ashburnham-Westminster,Expenditure,Other Teaching Services,2024,1553.0,2019,1310.0,2014,1240.0,2009,921.0,0.03461800509708768,0.022762926238051984,0.035446000710599224
Ashburnham-Westminster,Expenditure,Operations and Maintenance,2024,1462.0,2019,1103.0,2014,1182.0,2009,1115.0,0.05797248259794929,0.021487342629862294,0.018227527010228117
Ashburnham-Westminster,Expenditure,Instructional Leadership,2024,898.0,2019,681.0,2014,814.0,2009,700.0,0.05688040250497828,0.009869354220957804,0.016744627926150057
Ashburnham-Westminster,Expenditure,Administration,2024,458.0,2019,370.0,2014,395.0,2009,352.0,0.04359682893724748,0.014908379504348535,0.017704092538149308
Ashburnham-Westminster,Expenditure,"Guidance, Counseling and Testing",2024,707.0,2019,479.0,2014,325.0,2009,313.0,0.08097781274600213,0.08082057937673448,0.05582434521592172
Ashburnham-Westminster,Expenditure,Other,2024,751.0,2019,511.0,2014,503.0,2009,253.0,0.08004986602121189,0.04089565386347793,0.07522980504565036
Ashburnham-Westminster,Expenditure,Total PPE,2024,16208.0,2019,12954.0,2014,12167.0,2009,10490.0,0.045839660183267794,0.02909292394321672,0.029430258048421587
Ashburnham-Westminster,Enrollment,In-District FTE Pupils,2024,2246.7,2019,2356.7,2014,2282.1,2009,2428.8,-0.009514421228927317,-0.0015621384643286218,-0.005182181611841141
Ashburnham-Westminster,Enrollment,Out-of-District FTE Pupils,2024,89.1,2019,81.6,2014,82.4,2009,82.3,0.017741558918676015,0.007848025325463137,0.005306578728529798
Ashburnham-Westminster,NSS,Ch70 Aid,2024,6878.099474145486,2019,4982.053982300885,2014,4485.366548042704,2009,4380.528613819415,0.06662560433686737,0.04367925524980176,0.030535116544428087
Ashburnham-Westminster,NSS,Req NSS (minus Ch70),2024,6113.1858019281335,2019,5111.003539823008,2014,4923.175711743772,2009,3554.1920305214076,0.036459371716537126,0.021885474472955746,0.03681621467017515
Ashburnham-Westminster,NSS,Actual NSS (minus Req NSS),2024,1461.9527537262607,2019,1780.7243279646011,2014,787.2851423487544,2009,1172.3314963967782,-0.038681435808539444,0.06384933933426051,0.014827421318599265
Ashburnham-Westminster,NSS,Total Actual NSS per pupil,2024,14453.23802979988,2019,11873.781850088495,2014,10195.82740213523,2009,9107.052140737602,0.04010029103331303,0.035509930249737476,0.03127024849309623
Ashburnham-Westminster,Enrollment,Foundation Enrollment,2024,2282.0,2019,2260.0,2014,2248.0,2009,2359.0,0.0019393657730613079,0.0015022592033819837,-0.002209924445790823
Ashland,Expenditure,Teachers,2024,7111.0,2019,5765.0,2014,5160.0,2009,4341.0,0.04286063261446604,0.03259043473736489,0.03344981738583974
Ashland,Expenditure,"Insurance, Retirement and Other",2024,2457.0,2019,2028.0,2014,2114.0,2009,1980.0,0.0391241569508578,0.015149528750207919,0.01449364550143284
Ashland,Expenditure,Pupil Services,2024,1887.0,2019,1434.0,2014,1101.0,2009,1025.0,0.05643930240385786,0.055354723124061644,0.04152540791159587
Ashland,Expenditure,Other Teaching Services,2024,1521.0,2019,1249.0,2014,881.0,2009,831.0,0.04019163065718789,0.0561250181035029,0.04112261293239028
Ashland,Expenditure,Operations and Maintenance,2024,1152.0,2019,859.0,2014,1236.0,2009,1002.0,0.060454069500693874,-0.007013370396026342,0.009343484317312134
Ashland,Expenditure,Instructional Leadership,2024,801.0,2019,688.0,2014,825.0,2009,758.0,0.03088166530428582,-0.0029478903398681977,0.003685278094769595
Ashland,Expenditure,Administration,2024,662.0,2019,580.0,2014,441.0,2009,394.0,0.026800329052960592,0.04145843074242328,0.03519965321989993
Ashland,Expenditure,"Guidance, Counseling and Testing",2024,602.0,2019,630.0,2014,539.0,2009,423.0,-0.009051263265793641,0.011115510721340316,0.02380459623362663
Ashland,Expenditure,Other,2024,459.0,2019,403.0,2014,363.0,2009,374.0,0.02636427708116096,0.023742200482255615,0.01374658812426266
Ashland,Expenditure,Total PPE,2024,16652.0,2019,13636.0,2014,12660.0,2009,11128.0,0.040772676023175025,0.027787353703541795,0.02723534076708778
Ashland,Enrollment,In-District FTE Pupils,2024,2914.8,2019,2853.3,2014,2569.0,2009,2640.1,0.004274105573886633,0.0127085244508085,0.006620781886474081
Ashland,Enrollment,Out-of-District FTE Pupils,2024,53.9,2019,82.8,2014,137.6,2009,84.2,-0.08227685305478849,-0.08946418472707751,-0.02929981682073779
Ashland,NSS,Ch70 Aid,2024,3970.940471997182,2019,2369.6125532739247,2014,2210.366495288577,2009,1804.3919874312646,0.10877444288354865,0.06033454037633046,0.05399244801841041
Ashland,NSS,Req NSS (minus Ch70),2024,8976.657625924621,2019,7844.997287872918,2014,7232.362236628849,2009,6469.342498036135,0.027316758347145864,0.021841294020994217,0.0220770449515566
Ashland,NSS,Actual NSS (minus Req NSS),2024,2738.1377142303613,2019,3232.1607826423856,2014,2624.7104645355316,2009,1967.9644539444141,-0.032630331495748455,0.0042397054533418466,0.022262749758478417
Ashland,NSS,Total Actual NSS per pupil,2024,15685.735812152165,2019,13446.770623789229,2014,12067.439196452959,2009,10241.698939411814,0.031281862847478026,0.02657096724046082,0.028826619992876612
Ashland,Enrollment,Foundation Enrollment,2024,2839.0,2019,2581.0,2014,2468.0,2009,2546.0,0.019237696334104548,0.014102897803972114,0.007288323302246269
Assabet Valley Regional Vocational Technical,Expenditure,Teachers,2024,10490.0,2019,7621.0,2014,7493.0,2009,6881.0,0.06598895608527977,0.03421772232985831,0.028509392340865247
Assabet Valley Regional Vocational Technical,Expenditure,"Insurance, Retirement and Other",2024,4016.0,2019,2798.0,2014,2456.0,2009,2601.0,0.0749523136810204,0.05040440455072015,0.029382759229911404
Assabet Valley Regional Vocational Technical,Expenditure,Pupil Services,2024,3036.0,2019,2484.0,2014,2039.0,2009,2431.0,0.04095039696925684,0.040611100056195726,0.01492617678112973
Assabet Valley Regional Vocational Technical,Expenditure,Other Teaching Services,2024,540.0,2019,1380.0,2014,372.0,2009,361.0,-0.17109848255950522,0.0379706704630165,0.027209681194843238
Assabet Valley Regional Vocational Technical,Expenditure,Operations and Maintenance,2024,2285.0,2019,1545.0,2014,1745.0,2009,2151.0,0.08141289559186204,0.027327887083275604,0.004037005111116709
Assabet Valley Regional Vocational Technical,Expenditure,Instructional Leadership,2024,1813.0,2019,1685.0,2014,1158.0,2009,868.0,0.01475121451117234,0.04584885306336872,0.05032863376662711
Assabet Valley Regional Vocational Technical,Expenditure,Administration,2024,2411.0,2019,841.0,2014,952.0,2009,986.0,0.23446915496903786,0.0973774362572275,0.06142184046878696
Assabet Valley Regional Vocational Technical,Expenditure,"Guidance, Counseling and Testing",2024,1329.0,2019,1059.0,2014,920.0,2009,916.0,0.04646764242561363,0.03746562377922924,0.02512140170975896
Assabet Valley Regional Vocational Technical,Expenditure,Other,2024,3265.0,2019,1248.0,2014,1255.0,2009,1279.0,0.21208679552955645,0.10033251337791294,0.06447183795064593
Assabet Valley Regional Vocational Technical,Expenditure,Total PPE,2024,29185.0,2019,20661.0,2014,18390.0,2009,18474.0,0.07152343048257226,0.0472679114363761,0.030955493719109217
Assabet Valley Regional Vocational Technical,Enrollment,In-District FTE Pupils,2024,1098.5,2019,1129.2,2014,1046.5,2009,959.8,-0.005497593528686617,0.004861212534183368,0.009039004780875048
Assabet Valley Regional Vocational Technical,Enrollment,Out-of-District FTE Pupils,2024,2.8,2019,1.0,2014,1.6,2009,0.0,0.22865967908314722,0.057557050338252314,
Athol-Royalston,Expenditure,Teachers,2024,5830.0,2019,4817.0,2014,4824.0,2009,4463.0,0.03891108870483895,0.019121879538616104,0.017972653004692418
Athol-Royalston,Expenditure,"Insurance, Retirement and Other",2024,3241.0,2019,2833.0,2014,2849.0,2009,2180.0,0.027274461045807108,0.012974839011069994,0.02678969762894634
Athol-Royalston,Expenditure,Pupil Services,2024,2839.0,2019,2033.0,2014,1724.0,2009,1508.0,0.06906867105188308,0.051145446003332484,0.04307996414739601
Athol-Royalston,Expenditure,Other Teaching Services,2024,1934.0,2019,1354.0,2014,1292.0,2009,1084.0,0.07390919544361263,0.0411646050376111,0.039349981127011935
Athol-Royalston,Expenditure,Operations and Maintenance,2024,1630.0,2019,1187.0,2014,1000.0,2009,1100.0,0.06548509086295407,0.05007123159410942,0.026564703898665165
Athol-Royalston,Expenditure,Instructional Leadership,2024,1279.0,2019,1042.0,2014,1034.0,2009,822.0,0.04183889062414137,0.02149207255284158,0.02991151807316017
Athol-Royalston,Expenditure,Administration,2024,684.0,2019,430.0,2014,507.0,2009,414.0,0.09728016623197444,0.030397542535184785,0.03403931359993684
Athol-Royalston,Expenditure,"Guidance, Counseling and Testing",2024,637.0,2019,474.0,2014,482.0,2009,313.0,0.06089454941993311,0.028274910710673673,0.048511036893036596
Athol-Royalston,Expenditure,Other,2024,907.0,2019,504.0,2014,255.0,2009,454.0,0.12469651678802851,0.13528973387741727,0.04721718943134312
Athol-Royalston,Expenditure,Total PPE,2024,18981.0,2019,14674.0,2014,13967.0,2009,12338.0,0.052819971931028276,0.031149405215325388,0.029133277525698054
Athol-Royalston,Enrollment,In-District FTE Pupils,2024,1632.6,2019,1475.2,2014,1407.1,2009,1701.6,0.020483007974780865,0.014975321821993237,-0.002755872184256325
Athol-Royalston,Enrollment,Out-of-District FTE Pupils,2024,254.6,2019,378.1,2014,365.0,2009,312.3,-0.07604601184992965,-0.03537935290057004,-0.013525732541459945
Athol-Royalston,NSS,Ch70 Aid,2024,13393.279495990837,2019,9995.155350978135,2014,9899.617612977983,2009,8761.455938697318,0.060277332205179945,0.03068712549844932,0.02869677122370251
Athol-Royalston,NSS,Req NSS (minus Ch70),2024,2505.3436426116837,2019,1852.8688147295743,2014,1371.8783314020857,2009,0.0,0.062195669235032724,0.062074962213622076,
Athol-Royalston,NSS,Actual NSS (minus Req NSS),2024,-491.3777644680354,2019,466.303411967778,2014,217.43684820393975,2009,721.4238505747127,-0.41075452242326294,-0.32598642710602543,-0.11207481002802869
Athol-Royalston,NSS,Total Actual NSS per pupil,2024,15407.245374134485,2019,12314.327577675487,2014,11488.932792584008,2009,9482.87978927203,0.045834247492943625,0.02978018531291915,0.03288582401206486
Athol-Royalston,Enrollment,Foundation Enrollment,2024,1746.0,2019,1738.0,2014,1726.0,2009,2088.0,0.0009189080523850368,0.0011527503821757712,-0.011854456491613541
Atlantis Charter (District),Expenditure,Teachers,2024,5152.0,2019,3470.0,2014,,2009,,0.08225419007827628,,
Atlantis Charter (District),Expenditure,"Insurance, Retirement and Other",2024,2480.0,2019,3578.0,2014,,2009,,-0.07068645123050743,,
Atlantis Charter (District),Expenditure,Pupil Services,2024,2070.0,2019,1575.0,2014,,2009,,0.05618004403862731,,
Atlantis Charter (District),Expenditure,Other Teaching Services,2024,2107.0,2019,1077.0,2014,,2009,,0.14364113130120182,,
Atlantis Charter (District),Expenditure,Operations and Maintenance,2024,978.0,2019,766.0,2014,,2009,,0.0500791056635943,,
Atlantis Charter (District),Expenditure,Instructional Leadership,2024,1292.0,2019,635.0,2014,,2009,,0.15265080434999945,,
Atlantis Charter (District),Expenditure,Administration,2024,1667.0,2019,1200.0,2014,,2009,,0.06794987871534297,,
Atlantis Charter (District),Expenditure,"Guidance, Counseling and Testing",2024,1149.0,2019,729.0,2014,,2009,,0.09526321038951502,,
Atlantis Charter (District),Expenditure,Other,2024,354.0,2019,197.0,2014,,2009,,0.12436523052402881,,
Atlantis Charter (District),Expenditure,Total PPE,2024,17249.0,2019,13227.0,2014,,2009,,0.05453382279794172,,
Atlantis Charter (District),Enrollment,In-District FTE Pupils,2024,1257.8,2019,1287.8,2014,,2009,,-0.004703140035980158,,
Atlantis Charter (District),Enrollment,Out-of-District FTE Pupils,2024,0.0,2019,0.0,2014,,2009,,,,
Attleboro,Expenditure,Teachers,2024,6390.0,2019,5609.0,2014,5222.0,2009,4577.0,0.02641522085850445,0.02039048228964435,0.022495321916121025
Attleboro,Expenditure,"Insurance, Retirement and Other",2024,2796.0,2019,2394.0,2014,2140.0,2009,1885.0,0.03153176028934945,0.0270990780180993,0.026632607818946497
Attleboro,Expenditure,Pupil Services,2024,1814.0,2019,1151.0,2014,1094.0,2009,983.0,0.09524780586461956,0.051869823532200376,0.04169101366814543
Attleboro,Expenditure,Other Teaching Services,2024,2022.0,2019,1373.0,2014,1172.0,2009,1009.0,0.08049341091248996,0.05605212297557505,0.04743238864194055
Attleboro,Expenditure,Operations and Maintenance,2024,2114.0,2019,1294.0,2014,1135.0,2009,1192.0,0.1031489128480021,0.06416975636735289,0.03893548959566906
Attleboro,Expenditure,Instructional Leadership,2024,1325.0,2019,708.0,2014,546.0,2009,523.0,0.13353914947625523,0.09270347334148465,0.0639329992322748
Attleboro,Expenditure,Administration,2024,655.0,2019,406.0,2014,397.0,2009,383.0,0.10038092488365158,0.05134457805746995,0.03642091482295773
Attleboro,Expenditure,"Guidance, Counseling and Testing",2024,507.0,2019,370.0,2014,308.0,2009,276.0,0.06502854283957027,0.05110408585919601,0.041373667608748166
Attleboro,Expenditure,Other,2024,564.0,2019,269.0,2014,304.0,2009,438.0,0.15959241196640273,0.06375239780555253,0.01699854807252965
Attleboro,Expenditure,Total PPE,2024,18187.0,2019,13574.0,2014,12318.0,2009,11266.0,0.06025576947220346,0.03973361881281057,0.032443009285250124
Attleboro,Enrollment,In-District FTE Pupils,2024,6039.3,2019,5895.0,2014,5785.7,2009,5859.4,0.004848431229439676,0.00429909021517183,0.002018093743784588
Attleboro,Enrollment,Out-of-District FTE Pupils,2024,365.3,2019,506.5,2014,455.7,2009,336.7,-0.06327082996824018,-0.021868907429414164,0.005449904166215935
Attleboro,NSS,Ch70 Aid,2024,8559.177941647964,2019,5985.4199017588335,2014,5459.7563280999675,2009,4964.927293615624,0.07415631589602123,0.04598601863535179,0.03697418305671163
Attleboro,NSS,Req NSS (minus Ch70),2024,7007.529496633537,2019,5578.645856441134,2014,5116.649950088653,2009,4192.723453142951,0.04666385913311455,0.031948259342695406,0.03483533086869972
Attleboro,NSS,Actual NSS (minus Req NSS),2024,-287.1992638773115,2019,470.6308996648144,2014,-46.620446103255276,2009,-13.327219089520362,-0.32204862200159673,0.1993907351578066,0.22714604591628595
Attleboro,NSS,Total Actual NSS per pupil,2024,15279.508174404189,2019,12034.696657864783,2014,10529.785832085365,2009,9144.323527669056,0.048901835541689476,0.037932196020824094,0.03481771030186609
Attleboro,Enrollment,Foundation Enrollment,2024,6238.0,2019,6311.0,2014,6242.0,2009,6093.0,-0.0023241997387417612,-6.410051177196951e-05,0.0015691663163510672
Auburn,Expenditure,Teachers,2024,6459.0,2019,5258.0,2014,4933.0,2009,4398.0,0.04200293095980512,0.027319228400389584,0.025952696586822643
Auburn,Expenditure,"Insurance, Retirement and Other",2024,3605.0,2019,2608.0,2014,2490.0,2009,2123.0,0.06688973446478563,0.037697074102023276,0.03592986037127277
Auburn,Expenditure,Pupil Services,2024,1929.0,2019,1370.0,2014,1133.0,2009,939.0,0.07083444407022266,0.05465455278267095,0.04916656592384405
Auburn,Expenditure,Other Teaching Services,2024,1965.0,2019,1381.0,2014,901.0,2009,784.0,0.0730841377975624,0.08109479489756533,0.06317094510434895
Auburn,Expenditure,Operations and Maintenance,2024,1148.0,2019,967.0,2014,948.0,2009,1028.0,0.034911190013254156,0.019326594159357002,0.007387563114173101
Auburn,Expenditure,Instructional Leadership,2024,963.0,2019,732.0,2014,814.0,2009,1039.0,0.056386983253054135,0.016951375863288654,-0.005051237993238922
Auburn,Expenditure,Administration,2024,414.0,2019,347.0,2014,390.0,2009,337.0,0.0359389761535065,0.0059897909551722694,0.013813405067996554
Auburn,Expenditure,"Guidance, Counseling and Testing",2024,622.0,2019,471.0,2014,436.0,2009,340.0,0.05719206679732358,0.03616850988433029,0.04108797728354374
Auburn,Expenditure,Other,2024,394.0,2019,386.0,2014,775.0,2009,306.0,0.004111135594373927,-0.06541361075147278,0.01699383370017027
Auburn,Expenditure,Total PPE,2024,17499.0,2019,13520.0,2014,12820.0,2009,11294.0,0.052948930752254375,0.0316028198511511,0.029621722434263198
Auburn,Enrollment,In-District FTE Pupils,2024,2487.8,2019,2638.9,2014,2318.9,2009,2344.0,-0.01172341450017178,0.007055357632834047,0.003977215819598756
Auburn,Enrollment,Out-of-District FTE Pupils,2024,48.3,2019,54.8,2014,74.0,2009,76.2,-0.02493556857909529,-0.04176607789445297,-0.029938033758834304
Auburn,NSS,Ch70 Aid,2024,6248.687448389761,2019,4435.654909819639,2014,3471.896444072868,2009,2475.6195225916454,0.07094263936370426,0.060528158013935185,0.06367020351737218
Auburn,NSS,Req NSS (minus Ch70),2024,7036.212634186622,2019,5861.537074148297,2014,6344.525373134328,2009,5693.728047740835,0.037207116328350054,0.010401498594862169,0.014213722564336617
Auburn,NSS,Actual NSS (minus Req NSS),2024,2494.9873667052007,2019,2673.7794735941266,2014,2167.037317496797,2009,2390.6502983802225,-0.013746509618526193,0.014192036405217046,0.002851942100553062
Auburn,NSS,Total Actual NSS per pupil,2024,15779.887449281585,2019,12970.971457562062,2014,11983.459134703993,2009,10559.997868712702,0.039983094159285804,0.02790308669183994,0.027139280383222886
Auburn,Enrollment,Foundation Enrollment,2024,2422.0,2019,2495.0,2014,2345.0,2009,2346.0,-0.005921415715800071,0.0032360490613914106,0.0021277200505300797
Avon,Expenditure,Teachers,2024,8662.0,2019,7122.0,2014,5390.0,2009,4613.0,0.03992792886880192,0.04858331127672111,0.042899153585574945
Avon,Expenditure,"Insurance, Retirement and Other",2024,3659.0,2019,3026.0,2014,2430.0,2009,1972.0,0.03872048636013159,0.041779035589797564,0.04207033597672116
Avon,Expenditure,Pupil Services,2024,1543.0,2019,1080.0,2014,937.0,2009,793.0,0.07396081084412032,0.05114501134168381,0.04537677992215339
Avon,Expenditure,Other Teaching Services,2024,861.0,2019,660.0,2014,406.0,2009,447.0,0.05460989827656104,0.07807186402673949,0.04467140812889592
Avon,Expenditure,Operations and Maintenance,2024,1668.0,2019,1346.0,2014,1209.0,2009,1344.0,0.04383101626346364,0.03270665219479385,0.014502492804030265
Avon,Expenditure,Instructional Leadership,2024,1551.0,2019,1156.0,2014,1092.0,2009,895.0,0.060549131734173756,0.03571178019592569,0.037335524196174585
Avon,Expenditure,Administration,2024,943.0,2019,699.0,2014,665.0,2009,531.0,0.061712433686669455,0.03554506836821303,0.03902934036365968
Avon,Expenditure,"Guidance, Counseling and Testing",2024,759.0,2019,451.0,2014,308.0,2009,381.0,0.10971906376020435,0.09438241483623178,0.04701873615885721
Avon,Expenditure,Other,2024,705.0,2019,591.0,2014,832.0,2009,541.0,0.03590594919007328,-0.016427043868367908,0.01780861716396931
Avon,Expenditure,Total PPE,2024,20351.0,2019,16131.0,2014,13269.0,2009,11517.0,0.04757443802910721,0.04369777115362461,0.03868316469773725
Avon,Enrollment,In-District FTE Pupils,2024,737.4,2019,721.5,2014,737.4,2009,739.6,0.00436913849222087,0.0,-0.00019858119433902033
Avon,Enrollment,Out-of-District FTE Pupils,2024,34.1,2019,20.9,2014,8.8,2009,19.0,0.10286313147852999,0.14505717044633326,0.039760668618235906
Avon,NSS,Ch70 Aid,2024,7075.199658703072,2019,3221.7540106951874,2014,1650.5903651895565,2009,1624.271586715867,0.17038639412222234,0.1566712458650441,0.10307574917105833
Avon,NSS,Req NSS (minus Ch70),2024,9199.184300341298,2019,7819.064171122995,2014,8925.37659963437,2009,8379.282287822878,0.033044211330928164,0.0030261991542066546,0.00624290971087027
Avon,NSS,Actual NSS (minus Req NSS),2024,6321.260067406142,2019,7976.5907509454,2014,4446.112817348676,2009,2811.154612546125,-0.04545310442751893,0.03581529118504956,0.05550734970781179
Avon,NSS,Total Actual NSS per pupil,2024,22595.64402645051,2019,19017.40893276358,2014,15022.079782172603,2009,12814.70848708487,0.03508180811067452,0.041668343338260305,0.03853482970911459
Avon,Enrollment,Foundation Enrollment,2024,586.0,2019,561.0,2014,547.0,2009,542.0,0.00875790480664107,0.00691086931869167,0.00521714804257023
Ayer,Expenditure,Teachers,2011,6199.0,2006,,2001,,1996,,,,
Ayer,Expenditure,"Insurance, Retirement and Other",2011,2868.0,2006,,2001,,1996,,,,
Ayer,Expenditure,Pupil Services,2011,955.0,2006,,2001,,1996,,,,
Ayer,Expenditure,Other Teaching Services,2011,909.0,2006,,2001,,1996,,,,
Ayer,Expenditure,Operations and Maintenance,2011,1196.0,2006,,2001,,1996,,,,
Ayer,Expenditure,Instructional Leadership,2011,993.0,2006,,2001,,1996,,,,
Ayer,Expenditure,Administration,2011,889.0,2006,,2001,,1996,,,,
Ayer,Expenditure,"Guidance, Counseling and Testing",2011,487.0,2006,,2001,,1996,,,,
Ayer,Expenditure,Other,2011,492.0,2006,,2001,,1996,,,,
Ayer,Expenditure,Total PPE,2011,14988.0,2006,,2001,,1996,,,,
Ayer,Enrollment,In-District FTE Pupils,2011,924.1,2006,,2001,,1996,,,,
Ayer,Enrollment,Out-of-District FTE Pupils,2011,381.5,2006,,2001,,1996,,,,
Ayer,NSS,Ch70 Aid,2013,5380.112903225807,2008,3834.4803370786517,2003,4309.514889529299,1998,3186.642737896494,0.070081793284412,0.022436395033305523,0.03553281914222084
Ayer,NSS,Req NSS (minus Ch70),2013,8988.725806451614,2008,5948.229400749064,2003,5411.757925072046,1998,3799.6176961602673,0.0860806712433193,0.052049022314231586,0.059084345592810505
Ayer,NSS,Actual NSS (minus Req NSS),2013,-1685.8064516129032,2008,989.3426966292135,2003,457.10278578290104,1998,-82.59766277128547,-0.5407932271308232,-0.46880248907815,0.22270774604829868
Ayer,NSS,Total Actual NSS per pupil,2013,12683.032258064517,2008,10772.05243445693,2003,10178.375600384246,1998,6903.662771285476,0.03320126126815626,0.0222437463247811,0.041380805377730034
Ayer,Enrollment,Foundation Enrollment,2024,0.0,2019,0.0,2014,0.0,2009,1054.0,,,
Ayer Shirley School District,Expenditure,Teachers,2024,7047.0,2019,5188.0,2014,4896.0,2009,,0.06316546480673302,0.0370896169178383,
Ayer Shirley School District,Expenditure,"Insurance, Retirement and Other",2024,3042.0,2019,2553.0,2014,2026.0,2009,,0.03567067405479807,0.04148249990810804,
Ayer Shirley School District,Expenditure,Pupil Services,2024,2372.0,2019,1626.0,2014,1193.0,2009,,0.07844705466618662,0.07114292627823593,
Ayer Shirley School District,Expenditure,Other Teaching Services,2024,1675.0,2019,1342.0,2014,1648.0,2009,,0.04532770059645275,0.001626394526275332,
Ayer Shirley School District,Expenditure,Operations and Maintenance,2024,1246.0,2019,1301.0,2014,1079.0,2009,,-0.008601747278856764,0.014494413290891961,
Ayer Shirley School District,Expenditure,Instructional Leadership,2024,1472.0,2019,1176.0,2014,992.0,2009,,0.045923925641925045,0.040254525429683996,
Ayer Shirley School District,Expenditure,Administration,2024,574.0,2019,659.0,2014,509.0,2009,,-0.02724091497754355,0.012090645976358783,
Ayer Shirley School District,Expenditure,"Guidance, Counseling and Testing",2024,680.0,2019,391.0,2014,394.0,2009,,0.11703409979372026,0.05609082371045582,
Ayer Shirley School District,Expenditure,Other,2024,633.0,2019,724.0,2014,472.0,2009,,-0.026506561249536098,0.029784074292877438,
Ayer Shirley School District,Expenditure,Total PPE,2024,18741.0,2019,14960.0,2014,13209.0,2009,,0.04609766673833904,0.03560057297541053,
Ayer Shirley School District,Enrollment,In-District FTE Pupils,2024,1703.9,2019,1710.3,2014,1653.2,2009,,-0.0007495294592458901,0.003025260650989514,
Ayer Shirley School District,Enrollment,Out-of-District FTE Pupils,2024,201.1,2019,232.0,2014,293.4,2009,,-0.028182272230836247,-0.03706893842211212,
Barnstable,Expenditure,Teachers,2024,8514.0,2019,6364.0,2014,6065.0,2009,5332.0,0.05993856763806171,0.034499497540920965,0.031690821915650425
Barnstable,Expenditure,"Insurance, Retirement and Other",2024,3259.0,2019,2651.0,2014,2180.0,2009,2014.0,0.04216126320554414,0.041028901343375335,0.03260682919894897
Barnstable,Expenditure,Pupil Services,2024,2615.0,2019,1909.0,2014,1392.0,2009,1531.0,0.06495964939824783,0.06508249212966533,0.0363340480383576
Barnstable,Expenditure,Other Teaching Services,2024,2614.0,2019,1926.0,2014,1303.0,2009,733.0,0.0629916671814097,0.07210202608423533,0.08846242322742848
Barnstable,Expenditure,Operations and Maintenance,2024,1626.0,2019,1369.0,2014,1262.0,2009,1540.0,0.0350073135909974,0.025666376432646576,0.003629276245103785
Barnstable,Expenditure,Instructional Leadership,2024,1791.0,2019,1388.0,2014,976.0,2009,1047.0,0.052304006570597084,0.06258719206002783,0.036437839350937695
Barnstable,Expenditure,Administration,2024,774.0,2019,363.0,2014,677.0,2009,596.0,0.1635012846266044,0.013480108390663492,0.017574730081235
Barnstable,Expenditure,"Guidance, Counseling and Testing",2024,920.0,2019,601.0,2014,413.0,2009,276.0,0.08888664443125038,0.08338739305300447,0.08357401817646681
Barnstable,Expenditure,Other,2024,930.0,2019,533.0,2014,520.0,2009,761.0,0.11776665042347845,0.05985867891462604,0.013459861102819382
Barnstable,Expenditure,Total PPE,2024,23043.0,2019,17104.0,2014,14788.0,2009,13830.0,0.061422443400956483,0.04535297077448308,0.034620603312234044
Barnstable,Enrollment,In-District FTE Pupils,2024,4805.1,2019,4770.6,2014,4885.5,2009,4353.7,0.0014421931030443869,-0.001658002047650653,0.006598460921777072
Barnstable,Enrollment,Out-of-District FTE Pupils,2024,669.3,2019,801.9,2014,662.2,2009,1501.7,-0.035504685245019485,0.0010670453876242547,-0.05244918473014781
Barnstable,NSS,Ch70 Aid,2024,4668.43700490381,2019,1928.6388686131386,2014,1455.6104821839344,2009,1357.281633368384,0.193394735204661,0.12360233447386593,0.08584233177872092
Barnstable,NSS,Req NSS (minus Ch70),2024,11276.887400980762,2019,9092.155474452555,2014,8701.517850570483,2009,7822.093410445145,0.04400956623213759,0.026264775488523018,0.02468666175352041
Barnstable,NSS,Actual NSS (minus Req NSS),2024,3066.2191309926197,2019,3075.38378886733,2014,1861.00517486928,2009,1597.9658428941887,-0.0005967126295272074,0.05120050492935024,0.044405250514383265
Barnstable,NSS,Total Actual NSS per pupil,2024,19011.54353687719,2019,14096.178131933022,2014,12018.133507623697,2009,10777.340886707718,0.06165448757317282,0.04693094169130041,0.03856508276982917
Barnstable,Enrollment,Foundation Enrollment,2024,5302.0,2019,5480.0,2014,5434.0,2009,5706.0,-0.006582438827266945,-0.0024561191052235865,-0.004883645696249328
Barnstable Community Horace Mann Charter Public (District),Expenditure,Teachers,2019,6553.0,2014,,2009,,2004,,,,
Barnstable Community Horace Mann Charter Public (District),Expenditure,"Insurance, Retirement and Other",2019,1519.0,2014,,2009,,2004,,,,
Barnstable Community Horace Mann Charter Public (District),Expenditure,Pupil Services,2019,1885.0,2014,,2009,,2004,,,,
Barnstable Community Horace Mann Charter Public (District),Expenditure,Other Teaching Services,2019,1181.0,2014,,2009,,2004,,,,
Barnstable Community Horace Mann Charter Public (District),Expenditure,Operations and Maintenance,2019,868.0,2014,,2009,,2004,,,,
Barnstable Community Horace Mann Charter Public (District),Expenditure,Instructional Leadership,2019,674.0,2014,,2009,,2004,,,,
Barnstable Community Horace Mann Charter Public (District),Expenditure,Administration,2019,453.0,2014,,2009,,2004,,,,
Barnstable Community Horace Mann Charter Public (District),Expenditure,"Guidance, Counseling and Testing",2019,504.0,2014,,2009,,2004,,,,
Barnstable Community Horace Mann Charter Public (District),Expenditure,Other,2019,157.0,2014,,2009,,2004,,,,
Barnstable Community Horace Mann Charter Public (District),Expenditure,Total PPE,2019,13794.0,2014,,2009,,2004,,,,
Barnstable Community Horace Mann Charter Public (District),Enrollment,In-District FTE Pupils,2019,575.9,2014,,2009,,2004,,,,
Barnstable Community Horace Mann Charter Public (District),Enrollment,Out-of-District FTE Pupils,2019,0.0,2014,,2009,,2004,,,,
Baystate Academy Charter Public School (District),Expenditure,Teachers,2024,6776.0,2019,5263.0,2014,,2009,,0.05183593854005286,,
Baystate Academy Charter Public School (District),Expenditure,"Insurance, Retirement and Other",2024,2043.0,2019,2966.0,2014,,2009,,-0.07184727517884537,,
Baystate Academy Charter Public School (District),Expenditure,Pupil Services,2024,1467.0,2019,2912.0,2014,,2009,,-0.12813800153176225,,
Baystate Academy Charter Public School (District),Expenditure,Other Teaching Services,2024,2303.0,2019,722.0,2014,,2009,,0.26110529184633813,,
Baystate Academy Charter Public School (District),Expenditure,Operations and Maintenance,2024,1789.0,2019,700.0,2014,,2009,,0.20643092214319525,,
Baystate Academy Charter Public School (District),Expenditure,Instructional Leadership,2024,2811.0,2019,1082.0,2014,,2009,,0.2103938739487201,,
Baystate Academy Charter Public School (District),Expenditure,Administration,2024,1920.0,2019,1224.0,2014,,2009,,0.0942182708221897,,
Baystate Academy Charter Public School (District),Expenditure,"Guidance, Counseling and Testing",2024,1659.0,2019,418.0,2014,,2009,,0.3174496330691978,,
Baystate Academy Charter Public School (District),Expenditure,Other,2024,2026.0,2019,700.0,2014,,2009,,0.23682507155309684,,
Baystate Academy Charter Public School (District),Expenditure,Total PPE,2024,22794.0,2019,15987.0,2014,,2009,,0.07352141863570938,,
Baystate Academy Charter Public School (District),Enrollment,In-District FTE Pupils,2024,398.2,2019,488.8,2014,,2009,,-0.04017068120144163,,
Baystate Academy Charter Public School (District),Enrollment,Out-of-District FTE Pupils,2024,0.0,2019,0.0,2014,,2009,,,,
Bedford,Expenditure,Teachers,2024,9315.0,2019,8309.0,2014,6390.0,2009,6016.0,0.023120578811083314,0.03840841792623362,0.029575822386775696
Bedford,Expenditure,"Insurance, Retirement and Other",2024,3351.0,2019,2533.0,2014,2153.0,2009,1860.0,0.05756689492205602,0.04523282436604448,0.040025766231182036
Bedford,Expenditure,Pupil Services,2024,2284.0,2019,1437.0,2014,1246.0,2009,1124.0,0.09710417128971915,0.06247276350841724,0.048403959696545984
Bedford,Expenditure,Other Teaching Services,2024,2346.0,2019,1170.0,2014,858.0,2009,739.0,0.14928682782376979,0.10581906200092561,0.08005425273069755
Bedford,Expenditure,Operations and Maintenance,2024,1312.0,2019,1345.0,2014,1610.0,2009,1414.0,-0.004955943094068993,-0.020260098177373176,-0.004978889166137979
Bedford,Expenditure,Instructional Leadership,2024,1455.0,2019,1252.0,2014,1194.0,2009,1033.0,0.030508866708221172,0.019966403047830816,0.023098649641525526
Bedford,Expenditure,Administration,2024,1055.0,2019,796.0,2014,658.0,2009,560.0,0.0579566637020823,0.04834120631917305,0.04312806197077701
Bedford,Expenditure,"Guidance, Counseling and Testing",2024,1149.0,2019,630.0,2014,460.0,2009,449.0,0.1277060122770024,0.09586288835774481,0.06464522969393571
Bedford,Expenditure,Other,2024,826.0,2019,854.0,2014,551.0,2009,470.0,-0.006645107029404906,0.04131672745581838,0.03830627646686868
Bedford,Expenditure,Total PPE,2024,23093.0,2019,18326.0,2014,15120.0,2009,13665.0,0.04732756650819514,0.04326072108205836,0.03559842509475719
Bedford,Enrollment,In-District FTE Pupils,2024,2561.1,2019,2652.8,2014,2532.7,2009,2373.7,-0.007011073392013456,0.0011157145802718205,0.005078648469979186
Bedford,Enrollment,Out-of-District FTE Pupils,2024,51.5,2019,62.2,2014,99.5,2009,112.5,-0.03705081735466831,-0.06373580587313599,-0.05075792404781887
Bedford,NSS,Ch70 Aid,2024,2361.90388387603,2019,1835.6313416009018,2014,1515.1971171810253,2009,1238.7981162981164,0.0517084207517704,0.04539232788420722,0.04396060949733749
Bedford,NSS,Req NSS (minus Ch70),2024,10766.545311887014,2019,8653.690717775273,2014,8402.66459868166,2009,8153.549959049959,0.04466008347105066,0.025099293953059654,0.018705479991394824
Bedford,NSS,Actual NSS (minus Req NSS),2024,8509.878125853274,2019,7243.818708528121,2014,5038.360449745526,2009,4293.986076986077,0.032740368917182794,0.053812657446624,0.04665651372818336
Bedford,NSS,Total Actual NSS per pupil,2024,21638.327321616318,2019,17733.140767904297,2014,14956.222165608211,2009,13686.334152334153,0.04060906518034901,0.03762440500188613,0.03100895268824
Bedford,Enrollment,Foundation Enrollment,2024,2549.0,2019,2661.0,2014,2579.0,2009,2442.0,-0.008563297617940946,-0.0011693758970435786,0.002863007246527216
Belchertown,Expenditure,Teachers,2024,6795.0,2019,5388.0,2014,4320.0,2009,3740.0,0.047496003791814845,0.04633456313461726,0.040609669859671405
Belchertown,Expenditure,"Insurance, Retirement and Other",2024,2871.0,2019,2277.0,2014,1799.0,2009,1439.0,0.04745176373283,0.047852618300894934,0.04712411140006001
Belchertown,Expenditure,Pupil Services,2024,2858.0,2019,1640.0,2014,1210.0,2009,1103.0,0.11749007667616174,0.08975202677727734,0.06553024293396126
Belchertown,Expenditure,Other Teaching Services,2024,1385.0,2019,1089.0,2014,1011.0,2009,834.0,0.049263048455644,0.03197662845819882,0.03439302052195359
Belchertown,Expenditure,Operations and Maintenance,2024,1385.0,2019,1211.0,2014,1106.0,2009,1106.0,0.02721446416677975,0.022749944594100402,0.015109696918689242
Belchertown,Expenditure,Instructional Leadership,2024,817.0,2019,889.0,2014,884.0,2009,494.0,-0.016749764472819617,-0.007850816863435806,0.0341090538981359
Belchertown,Expenditure,Administration,2024,496.0,2019,499.0,2014,480.0,2009,296.0,-0.0012053068388265809,0.003284364025308628,0.035013460030743015
Belchertown,Expenditure,"Guidance, Counseling and Testing",2024,651.0,2019,558.0,2014,410.0,2009,531.0,0.03131030647754507,0.04732076235653615,0.013675845159832889
Belchertown,Expenditure,Other,2024,629.0,2019,467.0,2014,376.0,2009,453.0,0.061369865577866944,0.05280097883297885,0.02212378903589829
Belchertown,Expenditure,Total PPE,2024,17887.0,2019,14018.0,2014,11596.0,2009,9996.0,0.04995404315378016,0.04429435410318305,0.03955487002105795
Belchertown,Enrollment,In-District FTE Pupils,2024,2067.8,2019,2275.7,2014,2406.4,2009,2647.0,-0.01897809601271805,-0.015050257013331958,-0.01632800790922706
Belchertown,Enrollment,Out-of-District FTE Pupils,2024,197.2,2019,192.0,2014,151.5,2009,112.4,0.005358921956466922,0.026713867113633105,0.03818808420014519
Belchertown,NSS,Ch70 Aid,2024,6603.162639405205,2019,5893.705631399317,2014,5225.60007788162,2009,4875.592592592592,0.022993114804526815,0.023673786850340495,0.020426289805029363
Belchertown,NSS,Req NSS (minus Ch70),2024,6395.553903345725,2019,4933.415102389078,2014,4217.080218068536,2009,3010.977037037037,0.05328548884289308,0.04252536457437106,0.051505094938079754
Belchertown,NSS,Actual NSS (minus Req NSS),2024,2073.3021470058857,2019,1789.1649021289547,2014,746.0572156382557,2009,725.7714482927736,0.02991751868968673,0.10761555505970954,0.07248406436045496
Belchertown,NSS,Total Actual NSS per pupil,2024,15072.018689756816,2019,12616.28563591735,2014,10188.73751158841,2009,8612.341077922403,0.036210484469836324,0.0399323898854258,0.038014324708570246
Belchertown,Enrollment,Foundation Enrollment,2024,2152.0,2019,2344.0,2014,2568.0,2009,2700.0,-0.01694700213963518,-0.017517723269743657,-0.015009821291477876
Bellingham,Expenditure,Teachers,2024,7534.0,2019,5985.0,2014,4995.0,2009,4180.0,0.04710996397949763,0.041955118260576185,0.0400557569646689
Bellingham,Expenditure,"Insurance, Retirement and Other",2024,3993.0,2019,3393.0,2014,2173.0,2009,1691.0,0.03310173311197118,0.0627324907257556,0.05895388218082642
Bellingham,Expenditure,Pupil Services,2024,1973.0,2019,1535.0,2014,1367.0,2009,1094.0,0.051486596656614037,0.03737518983278698,0.04009733647278568
Bellingham,Expenditure,Other Teaching Services,2024,2130.0,2019,1562.0,2014,1188.0,2009,807.0,0.06399531281508364,0.06012314497195792,0.06684273619173853
Bellingham,Expenditure,Operations and Maintenance,2024,1634.0,2019,1428.0,2014,1227.0,2009,1189.0,0.02731769566611586,0.029060122335685223,0.021420758481179636
Bellingham,Expenditure,Instructional Leadership,2024,1306.0,2019,843.0,2014,686.0,2009,619.0,0.09149844282250585,0.06650256950211464,0.051034169177078814
Bellingham,Expenditure,Administration,2024,696.0,2019,634.0,2014,364.0,2009,271.0,0.018835329597491457,0.066966504141583,0.06490123307445739
Bellingham,Expenditure,"Guidance, Counseling and Testing",2024,788.0,2019,517.0,2014,297.0,2009,284.0,0.08794548672983438,0.10249588411791866,0.07040268997704313
Bellingham,Expenditure,Other,2024,680.0,2019,411.0,2014,291.0,2009,442.0,0.10594471646163539,0.0885831116797624,0.02913522382762057
Bellingham,Expenditure,Total PPE,2024,20734.0,2019,16308.0,2014,12588.0,2009,10577.0,0.04919564265857668,0.05116922112714395,0.045894885623123605
Bellingham,Enrollment,In-District FTE Pupils,2024,2018.6,2019,2221.1,2014,2379.2,2009,2638.0,-0.01893805177022234,-0.01630167526592685,-0.01768291293625668
Bellingham,Enrollment,Out-of-District FTE Pupils,2024,332.3,2019,224.7,2014,159.9,2009,131.7,0.08139773043368947,0.07589078488531786,0.06364402408161718
Bellingham,NSS,Ch70 Aid,2024,4585.945747126437,2019,3679.761802575107,2014,3355.7339073390735,2009,3341.5273224043717,0.04501335615708335,0.031725440610915756,0.021328834130277974
Bellingham,NSS,Req NSS (minus Ch70),2024,9051.071264367816,2019,6778.944635193133,2014,6160.241492414924,2009,4834.647931303669,0.05951614637721092,0.03922652889344258,0.042691121148026534
Bellingham,NSS,Actual NSS (minus Req NSS),2024,5247.997160903448,2019,4210.740124768323,2014,1299.8487556135392,2009,1539.439854261869,0.04502584311117608,0.14976762814959677,0.08519734953644509
Bellingham,NSS,Total Actual NSS per pupil,2024,18885.0141723977,2019,14669.446562536563,2014,10815.824155367536,2009,9715.61510796991,0.05181828677726941,0.05731835041644007,0.04530525628102966
Bellingham,Enrollment,Foundation Enrollment,2024,2175.0,2019,2330.0,2014,2439.0,2009,2562.0,-0.013673576259935927,-0.01139057598721327,-0.010857925124658552
Belmont,Expenditure,Teachers,2024,7425.0,2019,5673.0,2014,4863.0,2009,4450.0,0.05530193602767497,0.04322796140668017,0.0347190141032796
Belmont,Expenditure,"Insurance, Retirement and Other",2024,2986.0,2019,2265.0,2014,1899.0,2009,1728.0,0.05682802016631272,0.0463006228874987,0.037137659826580016
Belmont,Expenditure,Pupil Services,2024,1531.0,2019,1059.0,2014,764.0,2009,662.0,0.07650449137080084,0.07198370358041184,0.05748564352301133
Belmont,Expenditure,Other Teaching Services,2024,1535.0,2019,1015.0,2014,909.0,2009,744.0,0.08624669358127646,0.053790913955678255,0.049467586413882936
Belmont,Expenditure,Operations and Maintenance,2024,1887.0,2019,1236.0,2014,1214.0,2009,1151.0,0.08830515392925964,0.04509392041659521,0.03350624473945629
Belmont,Expenditure,Instructional Leadership,2024,1079.0,2019,805.0,2014,846.0,2009,858.0,0.060339921702115884,0.024625377650341118,0.015396379279787542
Belmont,Expenditure,Administration,2024,640.0,2019,474.0,2014,355.0,2009,331.0,0.06189194499241779,0.06070633362677569,0.04493705943638204
Belmont,Expenditure,"Guidance, Counseling and Testing",2024,674.0,2019,433.0,2014,297.0,2009,308.0,0.09253258822536115,0.08540131828834197,0.053595592887143884
Belmont,Expenditure,Other,2024,523.0,2019,419.0,2014,480.0,2009,470.0,0.04533991373626933,0.008616445715946996,0.007148681992428907
Belmont,Expenditure,Total PPE,2024,18280.0,2019,13379.0,2014,11627.0,2009,10702.0,0.06441382705614318,0.046287054449881904,0.0363363932853813
Belmont,Enrollment,In-District FTE Pupils,2024,4420.1,2019,4613.2,2014,4190.3,2009,3864.6,-0.008515424445268427,0.005353276838764298,0.008993812554991543
Belmont,Enrollment,Out-of-District FTE Pupils,2024,154.7,2019,119.3,2014,81.5,2009,76.1,0.0533433893064168,0.06618672410857784,0.0484322636578185
Belmont,NSS,Ch70 Aid,2024,2615.879023307436,2019,2013.527852049911,2014,1491.2047864060514,2009,1252.057383736742,0.05373644929936794,0.05781089713124832,0.050347230786416564
Belmont,NSS,Req NSS (minus Ch70),2024,10130.841509433962,2019,8185.309937611408,2014,7723.135011441647,2009,7070.654065814522,0.04357118405220506,0.027507946795709115,0.024265147791924235
Belmont,NSS,Actual NSS (minus Req NSS),2024,4633.020363596006,2019,3271.8361052381533,2014,2121.171866636815,2009,1865.2372259890435,0.07204874733221311,0.08125675846900604,0.06253197681440925
Belmont,NSS,Total Actual NSS per pupil,2024,17379.740896337404,2019,13470.673894899472,2014,11335.511664484515,2009,10187.948675540309,0.0522787372861766,0.04366283137038818,0.03624815410856663
Belmont,Enrollment,Foundation Enrollment,2024,4505.0,2019,4488.0,2014,3933.0,2009,3677.0,0.0007564305173535235,0.013671146813542645,0.013631451710032216
Benjamin Banneker Charter Public (District),Expenditure,Teachers,2024,4672.0,2019,4665.0,2014,,2009,,0.0002999272144992293,,
Benjamin Banneker Charter Public (District),Expenditure,"Insurance, Retirement and Other",2024,2620.0,2019,4821.0,2014,,2009,,-0.11481747431716194,,
Benjamin Banneker Charter Public (District),Expenditure,Pupil Services,2024,2715.0,2019,3827.0,2014,,2009,,-0.06635392813223273,,
Benjamin Banneker Charter Public (District),Expenditure,Other Teaching Services,2024,4192.0,2019,2581.0,2014,,2009,,0.10186059978498574,,
Benjamin Banneker Charter Public (District),Expenditure,Operations and Maintenance,2024,669.0,2019,1006.0,2014,,2009,,-0.07835084890039834,,
Benjamin Banneker Charter Public (District),Expenditure,Instructional Leadership,2024,1967.0,2019,1889.0,2014,,2009,,0.00812522206997457,,
Benjamin Banneker Charter Public (District),Expenditure,Administration,2024,3391.0,2019,2810.0,2014,,2009,,0.038303442626722584,,
Benjamin Banneker Charter Public (District),Expenditure,"Guidance, Counseling and Testing",2024,118.0,2019,337.0,2014,,2009,,-0.18931820340653982,,
Benjamin Banneker Charter Public (District),Expenditure,Other,2024,1545.0,2019,1019.0,2014,,2009,,0.08680307853030222,,
Benjamin Banneker Charter Public (District),Expenditure,Total PPE,2024,21889.0,2019,22955.0,2014,,2009,,-0.00946523005693456,,
Benjamin Banneker Charter Public (District),Enrollment,In-District FTE Pupils,2024,343.7,2019,350.0,2014,,2009,,-0.0036262035121509273,,
Benjamin Banneker Charter Public (District),Enrollment,Out-of-District FTE Pupils,2024,0.0,2019,0.0,2014,,2009,,,,
Benjamin Franklin Classical Charter Public (District),Expenditure,Teachers,2024,6932.0,2019,5149.0,2014,,2009,,0.061273041594844146,,
Benjamin Franklin Classical Charter Public (District),Expenditure,"Insurance, Retirement and Other",2024,3660.0,2019,3783.0,2014,,2009,,-0.006589036120099312,,
Benjamin Franklin Classical Charter Public (District),Expenditure,Pupil Services,2024,1293.0,2019,755.0,2014,,2009,,0.11360280104889497,,
Benjamin Franklin Classical Charter Public (District),Expenditure,Other Teaching Services,2024,2085.0,2019,1464.0,2014,,2009,,0.07327990096811199,,
Benjamin Franklin Classical Charter Public (District),Expenditure,Operations and Maintenance,2024,787.0,2019,715.0,2014,,2009,,0.019374436032504994,,
Benjamin Franklin Classical Charter Public (District),Expenditure,Instructional Leadership,2024,785.0,2019,926.0,2014,,2009,,-0.03249830619099836,,
Benjamin Franklin Classical Charter Public (District),Expenditure,Administration,2024,1450.0,2019,1687.0,2014,,2009,,-0.029823872695132314,,
Benjamin Franklin Classical Charter Public (District),Expenditure,"Guidance, Counseling and Testing",2024,403.0,2019,281.0,2014,,2009,,0.0747804181428735,,
Benjamin Franklin Classical Charter Public (District),Expenditure,Other,2024,634.0,2019,502.0,2014,,2009,,0.04779689742386073,,
Benjamin Franklin Classical Charter Public (District),Expenditure,Total PPE,2024,18029.0,2019,15262.0,2014,,2009,,0.033884532070160844,,
Benjamin Franklin Classical Charter Public (District),Enrollment,In-District FTE Pupils,2024,886.3,2019,457.9,2014,,2009,,0.14120067839687245,,
Benjamin Franklin Classical Charter Public (District),Enrollment,Out-of-District FTE Pupils,2024,0.0,2019,0.0,2014,,2009,,,,
Bentley Academy Charter School (District),Expenditure,Teachers,2020,6389.0,2015,,2010,,2005,,,,
Bentley Academy Charter School (District),Expenditure,"Insurance, Retirement and Other",2020,2095.0,2015,,2010,,2005,,,,
Bentley Academy Charter School (District),Expenditure,Pupil Services,2020,546.0,2015,,2010,,2005,,,,
Bentley Academy Charter School (District),Expenditure,Other Teaching Services,2020,1523.0,2015,,2010,,2005,,,,
Bentley Academy Charter School (District),Expenditure,Operations and Maintenance,2020,1166.0,2015,,2010,,2005,,,,
Bentley Academy Charter School (District),Expenditure,Instructional Leadership,2020,756.0,2015,,2010,,2005,,,,
Bentley Academy Charter School (District),Expenditure,Administration,2020,918.0,2015,,2010,,2005,,,,
Bentley Academy Charter School (District),Expenditure,"Guidance, Counseling and Testing",2020,220.0,2015,,2010,,2005,,,,
Bentley Academy Charter School (District),Expenditure,Other,2020,447.0,2015,,2010,,2005,,,,
Bentley Academy Charter School (District),Expenditure,Total PPE,2020,14060.0,2015,,2010,,2005,,,,
Bentley Academy Charter School (District),Enrollment,In-District FTE Pupils,2020,646.9,2015,,2010,,2005,,,,
Bentley Academy Charter School (District),Enrollment,Out-of-District FTE Pupils,2020,0.0,2015,,2010,,2005,,,,
Berkley,Expenditure,Teachers,2024,6861.0,2019,5377.0,2014,4653.0,2009,3738.0,0.04995207595085782,0.03959800324160101,0.041317598560894675
Berkley,Expenditure,"Insurance, Retirement and Other",2024,1875.0,2019,1370.0,2014,1770.0,2009,1058.0,0.06477082042651339,0.005779548801720935,0.03888555312733932
Berkley,Expenditure,Pupil Services,2024,1843.0,2019,1127.0,2014,933.0,2009,743.0,0.10336774463562004,0.07044502763391014,0.06243516013267403
Berkley,Expenditure,Other Teaching Services,2024,1375.0,2019,1053.0,2014,981.0,2009,715.0,0.05481152279976231,0.03434011677774307,0.044559324910976805
Berkley,Expenditure,Operations and Maintenance,2024,1055.0,2019,891.0,2014,876.0,2009,867.0,0.034367701583924326,0.01876692150105752,0.013169772098293508
Berkley,Expenditure,Instructional Leadership,2024,1170.0,2019,915.0,2014,852.0,2009,655.0,0.05039574430966676,0.03222560234958283,0.03943252945178033
Berkley,Expenditure,Administration,2024,553.0,2019,495.0,2014,473.0,2009,391.0,0.02240740542296571,0.01574898975316663,0.023379135181538224
Berkley,Expenditure,"Guidance, Counseling and Testing",2024,262.0,2019,73.0,2014,173.0,2009,140.0,0.2912064482546901,0.0423786769856731,0.042665211864595376
Berkley,Expenditure,Other,2024,1060.0,2019,917.0,2014,807.0,2009,446.0,0.029407447461514913,0.027645282839114715,0.05941162402387157
Berkley,Expenditure,Total PPE,2024,16054.0,2019,12218.0,2014,11518.0,2009,8753.0,0.056128172187612346,0.03376212979049198,0.04126616195500987
Berkley,Enrollment,In-District FTE Pupils,2024,845.0,2019,892.5,2014,871.7,2009,946.6,-0.010878375093040016,-0.0031060363234326482,-0.007540757419755462
Berkley,Enrollment,Out-of-District FTE Pupils,2024,16.9,2019,12.9,2014,11.0,2009,249.5,0.055502822206050295,0.04387717587808382,-0.16429228721341393
Berkley,NSS,Ch70 Aid,2024,5948.309455587392,2019,5143.6537467700255,2014,5087.682058047493,2009,5103.377880184332,0.029495293967644498,0.01575123512471266,0.010265964062515787
Berkley,NSS,Req NSS (minus Ch70),2024,6845.083094555874,2019,4957.941860465116,2014,4073.11345646438,2009,2768.2571428571428,0.06663408802743631,0.053283356463069254,0.06221269203139457
Berkley,NSS,Actual NSS (minus Req NSS),2024,1790.7550630372493,2019,1361.5568475452196,2014,1773.3887828204088,2009,1053.4510599078344,0.056331137801501896,0.0009749820995246239,0.036004054073198954
Berkley,NSS,Total Actual NSS per pupil,2024,14584.147613180516,2019,11463.152454780362,2014,10934.184297332282,2009,8925.086082949309,0.0493379908519751,0.029222960564492917,0.03327972840754945
Berkley,Enrollment,Foundation Enrollment,2024,698.0,2019,774.0,2014,758.0,2009,1085.0,-0.020458382676186382,-0.008212519770316007,-0.028979544235692378
Berkshire Arts and Technology Charter Public (District),Expenditure,Teachers,2024,6814.0,2019,4807.0,2014,,2009,,0.07227357008384261,,
Berkshire Arts and Technology Charter Public (District),Expenditure,"Insurance, Retirement and Other",2024,2269.0,2019,3384.0,2014,,2009,,-0.07683181658048555,,
Berkshire Arts and Technology Charter Public (District),Expenditure,Pupil Services,2024,2918.0,2019,2211.0,2014,,2009,,0.05705919657167291,,
Berkshire Arts and Technology Charter Public (District),Expenditure,Other Teaching Services,2024,1575.0,2019,871.0,2014,,2009,,0.12577728252374176,,
Berkshire Arts and Technology Charter Public (District),Expenditure,Operations and Maintenance,2024,1291.0,2019,1039.0,2014,,2009,,0.04438863918997238,,
Berkshire Arts and Technology Charter Public (District),Expenditure,Instructional Leadership,2024,2078.0,2019,1656.0,2014,,2009,,0.046446529861339014,,
Berkshire Arts and Technology Charter Public (District),Expenditure,Administration,2024,3244.0,2019,1827.0,2014,,2009,,0.12167866558377294,,
Berkshire Arts and Technology Charter Public (District),Expenditure,"Guidance, Counseling and Testing",2024,1289.0,2019,576.0,2014,,2009,,0.1748058130496999,,
Berkshire Arts and Technology Charter Public (District),Expenditure,Other,2024,1015.0,2019,801.0,2014,,2009,,0.048495824379783725,,
Berkshire Arts and Technology Charter Public (District),Expenditure,Total PPE,2024,22493.0,2019,17172.0,2014,,2009,,0.05546855877001344,,
Berkshire Arts and Technology Charter Public (District),Enrollment,In-District FTE Pupils,2024,362.3,2019,369.4,2014,,2009,,-0.0038739707120691858,,
Berkshire Arts and Technology Charter Public (District),Enrollment,Out-of-District FTE Pupils,2024,0.0,2019,0.0,2014,,2009,,,,
Berkshire Hills,Expenditure,Teachers,2024,9050.0,2019,7038.0,2014,5926.0,2009,6237.0,0.05157405723117314,0.043250720225121775,0.025128219892015302
Berkshire Hills,Expenditure,"Insurance, Retirement and Other",2024,5692.0,2019,4776.0,2014,3286.0,2009,2929.0,0.035714638909686514,0.05647623745579455,0.04528897068214688
Berkshire Hills,Expenditure,Pupil Services,2024,3801.0,2019,2660.0,2014,1887.0,2009,1780.0,0.07399744104342254,0.0725377746965512,0.051877562108290975
Berkshire Hills,Expenditure,Other Teaching Services,2024,2920.0,2019,2025.0,2014,1006.0,2009,926.0,0.07594869905449375,0.11244484295210277,0.0795716161194231
Berkshire Hills,Expenditure,Operations and Maintenance,2024,2559.0,2019,1978.0,2014,1270.0,2009,1317.0,0.052855571626425846,0.07257249685499767,0.0452791813901221
Berkshire Hills,Expenditure,Instructional Leadership,2024,1833.0,2019,1187.0,2014,1493.0,2009,948.0,0.09079301743708923,0.020728558159319288,0.0449374038900503
Berkshire Hills,Expenditure,Administration,2024,1267.0,2019,960.0,2014,820.0,2009,737.0,0.05706349831114976,0.04447073560040282,0.036781585827857954
Berkshire Hills,Expenditure,"Guidance, Counseling and Testing",2024,1179.0,2019,878.0,2014,450.0,2009,504.0,0.06072757203627921,0.10110853536376685,0.0582920928142967
Berkshire Hills,Expenditure,Other,2024,1956.0,2019,961.0,2014,320.0,2009,361.0,0.15273397252927556,0.19845542931825855,0.1192422861688498
Berkshire Hills,Expenditure,Total PPE,2024,30257.0,2019,22463.0,2014,16458.0,2009,15739.0,0.06138176412102814,0.06278368959360159,0.04453560579296112
Berkshire Hills,Enrollment,In-District FTE Pupils,2024,1174.4,2019,1197.9,2014,1383.2,2009,1368.0,-0.00395468851689984,-0.016231061056551144,-0.010121261139299342
Berkshire Hills,Enrollment,Out-of-District FTE Pupils,2024,116.9,2019,121.7,2014,109.0,2009,131.5,-0.008015727644302695,0.007021635515099378,-0.007815167077404817
Berlin,Expenditure,Teachers,2019,8737.0,2014,6851.0,2009,5490.0,2004,,0.049836513752910205,0.04756022226021295,
Berlin,Expenditure,"Insurance, Retirement and Other",2019,3562.0,2014,2591.0,2009,1693.0,2004,,0.06572536013878105,0.07721823307454989,
Berlin,Expenditure,Pupil Services,2019,1430.0,2014,1095.0,2009,867.0,2004,,0.05483464094305068,0.05131217522594045,
Berlin,Expenditure,Other Teaching Services,2019,1845.0,2014,2070.0,2009,1468.0,2004,,-0.02275106681231287,0.02312107692346932,
Berlin,Expenditure,Operations and Maintenance,2019,2176.0,2014,2658.0,2009,1323.0,2004,,-0.03922701543600604,0.051017396812308435,
Berlin,Expenditure,Instructional Leadership,2019,1578.0,2014,1373.0,2009,1148.0,2004,,0.02822294812575543,0.03232515741957709,
Berlin,Expenditure,Administration,2019,1009.0,2014,1024.0,2009,693.0,2004,,-0.0029470060764301698,0.038283119236847796,
Berlin,Expenditure,"Guidance, Counseling and Testing",2019,734.0,2014,408.0,2009,367.0,2004,,0.12462356507717343,0.07177346253629313,
Berlin,Expenditure,Other,2019,954.0,2014,633.0,2009,749.0,2004,,0.08549776335627124,0.024487480785140292,
Berlin,Expenditure,Total PPE,2019,22025.0,2014,18703.0,2009,13798.0,2004,,0.0332393288501458,0.04787620274527371,
Berlin,Enrollment,In-District FTE Pupils,2019,178.5,2014,201.2,2009,238.1,2004,,-0.02365782746962397,-0.028399157985029233,
Berlin,Enrollment,Out-of-District FTE Pupils,2019,5.4,2014,6.0,2009,6.0,2004,,-0.0208516376390232,-0.010480741793785553,
Berlin,NSS,Ch70 Aid,2019,2887.264150943396,2014,2673.0246913580245,2009,2708.9336683417087,2004,2287.2999999999997,0.015539241416456795,0.006395797926812552,0.01565035793336622
Berlin,NSS,Req NSS (minus Ch70),2019,8507.62893081761,2014,7581.901234567901,2009,6648.502512562814,2004,4165.075,0.023307326031234865,0.024963665737271823,0.04876708201053148
Berlin,NSS,Actual NSS (minus Req NSS),2019,10777.844672685811,2014,9371.006170238912,2009,5716.183919597989,2004,3644.9953703703704,0.028369385658766566,0.06547330385900185,0.07495181161572328
Berlin,NSS,Total Actual NSS per pupil,2019,22172.737754446818,2014,19625.932096164837,2009,15073.62010050251,2004,10097.37037037037,0.024702523459947834,0.039346063444194,0.05383852009237433
Berlin,Enrollment,Foundation Enrollment,2024,0.0,2019,159.0,2014,162.0,2009,199.0,,,
Berlin-Boylston,Expenditure,Teachers,2024,7139.0,2019,5773.0,2014,5047.0,2009,4935.0,0.04339118881859938,0.03528615867639329,0.024920111113365895
Berlin-Boylston,Expenditure,"Insurance, Retirement and Other",2024,2979.0,2019,2669.0,2014,2022.0,2009,1870.0,0.02222002847739657,0.03951063101811325,0.03153015049295793
Berlin-Boylston,Expenditure,Pupil Services,2024,2159.0,2019,1346.0,2014,1178.0,2009,1391.0,0.09911090419145774,0.062455466048092045,0.02974185976098065
Berlin-Boylston,Expenditure,Other Teaching Services,2024,2296.0,2019,1040.0,2014,930.0,2009,753.0,0.17162251495823688,0.09458349071222183,0.07715564183959978
Berlin-Boylston,Expenditure,Operations and Maintenance,2024,1595.0,2019,1211.0,2014,912.0,2009,981.0,0.05663090450696262,0.05749076867458691,0.03293448946465749
Berlin-Boylston,Expenditure,Instructional Leadership,2024,1306.0,2019,1130.0,2014,1051.0,2009,987.0,0.029373412371693997,0.021960349330133244,0.018845664220424885
Berlin-Boylston,Expenditure,Administration,2024,905.0,2019,589.0,2014,583.0,2009,559.0,0.08969926228311831,0.04495599630898384,0.03264041459285316
Berlin-Boylston,Expenditure,"Guidance, Counseling and Testing",2024,730.0,2019,532.0,2014,472.0,2009,529.0,0.06532531110976181,0.04457129252556946,0.021702554461315193
Berlin-Boylston,Expenditure,Other,2024,722.0,2019,387.0,2014,495.0,2009,508.0,0.13283131693276085,0.03846819465742035,0.023713032955110513
Berlin-Boylston,Expenditure,Total PPE,2024,19831.0,2019,14677.0,2014,12690.0,2009,12513.0,0.06204144284715962,0.045654712963631106,0.0311746105446431
Berlin-Boylston,Enrollment,In-District FTE Pupils,2024,1096.7,2019,580.9,2014,544.6,2009,461.7,0.1355265510143242,0.07250918614407031,0.05937210059721432
Berlin-Boylston,Enrollment,Out-of-District FTE Pupils,2024,69.6,2019,45.0,2014,84.4,2009,67.2,0.09113715677213374,-0.019095607533979098,0.002342159901957963
Berlin-Boylston,NSS,Ch70 Aid,2024,2785.473107569721,2019,2033.4141048824592,2014,2064.537848605578,2009,2145.705479452055,0.06496326553630549,0.030404180658595292,0.017548825422014858
Berlin-Boylston,NSS,Req NSS (minus Ch70),2024,9644.403386454182,2019,8200.305605786618,2014,8048.185258964143,2009,7207.723744292238,0.032973227857539866,0.018257787539068815,0.019604669170382838
Berlin-Boylston,NSS,Actual NSS (minus Req NSS),2024,8722.777324679555,2019,4246.906184448463,2014,4076.135458167331,2009,2809.0479452054797,0.15482565589154373,0.07904763642694035,0.07846579545759425
Berlin-Boylston,NSS,Total Actual NSS per pupil,2024,21152.653818703457,2019,14480.62589511754,2014,14188.858565737051,2009,12162.477168949772,0.07873682763258949,0.04073878641195061,0.037583017604071234
Berlin-Boylston,Enrollment,Foundation Enrollment,2024,1004.0000000000001,2019,553.0,2014,502.0,2009,438.0,0.12668293463290903,0.07177346253629313,0.056859624681278476
Beverly,Expenditure,Teachers,2024,7337.0,2019,5569.0,2014,4759.0,2009,4488.0,0.056691612540457514,0.04423989522189409,0.03331098113989883
Beverly,Expenditure,"Insurance, Retirement and Other",2024,3971.0,2019,3004.0,2014,2562.0,2009,2198.0,0.05740166945640568,0.04479738312137371,0.04021907472555175
Beverly,Expenditure,Pupil Services,2024,1589.0,2019,1043.0,2014,1011.0,2009,813.0,0.08784724885814943,0.04625434396586048,0.04568823891460938
Beverly,Expenditure,Other Teaching Services,2024,1556.0,2019,1297.0,2014,1000.0,2009,916.0,0.03708397430581378,0.04520375009161781,0.03595512024379621
Beverly,Expenditure,Operations and Maintenance,2024,1097.0,2019,913.0,2014,884.0,2009,919.0,0.03740221277748268,0.021822440863931147,0.011873155432692073
Beverly,Expenditure,Instructional Leadership,2024,1050.0,2019,584.0,2014,636.0,2009,587.0,0.12448920445536138,0.05141269949353555,0.039529328075624814
Beverly,Expenditure,Administration,2024,606.0,2019,442.0,2014,446.0,2009,402.0,0.06514828136508322,0.031130840521124137,0.02773963317315209
Beverly,Expenditure,"Guidance, Counseling and Testing",2024,748.0,2019,483.0,2014,383.0,2009,382.0,0.09141745063712281,0.06922789963765119,0.045817446026999775
Beverly,Expenditure,Other,2024,641.0,2019,237.0,2014,424.0,2009,389.0,0.2201744778578243,0.04219555677308828,0.03385721253029872
Beverly,Expenditure,Total PPE,2024,18595.0,2019,13572.0,2014,12105.0,2009,11094.0,0.06500210543212814,0.043862122010108084,0.03503221694530212
Beverly,Enrollment,In-District FTE Pupils,2024,4528.2,2019,4612.4,2014,4379.9,2009,4280.9,-0.0036779834638358544,0.003335411793913723,0.003751100611977032
Beverly,Enrollment,Out-of-District FTE Pupils,2024,184.2,2019,196.6,2014,217.9,2009,270.5,-0.012945296209826318,-0.016661055255602242,-0.025291342018597396
Beverly,NSS,Ch70 Aid,2024,3202.9246861924685,2019,1849.8890404729423,2014,1633.902778167712,2009,1659.371043000915,0.11604115389831926,0.06962624759919112,0.04481696232053922
Beverly,NSS,Req NSS (minus Ch70),2024,10406.15150847831,2019,8720.905411550704,2014,8481.376306620208,2009,7612.096294602014,0.035966504417130896,0.020663022879682025,0.02106265286629716
Beverly,NSS,Actual NSS (minus Req NSS),2024,3505.608480545507,2019,3398.4369758980747,2014,1756.1938536557482,2009,1131.2170173833479,0.00622901936180309,0.07156642065154406,0.0783204264812245
Beverly,NSS,Total Actual NSS per pupil,2024,17114.684675216286,2019,13969.23142792172,2014,11871.472938443669,2009,10402.684354986275,0.0414520470017683,0.037257131691524004,0.0337485151013861
Beverly,Enrollment,Foundation Enrollment,2024,4541.0,2019,4398.0,2014,4305.0,2009,4372.0,0.006419992367392435,0.005351278639218249,0.002531644667418176
Billerica,Expenditure,Teachers,2024,7892.0,2019,6849.0,2014,5098.0,2009,4116.0,0.02875505465186401,0.044669041149610234,0.0443533095782942
Billerica,Expenditure,"Insurance, Retirement and Other",2024,3516.0,2019,3024.0,2014,3327.0,2009,2809.0,0.030607778368602956,0.005540590891635944,0.015078918931850982
Billerica,Expenditure,Pupil Services,2024,2109.0,2019,1466.0,2014,1163.0,2009,971.0,0.07544578528328394,0.06132815773483191,0.05306979619972818
Billerica,Expenditure,Other Teaching Services,2024,2717.0,2019,1537.0,2014,1016.0,2009,749.0,0.12068395516693742,0.10336598962335142,0.08970059504164118
Billerica,Expenditure,Operations and Maintenance,2024,1253.0,2019,1322.0,2014,1147.0,2009,1080.0,-0.01066374787193658,0.00887826383118906,0.009954528936942708
Billerica,Expenditure,Instructional Leadership,2024,1014.0,2019,918.0,2014,678.0,2009,598.0,0.020091326126364217,0.04107214378751234,0.03583150986645167
Billerica,Expenditure,Administration,2024,263.0,2019,352.0,2014,261.0,2009,199.0,-0.056628792649456416,0.0007636539208015769,0.01876381596412302
Billerica,Expenditure,"Guidance, Counseling and Testing",2024,585.0,2019,737.0,2014,513.0,2009,350.0,-0.04514445239206766,0.0132202247485802,0.03483836576958921
Billerica,Expenditure,Other,2024,400.0,2019,399.0,2014,456.0,2009,223.0,0.0005007513777557371,-0.013017357912354588,0.0397214614053798
Billerica,Expenditure,Total PPE,2024,19749.0,2019,16604.0,2014,13659.0,2009,11095.0,0.03530062698064551,0.03755856654695977,0.039188950255919064
Billerica,Enrollment,In-District FTE Pupils,2024,4932.8,2019,4782.4,2014,5299.9,2009,6173.5,0.006212068480817345,-0.007152416277721341,-0.014845972880723757
Billerica,Enrollment,Out-of-District FTE Pupils,2024,226.9,2019,241.5,2014,340.8,2009,259.9,-0.01239456300038455,-0.03986237010013749,-0.009011652775402501
Billerica,NSS,Ch70 Aid,2024,4113.534330805493,2019,3909.379895468119,2014,3306.9338465006977,2009,2834.462512171373,0.01023276562270814,0.022066048469856048,0.02513948298083246
Billerica,NSS,Req NSS (minus Ch70),2024,10173.257634761221,2019,7537.736563517915,2014,6389.685956372814,2009,5149.732067510548,0.06180268095548991,0.04760618287489082,0.04643364323773391
Billerica,NSS,Actual NSS (minus Req NSS),2024,4387.315841545694,2019,3810.654362163294,2014,2919.1481902987057,2009,2453.6318099826517,0.028584246019272674,0.041583941951648606,0.039503526778965625
Billerica,NSS,Total Actual NSS per pupil,2024,18674.107807112407,2019,15257.770821149328,2014,12615.767993172218,2009,10437.826389664573,0.04123738998702753,0.03999826985969501,0.0395418698148553
Billerica,Enrollment,Foundation Enrollment,2024,4879.0,2019,4912.0,2014,5547.0,2009,6162.0,-0.0013472736131431295,-0.012749720814112853,-0.015443580350520625
Blackstone Valley Regional Vocational Technical,Expenditure,Teachers,2024,8246.0,2019,6576.0,2014,5726.0,2009,5637.0,0.04630019241594918,0.037144332976918104,0.025682674720551857
Blackstone Valley Regional Vocational Technical,Expenditure,"Insurance, Retirement and Other",2024,4198.0,2019,3362.0,2014,2802.0,2009,2579.0,0.04541552429033824,0.04125579233309784,0.03301367993305515
Blackstone Valley Regional Vocational Technical,Expenditure,Pupil Services,2024,3764.0,2019,2792.0,2014,2446.0,2009,1927.0,0.06156560825088331,0.044045236440741986,0.04564562975087205
Blackstone Valley Regional Vocational Technical,Expenditure,Other Teaching Services,2024,805.0,2019,739.0,2014,829.0,2009,653.0,0.017256066281051474,-0.0029334766958860614,0.014048779346299556
Blackstone Valley Regional Vocational Technical,Expenditure,Operations and Maintenance,2024,1886.0,2019,1600.0,2014,1381.0,2009,1394.0,0.03343779638901956,0.031655744995587876,0.020356481724481013
Blackstone Valley Regional Vocational Technical,Expenditure,Instructional Leadership,2024,1733.0,2019,1695.0,2014,1627.0,2009,1295.0,0.0044440998320147695,0.0063315784838176015,0.01961273915126216
Blackstone Valley Regional Vocational Technical,Expenditure,Administration,2024,1211.0,2019,1034.0,2014,1019.0,2009,841.0,0.03210699364392866,0.01741232854790664,0.024605170536430743
Blackstone Valley Regional Vocational Technical,Expenditure,"Guidance, Counseling and Testing",2024,1013.0,2019,730.0,2014,671.0,2009,734.0,0.06771985066981423,0.04205032293430189,0.021709799948569586
Blackstone Valley Regional Vocational Technical,Expenditure,Other,2024,2834.0,2019,1576.0,2014,1714.0,2009,1545.0,0.12452399433020744,0.0515717315166182,0.04127335990297931
Blackstone Valley Regional Vocational Technical,Expenditure,Total PPE,2024,25690.0,2019,20104.0,2014,18215.0,2009,16605.0,0.050258791793758695,0.03498365887500432,0.02952053831857815
Blackstone Valley Regional Vocational Technical,Enrollment,In-District FTE Pupils,2024,1243.5,2019,1240.1,2014,1169.8,2009,1096.1,0.0005477425031157335,0.006128421426134123,0.008446912803562912
Blackstone Valley Regional Vocational Technical,Enrollment,Out-of-District FTE Pupils,2024,3.8,2019,0.0,2014,0.0,2009,1.9,,,0.04729412282062673
Blackstone-Millville,Expenditure,Teachers,2024,7351.0,2019,5110.0,2014,4622.0,2009,4242.0,0.07543732287979044,0.04749425116798722,0.03733345349311867
Blackstone-Millville,Expenditure,"Insurance, Retirement and Other",2024,3001.0,2019,2204.0,2014,1891.0,2009,1362.0,0.06367972475015304,0.04726706699762029,0.05407761990583393
Blackstone-Millville,Expenditure,Pupil Services,2024,2617.0,2019,1675.0,2014,1429.0,2009,1083.0,0.09334640741087274,0.06237330511310968,0.06058386979069619
Blackstone-Millville,Expenditure,Other Teaching Services,2024,1362.0,2019,1093.0,2014,886.0,2009,656.0,0.04498820649940005,0.04393711566655489,0.0499087404317633
Blackstone-Millville,Expenditure,Operations and Maintenance,2024,1583.0,2019,1181.0,2014,1150.0,2009,956.0,0.06034258439800455,0.032472058862372144,0.034192859365230754
Blackstone-Millville,Expenditure,Instructional Leadership,2024,723.0,2019,739.0,2014,614.0,2009,525.0,-0.004368171422845957,0.016475680848508922,0.021563262121408577
Blackstone-Millville,Expenditure,Administration,2024,935.0,2019,474.0,2014,421.0,2009,354.0,0.14553049202049806,0.08306108459236095,0.06689224067261379
Blackstone-Millville,Expenditure,"Guidance, Counseling and Testing",2024,579.0,2019,422.0,2014,376.0,2009,283.0,0.06530317787174833,0.04411677162198746,0.04888081510556597
Blackstone-Millville,Expenditure,Other,2024,482.0,2019,343.0,2014,150.0,2009,364.0,0.07041104978028967,0.12381694961596779,0.018895655178002402
Blackstone-Millville,Expenditure,Total PPE,2024,18633.0,2019,13241.0,2014,11539.0,2009,9825.0,0.07071133341460367,0.04908689288662571,0.04359025492841728
Blackstone-Millville,Enrollment,In-District FTE Pupils,2024,1451.4,2019,1725.2,2014,1836.7,2009,2136.5,-0.03397240177432914,-0.02326918560595259,-0.02544665880987218
Blackstone-Millville,Enrollment,Out-of-District FTE Pupils,2024,215.4,2019,126.1,2014,98.2,2009,79.1,0.11302808363360439,0.0817164173906113,0.06906623795519162
Blackstone-Millville,NSS,Ch70 Aid,2024,7101.852624920936,2019,6229.5834757834755,2014,5557.794670846395,2009,5540.649877750611,0.02655572464796374,0.024818403467132377,0.016687295279627312
Blackstone-Millville,NSS,Req NSS (minus Ch70),2024,6661.351043643263,2019,4817.895156695156,2014,4222.168756530826,2009,2705.3026894865525,0.06694245153767975,0.04665288126583644,0.061915020394091025
Blackstone-Millville,NSS,Actual NSS (minus Req NSS),2024,1859.041407815127,2019,1115.9685698005696,2014,652.2523510971787,2009,916.9457212713936,0.10745839593713113,0.11042016786817199,0.04824555380908824
Blackstone-Millville,NSS,Total Actual NSS per pupil,2024,15622.245076379328,2019,12163.447202279203,2014,10432.2157784744,2009,9162.898288508557,0.05132587776825148,0.04120606337567989,0.03620902867823239
Blackstone-Millville,Enrollment,Foundation Enrollment,2024,1581.0,2019,1755.0,2014,1914.0,2009,2045.0,-0.020665735145583786,-0.018932263597926213,-0.017009688973199433
Blue Hills Regional Vocational Technical,Expenditure,Teachers,2024,9753.0,2019,8784.0,2014,7618.0,2009,7972.0,0.0211491482218793,0.025013831036364564,0.013533393617757072
Blue Hills Regional Vocational Technical,Expenditure,"Insurance, Retirement and Other",2024,5394.0,2019,4734.0,2014,4055.0,2009,3783.0,0.0264470188246948,0.028944638061469963,0.023933235998059743
Blue Hills Regional Vocational Technical,Expenditure,Pupil Services,2024,3152.0,2019,2655.0,2014,2119.0,2009,1948.0,0.03491417798738872,0.04050824331003389,0.03260244828539438
Blue Hills Regional Vocational Technical,Expenditure,Other Teaching Services,2024,576.0,2019,450.0,2014,393.0,2009,542.0,0.05061112176150684,0.038969965817534646,0.004064347766916887
Blue Hills Regional Vocational Technical,Expenditure,Operations and Maintenance,2024,3398.0,2019,2796.0,2014,2554.0,2009,2642.0,0.039769901145562336,0.028964160257833438,0.016918240632795234
Blue Hills Regional Vocational Technical,Expenditure,Instructional Leadership,2024,1443.0,2019,1373.0,2014,1296.0,2009,1042.0,0.009994848758628327,0.01080209403029797,0.021942766859426532
Blue Hills Regional Vocational Technical,Expenditure,Administration,2024,1119.0,2019,1124.0,2014,1462.0,2009,1433.0,-0.0008912670137447565,-0.02638272418216736,-0.016353782167525477
Blue Hills Regional Vocational Technical,Expenditure,"Guidance, Counseling and Testing",2024,943.0,2019,785.0,2014,448.0,2009,656.0,0.037357394893258844,0.07726702877262359,0.024488741710953832
Blue Hills Regional Vocational Technical,Expenditure,Other,2024,1467.0,2019,1750.0,2014,1247.0,2009,1002.0,-0.0346641988952987,0.01638059790444024,0.025740475025173293
Blue Hills Regional Vocational Technical,Expenditure,Total PPE,2024,27245.0,2019,24451.0,2014,21192.0,2009,21020.0,0.021875618773631533,0.0254429100313438,0.017443433834040123
Blue Hills Regional Vocational Technical,Enrollment,In-District FTE Pupils,2024,891.8,2019,859.5,2014,850.9,2009,826.6,0.00740549955736336,0.004705765434901199,0.005074229860354995
Blue Hills Regional Vocational Technical,Enrollment,Out-of-District FTE Pupils,2024,0.0,2019,0.0,2014,0.6,2009,0.0,,,
Boston,Expenditure,Teachers,2024,12381.0,2019,8641.0,2014,6451.0,2009,6053.0,0.07457898662089546,0.06736477987268996,0.04886357462542712
Boston,Expenditure,"Insurance, Retirement and Other",2024,4970.0,2019,4263.0,2014,3266.0,2009,4687.0,0.031165112848464016,0.04287923649632508,0.003916122792767096
Boston,Expenditure,Pupil Services,2024,4418.0,2019,3162.0,2014,2598.0,2009,1973.0,0.06918478321058297,0.05452931312241205,0.05521245436293931
Boston,Expenditure,Other Teaching Services,2024,3126.0,2019,2401.0,2014,2076.0,2009,1560.0,0.05419114213548637,0.04178035219212384,0.04742827094968405
Boston,Expenditure,Operations and Maintenance,2024,2653.0,2019,1486.0,2014,1248.0,2009,1308.0,0.12290673874035885,0.07833143680124333,0.04827517340332044
Boston,Expenditure,Instructional Leadership,2024,2851.0,2019,1986.0,2014,1233.0,2009,1300.0,0.07498794639560291,0.08743526804773416,0.05374839060563108
Boston,Expenditure,Administration,2024,1583.0,2019,972.0,2014,556.0,2009,504.0,0.10246022554411982,0.11030069669676967,0.07928636846032466
Boston,Expenditure,"Guidance, Counseling and Testing",2024,524.0,2019,368.0,2014,292.0,2009,258.0,0.07323961217931352,0.060217195134897095,0.048368842881152174
Boston,Expenditure,Other,2024,2577.0,2019,863.0,2014,1460.0,2009,1308.0,0.24457400152444553,0.058464157682194706,0.046245922165709
Boston,Expenditure,Total PPE,2024,35083.0,2019,24142.0,2014,19180.0,2009,18951.0,0.07761764903693336,0.06224528500972415,0.041911838866954376
Boston,Enrollment,In-District FTE Pupils,2024,47146.9,2019,52211.4,2014,56476.6,2009,55483.5,-0.020199716574599957,-0.017893783835793986,-0.010795797205148228
Boston,Enrollment,Out-of-District FTE Pupils,2024,13213.0,2019,14234.3,2014,8150.1,2009,5516.5,-0.014780352520147755,0.04950339970652484,0.05995929468661876
Boston,NSS,Ch70 Aid,2024,3995.649052616994,2019,3410.4566100328643,2014,3382.435196252625,2009,3632.8007579859236,0.03217886345032328,0.016800579676272243,0.0063669918522306634
Boston,NSS,Req NSS (minus Ch70),2024,15249.663410578822,2019,11024.209090345383,2014,9761.038055241479,2009,7580.696756410887,0.06704457781215534,0.04562612414100986,0.047699513512489355
Boston,NSS,Actual NSS (minus Req NSS),2024,7000.898356023801,2019,3995.0244513810726,2014,1578.1405416483065,2009,1426.3478472148954,0.1187340746322938,0.1606487541213817,0.11189016322106093
Boston,NSS,Total Actual NSS per pupil,2024,26246.210819219617,2019,18429.69015175932,2014,14721.613793142411,2009,12639.845361611708,0.07327179339713363,0.05952478216797319,0.04991705409807179
Boston,Enrollment,Foundation Enrollment,2024,57738.0,2019,64508.0,2014,61910.0,2009,60951.0,-0.021930689966185524,-0.006952338089327159,-0.0036038057870103613
Boston Collegiate Charter (District),Expenditure,Teachers,2024,9058.0,2019,7785.0,2014,,2009,,0.030753314242533802,,
Boston Collegiate Charter (District),Expenditure,"Insurance, Retirement and Other",2024,2008.0,2019,4286.0,2014,,2009,,-0.1407049533186785,,
Boston Collegiate Charter (District),Expenditure,Pupil Services,2024,1767.0,2019,1722.0,2014,,2009,,0.005172689870154512,,
Boston Collegiate Charter (District),Expenditure,Other Teaching Services,2024,609.0,2019,688.0,2014,,2009,,-0.024098982340676867,,
Boston Collegiate Charter (District),Expenditure,Operations and Maintenance,2024,1829.0,2019,1040.0,2014,,2009,,0.11953086973625204,,
Boston Collegiate Charter (District),Expenditure,Instructional Leadership,2024,2747.0,2019,1751.0,2014,,2009,,0.09424482822892033,,
Boston Collegiate Charter (District),Expenditure,Administration,2024,2814.0,2019,2131.0,2014,,2009,,0.05717802882885725,,
Boston Collegiate Charter (District),Expenditure,"Guidance, Counseling and Testing",2024,2045.0,2019,337.0,2014,,2009,,0.4342097886758267,,
Boston Collegiate Charter (District),Expenditure,Other,2024,952.0,2019,412.0,2014,,2009,,0.18235514754317816,,
Boston Collegiate Charter (District),Expenditure,Total PPE,2024,23829.0,2019,20152.0,2014,,2009,,0.0340880812854063,,
Boston Collegiate Charter (District),Enrollment,In-District FTE Pupils,2024,693.7,2019,698.7,2014,,2009,,-0.0014353439405493384,,
Boston Collegiate Charter (District),Enrollment,Out-of-District FTE Pupils,2024,0.0,2019,0.0,2014,,2009,,,,
Boston Day and Evening Academy Charter (District),Expenditure,Teachers,2024,14442.0,2019,7175.0,2014,,2009,,0.1501674877321264,,
Boston Day and Evening Academy Charter (District),Expenditure,"Insurance, Retirement and Other",2024,358.0,2019,2713.0,2014,,2009,,-0.3330601821522593,,
Boston Day and Evening Academy Charter (District),Expenditure,Pupil Services,2024,2432.0,2019,2325.0,2014,,2009,,0.009039395803294159,,
Boston Day and Evening Academy Charter (District),Expenditure,Other Teaching Services,2024,2487.0,2019,2162.0,2014,,2009,,0.028404620314631313,,
Boston Day and Evening Academy Charter (District),Expenditure,Operations and Maintenance,2024,151.0,2019,1276.0,2014,,2009,,-0.34743277966304875,,
Boston Day and Evening Academy Charter (District),Expenditure,Instructional Leadership,2024,3972.0,2019,1700.0,2014,,2009,,0.1849828465820651,,
Boston Day and Evening Academy Charter (District),Expenditure,Administration,2024,3712.0,2019,1101.0,2014,,2009,,0.2751583811898073,,
Boston Day and Evening Academy Charter (District),Expenditure,"Guidance, Counseling and Testing",2024,1481.0,2019,274.0,2014,,2009,,0.4013960825622547,,
Boston Day and Evening Academy Charter (District),Expenditure,Other,2024,694.0,2019,469.0,2014,,2009,,0.08152689940374014,,
Boston Day and Evening Academy Charter (District),Expenditure,Total PPE,2024,29729.0,2019,19195.0,2014,,2009,,0.09143640820157328,,
Boston Day and Evening Academy Charter (District),Enrollment,In-District FTE Pupils,2024,575.4,2019,774.7,2014,,2009,,-0.057747582625492955,,
Boston Day and Evening Academy Charter (District),Enrollment,Out-of-District FTE Pupils,2024,0.0,2019,0.0,2014,,2009,,,,
Boston Green Academy Horace Mann Charter School (District),Expenditure,Teachers,2024,11650.0,2019,7227.0,2014,,2009,,0.10020489819256784,,
Boston Green Academy Horace Mann Charter School (District),Expenditure,"Insurance, Retirement and Other",2024,520.0,2019,2594.0,2014,,2009,,-0.27488535867329267,,
Boston Green Academy Horace Mann Charter School (District),Expenditure,Pupil Services,2024,971.0,2019,969.0,2014,,2009,,0.000412456316836618,,
Boston Green Academy Horace Mann Charter School (District),Expenditure,Other Teaching Services,2024,2672.0,2019,1355.0,2014,,2009,,0.14545869098745734,,
Boston Green Academy Horace Mann Charter School (District),Expenditure,Operations and Maintenance,2024,78.0,2019,1141.0,2014,,2009,,-0.41526136223506915,,
Boston Green Academy Horace Mann Charter School (District),Expenditure,Instructional Leadership,2024,3988.0,2019,1367.0,2014,,2009,,0.2387889620372301,,
Boston Green Academy Horace Mann Charter School (District),Expenditure,Administration,2024,1393.0,2019,1213.0,2014,,2009,,0.028059056116585435,,
Boston Green Academy Horace Mann Charter School (District),Expenditure,"Guidance, Counseling and Testing",2024,1253.0,2019,539.0,2014,,2009,,0.18378398746473734,,
Boston Green Academy Horace Mann Charter School (District),Expenditure,Other,2024,770.0,2019,306.0,2014,,2009,,0.20269044247529933,,
Boston Green Academy Horace Mann Charter School (District),Expenditure,Total PPE,2024,23295.0,2019,16711.0,2014,,2009,,0.06869076162087584,,
Boston Green Academy Horace Mann Charter School (District),Enrollment,In-District FTE Pupils,2024,883.3,2019,927.3,2014,,2009,,-0.009675338604718475,,
Boston Green Academy Horace Mann Charter School (District),Enrollment,Out-of-District FTE Pupils,2024,0.0,2019,0.0,2014,,2009,,,,
Boston Preparatory Charter Public (District),Expenditure,Teachers,2024,7327.0,2019,6172.0,2014,,2009,,0.03490397448249838,,
Boston Preparatory Charter Public (District),Expenditure,"Insurance, Retirement and Other",2024,3439.0,2019,4830.0,2014,,2009,,-0.0656770664464631,,
Boston Preparatory Charter Public (District),Expenditure,Pupil Services,2024,4776.0,2019,1664.0,2014,,2009,,0.23475899679128132,,
Boston Preparatory Charter Public (District),Expenditure,Other Teaching Services,2024,1046.0,2019,1470.0,2014,,2009,,-0.06579353168466362,,
Boston Preparatory Charter Public (District),Expenditure,Operations and Maintenance,2024,1620.0,2019,1610.0,2014,,2009,,0.0012391611761308763,,
Boston Preparatory Charter Public (District),Expenditure,Instructional Leadership,2024,2866.0,2019,2121.0,2014,,2009,,0.06205523387381384,,
Boston Preparatory Charter Public (District),Expenditure,Administration,2024,2596.0,2019,2279.0,2014,,2009,,0.026389197603679415,,
Boston Preparatory Charter Public (District),Expenditure,"Guidance, Counseling and Testing",2024,2047.0,2019,921.0,2014,,2009,,0.17319888752540358,,
Boston Preparatory Charter Public (District),Expenditure,Other,2024,1432.0,2019,876.0,2014,,2009,,0.10328517454195474,,
Boston Preparatory Charter Public (District),Expenditure,Total PPE,2024,27149.0,2019,21943.0,2014,,2009,,0.043497869918097454,,
Boston Preparatory Charter Public (District),Enrollment,In-District FTE Pupils,2024,695.8,2019,526.3,2014,,2009,,0.057426550856831904,,
Boston Preparatory Charter Public (District),Enrollment,Out-of-District FTE Pupils,2024,0.0,2019,0.0,2014,,2009,,,,
Boston Renaissance Charter Public (District),Expenditure,Teachers,2024,7542.0,2019,6620.0,2014,,2009,,0.026421422688216234,,
Boston Renaissance Charter Public (District),Expenditure,"Insurance, Retirement and Other",2024,2874.0,2019,5410.0,2014,,2009,,-0.11883365854155103,,
Boston Renaissance Charter Public (District),Expenditure,Pupil Services,2024,1127.0,2019,2279.0,2014,,2009,,-0.13136781270081277,,
Boston Renaissance Charter Public (District),Expenditure,Other Teaching Services,2024,2832.0,2019,3122.0,2014,,2009,,-0.019309270188174965,,
Boston Renaissance Charter Public (District),Expenditure,Operations and Maintenance,2024,1476.0,2019,940.0,2014,,2009,,0.09443935324464525,,
Boston Renaissance Charter Public (District),Expenditure,Instructional Leadership,2024,1388.0,2019,545.0,2014,,2009,,0.20558710129498814,,
Boston Renaissance Charter Public (District),Expenditure,Administration,2024,3194.0,2019,1538.0,2014,,2009,,0.15737931233612734,,
Boston Renaissance Charter Public (District),Expenditure,"Guidance, Counseling and Testing",2024,403.0,2019,477.0,2014,,2009,,-0.03315393633109476,,
Boston Renaissance Charter Public (District),Expenditure,Other,2024,1958.0,2019,788.0,2014,,2009,,0.1996575566937946,,
Boston Renaissance Charter Public (District),Expenditure,Total PPE,2024,22794.0,2019,21719.0,2014,,2009,,0.009708805592247405,,
Boston Renaissance Charter Public (District),Enrollment,In-District FTE Pupils,2024,937.8,2019,945.4,2014,,2009,,-0.0016129800878210698,,
Boston Renaissance Charter Public (District),Enrollment,Out-of-District FTE Pupils,2024,0.0,2019,0.0,2014,,2009,,,,
Bourne,Expenditure,Teachers,2024,8934.0,2019,6281.0,2014,5345.0,2009,4224.0,0.07300916371984245,0.05271260675818312,0.05120673788441632
Bourne,Expenditure,"Insurance, Retirement and Other",2024,5211.0,2019,3440.0,2014,3119.0,2009,2513.0,0.08660706919601147,0.05266593681606624,0.04982095910401707
Bourne,Expenditure,Pupil Services,2024,2533.0,2019,1520.0,2014,1367.0,2009,1453.0,0.10753719523142635,0.06362042231695852,0.03774656624079764
Bourne,Expenditure,Other Teaching Services,2024,1925.0,2019,1401.0,2014,998.0,2009,673.0,0.06561057002971937,0.06789860515871227,0.07257510192341643
Bourne,Expenditure,Operations and Maintenance,2024,1680.0,2019,843.0,2014,1264.0,2009,1149.0,0.14787960979208203,0.02885985245649536,0.02565023421461743
Bourne,Expenditure,Instructional Leadership,2024,1530.0,2019,1027.0,2014,928.0,2009,771.0,0.08298937893324876,0.05127017983626048,0.046748796382393376
Bourne,Expenditure,Administration,2024,542.0,2019,531.0,2014,503.0,2009,364.0,0.004109215808938638,0.007495535067397974,0.026896152929765993
Bourne,Expenditure,"Guidance, Counseling and Testing",2024,806.0,2019,532.0,2014,398.0,2009,333.0,0.08663748345431443,0.07311235979153308,0.06070037050871768
Bourne,Expenditure,Other,2024,1409.0,2019,414.0,2014,546.0,2009,311.0,0.27756242594815417,0.09944076339743857,0.105970068595576
Bourne,Expenditure,Total PPE,2024,24570.0,2019,15989.0,2014,14468.0,2009,11791.0,0.08972463964355137,0.05438608462485739,0.05016361642424916
Bourne,Enrollment,In-District FTE Pupils,2024,1543.9,2019,1943.4,2014,2037.5,2009,2436.7,-0.04498235931590422,-0.027359935188120743,-0.029964100926087034
Bourne,Enrollment,Out-of-District FTE Pupils,2024,273.3,2019,309.8,2014,186.6,2009,65.2,-0.024759690439977944,0.038897734533214656,0.10025361053978044
Bourne,NSS,Ch70 Aid,2024,3261.3724672228846,2019,2529.5304219823356,2014,2254.7841121495326,2009,2078.6731165088513,0.05213652813287761,0.037598997453842875,0.03048327329159517
Bourne,NSS,Req NSS (minus Ch70),2024,10971.011323003575,2019,8650.267419038273,2014,8235.594392523364,2009,6460.375463153561,0.04868106372521419,0.029094296896219562,0.035935208170435606
Bourne,NSS,Actual NSS (minus Req NSS),2024,6165.524159668397,2019,3139.2227347609096,2014,1688.780574778229,2009,1143.931347023593,0.14453630874341683,0.13825529144222615,0.11884863453579331
Bourne,NSS,Total Actual NSS per pupil,2024,20397.907949894856,2019,14319.020575781518,2014,12179.159079451127,2009,9682.979926686006,0.07333295252057237,0.05292353326317212,0.05092512018671136
Bourne,Enrollment,Foundation Enrollment,2024,1678.0,2019,2038.0,2014,2140.0,2009,2429.0,-0.038127395991195745,-0.024026966048582787,-0.02435693296755781
Boxborough,Expenditure,Teachers,2014,6612.0,2009,5269.0,2004,,1999,,0.04645589602197142,,
Boxborough,Expenditure,"Insurance, Retirement and Other",2014,2073.0,2009,1320.0,2004,,1999,,0.09447305526334704,,
Boxborough,Expenditure,Pupil Services,2014,965.0,2009,945.0,2004,,1999,,0.004197419360528976,,
Boxborough,Expenditure,Other Teaching Services,2014,2609.0,2009,1422.0,2004,,1999,,0.12905447532393088,,
Boxborough,Expenditure,Operations and Maintenance,2014,1111.0,2009,1022.0,2004,,1999,,0.0168400249662517,,
Boxborough,Expenditure,Instructional Leadership,2014,926.0,2009,786.0,2004,,1999,,0.03332678782848131,,
Boxborough,Expenditure,Administration,2014,691.0,2009,622.0,2004,,1999,,0.021262846398459212,,
Boxborough,Expenditure,"Guidance, Counseling and Testing",2014,317.0,2009,181.0,2004,,1999,,0.11860340627299593,,
Boxborough,Expenditure,Other,2014,887.0,2009,424.0,2004,,1999,,0.15907503731508865,,
Boxborough,Expenditure,Total PPE,2014,16191.0,2009,11991.0,2004,,1999,,0.061900081080104474,,
Boxborough,Enrollment,In-District FTE Pupils,2014,432.4,2009,521.9,2004,,1999,,-0.03692595727697956,,
Boxborough,Enrollment,Out-of-District FTE Pupils,2014,12.8,2009,9.1,2004,,1999,,0.07061596544519233,,
Boxborough,NSS,Ch70 Aid,2024,5484.833333333333,2019,2734.4285714285716,2014,3326.2040302267,2009,2846.659183673469,0.14936871138974284,0.05128738956959866,0.044692629597987255
Boxborough,NSS,Req NSS (minus Ch70),2024,15112.375,2019,12507.57142857143,2014,8406.173803526448,2009,6073.377551020408,0.03856084702285556,0.06040907470707202,0.0626579512023493
Boxborough,NSS,Actual NSS (minus Req NSS),2024,-20597.208333333332,2019,6134.457142857144,2014,3576.642317380353,2009,2372.955102040816,-0.8715250544154951,-0.6758811339127526,-0.645332154707832
Boxborough,NSS,Total Actual NSS per pupil,2024,0.0,2019,21376.457142857143,2014,15309.0201511335,2009,11292.991836734693,,,
Boxborough,Enrollment,Foundation Enrollment,2024,6.0,2019,7.0,2014,397.0,2009,490.0,-0.030359733904420927,-0.3424389589535284,-0.25435803086954367
Boxford,Expenditure,Teachers,2024,8169.0,2019,6970.0,2014,6188.0,2009,5568.0,0.03225554292218136,0.02816273492932231,0.02588334209456966
Boxford,Expenditure,"Insurance, Retirement and Other",2024,3619.0,2019,2889.0,2014,2181.0,2009,1439.0,0.04608797122879493,0.05194562501986422,0.06341272439121837
Boxford,Expenditure,Pupil Services,2024,1704.0,2019,1368.0,2014,1080.0,2009,973.0,0.044904738405944444,0.04665748479749032,0.03806317142229809
Boxford,Expenditure,Other Teaching Services,2024,2285.0,2019,1814.0,2014,1134.0,2009,1019.0,0.0472485900732329,0.07257412312641587,0.055311817293190124
Boxford,Expenditure,Operations and Maintenance,2024,2011.0,2019,2381.0,2014,1443.0,2009,1058.0,-0.03321359426294801,0.03374774202794395,0.043746647453280385
Boxford,Expenditure,Instructional Leadership,2024,1357.0,2019,1457.0,2014,1342.0,2009,968.0,-0.014119993722010005,0.0011121522134454054,0.02277546032455513
Boxford,Expenditure,Administration,2024,1019.0,2019,773.0,2014,448.0,2009,356.0,0.0568149249758938,0.08564945079491504,0.07262589923150364
Boxford,Expenditure,"Guidance, Counseling and Testing",2024,422.0,2019,450.0,2014,350.0,2009,19.0,-0.012766264740950661,0.01888329217113105,0.22961907011558513
Boxford,Expenditure,Other,2024,949.0,2019,853.0,2014,633.0,2009,430.0,0.021558957520843247,0.04132489267072681,0.05419232603791024
Boxford,Expenditure,Total PPE,2024,21535.0,2019,18955.0,2014,14799.0,2009,11830.0,0.02585083778893238,0.038224446105931786,0.04074422275183598
Boxford,Enrollment,In-District FTE Pupils,2024,767.6,2019,727.0,2014,751.8,2009,857.4,0.010927733554700891,0.0020820076746834726,-0.007348585469075575
Boxford,Enrollment,Out-of-District FTE Pupils,2024,10.8,2019,9.4,2014,13.0,2009,12.8,0.02815639324725039,-0.01836950783795277,-0.011262697992497128
Boxford,NSS,Ch70 Aid,2024,2572.9445214979196,2019,2452.7741477272725,2014,2126.6559139784945,2009,1894.4831615120274,0.00961215930577275,0.01923263126628183,0.020616640216359894
Boxford,NSS,Req NSS (minus Ch70),2024,9318.263522884881,2019,7799.082386363636,2014,7603.674731182796,2009,6062.447880870562,0.036235093177033884,0.020542618365657628,0.029072086171143763
Boxford,NSS,Actual NSS (minus Req NSS),2024,8809.106796116504,2019,8018.2107904917875,2014,3959.0134408602153,2009,2582.6176403207332,0.018992250501862706,0.08326444740879024,0.08523747974241558
Boxford,NSS,Total Actual NSS per pupil,2024,20700.314840499304,2019,18270.067324582695,2014,13689.344086021505,2009,10539.548682703322,0.025291508707477428,0.04222006761498465,0.04602884925091488
Boxford,Enrollment,Foundation Enrollment,2024,721.0,2019,704.0,2014,744.0,2009,873.0,0.0047835610976281195,-0.0031352645157101122,-0.012672118457283665
Boylston,Expenditure,Teachers,2019,6078.0,2014,4960.0,2009,4638.0,2004,,0.041491677440771646,0.02740812318572239,
Boylston,Expenditure,"Insurance, Retirement and Other",2019,2169.0,2014,1794.0,2009,1493.0,2004,,0.038693521014697474,0.03805406728338201,
Boylston,Expenditure,Pupil Services,2019,977.0,2014,931.0,2009,824.0,2004,,0.009692142469451381,0.017177477048397227,
Boylston,Expenditure,Other Teaching Services,2019,1351.0,2014,1540.0,2009,1217.0,2004,,-0.025847553321061034,0.010500370485471588,
Boylston,Expenditure,Operations and Maintenance,2019,1194.0,2014,815.0,2009,670.0,2004,,0.07936751588097035,0.05948046239679661,
Boylston,Expenditure,Instructional Leadership,2019,1001.0,2014,904.0,2009,766.0,2004,,0.020594278672130928,0.02711845075167174,
Boylston,Expenditure,Administration,2019,649.0,2014,608.0,2009,418.0,2004,,0.013137110401058472,0.04497726418354375,
Boylston,Expenditure,"Guidance, Counseling and Testing",2019,390.0,2014,247.0,2009,220.0,2004,,0.09565425774785385,0.058922539797716,
Boylston,Expenditure,Other,2019,636.0,2014,496.0,2009,442.0,2004,,0.05098153979718756,0.03705904729839715,
Boylston,Expenditure,Total PPE,2019,14445.0,2014,12295.0,2009,10688.0,2004,,0.0327561803613996,0.030580949329374718,
Boylston,Enrollment,In-District FTE Pupils,2019,285.5,2014,313.7,2009,384.0,2004,,-0.018662672061355634,-0.02920509398730209,
Boylston,Enrollment,Out-of-District FTE Pupils,2019,29.8,2014,27.0,2009,40.3,2004,,0.019930314149888995,-0.029733310402838997,
Boylston,NSS,Ch70 Aid,2024,5403.428571428572,2019,2097.63986013986,2014,1378.5060651209678,2009,1355.6123529411766,0.2083359525080346,0.14637332887179966,0.09656806306292531
Boylston,NSS,Req NSS (minus Ch70),2024,16066.764285714286,2019,7888.881118881119,2014,8143.725806451613,2009,6856.538235294118,0.15287601005764295,0.07031232854498581,0.05841235632904196
Boylston,NSS,Actual NSS (minus Req NSS),2024,-21470.192857142858,2019,4071.882027972029,2014,2025.7055063718674,2009,3096.6028547922656,-1.2545586885696651,-1.1598871745971095,-0.5288977817291153
Boylston,NSS,Total Actual NSS per pupil,2024,0.0,2019,14058.403006993009,2014,11547.937377944449,2009,11308.75344302756,,,
Boylston,Enrollment,Foundation Enrollment,2024,21.0,2019,286.0,2014,310.0,2009,340.0,-0.4068416446785611,-0.23601336694927422,-0.1694176618625245
Braintree,Expenditure,Teachers,2024,7990.0,2019,6203.0,2014,5059.0,2009,4262.0,0.05193522871495726,0.04676263071619169,0.04278687331229958
Braintree,Expenditure,"Insurance, Retirement and Other",2024,2732.0,2019,2010.0,2014,1929.0,2009,1121.0,0.06330272657329439,0.035415940408900726,0.06118639185249797
Braintree,Expenditure,Pupil Services,2024,2078.0,2019,1367.0,2014,1225.0,2009,1069.0,0.08736513988204364,0.054267807722774064,0.04530859778718099
Braintree,Expenditure,Other Teaching Services,2024,2151.0,2019,1385.0,2014,1023.0,2009,744.0,0.09203894666325563,0.07715072394124478,0.0733412782556071
Braintree,Expenditure,Operations and Maintenance,2024,1976.0,2019,1431.0,2014,1059.0,2009,953.0,0.0666684785217535,0.06436135568958568,0.049815392078363274
Braintree,Expenditure,Instructional Leadership,2024,1010.0,2019,778.0,2014,810.0,2009,788.0,0.05358203172635356,0.022312416354675513,0.01668483064366466
Braintree,Expenditure,Administration,2024,398.0,2019,416.0,2014,409.0,2009,296.0,-0.008807634518271157,-0.0027226020539456997,0.019935615655319205
Braintree,Expenditure,"Guidance, Counseling and Testing",2024,846.0,2019,584.0,2014,414.0,2009,364.0,0.0769399881963404,0.07408092088413509,0.05783499945919157
Braintree,Expenditure,Other,2024,369.0,2019,332.0,2014,205.0,2009,202.0,0.02135720402556629,0.060540481614018704,0.04098626597958899
Braintree,Expenditure,Total PPE,2024,19550.0,2019,14506.0,2014,12133.0,2009,9799.0,0.061499558136765664,0.04886080475613519,0.04712292281322705
Braintree,Enrollment,In-District FTE Pupils,2024,5313.5,2019,5868.9,2014,5701.4,2009,5420.9,-0.01968692513221526,-0.007021335122251227,-0.001333183952719419
Braintree,Enrollment,Out-of-District FTE Pupils,2024,136.5,2019,96.7,2014,109.0,2009,117.5,0.07137432738696137,0.022752654461288824,0.01004250965627862
Braintree,NSS,Ch70 Aid,2024,3938.324942791762,2019,3137.9191616766466,2014,2561.223089556194,2009,1857.031804878049,0.04648729223654424,0.043966141867792796,0.051395580007459474
Braintree,NSS,Req NSS (minus Ch70),2024,9887.237414187643,2019,7493.500176118351,2014,6926.1627563273605,2009,6542.834731707317,0.05700744962345672,0.03623492844262044,0.02790726166388624
Braintree,NSS,Actual NSS (minus Req NSS),2024,3806.8283652201135,2019,2890.8534522538284,2014,2046.1128695707541,2009,1168.643313149458,0.056592306483642885,0.0640532706228385,0.08191237391453687
Braintree,NSS,Total Actual NSS per pupil,2024,17632.390722199518,2019,13522.272790048826,2014,11533.498715454309,2009,9568.509849734823,0.05451388271388535,0.0433619941913963,0.04159237709340702
Braintree,Enrollment,Foundation Enrollment,2024,5244.0,2019,5678.0,2014,5413.0,2009,5125.0,-0.015777114997046815,-0.0031668650621026195,0.0015314408514779387
Brewster,Expenditure,Teachers,2024,9755.0,2019,7607.0,2014,7218.0,2009,5456.0,0.051000134230752225,0.03057840902575637,0.03949768737806281
Brewster,Expenditure,"Insurance, Retirement and Other",2024,5282.0,2019,4627.0,2014,3555.0,2009,2619.0,0.026832910263338672,0.04038930523155537,0.047878331459171974
Brewster,Expenditure,Pupil Services,2024,2099.0,2019,1366.0,2014,1269.0,2009,1070.0,0.08971354171769064,0.051610906554584224,0.045944347845798594
Brewster,Expenditure,Other Teaching Services,2024,4034.0,2019,3160.0,2014,3006.0,2009,1605.0,0.05004947529365289,0.029851703632598703,0.06336915132891208
Brewster,Expenditure,Operations and Maintenance,2024,1540.0,2019,1465.0,2014,2640.0,2009,1330.0,0.010035455599826548,-0.052472813985200095,0.00982148221228063
Brewster,Expenditure,Instructional Leadership,2024,1881.0,2019,1276.0,2014,1135.0,2009,862.0,0.08070615325560238,0.051814838652366024,0.05339706014940249
Brewster,Expenditure,Administration,2024,957.0,2019,726.0,2014,1155.0,2009,1155.0,0.05680549653640732,-0.01862950811880959,-0.012458556941726151
Brewster,Expenditure,"Guidance, Counseling and Testing",2024,947.0,2019,552.0,2014,435.0,2009,317.0,0.11399227764141484,0.0809013822230733,0.07568731631474757
Brewster,Expenditure,Other,2024,1094.0,2019,413.0,2014,677.0,2009,402.0,0.21510400992379974,0.04916275615565069,0.06902062575003942
Brewster,Expenditure,Total PPE,2024,27589.0,2019,21192.0,2014,21090.0,2009,14816.0,0.05417521887271337,0.027225845553321415,0.042318227777060624
Brewster,Enrollment,In-District FTE Pupils,2024,436.2,2019,472.3,2014,458.0,2009,507.8,-0.01577692425172328,-0.004864960592255718,-0.010081293990318319
Brewster,Enrollment,Out-of-District FTE Pupils,2024,18.0,2019,32.6,2014,19.9,2009,19.4,-0.11200405824426196,-0.009984616795112089,-0.004980974145824879
Brewster,NSS,Ch70 Aid,2024,3295.3373205741627,2019,2104.7869198312237,2014,1996.4,2009,1837.0023032629558,0.09380108073002202,0.051393363955955396,0.03972705515544517
Brewster,NSS,Req NSS (minus Ch70),2024,10513.791866028709,2019,8432.808016877638,2014,8825.432608695652,2009,7079.952015355087,0.045099000589079896,0.017659139322860007,0.02671191980161791
Brewster,NSS,Actual NSS (minus Req NSS),2024,11464.191179585327,2019,9315.022616033753,2014,7538.795652173913,2009,4995.218426103646,0.04239399595895876,0.04280749720601773,0.05694550413997357
Brewster,NSS,Total Actual NSS per pupil,2024,25273.3203661882,2019,19852.617552742617,2014,18360.628260869566,2009,13912.172744721687,0.0494672858893479,0.03247008335406765,0.0406016001873315
Brewster,Enrollment,Foundation Enrollment,2024,418.0,2019,474.0,2014,460.0,2009,521.0,-0.02483167107462403,-0.009528816051037503,-0.014577281416299104
Bridge Boston Charter School (District),Expenditure,Teachers,2024,10359.0,2019,6606.0,2014,,2009,,0.09414745052760187,,
Bridge Boston Charter School (District),Expenditure,"Insurance, Retirement and Other",2024,2649.0,2019,4220.0,2014,,2009,,-0.08892547881879398,,
Bridge Boston Charter School (District),Expenditure,Pupil Services,2024,2450.0,2019,2296.0,2014,,2009,,0.013068566165098217,,
Bridge Boston Charter School (District),Expenditure,Other Teaching Services,2024,3038.0,2019,2621.0,2014,,2009,,0.02996899100345063,,
Bridge Boston Charter School (District),Expenditure,Operations and Maintenance,2024,1931.0,2019,980.0,2014,,2009,,0.1452788473418336,,
Bridge Boston Charter School (District),Expenditure,Instructional Leadership,2024,3495.0,2019,1456.0,2014,,2009,,0.19139880737322357,,
Bridge Boston Charter School (District),Expenditure,Administration,2024,5488.0,2019,3832.0,2014,,2009,,0.07447847686584308,,
Bridge Boston Charter School (District),Expenditure,"Guidance, Counseling and Testing",2024,1060.0,2019,696.0,2014,,2009,,0.08777563066770577,,
Bridge Boston Charter School (District),Expenditure,Other,2024,1516.0,2019,764.0,2014,,2009,,0.14688842212452347,,
Bridge Boston Charter School (District),Expenditure,Total PPE,2024,31986.0,2019,23471.0,2014,,2009,,0.06386290943877393,,
Bridge Boston Charter School (District),Enrollment,In-District FTE Pupils,2024,334.2,2019,334.4,2014,,2009,,-0.00011964585171475584,,
Bridge Boston Charter School (District),Enrollment,Out-of-District FTE Pupils,2024,0.0,2019,0.0,2014,,2009,,,,
Bridgewater-Raynham,Expenditure,Teachers,2024,6177.0,2019,5373.0,2014,4593.0,2009,3864.0,0.028281807210397414,0.030073265367941637,0.031769531597912515
Bridgewater-Raynham,Expenditure,"Insurance, Retirement and Other",2024,2719.0,2019,2438.0,2014,2176.0,2009,1894.0,0.02205696289714898,0.02252758203429539,0.02439774910460324
Bridgewater-Raynham,Expenditure,Pupil Services,2024,2424.0,2019,1788.0,2014,1300.0,2009,1021.0,0.06275466551928544,0.06428741399159033,0.059336146737722695
Bridgewater-Raynham,Expenditure,Other Teaching Services,2024,1353.0,2019,996.0,2014,865.0,2009,572.0,0.06318218697782374,0.04575071192981772,0.059075166075093444
Bridgewater-Raynham,Expenditure,Operations and Maintenance,2024,1286.0,2019,938.0,2014,908.0,2009,831.0,0.06514228498053254,0.0354175265028418,0.029538668585346928
Bridgewater-Raynham,Expenditure,Instructional Leadership,2024,727.0,2019,550.0,2014,478.0,2009,380.0,0.057387919318620195,0.04282312062037974,0.04419927566644266
Bridgewater-Raynham,Expenditure,Administration,2024,457.0,2019,339.0,2014,343.0,2009,206.0,0.0615569558238398,0.0291109707923205,0.05455669201009594
Bridgewater-Raynham,Expenditure,"Guidance, Counseling and Testing",2024,629.0,2019,427.0,2014,305.0,2009,236.0,0.08054921976480345,0.0750658849308079,0.06753611483796385
Bridgewater-Raynham,Expenditure,Other,2024,352.0,2019,174.0,2014,415.0,2009,297.0,0.15132698284986135,-0.016329931568056844,0.011390991287200114
Bridgewater-Raynham,Expenditure,Total PPE,2024,16124.0,2019,13023.0,2014,11383.0,2009,9301.0,0.04364392581196341,0.03543205400091054,0.03736010789355171
Bridgewater-Raynham,Enrollment,In-District FTE Pupils,2024,5630.9,2019,5369.2,2014,5386.0,2009,5804.3,0.009563514043291699,0.004456530214862697,-0.0020199394972933993
Bridgewater-Raynham,Enrollment,Out-of-District FTE Pupils,2024,241.0,2019,256.6,2014,232.1,2009,134.7,-0.012465951925215268,0.0037699504744896917,0.03954500615000578
Bridgewater-Raynham,NSS,Ch70 Aid,2024,5515.516669638082,2019,3959.343808107103,2014,3803.8163683818048,2009,3782.453447672384,0.06854446064387143,0.03785496158027102,0.02546499655506973
Bridgewater-Raynham,NSS,Req NSS (minus Ch70),2024,7543.4284186129435,2019,6353.605801413165,2014,5715.952833706189,2009,4126.406020301015,0.03492696222007097,0.02812995742316904,0.04103769296727555
Bridgewater-Raynham,NSS,Actual NSS (minus Req NSS),2024,1079.3415724382849,2019,1476.1693099526299,2014,988.4664429530201,2009,1008.4471473573678,-0.06069951499425086,0.008833969669931996,0.004539574806297519
Bridgewater-Raynham,NSS,Total Actual NSS per pupil,2024,14138.28666068931,2019,11789.118919472898,2014,10508.235645041015,2009,8917.306615330766,0.037010340315234425,0.03011734059166371,0.03120308960078577
Bridgewater-Raynham,Enrollment,Foundation Enrollment,2024,5609.0,2019,5378.0,2014,5364.0,2009,5714.0,0.008446651885894774,0.004476237063472999,-0.001235692787634357
Brimfield,Expenditure,Teachers,2024,9242.0,2019,6756.0,2014,5914.0,2009,5116.0,0.06467060761832166,0.04565511060950467,0.04021320322997912
Brimfield,Expenditure,"Insurance, Retirement and Other",2024,1875.0,2019,1430.0,2014,1160.0,2009,568.0,0.05568183052118192,0.04919044856716037,0.08287134719885048
Brimfield,Expenditure,Pupil Services,2024,1522.0,2019,1360.0,2014,1411.0,2009,996.0,0.022763330723836406,0.007601403749561753,0.028672242174719198
Brimfield,Expenditure,Other Teaching Services,2024,2357.0,2019,1623.0,2014,1583.0,2009,1219.0,0.0774775064401918,0.04060969264250325,0.04493768448156832
Brimfield,Expenditure,Operations and Maintenance,2024,1748.0,2019,1246.0,2014,1072.0,2009,792.0,0.07005149274176792,0.0501096858821386,0.05419531815474099
Brimfield,Expenditure,Instructional Leadership,2024,717.0,2019,522.0,2014,592.0,2009,545.0,0.06553993354331067,0.01934159173308836,0.018454215764780457
Brimfield,Expenditure,Administration,2024,808.0,2019,684.0,2014,559.0,2009,355.0,0.0338821845771875,0.03752830900311355,0.056360614440107426
Brimfield,Expenditure,"Guidance, Counseling and Testing",2024,711.0,2019,462.0,2014,404.0,2009,301.0,0.09004775558465483,0.058153867397053194,0.0589778435348145
Brimfield,Expenditure,Other,2024,1066.0,2019,659.0,2014,466.0,2009,535.0,0.10096714258112494,0.08626835719630743,0.047032658498703084
Brimfield,Expenditure,Total PPE,2024,20046.0,2019,14742.0,2014,13161.0,2009,10427.0,0.06339414268027532,0.04297496429161707,0.04453875212690184
Brimfield,Enrollment,In-District FTE Pupils,2024,285.0,2019,294.7,2014,301.8,2009,349.9,-0.006671388708018089,-0.0057111655389289195,-0.01358410647729491
Brimfield,Enrollment,Out-of-District FTE Pupils,2024,14.4,2019,9.7,2014,7.1,2009,4.3,0.08222646875832651,0.07327351959873152,0.08390928301378997
Brimfield,NSS,Ch70 Aid,2024,6052.272727272727,2019,4694.363636363636,2014,4065.6360544217687,2009,3983.180602006689,0.05212745216754855,0.04058844508035975,0.028282787342933435
Brimfield,NSS,Req NSS (minus Ch70),2024,7248.037878787879,2019,5850.761363636364,2014,4938.738095238095,2009,3769.8327759197323,0.043762318098944375,0.03910741959583319,0.044543564960155324
Brimfield,NSS,Actual NSS (minus Req NSS),2024,4038.6416051136366,2019,4391.491712475115,2014,3136.58843537415,2009,3240.3010033444816,-0.016612577232424486,0.02559944653664803,0.014791133404652212
Brimfield,NSS,Total Actual NSS per pupil,2024,17338.95221117424,2019,14936.616712475115,2014,12140.962585034013,2009,10993.314381270902,0.03027727963057436,0.03627965747299333,0.030843998367074965
Brimfield,Enrollment,Foundation Enrollment,2024,264.0,2019,264.0,2014,294.0,2009,299.0,0.0,-0.010705351867301038,-0.008265284497110392
Bristol County Agricultural,Expenditure,Teachers,2024,6703.0,2019,5605.0,2014,4892.0,2009,4710.0,0.03642700527165954,0.03199662525789937,0.02380336856194276
Bristol County Agricultural,Expenditure,"Insurance, Retirement and Other",2024,4971.0,2019,5357.0,2014,4217.0,2009,2994.0,-0.014845323301662883,0.016585746558857473,0.03437845118868643
Bristol County Agricultural,Expenditure,Pupil Services,2024,3294.0,2019,3098.0,2014,2290.0,2009,2403.0,0.012344753081261484,0.037024009079816844,0.02124824121293334
Bristol County Agricultural,Expenditure,Other Teaching Services,2024,1120.0,2019,6421.0,2014,963.0,2009,890.0,-0.29478251663593236,0.0152176827360897,0.015442183881819727
Bristol County Agricultural,Expenditure,Operations and Maintenance,2024,3634.0,2019,1866.0,2014,2738.0,2009,2636.0,0.14260114968645854,0.02871517874088214,0.02163548196178211
Bristol County Agricultural,Expenditure,Instructional Leadership,2024,1326.0,2019,1127.0,2014,1064.0,2009,979.0,0.03305613598866186,0.022257227150889625,0.02043196751931764
Bristol County Agricultural,Expenditure,Administration,2024,1595.0,2019,1437.0,2014,982.0,2009,1124.0,0.02108238438862542,0.049699329899900446,0.02360631939923241
Bristol County Agricultural,Expenditure,"Guidance, Counseling and Testing",2024,611.0,2019,525.0,2014,530.0,2009,602.0,0.03080467934775588,0.014323608982325542,0.0009897904437583538
Bristol County Agricultural,Expenditure,Other,2024,1775.0,2019,2100.0,2014,2129.0,2009,1710.0,-0.03306826859417744,-0.01802084338744392,0.00249023231809109
Bristol County Agricultural,Expenditure,Total PPE,2024,25029.0,2019,27536.0,2014,19805.0,2009,18048.0,-0.018910722936087865,0.02368623870614961,0.022039375049277332
Bristol County Agricultural,Enrollment,In-District FTE Pupils,2024,581.8,2019,450.3,2014,446.6,2009,424.0,0.05257815857995407,0.02679914842444675,0.021316913331062448
Bristol County Agricultural,Enrollment,Out-of-District FTE Pupils,2024,0.0,2019,0.0,2014,0.0,2009,0.0,,,
Bristol-Plymouth Regional Vocational Technical,Expenditure,Teachers,2024,8739.0,2019,7294.0,2014,6119.0,2009,5641.0,0.03681004481165018,0.03628241518327169,0.029612269637216748
Bristol-Plymouth Regional Vocational Technical,Expenditure,"Insurance, Retirement and Other",2024,3944.0,2019,4047.0,2014,2886.0,2009,2120.0,-0.005142816036649678,0.03172524653888975,0.04225359794874484
Bristol-Plymouth Regional Vocational Technical,Expenditure,Pupil Services,2024,2953.0,2019,2251.0,2014,2196.0,2009,2115.0,0.05579011222597141,0.030061395669749746,0.022500521900578274
Bristol-Plymouth Regional Vocational Technical,Expenditure,Other Teaching Services,2024,867.0,2019,678.0,2014,644.0,2009,496.0,0.050407661395103665,0.030180495323845147,0.0379326206868702
Bristol-Plymouth Regional Vocational Technical,Expenditure,Operations and Maintenance,2024,1689.0,2019,1683.0,2014,1811.0,2009,1535.0,0.000711997873635406,-0.006949990437151721,0.0063941060239793845
Bristol-Plymouth Regional Vocational Technical,Expenditure,Instructional Leadership,2024,1139.0,2019,997.0,2014,949.0,2009,852.0,0.026988813720836946,0.01841726021622736,0.019543144190840023
Bristol-Plymouth Regional Vocational Technical,Expenditure,Administration,2024,933.0,2019,691.0,2014,828.0,2009,800.0,0.06189290545734538,0.012010761443523199,0.010305639268282318
Bristol-Plymouth Regional Vocational Technical,Expenditure,"Guidance, Counseling and Testing",2024,1049.0,2019,628.0,2014,484.0,2009,472.0,0.10805972287658339,0.08042098938494946,0.05468369645417881
Bristol-Plymouth Regional Vocational Technical,Expenditure,Other,2024,3460.0,2019,1176.0,2014,2050.0,2009,1293.0,0.24089134490184372,0.05373698548599082,0.0678211165247602
Bristol-Plymouth Regional Vocational Technical,Expenditure,Total PPE,2024,24773.0,2019,19445.0,2014,17967.0,2009,15324.0,0.0496249150229886,0.0326432331651314,0.032540504790975255
Bristol-Plymouth Regional Vocational Technical,Enrollment,In-District FTE Pupils,2024,1300.3,2019,1289.6,2014,1279.5,2009,1197.4,0.0016539491285580965,0.0016138639246872089,0.005511296125789711
Bristol-Plymouth Regional Vocational Technical,Enrollment,Out-of-District FTE Pupils,2024,11.0,2019,14.7,2014,4.4,2009,0.0,-0.05634103518736788,0.09595822638521723,
Brockton,Expenditure,Teachers,2024,6703.0,2019,6181.0,2014,5691.0,2009,4597.0,0.016347200281690455,0.016501592540838717,0.025462179751318148
Brockton,Expenditure,"Insurance, Retirement and Other",2024,3307.0,2019,2811.0,2014,2309.0,2009,2135.0,0.03303412910449022,0.03657570610130967,0.029601312934564694
Brockton,Expenditure,Pupil Services,2024,3014.0,2019,1786.0,2014,1231.0,2009,653.0,0.11033072739134897,0.09367559101142353,0.1073425915693762
Brockton,Expenditure,Other Teaching Services,2024,1593.0,2019,932.0,2014,732.0,2009,704.0,0.11316610176750674,0.08086254979296936,0.055948832723829556
Brockton,Expenditure,Operations and Maintenance,2024,1639.0,2019,1017.0,2014,946.0,2009,1319.0,0.10014923253017205,0.056498249270251266,0.014586183526259067
Brockton,Expenditure,Instructional Leadership,2024,1801.0,2019,971.0,2014,1339.0,2009,953.0,0.13151130293296465,0.03008559419443335,0.04334527631750018
Brockton,Expenditure,Administration,2024,762.0,2019,554.0,2014,465.0,2009,486.0,0.06583270234432881,0.050630977893795226,0.030436530818841234
Brockton,Expenditure,"Guidance, Counseling and Testing",2024,739.0,2019,540.0,2014,456.0,2009,432.0,0.06475609726232556,0.04946500066624204,0.0364397147187705
Brockton,Expenditure,Other,2024,506.0,2019,323.0,2014,335.0,2009,716.0,0.09393016697212242,0.04210281964504259,-0.02287715690650649
Brockton,Expenditure,Total PPE,2024,20064.0,2019,15115.0,2014,13504.0,2009,11995.0,0.058283130966083396,0.040388418401714477,0.034890700622113524
Brockton,Enrollment,In-District FTE Pupils,2024,15076.6,2019,16225.4,2014,16745.1,2009,15276.9,-0.014579483417417216,-0.010441287838846791,-0.0008794804039659043
Brockton,Enrollment,Out-of-District FTE Pupils,2024,2108.1,2019,1573.5,2014,652.5,2009,484.8,0.060241726583239785,0.12442649198194311,0.10294851375294223
Brockton,NSS,Ch70 Aid,2024,14505.540706420363,2019,10000.920022610953,2014,9272.671716282073,2009,8190.940399034184,0.07720607398654455,0.045762113163280604,0.03883524832269547
Brockton,NSS,Req NSS (minus Ch70),2024,3284.1486852397857,2019,2447.1517837110164,2014,2134.461893061968,2009,1287.6497649002415,0.06060185108528793,0.0440311113941787,0.06440850780821017
Brockton,NSS,Actual NSS (minus Req NSS),2024,-17789.689391660148,2019,128.92561278399936,2014,55.94356469877642,2009,81.47243180183045,-27.796827360386192,-31.899349017974245,-14.623483820008316
Brockton,NSS,Total Actual NSS per pupil,2024,0.0,2019,12576.99741910597,2014,11463.077174042817,2009,9560.062595736257,,,
Brockton,Enrollment,Foundation Enrollment,2024,16619.0,2019,17828.0,2014,17031.0,2009,15738.0,-0.013946560120834395,-0.0024458633611228464,0.003637830838308931
Brooke Charter School (District),Expenditure,Teachers,2024,8665.0,2019,6794.0,2014,,2009,,0.04985326909554,,
Brooke Charter School (District),Expenditure,"Insurance, Retirement and Other",2024,1725.0,2019,3713.0,2014,,2009,,-0.1421470875854033,,
Brooke Charter School (District),Expenditure,Pupil Services,2024,1814.0,2019,2309.0,2014,,2009,,-0.04711021799472226,,
Brooke Charter School (District),Expenditure,Other Teaching Services,2024,1554.0,2019,665.0,2014,,2009,,0.18502052848650696,,
Brooke Charter School (District),Expenditure,Operations and Maintenance,2024,1992.0,2019,1475.0,2014,,2009,,0.0619387361068906,,
Brooke Charter School (District),Expenditure,Instructional Leadership,2024,3519.0,2019,2399.0,2014,,2009,,0.07963710944211777,,
Brooke Charter School (District),Expenditure,Administration,2024,1446.0,2019,1157.0,2014,,2009,,0.0456034000636969,,
Brooke Charter School (District),Expenditure,"Guidance, Counseling and Testing",2024,847.0,2019,281.0,2014,,2009,,0.24691089052609794,,
Brooke Charter School (District),Expenditure,Other,2024,1771.0,2019,1641.0,2014,,2009,,0.015364548747704987,,
Brooke Charter School (District),Expenditure,Total PPE,2024,23333.0,2019,20434.0,2014,,2009,,0.026888850244270346,,
Brooke Charter School (District),Enrollment,In-District FTE Pupils,2024,2210.5,2019,1844.8,2014,,2009,,0.036831649979247816,,
Brooke Charter School (District),Enrollment,Out-of-District FTE Pupils,2024,0.0,2019,0.0,2014,,2009,,,,
Brookfield,Expenditure,Teachers,2024,6045.0,2019,5393.0,2014,4877.0,2009,5332.0,0.02308843866657395,0.021702262167522024,0.008402106669186837
Brookfield,Expenditure,"Insurance, Retirement and Other",2024,1834.0,2019,1546.0,2014,1423.0,2009,1110.0,0.034756035804484275,0.025697845151625653,0.034042582183574144
Brookfield,Expenditure,Pupil Services,2024,1518.0,2019,1182.0,2014,1118.0,2009,1027.0,0.05131015392312399,0.031057763794400728,0.026392386414581193
Brookfield,Expenditure,Other Teaching Services,2024,2215.0,2019,1517.0,2014,1173.0,2009,1178.0,0.07864275299746448,0.0656327811079569,0.04299420635886886
Brookfield,Expenditure,Operations and Maintenance,2024,1896.0,2019,988.0,2014,1283.0,2009,1211.0,0.13924276105939404,0.039827185772964846,0.030337751551841263
Brookfield,Expenditure,Instructional Leadership,2024,702.0,2019,576.0,2014,676.0,2009,626.0,0.0403582746309219,0.0037811634276536665,0.0076681194534993224
Brookfield,Expenditure,Administration,2024,555.0,2019,556.0,2014,427.0,2009,535.0,-0.00035997129561027297,0.026565136134671263,0.0024497535446670327
Brookfield,Expenditure,"Guidance, Counseling and Testing",2024,529.0,2019,304.0,2014,184.0,2009,169.0,0.117162676090391,0.11138309080140285,0.07904096125721005
Brookfield,Expenditure,Other,2024,593.0,2019,347.0,2014,566.0,2009,269.0,0.11312783707916063,0.004670906914743478,0.05411217037230376
Brookfield,Expenditure,Total PPE,2024,15887.0,2019,12409.0,2014,11727.0,2009,11457.0,0.050657154458669584,0.03082631576292938,0.022032560832547565
Brookfield,Enrollment,In-District FTE Pupils,2024,301.1,2019,318.4,2014,316.7,2009,291.0,-0.011111015286173753,-0.005038515686759948,0.0022772001117177254
Brookfield,Enrollment,Out-of-District FTE Pupils,2024,13.3,2019,7.5,2014,7.9,2009,17.9,0.1213936060529619,0.05347068499350338,-0.019607664586670404
Brookfield,NSS,Ch70 Aid,2024,8572.807174887892,2019,5899.987755102041,2014,5488.264996459678,2009,5661.104958677685,0.0775920756240367,0.045607761333648744,0.028051307819159987
Brookfield,NSS,Req NSS (minus Ch70),2024,5960.551569506726,2019,4463.779591836735,2014,4360.556451612903,2009,2807.5661157024792,0.059538498503240556,0.031749943230519495,0.05147051092641641
Brookfield,NSS,Actual NSS (minus Req NSS),2024,2785.7566440358755,2019,3396.211298980765,2014,2728.323713217742,2009,3441.1801652892564,-0.03885326609865303,0.002085383975476418,-0.013987582646157293
Brookfield,NSS,Total Actual NSS per pupil,2024,17319.115388430495,2019,13759.97864591954,2014,12577.145161290322,2009,11909.85123966942,0.04708415856360637,0.032510229846364425,0.025277180078928874
Brookfield,Enrollment,Foundation Enrollment,2024,223.0,2019,245.0,2014,248.0,2009,242.0,-0.01864134795521044,-0.010569444166947606,-0.005436233557820858
Brookline,Expenditure,Teachers,2024,10117.0,2019,8093.0,2014,6945.0,2009,6661.0,0.04565505648666823,0.03833609170110175,0.028254978926520957
Brookline,Expenditure,"Insurance, Retirement and Other",2024,5118.0,2019,3590.0,2014,2878.0,2009,2725.0,0.07349781941324052,0.059256040287293255,0.04291501073785309
Brookline,Expenditure,Pupil Services,2024,1802.0,2019,943.0,2014,739.0,2009,681.0,0.13827872509627026,0.09322872601144394,0.06702315751053245
Brookline,Expenditure,Other Teaching Services,2024,3038.0,2019,2150.0,2014,1566.0,2009,1638.0,0.07159298502768996,0.06851248537089161,0.042041282688670245
Brookline,Expenditure,Operations and Maintenance,2024,2127.0,2019,1591.0,2014,1405.0,2009,1540.0,0.05978913318017676,0.042339309605786024,0.02176208859049411
Brookline,Expenditure,Instructional Leadership,2024,1574.0,2019,1502.0,2014,1174.0,2009,1098.0,0.009408503631870069,0.029754416117961924,0.024299181926237257
Brookline,Expenditure,Administration,2024,1129.0,2019,647.0,2014,737.0,2009,769.0,0.11778411178899595,0.04357254628783136,0.025930261279838884
Brookline,Expenditure,"Guidance, Counseling and Testing",2024,935.0,2019,657.0,2014,569.0,2009,540.0,0.07312237030097934,0.0509206710141219,0.03727646309298316
Brookline,Expenditure,Other,2024,843.0,2019,645.0,2014,669.0,2009,581.0,0.0550027021888726,0.023387588687893368,0.025124853443586836
Brookline,Expenditure,Total PPE,2024,26683.0,2019,19818.0,2014,16682.0,2009,16233.0,0.06129218545172588,0.04809018487714467,0.0336870080087901
Brookline,Enrollment,In-District FTE Pupils,2024,7034.0,2019,7863.5,2014,7268.6,2009,6327.2,-0.022048550853800752,-0.0032754406752708576,0.007084828404505972
Brookline,Enrollment,Out-of-District FTE Pupils,2024,86.0,2019,75.5,2014,76.2,2009,66.3,0.026385008183066994,0.01217206726708464,0.01749510407599497
Brookline,NSS,Ch70 Aid,2024,2319.578619991321,2019,1927.8023225469728,2014,1489.2238977452248,2009,1242.4176558603492,0.03769403336450394,0.045309530466202785,0.04250008448852349
Brookline,NSS,Req NSS (minus Ch70),2024,10668.389700564154,2019,8458.32254697286,2014,8037.456556082148,2009,8777.212967581047,0.04752145259755913,0.02872198968195927,0.013093391351203243
Brookline,NSS,Actual NSS (minus Req NSS),2024,12046.648980563683,2019,8344.354815600262,2014,5457.612419439883,2009,4487.4982469556535,0.0762042397542293,0.08239644338181717,0.06804806514910333
Brookline,NSS,Total Actual NSS per pupil,2024,25034.617301119157,2019,18730.479685120095,2014,14984.292873267255,2009,14507.12887039705,0.05973776551240162,0.05266569576881164,0.03704427708145497
Brookline,Enrollment,Foundation Enrollment,2024,6913.0,2019,7664.0,2014,6963.0,2009,6015.0,-0.020414806382389572,-0.0007204122781057087,0.0093196498220951
Burlington,Expenditure,Teachers,2024,9741.0,2019,8847.0,2014,7347.0,2009,5948.0,0.019439608265603203,0.028606703568905933,0.03343263529603768
Burlington,Expenditure,"Insurance, Retirement and Other",2024,4174.0,2019,3325.0,2014,2461.0,2009,2027.0,0.046531148495327246,0.05425114921754748,0.0493327955766818
Burlington,Expenditure,Pupil Services,2024,2221.0,2019,1447.0,2014,1061.0,2009,854.0,0.08947183030670947,0.07667174850397052,0.0657926294427893
Burlington,Expenditure,Other Teaching Services,2024,2214.0,2019,1364.0,2014,920.0,2009,627.0,0.1017235916257937,0.0917896650232004,0.0877456079177239
Burlington,Expenditure,Operations and Maintenance,2024,1747.0,2019,1593.0,2014,1546.0,2009,1284.0,0.018627568350617185,0.012297913121507076,0.02074013671875785
Burlington,Expenditure,Instructional Leadership,2024,1780.0,2019,1462.0,2014,1490.0,2009,777.0,0.040146533261785855,0.017942796427100616,0.0568173443107296
Burlington,Expenditure,Administration,2024,860.0,2019,670.0,2014,435.0,2009,359.0,0.05119849323654324,0.07053512022153807,0.05997006453161968
Burlington,Expenditure,"Guidance, Counseling and Testing",2024,843.0,2019,585.0,2014,366.0,2009,320.0,0.07580694032769397,0.08701277702199395,0.06670706886430455
Burlington,Expenditure,Other,2024,1523.0,2019,835.0,2014,582.0,2009,581.0,0.12772364287614302,0.1009755941566941,0.06635444776374766
Burlington,Expenditure,Total PPE,2024,25103.0,2019,20128.0,2014,16208.0,2009,12777.0,0.04516534322014176,0.04471930464519702,0.046051617653831256
Burlington,Enrollment,In-District FTE Pupils,2024,3544.2,2019,3531.1,2014,3545.0,2009,3669.8,0.0007408798009200801,-2.2569287808082983e-05,-0.002318953736753948
Burlington,Enrollment,Out-of-District FTE Pupils,2024,105.9,2019,119.4,2014,98.0,2009,102.2,-0.023711156037979908,0.007782907987266441,0.0023737178069529463
Burlington,NSS,Ch70 Aid,2024,2732.267523364486,2019,1864.2063086104006,2014,1529.6542107229845,2009,1488.250969827586,0.07945824866113593,0.05972454964413365,0.04133341141497904
Burlington,NSS,Req NSS (minus Ch70),2024,10753.119158878504,2019,8788.401250355215,2014,8922.679465776293,2009,7774.736799568966,0.04117784011311376,0.01883514263946151,0.021856513419938883
Burlington,NSS,Actual NSS (minus Req NSS),2024,11627.630216670563,2019,9175.337367009133,2014,4892.629954155389,2009,2940.878071120689,0.04851303519428707,0.09042270075373926,0.0959757532984169
Burlington,NSS,Total Actual NSS per pupil,2024,25113.016898913553,2019,19827.94492597475,2014,15344.963630654667,2009,12203.865840517241,0.04839330040137435,0.05049333798892186,0.049284918996241656
Burlington,Enrollment,Foundation Enrollment,2024,3424.0,2019,3519.0,2014,3594.0,2009,3712.0,-0.005458527812895908,-0.004833911868318608,-0.005369622205760205
Cambridge,Expenditure,Teachers,2024,11823.0,2019,9045.0,2014,7588.0,2009,7567.0,0.0550276062072228,0.04534593977473844,0.030196959329928053
Cambridge,Expenditure,"Insurance, Retirement and Other",2024,7190.0,2019,5738.0,2014,5979.0,2009,5014.0,0.046149301205126614,0.018614921290440067,0.024321536823032286
Cambridge,Expenditure,Pupil Services,2024,3673.0,2019,2709.0,2014,2144.0,2009,1961.0,0.06277758136681011,0.055308933857245446,0.04272444655644847
Cambridge,Expenditure,Other Teaching Services,2024,3492.0,2019,2630.0,2014,2114.0,2009,2183.0,0.058336312208241425,0.05147009460054108,0.03181388213580183
Cambridge,Expenditure,Operations and Maintenance,2024,2610.0,2019,2000.0,2014,1916.0,2009,3038.0,0.05468338001489137,0.031393761641215656,-0.010072210938732784
Cambridge,Expenditure,Instructional Leadership,2024,2373.0,2019,1960.0,2014,1994.0,2009,1671.0,0.038982741028777745,0.017553514028478157,0.023657688192706194
Cambridge,Expenditure,Administration,2024,1543.0,2019,1098.0,2014,1268.0,2009,1039.0,0.07041630838209478,0.019822682743469766,0.02671527956044062
Cambridge,Expenditure,"Guidance, Counseling and Testing",2024,1466.0,2019,957.0,2014,803.0,2009,649.0,0.08904144186448315,0.06204236830522669,0.05582664623879463
Cambridge,Expenditure,Other,2024,2778.0,2019,1716.0,2014,1823.0,2009,1743.0,0.10114114724162304,0.04302461388568757,0.03156276351705101
Cambridge,Expenditure,Total PPE,2024,36948.0,2019,27853.0,2014,25629.0,2009,24865.0,0.058141606069777696,0.0372559324215036,0.026755011835374987
Cambridge,Enrollment,In-District FTE Pupils,2024,6952.1,2019,7063.1,2014,6364.2,2009,5741.4,-0.003163042289430651,0.008874671997451067,0.012837751342285264
Cambridge,Enrollment,Out-of-District FTE Pupils,2024,606.2,2019,678.3,2014,558.2,2009,466.3,-0.022225238479763987,0.008283383287499557,0.01764593256678948
Cambridge,NSS,Ch70 Aid,2024,2806.284921763869,2019,2111.5119551851344,2014,1401.922112109012,2009,1523.5814881439085,0.05854090153356761,0.07186672202334377,0.04156026886726005
Cambridge,NSS,Req NSS (minus Ch70),2024,13229.628876244666,2019,9954.270392130073,2014,10823.626045215236,2009,12314.56762060507,0.05854090627980746,0.02027557099004751,0.0047898350992219285
Cambridge,NSS,Actual NSS (minus Req NSS),2024,20765.591781778203,2019,16303.017806022748,2014,13342.12666675736,2009,9161.11800768246,0.04957931206105637,0.04523014201228848,0.05607085096123132
Cambridge,NSS,Total Actual NSS per pupil,2024,36801.50557978674,2019,28368.800153337957,2014,25567.67482408161,2009,22999.267116431438,0.05342816015328222,0.03709236067440913,0.03183464557014304
Cambridge,Enrollment,Foundation Enrollment,2024,7030.0,2019,7319.0,2014,6458.0,2009,6115.0,-0.00802502631865365,0.008522817506601443,0.009339472324387144
Canton,Expenditure,Teachers,2024,8470.0,2019,6439.0,2014,5575.0,2009,4814.0,0.05636255189725792,0.042710756880647516,0.03838519700655407
Canton,Expenditure,"Insurance, Retirement and Other",2024,3703.0,2019,3002.0,2014,2368.0,2009,2062.0,0.04286623102653797,0.045724303258672494,0.039802849875582025
Canton,Expenditure,Pupil Services,2024,2225.0,2019,1647.0,2014,1123.0,2009,1076.0,0.06200676503035685,0.07076711765262544,0.049625846071897683
Canton,Expenditure,Other Teaching Services,2024,2038.0,2019,1254.0,2014,1175.0,2009,917.0,0.10199932534174283,0.056614658284275254,0.05468391573809184
Canton,Expenditure,Operations and Maintenance,2024,941.0,2019,1186.0,2014,1165.0,2009,1085.0,-0.04522511422953879,-0.021126954547525667,-0.009447893953888897
Canton,Expenditure,Instructional Leadership,2024,1408.0,2019,700.0,2014,684.0,2009,658.0,0.1500081626826908,0.07486681610555213,0.052022715776860906
Canton,Expenditure,Administration,2024,730.0,2019,511.0,2014,322.0,2009,262.0,0.07394092378577932,0.08529224272655811,0.070700744325918
Canton,Expenditure,"Guidance, Counseling and Testing",2024,995.0,2019,786.0,2014,539.0,2009,431.0,0.04828677522278246,0.06322072006470836,0.05736043105359023
Canton,Expenditure,Other,2024,461.0,2019,489.0,2014,307.0,2009,467.0,-0.011723625716611119,0.04149275933184016,-0.0008617094931011593
Canton,Expenditure,Total PPE,2024,20971.0,2019,16014.0,2014,13258.0,2009,11772.0,0.055416460432011316,0.04692148508941174,0.039244957108326206
Canton,Enrollment,In-District FTE Pupils,2024,3264.7,2019,3298.5,2014,3230.6,2009,3094.7,-0.00205786863655133,0.001050551082132145,0.003571489556454477
Canton,Enrollment,Out-of-District FTE Pupils,2024,87.7,2019,79.8,2014,86.9,2009,60.2,0.0190590270235671,0.0009168067212683706,0.025400536048594935
Canton,NSS,Ch70 Aid,2024,2658.0325153374233,2019,1846.0575474540524,2014,1498.0098534662332,2009,1271.6386878593169,0.07563025843724724,0.05902097520768046,0.050379983697267594
Canton,NSS,Req NSS (minus Ch70),2024,10639.55490797546,2019,8668.948478457367,2014,8075.501261034048,2009,7566.544470747379,0.04181692287848726,0.02795806235153675,0.0229829406004185
Canton,NSS,Actual NSS (minus Req NSS),2024,7076.198426576685,2019,5239.747810193856,2014,3271.0230321540507,2009,2352.210801487525,0.06193497247105384,0.08021857273857913,0.07618826191469474
Canton,NSS,Total Actual NSS per pupil,2024,20373.78584988957,2019,15754.753836105276,2014,12844.534146654332,2009,11190.393960094221,0.0527664180313947,0.04721375489610402,0.040754803601094514
Canton,Enrollment,Foundation Enrollment,2024,3260.0,2019,3319.0,2014,3172.0,2009,2957.0,-0.0035808409147767284,0.0027402367647109127,0.006524657072178641
Cape Cod Lighthouse Charter (District),Expenditure,Teachers,2024,7322.0,2019,7860.0,2014,,2009,,-0.014080546963399554,,
Cape Cod Lighthouse Charter (District),Expenditure,"Insurance, Retirement and Other",2024,2889.0,2019,5157.0,2014,,2009,,-0.10942585607818134,,
Cape Cod Lighthouse Charter (District),Expenditure,Pupil Services,2024,725.0,2019,529.0,2014,,2009,,0.06506586742812814,,
Cape Cod Lighthouse Charter (District),Expenditure,Other Teaching Services,2024,1417.0,2019,1504.0,2014,,2009,,-0.011846523749505344,,
Cape Cod Lighthouse Charter (District),Expenditure,Operations and Maintenance,2024,663.0,2019,518.0,2014,,2009,,0.05059844516310852,,
Cape Cod Lighthouse Charter (District),Expenditure,Instructional Leadership,2024,1166.0,2019,438.0,2014,,2009,,0.21631171018475648,,
Cape Cod Lighthouse Charter (District),Expenditure,Administration,2024,1633.0,2019,1004.0,2014,,2009,,0.1021748437588883,,
Cape Cod Lighthouse Charter (District),Expenditure,"Guidance, Counseling and Testing",2024,472.0,2019,417.0,2014,,2009,,0.025088092456439837,,
Cape Cod Lighthouse Charter (District),Expenditure,Other,2024,490.0,2019,780.0,2014,,2009,,-0.08878618507054703,,
Cape Cod Lighthouse Charter (District),Expenditure,Total PPE,2024,16777.0,2019,18207.0,2014,,2009,,-0.016226357937040303,,
Cape Cod Lighthouse Charter (District),Enrollment,In-District FTE Pupils,2024,249.8,2019,242.1,2014,,2009,,0.006281593726071177,,
Cape Cod Lighthouse Charter (District),Enrollment,Out-of-District FTE Pupils,2024,0.0,2019,0.0,2014,,2009,,,,
Cape Cod Regional Vocational Technical,Expenditure,Teachers,2024,9304.0,2019,9108.0,2014,7486.0,2009,6663.0,0.004267332646661792,0.021979037760302855,0.02250786970928287
Cape Cod Regional Vocational Technical,Expenditure,"Insurance, Retirement and Other",2024,5387.0,2019,6091.0,2014,3916.0,2009,3264.0,-0.024265468158958914,0.03240578459541554,0.03396646897857636
Cape Cod Regional Vocational Technical,Expenditure,Pupil Services,2024,3094.0,2019,2695.0,2014,2310.0,2009,1826.0,0.027998090517483032,0.029652866644830356,0.035781068846962416
Cape Cod Regional Vocational Technical,Expenditure,Other Teaching Services,2024,1416.0,2019,1293.0,2014,1471.0,2009,774.0,0.018340334542563008,-0.0038033933421348642,0.041089707263299635
Cape Cod Regional Vocational Technical,Expenditure,Operations and Maintenance,2024,3298.0,2019,2695.0,2014,2990.0,2009,2350.0,0.041210109910559733,0.009852503119530232,0.02285055685277193
Cape Cod Regional Vocational Technical,Expenditure,Instructional Leadership,2024,1645.0,2019,2016.0,2014,1410.0,2009,1449.0,-0.03985886835796337,0.015534493002352434,0.008493649475112885
Cape Cod Regional Vocational Technical,Expenditure,Administration,2024,1473.0,2019,1364.0,2014,1022.0,2009,834.0,0.015494733197590094,0.037230276193218836,0.03864973127535065
Cape Cod Regional Vocational Technical,Expenditure,"Guidance, Counseling and Testing",2024,980.0,2019,1050.0,2014,756.0,2009,643.0,-0.013703810340970568,0.026290781690593956,0.028492210565706833
Cape Cod Regional Vocational Technical,Expenditure,Other,2024,2135.0,2019,1957.0,2014,1850.0,2009,1504.0,0.017563242967153947,0.014431240002481305,0.023630779541576885
Cape Cod Regional Vocational Technical,Expenditure,Total PPE,2024,28732.0,2019,28269.0,2014,23211.0,2009,19307.0,0.0032544214318910303,0.021567812201454206,0.026857242925669267
Cape Cod Regional Vocational Technical,Enrollment,In-District FTE Pupils,2024,648.1,2019,569.4,2014,638.9,2009,691.7,0.026230485357741307,0.0014307282990908554,-0.0043310823714522995
Cape Cod Regional Vocational Technical,Enrollment,Out-of-District FTE Pupils,2024,4.3,2019,4.0,2014,0.0,2009,0.0,0.014569244049656316,,
Carlisle,Expenditure,Teachers,2024,12272.0,2019,9784.0,2014,7858.0,2009,6109.0,0.04635675059427968,0.045587378660521205,0.04760207049167442
Carlisle,Expenditure,"Insurance, Retirement and Other",2024,2478.0,2019,1530.0,2014,1069.0,2009,1354.0,0.1012399911060955,0.08770809251672995,0.04111533282558688
Carlisle,Expenditure,Pupil Services,2024,2211.0,2019,1544.0,2014,1341.0,2009,1248.0,0.07445514373551343,0.05127417634999576,0.038862996115443194
Carlisle,Expenditure,Other Teaching Services,2024,1961.0,2019,2725.0,2014,1946.0,2009,1518.0,-0.06368449019584443,0.0007681512221924258,0.017217262013742074
Carlisle,Expenditure,Operations and Maintenance,2024,2040.0,2019,1939.0,2014,1601.0,2009,1203.0,0.010207228276893465,0.02452812156612527,0.03583592532610158
Carlisle,Expenditure,Instructional Leadership,2024,1434.0,2019,999.0,2014,896.0,2009,650.0,0.07497096133398329,0.04815163028403968,0.054166116917976126
Carlisle,Expenditure,Administration,2024,523.0,2019,907.0,2014,689.0,2009,866.0,-0.10426636915584808,-0.02718950627649075,-0.03306135043663838
Carlisle,Expenditure,"Guidance, Counseling and Testing",2024,561.0,2019,585.0,2014,457.0,2009,323.0,-0.008343189133410922,0.02071539741190409,0.0374902465401139
Carlisle,Expenditure,Other,2024,872.0,2019,547.0,2014,1144.0,2009,977.0,0.09775603087691231,-0.02678443522546914,-0.00755116085356633
Carlisle,Expenditure,Total PPE,2024,24352.0,2019,20560.0,2014,17001.0,2009,14248.0,0.03443285279980457,0.03658761768885954,0.036379264614394335
Carlisle,Enrollment,In-District FTE Pupils,2024,605.4,2019,601.8,2014,635.0,2009,727.5,0.0011935582026596503,-0.004762184899344324,-0.012173601635538711
Carlisle,Enrollment,Out-of-District FTE Pupils,2024,7.0,2019,13.0,2014,7.1,2009,7.0,-0.11645039402183743,-0.0014174579553449806,0.0
Carlisle,NSS,Ch70 Aid,2024,2447.9541446208113,2019,1672.9721739130434,2014,1371.719112661254,2009,1173.2953168044078,0.07910303040773026,0.059628934741936535,0.05025090088562223
Carlisle,NSS,Req NSS (minus Ch70),2024,9661.296296296296,2019,7886.866086956522,2014,8394.857843137255,2009,7159.515151515152,0.0414206547779532,0.014150024571579989,0.020179954720609627
Carlisle,NSS,Actual NSS (minus Req NSS),2024,11712.305114638448,2019,10940.921391304342,2014,6527.81078782516,2009,4495.072271962835,0.013719255539287545,0.06019922394291011,0.065925977830531
Carlisle,NSS,Total Actual NSS per pupil,2024,23821.555555555555,2019,20500.759652173907,2014,16294.387743623669,2009,12827.882740282395,0.0304811045111677,0.03870735563833594,0.042127866493473
Carlisle,Enrollment,Foundation Enrollment,2024,567.0,2019,575.0,2014,612.0,2009,726.0,-0.0027982250633784567,-0.007608207822597857,-0.016344338566401273
Carver,Expenditure,Teachers,2024,7180.0,2019,5622.0,2014,4864.0,2009,4504.0,0.05013883802124952,0.039712074977319656,0.031577206489106224
Carver,Expenditure,"Insurance, Retirement and Other",2024,4078.0,2019,3208.0,2014,2553.0,2009,1899.0,0.04916204841444083,0.04794777683119911,0.05227232970404705
Carver,Expenditure,Pupil Services,2024,2409.0,2019,1579.0,2014,1103.0,2009,942.0,0.08815543107238821,0.08125002062180009,0.06459819739885475
Carver,Expenditure,Other Teaching Services,2024,1731.0,2019,1144.0,2014,958.0,2009,721.0,0.08636110629970273,0.060945697381766584,0.060125921064941856
Carver,Expenditure,Operations and Maintenance,2024,1371.0,2019,1106.0,2014,935.0,2009,961.0,0.043894154243063976,0.039016834960160285,0.023970875897124877
Carver,Expenditure,Instructional Leadership,2024,1017.0,2019,895.0,2014,851.0,2009,735.0,0.02588713472345905,0.017979750775726222,0.02188550971710823
Carver,Expenditure,Administration,2024,479.0,2019,382.0,2014,393.0,2009,362.0,0.04629567497722542,0.019986200776488605,0.018845807890052413
Carver,Expenditure,"Guidance, Counseling and Testing",2024,718.0,2019,610.0,2014,450.0,2009,375.0,0.03313939440673641,0.04783087978784484,0.044254154532565204
Carver,Expenditure,Other,2024,715.0,2019,524.0,2014,437.0,2009,489.0,0.06413064674375835,0.050467112991290364,0.025651482682694793
Carver,Expenditure,Total PPE,2024,19698.0,2019,15070.0,2014,12544.0,2009,10988.0,0.055022632201703114,0.046161199734712,0.03968129870221615
Carver,Enrollment,In-District FTE Pupils,2024,1504.5,2019,1565.2,2014,1763.3,2009,1890.9,-0.007879392407564079,-0.015747337084486945,-0.01512395260935806
Carver,Enrollment,Out-of-District FTE Pupils,2024,116.0,2019,87.2,2014,48.7,2009,53.1,0.05873751217473755,0.09066883276487347,0.05347499364308317
Carver,NSS,Ch70 Aid,2024,6816.474918566775,2019,6214.060511540861,2014,5517.334282460137,2009,5327.366029943211,0.018677872485020286,0.02136989856028415,0.01656812235518057
Carver,NSS,Req NSS (minus Ch70),2024,7048.887296416938,2019,5431.170929507174,2014,4785.717539863325,2009,2858.452245740836,0.05352639077307941,0.03948290256581166,0.06201986852428143
Carver,NSS,Actual NSS (minus Req NSS),2024,4275.115541368077,2019,2557.8674661280193,2014,1284.3937091266032,2009,1731.0919631124716,0.10818932846120388,0.12778150648967657,0.06212389908524729
Carver,NSS,Total Actual NSS per pupil,2024,18140.477756351793,2019,14203.098907176056,2014,11587.445531450065,2009,9916.910238796518,0.05015431660246006,0.04584205492590998,0.04108172393581144
Carver,Enrollment,Foundation Enrollment,2024,1535.0,2019,1603.0,2014,1756.0,2009,1937.0,-0.008631828507006722,-0.013360753489746191,-0.015387713987081275
Central Berkshire,Expenditure,Teachers,2024,6552.0,2019,5677.0,2014,5399.0,2009,4199.0,0.029084409883441964,0.019544194752702415,0.030105883346151607
Central Berkshire,Expenditure,"Insurance, Retirement and Other",2024,4022.0,2019,3578.0,2014,3039.0,2009,2363.0,0.023670872371122753,0.028421474586019624,0.03609256283265849
Central Berkshire,Expenditure,Pupil Services,2024,2253.0,2019,1937.0,2014,1774.0,2009,1470.0,0.030685851002530518,0.02419053409028349,0.028875732284852518
Central Berkshire,Expenditure,Other Teaching Services,2024,1593.0,2019,1174.0,2014,1261.0,2009,792.0,0.06294192197153192,0.023646648655294422,0.04768977711320588
Central Berkshire,Expenditure,Operations and Maintenance,2024,1744.0,2019,1303.0,2014,1186.0,2009,1096.0,0.060035507780235475,0.039312568205019494,0.0314520937155085
Central Berkshire,Expenditure,Instructional Leadership,2024,1013.0,2019,1028.0,2014,945.0,2009,739.0,-0.0029354714068434706,0.006972855612496831,0.021247486054561504
Central Berkshire,Expenditure,Administration,2024,696.0,2019,490.0,2014,538.0,2009,475.0,0.07271074767618058,0.02608348210981415,0.025796096271113456
Central Berkshire,Expenditure,"Guidance, Counseling and Testing",2024,853.0,2019,639.0,2014,523.0,2009,292.0,0.05947236849077853,0.050134034936113014,0.07408275874929715
Central Berkshire,Expenditure,Other,2024,1047.0,2019,751.0,2014,794.0,2009,334.0,0.06871363164672917,0.028046166387999616,0.07914552546137177
Central Berkshire,Expenditure,Total PPE,2024,19773.0,2019,16577.0,2014,15459.0,2009,11760.0,0.03588924904768653,0.024917991679970664,0.03524787957655828
Central Berkshire,Enrollment,In-District FTE Pupils,2024,1585.9,2019,1595.9,2014,1730.1,2009,2034.1,-0.0012563642928388186,-0.008664955076982506,-0.016456513508007475
Central Berkshire,Enrollment,Out-of-District FTE Pupils,2024,200.7,2019,230.3,2014,156.7,2009,194.8,-0.027139239382952485,0.025056579566528292,0.001991170725771818
Chatham,Expenditure,Teachers,2012,7619.0,2007,,2002,,1997,,,,
Chatham,Expenditure,"Insurance, Retirement and Other",2012,3371.0,2007,,2002,,1997,,,,
Chatham,Expenditure,Pupil Services,2012,1275.0,2007,,2002,,1997,,,,
Chatham,Expenditure,Other Teaching Services,2012,1422.0,2007,,2002,,1997,,,,
Chatham,Expenditure,Operations and Maintenance,2012,1901.0,2007,,2002,,1997,,,,
Chatham,Expenditure,Instructional Leadership,2012,1111.0,2007,,2002,,1997,,,,
Chatham,Expenditure,Administration,2012,429.0,2007,,2002,,1997,,,,
Chatham,Expenditure,"Guidance, Counseling and Testing",2012,665.0,2007,,2002,,1997,,,,
Chatham,Expenditure,Other,2012,376.0,2007,,2002,,1997,,,,
Chatham,Expenditure,Total PPE,2012,18169.0,2007,,2002,,1997,,,,
Chatham,Enrollment,In-District FTE Pupils,2012,636.6,2007,,2002,,1997,,,,
Chatham,Enrollment,Out-of-District FTE Pupils,2012,87.8,2007,,2002,,1997,,,,
Chatham,NSS,Ch70 Aid,2012,1228.3390151515152,2007,952.2071556350627,2002,875.24375,1997,327.4065040650407,0.052246188053926224,0.03447243513712661,0.09214942866956077
Chatham,NSS,Req NSS (minus Ch70),2012,9409.140151515152,2007,11527.311270125223,2002,8148.1828125,1997,8249.847154471545,-0.039794070748192856,0.014492678983548446,0.008804325401682078
Chatham,NSS,Actual NSS (minus Req NSS),2012,8016.301136363636,2007,2394.3778175313064,2002,1800.6203125,1997,290.2552845528455,0.2733748517044454,0.1610614022464787,0.24761214136503673
Chatham,NSS,Total Actual NSS per pupil,2012,18653.780303030304,2007,14873.89624329159,2002,10824.046875,1997,8867.508943089431,0.04632938453266777,0.05593629855341309,0.05082649619543633
Chatham,Enrollment,Foundation Enrollment,2024,0.0,2019,0.0,2014,0.0,2009,585.0,,,
Chelmsford,Expenditure,Teachers,2024,6676.0,2019,5931.0,2014,4934.0,2009,4031.0,0.023947478309578107,0.03069867628173739,0.03420564033291362
Chelmsford,Expenditure,"Insurance, Retirement and Other",2024,2819.0,2019,2322.0,2014,1784.0,2009,1278.0,0.03955284687809901,0.046815206056586955,0.05415453506275325
Chelmsford,Expenditure,Pupil Services,2024,2217.0,2019,1757.0,2014,1062.0,2009,959.0,0.047607951978801744,0.07637627738582964,0.057458029056830506
Chelmsford,Expenditure,Other Teaching Services,2024,1240.0,2019,1161.0,2014,940.0,2009,682.0,0.013252987930677751,0.028085853201751165,0.0406607001517747
Chelmsford,Expenditure,Operations and Maintenance,2024,1373.0,2019,1017.0,2014,630.0,2009,631.0,0.061866492822326924,0.08101818255255733,0.05319651135987313
Chelmsford,Expenditure,Instructional Leadership,2024,1033.0,2019,834.0,2014,690.0,2009,520.0,0.043726845883479415,0.041178335992142046,0.046822700623095015
Chelmsford,Expenditure,Administration,2024,537.0,2019,395.0,2014,478.0,2009,340.0,0.06334804762159552,0.011706729822489326,0.030939131651447127
Chelmsford,Expenditure,"Guidance, Counseling and Testing",2024,559.0,2019,412.0,2014,297.0,2009,257.0,0.06292572589655254,0.06528432294773334,0.05317024110712443
Chelmsford,Expenditure,Other,2024,924.0,2019,648.0,2014,652.0,2009,368.0,0.07354287292628658,0.03548172267299643,0.0632978690319157
Chelmsford,Expenditure,Total PPE,2024,17378.0,2019,14477.0,2014,11467.0,2009,9066.0,0.0372041450397711,0.042449434394050245,0.04433284850999364
Chelmsford,Enrollment,In-District FTE Pupils,2024,5137.8,2019,5011.3,2014,5066.3,2009,5570.6,0.004998372353076208,0.0014024028618466744,-0.005377343103077803
Chelmsford,Enrollment,Out-of-District FTE Pupils,2024,208.0,2019,261.9,2014,248.3,2009,240.4,-0.04503915024481053,-0.017554061599403203,-0.009604652702251193
Chelmsford,NSS,Ch70 Aid,2024,2768.5591229444008,2019,2168.6588142913233,2014,1985.3444725082572,2009,1701.6065307595165,0.05005612888219524,0.0338125336574957,0.03298253126861117
Chelmsford,NSS,Req NSS (minus Ch70),2024,9724.061863743147,2019,7896.024146054181,2014,7704.71595103944,2009,6519.752300198448,0.04252829066604802,0.023550107144958865,0.027009453219198676
Chelmsford,NSS,Actual NSS (minus Req NSS),2024,3744.7403162216115,2019,3676.3251677599105,2014,1579.9319389394261,2009,657.8997754485151,0.0036945311305138784,0.09013010375497954,0.12292512182695092
Chelmsford,NSS,Total Actual NSS per pupil,2024,16237.361302909158,2019,13741.008128105415,2014,11269.992362487123,2009,8879.25860640648,0.033949604870769035,0.03719205953774618,0.041060375062236254
Chelmsford,Enrollment,Foundation Enrollment,2024,5108.0,2019,5094.0,2014,5147.0,2009,5543.0,0.0005490630025433152,-0.000760319060902015,-0.005433712505933164
Chelsea,Expenditure,Teachers,2024,6971.0,2019,4889.0,2014,4426.0,2009,4509.0,0.07353203612786108,0.04647381855477195,0.029471488377197375
Chelsea,Expenditure,"Insurance, Retirement and Other",2024,3590.0,2019,2827.0,2014,2482.0,2009,2091.0,0.048947441532145364,0.03759833730095541,0.03669107832603191
Chelsea,Expenditure,Pupil Services,2024,2647.0,2019,1676.0,2014,1425.0,2009,1374.0,0.09571090863291287,0.06388309413801707,0.04468288701566947
Chelsea,Expenditure,Other Teaching Services,2024,1532.0,2019,917.0,2014,839.0,2009,702.0,0.10809727257994961,0.06206153572324902,0.05340354822709115
Chelsea,Expenditure,Operations and Maintenance,2024,2511.0,2019,1459.0,2014,1044.0,2009,1202.0,0.11470072646529639,0.09172843344285475,0.0503389794123319
Chelsea,Expenditure,Instructional Leadership,2024,1868.0,2019,1146.0,2014,893.0,2009,871.0,0.10265195257076676,0.07659545314723304,0.05218130518278108
Chelsea,Expenditure,Administration,2024,964.0,2019,460.0,2014,550.0,2009,477.0,0.15948154474717446,0.05772174895406912,0.048022428504725045
Chelsea,Expenditure,"Guidance, Counseling and Testing",2024,830.0,2019,462.0,2014,342.0,2009,393.0,0.12431297693460275,0.09271070717744267,0.05110403386422924
Chelsea,Expenditure,Other,2024,1621.0,2019,925.0,2014,798.0,2009,556.0,0.11873765604655184,0.07344058781176788,0.07394131009449145
Chelsea,Expenditure,Total PPE,2024,22534.0,2019,14761.0,2014,12799.0,2009,12175.0,0.08828965762684637,0.05819626688750068,0.0418966012744888
Chelsea,Enrollment,In-District FTE Pupils,2024,6184.2,2019,6063.0,2014,6057.7,2009,5522.5,0.003966430586578307,0.002068883412460254,0.007572997590794994
Chelsea,Enrollment,Out-of-District FTE Pupils,2024,1109.6,2019,1148.2,2014,602.1,2009,318.0,-0.006815847768510963,0.0630404299469165,0.08688256426506968
Chelsea,NSS,Ch70 Aid,2024,16424.96652601969,2019,10778.477929989056,2014,9952.081943319838,2009,9219.117059891107,0.08790108844905031,0.05137841103999419,0.039252339680444726
Chelsea,NSS,Req NSS (minus Ch70),2024,3105.7198312236287,2019,2400.078768548052,2014,2325.3583908725004,2009,1025.0745916515427,0.05290055841033281,0.02935988116049626,0.07669770435890433
Chelsea,NSS,Actual NSS (minus Req NSS),2024,40.4736268138961,2019,471.66196682856815,2014,-603.5930539984838,2009,17.421697972163205,-0.3880608300794336,0.10670544939935604,0.05780457945361017
Chelsea,NSS,Total Actual NSS per pupil,2024,19571.159984057213,2019,13650.218665365675,2014,11673.847280193855,2009,10261.613349514813,0.07472015037716684,0.053028816483549956,0.043982922903233135
Chelsea,Enrollment,Foundation Enrollment,2024,7110.0,2019,7211.0,2014,6175.0,2009,5510.0,-0.002817103320310932,0.014199200558513203,0.01714109240978745
Chesterfield-Goshen,Expenditure,Teachers,2023,7141.0,2018,7824.0,2013,5207.0,2008,,-0.01810276230293606,0.03208899090487494,
Chesterfield-Goshen,Expenditure,"Insurance, Retirement and Other",2023,2710.0,2018,2417.0,2013,1505.0,2008,,0.02314816124492025,0.060579623893578516,
Chesterfield-Goshen,Expenditure,Pupil Services,2023,2016.0,2018,1831.0,2013,1411.0,2008,,0.01943710477561389,0.03632589800549768,
Chesterfield-Goshen,Expenditure,Other Teaching Services,2023,1446.0,2018,1665.0,2013,924.0,2008,,-0.027810757886062687,0.045802395235932325,
Chesterfield-Goshen,Expenditure,Operations and Maintenance,2023,1991.0,2018,1343.0,2013,1021.0,2008,,0.08192971673556904,0.0690660839313102,
Chesterfield-Goshen,Expenditure,Instructional Leadership,2023,1147.0,2018,1172.0,2013,827.0,2008,,-0.00430308568288007,0.03325089665563108,
Chesterfield-Goshen,Expenditure,Administration,2023,807.0,2018,902.0,2013,583.0,2008,,-0.02201228498301,0.03304799228504618,
Chesterfield-Goshen,Expenditure,"Guidance, Counseling and Testing",2023,482.0,2018,522.0,2013,177.0,2008,,-0.01581825104830714,0.10536924569129158,
Chesterfield-Goshen,Expenditure,Other,2023,915.0,2018,277.0,2013,481.0,2008,,0.26995480321511467,0.06641833118390528,
Chesterfield-Goshen,Expenditure,Total PPE,2023,18655.0,2018,17953.0,2013,12136.0,2008,,0.007700895495689641,0.04393141876301887,
Chesterfield-Goshen,Enrollment,In-District FTE Pupils,2023,149.5,2018,137.6,2013,169.3,2008,,0.016727456524347817,-0.012360562487635951,
Chesterfield-Goshen,Enrollment,Out-of-District FTE Pupils,2023,11.1,2018,17.2,2013,15.0,2008,,-0.08386619999454725,-0.02966170376165511,
Chesterfield-Goshen,NSS,Ch70 Aid,2024,6574.957264957265,2019,5988.08,2014,4661.7307692307695,2009,4741.116564417178,0.018875379985922702,0.03498623690524094,0.02203904329971884
Chesterfield-Goshen,NSS,Req NSS (minus Ch70),2024,9103.589743589744,2019,6288.296,2014,5110.102564102564,2009,3794.3619631901843,0.07680221513120933,0.05944473267968009,0.06007907330459461
Chesterfield-Goshen,NSS,Actual NSS (minus Req NSS),2024,-15678.547008547008,2019,6323.64,2014,3357.8205128205127,2009,2822.711656441718,-0.6958709543410759,-0.5669262978376796,-0.43696182765171815
Chesterfield-Goshen,NSS,Total Actual NSS per pupil,2024,0.0,2019,18600.016,2014,13129.653846153848,2009,11358.19018404908,,,
Chesterfield-Goshen,Enrollment,Foundation Enrollment,2024,117.0,2019,125.0,2014,156.0,2009,163.0,-0.013140855528117612,-0.02835834213692645,-0.021862557336500665
Chicopee,Expenditure,Teachers,2024,8184.0,2019,6082.0,2014,5114.0,2009,4792.0,0.06116725675189838,0.04814288282391832,0.03632646120238414
Chicopee,Expenditure,"Insurance, Retirement and Other",2024,2971.0,2019,2359.0,2014,2079.0,2009,1624.0,0.04721280062946698,0.03634609725800897,0.04108880179861951
Chicopee,Expenditure,Pupil Services,2024,3096.0,2019,1976.0,2014,1567.0,2009,1254.0,0.09396342521634593,0.07046678310135612,0.06210363297848609
Chicopee,Expenditure,Other Teaching Services,2024,1899.0,2019,1218.0,2014,1111.0,2009,772.0,0.09288769271255837,0.055069553367278035,0.061843495282203786
Chicopee,Expenditure,Operations and Maintenance,2024,2141.0,2019,1276.0,2014,1048.0,2009,1075.0,0.10905529231308542,0.0740525695957599,0.04700128220597932
Chicopee,Expenditure,Instructional Leadership,2024,1120.0,2019,997.0,2014,1066.0,2009,909.0,0.02353941855484365,0.004953765481052974,0.014013201864131686
Chicopee,Expenditure,Administration,2024,1110.0,2019,533.0,2014,560.0,2009,456.0,0.15802824961248896,0.07081265521071112,0.06110218560869729
Chicopee,Expenditure,"Guidance, Counseling and Testing",2024,491.0,2019,266.0,2014,261.0,2009,221.0,0.13042036028617754,0.06523174033266321,0.054660339228259414
Chicopee,Expenditure,Other,2024,1854.0,2019,591.0,2014,555.0,2009,502.0,0.256910776449492,0.1281885160138465,0.09100582040379512
Chicopee,Expenditure,Total PPE,2024,22866.0,2019,15298.0,2014,13361.0,2009,11605.0,0.08370507833544338,0.05520082846985397,0.046252086159723316
Chicopee,Enrollment,In-District FTE Pupils,2024,6833.9,2019,7433.2,2014,7590.9,2009,7721.1,-0.016671650181112052,-0.010450474403433607,-0.008104402149086143
Chicopee,Enrollment,Out-of-District FTE Pupils,2024,695.8,2019,523.5,2014,330.5,2009,163.0,0.05855529207372934,0.07728669480728545,0.10158950073175332
Chicopee,NSS,Ch70 Aid,2024,12395.695087915155,2019,8288.083095299922,2014,7379.233515057113,2009,6386.96307120085,0.08383546464274394,0.05323665011598622,0.04519766776741352
Chicopee,NSS,Req NSS (minus Ch70),2024,4725.901758303098,2019,3903.3760062321476,2014,3689.0018172377986,2009,2844.325850159405,0.03898400142712455,0.025079579366524163,0.03442821081354319
Chicopee,NSS,Actual NSS (minus Req NSS),2024,1323.4023549167694,2019,832.5010953555225,2014,331.78693791928,2009,196.55447951774732,0.09713840558325693,0.14837376380671152,0.13557005193029315
Chicopee,NSS,Total Actual NSS per pupil,2024,18444.999201135022,2019,13023.960196887592,2014,11400.022270214193,2009,9427.843400878002,0.07207980723340213,0.049294252684283446,0.04575773458411292
Chicopee,Enrollment,Foundation Enrollment,2024,7166.0,2019,7702.0,2014,7704.0,2009,7528.0,-0.014322920206989664,-0.007213065628210669,-0.003280061034305337
Christa McAuliffe Charter School (District),Expenditure,Teachers,2024,10181.0,2019,6674.0,2014,,2009,,0.08813015774524469,,
Christa McAuliffe Charter School (District),Expenditure,"Insurance, Retirement and Other",2024,2096.0,2019,4480.0,2014,,2009,,-0.14094167105706434,,
Christa McAuliffe Charter School (District),Expenditure,Pupil Services,2024,2629.0,2019,1880.0,2014,,2009,,0.06936643232678485,,
Christa McAuliffe Charter School (District),Expenditure,Other Teaching Services,2024,813.0,2019,507.0,2014,,2009,,0.0990476380335017,,
Christa McAuliffe Charter School (District),Expenditure,Operations and Maintenance,2024,1291.0,2019,516.0,2014,,2009,,0.2013105971078546,,
Christa McAuliffe Charter School (District),Expenditure,Instructional Leadership,2024,1440.0,2019,1475.0,2014,,2009,,-0.004791459399337006,,
Christa McAuliffe Charter School (District),Expenditure,Administration,2024,3411.0,2019,2027.0,2014,,2009,,0.10970002071693208,,
Christa McAuliffe Charter School (District),Expenditure,"Guidance, Counseling and Testing",2024,667.0,2019,299.0,2014,,2009,,0.174061722440779,,
Christa McAuliffe Charter School (District),Expenditure,Other,2024,525.0,2019,534.0,2014,,2009,,-0.0033937434639703667,,
Christa McAuliffe Charter School (District),Expenditure,Total PPE,2024,23053.0,2019,18392.0,2014,,2009,,0.046212003243802036,,
Christa McAuliffe Charter School (District),Enrollment,In-District FTE Pupils,2024,290.6,2019,393.6,2014,,2009,,-0.058873279618664176,,
Christa McAuliffe Charter School (District),Enrollment,Out-of-District FTE Pupils,2024,0.0,2019,0.0,2014,,2009,,,,
City on a Hill Charter Public School (District),Expenditure,Teachers,2024,7348.0,2019,5651.0,2014,,2009,,0.053922722732894,,
City on a Hill Charter Public School (District),Expenditure,"Insurance, Retirement and Other",2024,3222.0,2019,6771.0,2014,,2009,,-0.13802524936117733,,
City on a Hill Charter Public School (District),Expenditure,Pupil Services,2024,3967.0,2019,2087.0,2014,,2009,,0.1370719606410291,,
City on a Hill Charter Public School (District),Expenditure,Other Teaching Services,2024,1962.0,2019,1024.0,2014,,2009,,0.13888483292210863,,
City on a Hill Charter Public School (District),Expenditure,Operations and Maintenance,2024,2060.0,2019,2426.0,2014,,2009,,-0.032178457423735596,,
City on a Hill Charter Public School (District),Expenditure,Instructional Leadership,2024,3536.0,2019,4021.0,2014,,2009,,-0.025379287634526015,,
City on a Hill Charter Public School (District),Expenditure,Administration,2024,7955.0,2019,5764.0,2014,,2009,,0.066554966481422,,
City on a Hill Charter Public School (District),Expenditure,"Guidance, Counseling and Testing",2024,1912.0,2019,1145.0,2014,,2009,,0.1079916315286591,,
City on a Hill Charter Public School (District),Expenditure,Other,2024,3218.0,2019,1632.0,2014,,2009,,0.14544219436723282,,
City on a Hill Charter Public School (District),Expenditure,Total PPE,2024,35180.0,2019,30521.0,2014,,2009,,0.02882004029822216,,
City on a Hill Charter Public School (District),Enrollment,In-District FTE Pupils,2024,188.7,2019,257.8,2014,,2009,,-0.060497808611345016,,
City on a Hill Charter Public School (District),Enrollment,Out-of-District FTE Pupils,2024,0.0,2019,0.0,2014,,2009,,,,
City on a Hill Charter Public School Dudley Square (District),Expenditure,Teachers,2020,5130.0,2015,,2010,,2005,,,,
City on a Hill Charter Public School Dudley Square (District),Expenditure,"Insurance, Retirement and Other",2020,6900.0,2015,,2010,,2005,,,,
City on a Hill Charter Public School Dudley Square (District),Expenditure,Pupil Services,2020,1355.0,2015,,2010,,2005,,,,
City on a Hill Charter Public School Dudley Square (District),Expenditure,Other Teaching Services,2020,692.0,2015,,2010,,2005,,,,
City on a Hill Charter Public School Dudley Square (District),Expenditure,Operations and Maintenance,2020,2185.0,2015,,2010,,2005,,,,
City on a Hill Charter Public School Dudley Square (District),Expenditure,Instructional Leadership,2020,2519.0,2015,,2010,,2005,,,,
City on a Hill Charter Public School Dudley Square (District),Expenditure,Administration,2020,2543.0,2015,,2010,,2005,,,,
City on a Hill Charter Public School Dudley Square (District),Expenditure,"Guidance, Counseling and Testing",2020,506.0,2015,,2010,,2005,,,,
City on a Hill Charter Public School Dudley Square (District),Expenditure,Other,2020,522.0,2015,,2010,,2005,,,,
City on a Hill Charter Public School Dudley Square (District),Expenditure,Total PPE,2020,22352.0,2015,,2010,,2005,,,,
City on a Hill Charter Public School Dudley Square (District),Enrollment,In-District FTE Pupils,2020,188.1,2015,,2010,,2005,,,,
City on a Hill Charter Public School Dudley Square (District),Enrollment,Out-of-District FTE Pupils,2020,0.0,2015,,2010,,2005,,,,
City on a Hill Charter Public School New Bedford (District),Expenditure,Teachers,2020,4115.0,2015,,2010,,2005,,,,
City on a Hill Charter Public School New Bedford (District),Expenditure,"Insurance, Retirement and Other",2020,9089.0,2015,,2010,,2005,,,,
City on a Hill Charter Public School New Bedford (District),Expenditure,Pupil Services,2020,2495.0,2015,,2010,,2005,,,,
City on a Hill Charter Public School New Bedford (District),Expenditure,Other Teaching Services,2020,1209.0,2015,,2010,,2005,,,,
City on a Hill Charter Public School New Bedford (District),Expenditure,Operations and Maintenance,2020,2234.0,2015,,2010,,2005,,,,
City on a Hill Charter Public School New Bedford (District),Expenditure,Instructional Leadership,2020,4082.0,2015,,2010,,2005,,,,
City on a Hill Charter Public School New Bedford (District),Expenditure,Administration,2020,2112.0,2015,,2010,,2005,,,,
City on a Hill Charter Public School New Bedford (District),Expenditure,"Guidance, Counseling and Testing",2020,888.0,2015,,2010,,2005,,,,
City on a Hill Charter Public School New Bedford (District),Expenditure,Other,2020,1104.0,2015,,2010,,2005,,,,
City on a Hill Charter Public School New Bedford (District),Expenditure,Total PPE,2020,27328.0,2015,,2010,,2005,,,,
City on a Hill Charter Public School New Bedford (District),Enrollment,In-District FTE Pupils,2020,102.6,2015,,2010,,2005,,,,
City on a Hill Charter Public School New Bedford (District),Enrollment,Out-of-District FTE Pupils,2020,0.0,2015,,2010,,2005,,,,
Clarksburg,Expenditure,Teachers,2024,6097.0,2019,6388.0,2014,4957.0,2009,4264.0,-0.009281534846540707,0.020915335662428536,0.024125704452441665
Clarksburg,Expenditure,"Insurance, Retirement and Other",2024,2996.0,2019,2872.0,2014,2602.0,2009,1814.0,0.00848971787217967,0.014199639125071606,0.034015308322598026
Clarksburg,Expenditure,Pupil Services,2024,1075.0,2019,1126.0,2014,1489.0,2009,1314.0,-0.00922733803468323,-0.03205344907077545,-0.013294520622450845
Clarksburg,Expenditure,Other Teaching Services,2024,1502.0,2019,1637.0,2014,1848.0,2009,1392.0,-0.017066242309409563,-0.02051723943050321,0.005083275657172814
Clarksburg,Expenditure,Operations and Maintenance,2024,813.0,2019,854.0,2014,885.0,2009,758.0,-0.009791762287297168,-0.008449752009063949,0.004680768994522966
Clarksburg,Expenditure,Instructional Leadership,2024,1096.0,2019,1040.0,2014,909.0,2009,1165.0,0.010544500583539618,0.018883823394391763,-0.004061987618881213
Clarksburg,Expenditure,Administration,2024,965.0,2019,555.0,2014,643.0,2009,507.0,0.11698377840871577,0.04143371687416808,0.0438416550159606
Clarksburg,Expenditure,"Guidance, Counseling and Testing",2024,268.0,2019,138.0,2014,281.0,2009,353.0,0.14196065630749488,-0.0047255680847418935,-0.018197788725347275
Clarksburg,Expenditure,Other,2024,266.0,2019,591.0,2014,461.0,2009,881.0,-0.1475697929380243,-0.05350555129020862,-0.07673356221296057
Clarksburg,Expenditure,Total PPE,2024,15078.0,2019,15201.0,2014,14075.0,2009,12448.0,-0.001623578043316698,0.006907402189066714,0.012860443968050639
Clarksburg,Enrollment,In-District FTE Pupils,2024,208.0,2019,183.7,2014,178.2,2009,197.3,0.025158072215760274,0.015583329690533443,0.0035270498983270837
Clarksburg,Enrollment,Out-of-District FTE Pupils,2024,54.4,2019,59.1,2014,45.2,2009,70.3,-0.016436771660857552,0.018699390907724434,-0.01694857218602397
Clarksburg,NSS,Ch70 Aid,2024,10686.286549707602,2019,9202.435897435897,2014,8440.66985645933,2009,6382.851851851852,0.03035006520244843,0.023870405651206683,0.03495341857161094
Clarksburg,NSS,Req NSS (minus Ch70),2024,4309.146198830409,2019,3637.4153846153845,2014,2759.7416267942585,2009,1447.4444444444443,0.03447420516539634,0.04556799379839993,0.07543942893688271
Clarksburg,NSS,Actual NSS (minus Req NSS),2024,1989.302375789473,2019,248.74359629856758,2014,578.6980840530821,2009,931.7070625379474,0.5156180837411306,0.131422668308099,0.05186844664171386
Clarksburg,NSS,Total Actual NSS per pupil,2024,16984.735124327482,2019,13088.594878349848,2014,11779.10956730667,2009,8762.003358834245,0.053496629748138735,0.03727672173473695,0.04511406120453021
Clarksburg,Enrollment,Foundation Enrollment,2024,171.0,2019,195.0,2014,209.0,2009,270.0,-0.02592521835008632,-0.019867065968887654,-0.02999161206495571
Clinton,Expenditure,Teachers,2024,7133.0,2019,5747.0,2014,4668.0,2009,4363.0,0.04415796423585272,0.04331184402132093,0.03331436610984739
Clinton,Expenditure,"Insurance, Retirement and Other",2024,2914.0,2019,2237.0,2014,1617.0,2009,1254.0,0.05430122873700971,0.06066430294215208,0.0578225011132687
Clinton,Expenditure,Pupil Services,2024,1845.0,2019,1205.0,2014,972.0,2009,984.0,0.08893476884906804,0.06618608596210795,0.042797748476559816
Clinton,Expenditure,Other Teaching Services,2024,1943.0,2019,1436.0,2014,1341.0,2009,1229.0,0.0623403375184961,0.037777862569460474,0.03100647911915977
Clinton,Expenditure,Operations and Maintenance,2024,1397.0,2019,955.0,2014,930.0,2009,867.0,0.07904264020262053,0.04152894951148012,0.032314008071254285
Clinton,Expenditure,Instructional Leadership,2024,944.0,2019,738.0,2014,576.0,2009,774.0,0.0504687239354884,0.0506424671684802,0.01332494913620974
Clinton,Expenditure,Administration,2024,513.0,2019,397.0,2014,292.0,2009,240.0,0.052604861927655344,0.057970239782248134,0.051946714540541894
Clinton,Expenditure,"Guidance, Counseling and Testing",2024,756.0,2019,405.0,2014,323.0,2009,217.0,0.1329568106011707,0.08875942438176243,0.08676957322027201
Clinton,Expenditure,Other,2024,1067.0,2019,483.0,2014,186.0,2009,551.0,0.17177292165689817,0.1908721737164467,0.045043066096559725
Clinton,Expenditure,Total PPE,2024,18512.0,2019,13603.0,2014,10905.0,2009,10479.0,0.06356424489322254,0.054345059086964964,0.038665165853457806
Clinton,Enrollment,In-District FTE Pupils,2024,1993.8,2019,1861.1,2014,1895.4,2009,2033.9,0.013870242462913795,0.005074076500312552,-0.0013266370115890824
Clinton,Enrollment,Out-of-District FTE Pupils,2024,243.4,2019,314.2,2014,319.1,2009,208.3,-0.04978281911152749,-0.026716463934323476,0.01043586656788098
Clinton,NSS,Ch70 Aid,2024,9368.099418040738,2019,6155.679067460317,2014,5604.363630010957,2009,5466.951730862994,0.08761478896921182,0.05271913847585785,0.036558339638539605
Clinton,NSS,Req NSS (minus Ch70),2024,6409.921435499515,2019,5092.540178571428,2014,4858.913350125945,2009,3390.3208191126278,0.047089123599932226,0.028090521602868845,0.04337588288014271
Clinton,NSS,Actual NSS (minus Req NSS),2024,1551.2971657458675,2019,1716.7308770982781,2014,406.58443354967824,2009,628.4468696878262,-0.020062096866924062,0.14328478842190373,0.06209108169104649
Clinton,NSS,Total Actual NSS per pupil,2024,17329.31801928612,2019,12964.950123130024,2014,10869.861413686582,2009,9485.719419663448,0.05974682544894527,0.047745360624900535,0.04099205075969792
Clinton,Enrollment,Foundation Enrollment,2024,2062.0,2019,2016.0,2014,1985.0,2009,2051.0,0.004522402412202586,0.003812998196867312,0.00035665735408363375
Codman Academy Charter Public (District),Expenditure,Teachers,2024,10781.0,2019,6899.0,2014,,2009,,0.0933886974949707,,
Codman Academy Charter Public (District),Expenditure,"Insurance, Retirement and Other",2024,4930.0,2019,4792.0,2014,,2009,,0.005694377126897132,,
Codman Academy Charter Public (District),Expenditure,Pupil Services,2024,2861.0,2019,2395.0,2014,,2009,,0.03619732789489083,,
Codman Academy Charter Public (District),Expenditure,Other Teaching Services,2024,2365.0,2019,2327.0,2014,,2009,,0.003244880789339488,,
Codman Academy Charter Public (District),Expenditure,Operations and Maintenance,2024,1464.0,2019,935.0,2014,,2009,,0.0938200835730354,,
Codman Academy Charter Public (District),Expenditure,Instructional Leadership,2024,4267.0,2019,2308.0,2014,,2009,,0.13077804491097278,,
Codman Academy Charter Public (District),Expenditure,Administration,2024,3129.0,2019,1652.0,2014,,2009,,0.13626362531907898,,
Codman Academy Charter Public (District),Expenditure,"Guidance, Counseling and Testing",2024,1356.0,2019,599.0,2014,,2009,,0.1775153395908744,,
Codman Academy Charter Public (District),Expenditure,Other,2024,1775.0,2019,1824.0,2014,,2009,,-0.005431489575319581,,
Codman Academy Charter Public (District),Expenditure,Total PPE,2024,32928.0,2019,23731.0,2014,,2009,,0.06770152432032406,,
Codman Academy Charter Public (District),Enrollment,In-District FTE Pupils,2024,339.9,2019,344.5,2014,,2009,,-0.002684915898966689,,
Codman Academy Charter Public (District),Enrollment,Out-of-District FTE Pupils,2024,0.0,2019,0.0,2014,,2009,,,,
Cohasset,Expenditure,Teachers,2024,9027.0,2019,6871.0,2014,5596.0,2009,4984.0,0.05609916386813829,0.04897846796142602,0.04039365260454075
Cohasset,Expenditure,"Insurance, Retirement and Other",2024,4220.0,2019,3284.0,2014,2171.0,2009,1943.0,0.05143362208937652,0.06872326282398045,0.053066935045635866
Cohasset,Expenditure,Pupil Services,2024,2109.0,2019,1221.0,2014,942.0,2009,926.0,0.11550670014054099,0.08393332257966679,0.05640643872268858
Cohasset,Expenditure,Other Teaching Services,2024,1589.0,2019,1358.0,2014,996.0,2009,753.0,0.03191713849896183,0.04781945039053115,0.05104649448776599
Cohasset,Expenditure,Operations and Maintenance,2024,1932.0,2019,1467.0,2014,1313.0,2009,1255.0,0.056611666595531185,0.03937972197648798,0.0291789456530962
Cohasset,Expenditure,Instructional Leadership,2024,1323.0,2019,1121.0,2014,787.0,2009,1041.0,0.03369126487523255,0.05331558759594479,0.016109724316895946
Cohasset,Expenditure,Administration,2024,773.0,2019,647.0,2014,540.0,2009,633.0,0.036227330569338356,0.036522117082515626,0.013409689200753139
Cohasset,Expenditure,"Guidance, Counseling and Testing",2024,956.0,2019,588.0,2014,436.0,2009,354.0,0.10208759297541437,0.08167586680247285,0.06847322110857834
Cohasset,Expenditure,Other,2024,587.0,2019,314.0,2014,337.0,2009,451.0,0.1332916544403573,0.057062874406793807,0.017725767953491678
Cohasset,Expenditure,Total PPE,2024,22516.0,2019,16871.0,2014,13118.0,2009,12340.0,0.059424672725198135,0.05551002219612311,0.04090654353677392
Cohasset,Enrollment,In-District FTE Pupils,2024,1429.4,2019,1547.3,2014,1608.2,2009,1480.4,-0.015726368841987526,-0.011716892801129974,-0.0023344406604383083
Cohasset,Enrollment,Out-of-District FTE Pupils,2024,32.3,2019,27.3,2014,24.4,2009,26.3,0.0342081956822915,0.02844547004862008,0.013794159528757843
Cohasset,NSS,Ch70 Aid,2024,2162.2106803218726,2019,1717.3026571613739,2014,1409.2062905956816,2009,1293.4309472161967,0.04715322179611814,0.04374003830698925,0.034848999264983416
Cohasset,NSS,Req NSS (minus Ch70),2024,10071.059253840527,2019,8095.854828256643,2014,7456.832140533506,2009,7185.584960231381,0.044629985478414236,0.030509686620674215,0.02276109979840424
Cohasset,NSS,Actual NSS (minus Req NSS),2024,9148.99476005852,2019,5917.076731970962,2014,3135.4111783956782,2009,2730.0267534345626,0.09107155995558158,0.1130326075001562,0.08396126986042418
Cohasset,NSS,Total Actual NSS per pupil,2024,21382.264694220918,2019,15730.234217388977,2014,12001.449609524865,2009,11209.04266088214,0.06331931409039071,0.05945374273845161,0.043996426110748166
Cohasset,Enrollment,Foundation Enrollment,2024,1367.0,2019,1543.0,2014,1537.0,2009,1383.0,-0.023931004666794542,-0.011652962799302724,-0.0007754655004843514
Collegiate Charter School of Lowell (District),Expenditure,Teachers,2024,3794.0,2019,2648.0,2014,,2009,,0.07457286387183593,,
Collegiate Charter School of Lowell (District),Expenditure,"Insurance, Retirement and Other",2024,1485.0,2019,1769.0,2014,,2009,,-0.03439451478333122,,
Collegiate Charter School of Lowell (District),Expenditure,Pupil Services,2024,1249.0,2019,1252.0,2014,,2009,,-0.0004796932172952406,,
Collegiate Charter School of Lowell (District),Expenditure,Other Teaching Services,2024,1942.0,2019,527.0,2014,,2009,,0.29803894289472344,,
Collegiate Charter School of Lowell (District),Expenditure,Operations and Maintenance,2024,1084.0,2019,679.0,2014,,2009,,0.09807474098902103,,
Collegiate Charter School of Lowell (District),Expenditure,Instructional Leadership,2024,1303.0,2019,2114.0,2014,,2009,,-0.0922465951807463,,
Collegiate Charter School of Lowell (District),Expenditure,Administration,2024,1618.0,2019,978.0,2014,,2009,,0.10593074712098494,,
Collegiate Charter School of Lowell (District),Expenditure,"Guidance, Counseling and Testing",2024,596.0,2019,82.0,2014,,2009,,0.4869161600726506,,
Collegiate Charter School of Lowell (District),Expenditure,Other,2024,1386.0,2019,676.0,2014,,2009,,0.15441857705886486,,
Collegiate Charter School of Lowell (District),Expenditure,Total PPE,2024,14457.0,2019,10725.0,2014,,2009,,0.061539541761422845,,
Collegiate Charter School of Lowell (District),Enrollment,In-District FTE Pupils,2024,1194.0,2019,842.8,2014,,2009,,0.07215101229384446,,
Collegiate Charter School of Lowell (District),Enrollment,Out-of-District FTE Pupils,2024,0.0,2019,0.0,2014,,2009,,,,
Community Charter School of Cambridge (District),Expenditure,Teachers,2024,12322.0,2019,7988.0,2014,,2009,,0.09055765271287108,,
Community Charter School of Cambridge (District),Expenditure,"Insurance, Retirement and Other",2024,2691.0,2019,5143.0,2014,,2009,,-0.12150471547192543,,
Community Charter School of Cambridge (District),Expenditure,Pupil Services,2024,1413.0,2019,1407.0,2014,,2009,,0.0008514273727031618,,
Community Charter School of Cambridge (District),Expenditure,Other Teaching Services,2024,1135.0,2019,674.0,2014,,2009,,0.10985742796579356,,
Community Charter School of Cambridge (District),Expenditure,Operations and Maintenance,2024,2407.0,2019,1170.0,2014,,2009,,0.15520230213317499,,
Community Charter School of Cambridge (District),Expenditure,Instructional Leadership,2024,2269.0,2019,2592.0,2014,,2009,,-0.02626697498386621,,
Community Charter School of Cambridge (District),Expenditure,Administration,2024,7047.0,2019,1625.0,2014,,2009,,0.34100433333196234,,
Community Charter School of Cambridge (District),Expenditure,"Guidance, Counseling and Testing",2024,1876.0,2019,717.0,2014,,2009,,0.21211195778787784,,
Community Charter School of Cambridge (District),Expenditure,Other,2024,730.0,2019,896.0,2014,,2009,,-0.04015088213816198,,
Community Charter School of Cambridge (District),Expenditure,Total PPE,2024,31890.0,2019,22212.0,2014,,2009,,0.07501214536367073,,
Community Charter School of Cambridge (District),Enrollment,In-District FTE Pupils,2024,259.3,2019,330.1,2014,,2009,,-0.04713494852450584,,
Community Charter School of Cambridge (District),Enrollment,Out-of-District FTE Pupils,2024,0.0,2019,0.0,2014,,2009,,,,
Community Day Charter Public School (District),Expenditure,Teachers,2024,7134.0,2019,5898.0,2014,,2009,,0.038784994125338645,,
Community Day Charter Public School (District),Expenditure,"Insurance, Retirement and Other",2024,2099.0,2019,4325.0,2014,,2009,,-0.13462316533825747,,
Community Day Charter Public School (District),Expenditure,Pupil Services,2024,2831.0,2019,1732.0,2014,,2009,,0.1032613304692036,,
Community Day Charter Public School (District),Expenditure,Other Teaching Services,2024,1380.0,2019,798.0,2014,,2009,,0.11577143556316138,,
Community Day Charter Public School (District),Expenditure,Operations and Maintenance,2024,977.0,2019,796.0,2014,,2009,,0.04182865709372652,,
Community Day Charter Public School (District),Expenditure,Instructional Leadership,2024,2359.0,2019,1509.0,2014,,2009,,0.09347218498691823,,
Community Day Charter Public School (District),Expenditure,Administration,2024,2364.0,2019,1279.0,2014,,2009,,0.13072081121163492,,
Community Day Charter Public School (District),Expenditure,"Guidance, Counseling and Testing",2024,823.0,2019,818.0,2014,,2009,,0.0012195158202725764,,
Community Day Charter Public School (District),Expenditure,Other,2024,896.0,2019,353.0,2014,,2009,,0.2047769802808148,,
Community Day Charter Public School (District),Expenditure,Total PPE,2024,20863.0,2019,17508.0,2014,,2009,,0.035685853005416934,,
Community Day Charter Public School (District),Enrollment,In-District FTE Pupils,2024,1197.5,2019,400.0,2014,,2009,,0.2452114519704074,,
Community Day Charter Public School (District),Enrollment,Out-of-District FTE Pupils,2024,0.0,2019,0.0,2014,,2009,,,,
Community Day Charter Public School - Gateway (District),Expenditure,Teachers,2022,5599.0,2017,,2012,,2007,,,,
Community Day Charter Public School - Gateway (District),Expenditure,"Insurance, Retirement and Other",2022,1619.0,2017,,2012,,2007,,,,
Community Day Charter Public School - Gateway (District),Expenditure,Pupil Services,2022,2053.0,2017,,2012,,2007,,,,
Community Day Charter Public School - Gateway (District),Expenditure,Other Teaching Services,2022,1261.0,2017,,2012,,2007,,,,
Community Day Charter Public School - Gateway (District),Expenditure,Operations and Maintenance,2022,786.0,2017,,2012,,2007,,,,
Community Day Charter Public School - Gateway (District),Expenditure,Instructional Leadership,2022,1845.0,2017,,2012,,2007,,,,
Community Day Charter Public School - Gateway (District),Expenditure,Administration,2022,1879.0,2017,,2012,,2007,,,,
Community Day Charter Public School - Gateway (District),Expenditure,"Guidance, Counseling and Testing",2022,644.0,2017,,2012,,2007,,,,
Community Day Charter Public School - Gateway (District),Expenditure,Other,2022,425.0,2017,,2012,,2007,,,,
Community Day Charter Public School - Gateway (District),Expenditure,Total PPE,2022,16111.0,2017,,2012,,2007,,,,
Community Day Charter Public School - Gateway (District),Enrollment,In-District FTE Pupils,2022,398.6,2017,,2012,,2007,,,,
Community Day Charter Public School - Gateway (District),Enrollment,Out-of-District FTE Pupils,2022,0.0,2017,,2012,,2007,,,,
Community Day Charter Public School - R. Kingman Webster (District),Expenditure,Teachers,2022,4977.0,2017,,2012,,2007,,,,
Community Day Charter Public School - R. Kingman Webster (District),Expenditure,"Insurance, Retirement and Other",2022,1590.0,2017,,2012,,2007,,,,
Community Day Charter Public School - R. Kingman Webster (District),Expenditure,Pupil Services,2022,2810.0,2017,,2012,,2007,,,,
Community Day Charter Public School - R. Kingman Webster (District),Expenditure,Other Teaching Services,2022,969.0,2017,,2012,,2007,,,,
Community Day Charter Public School - R. Kingman Webster (District),Expenditure,Operations and Maintenance,2022,541.0,2017,,2012,,2007,,,,
Community Day Charter Public School - R. Kingman Webster (District),Expenditure,Instructional Leadership,2022,1737.0,2017,,2012,,2007,,,,
Community Day Charter Public School - R. Kingman Webster (District),Expenditure,Administration,2022,1894.0,2017,,2012,,2007,,,,
Community Day Charter Public School - R. Kingman Webster (District),Expenditure,"Guidance, Counseling and Testing",2022,810.0,2017,,2012,,2007,,,,
Community Day Charter Public School - R. Kingman Webster (District),Expenditure,Other,2022,352.0,2017,,2012,,2007,,,,
Community Day Charter Public School - R. Kingman Webster (District),Expenditure,Total PPE,2022,15680.0,2017,,2012,,2007,,,,
Community Day Charter Public School - R. Kingman Webster (District),Enrollment,In-District FTE Pupils,2022,394.8,2017,,2012,,2007,,,,
Community Day Charter Public School - R. Kingman Webster (District),Enrollment,Out-of-District FTE Pupils,2022,0.0,2017,,2012,,2007,,,,
Concord,Expenditure,Teachers,2024,10657.0,2019,8096.0,2014,6686.0,2009,6311.0,0.05650825136564874,0.04772392046610041,0.03554534090095052
Concord,Expenditure,"Insurance, Retirement and Other",2024,3229.0,2019,2211.0,2014,1401.0,2009,1522.0,0.07868803251652401,0.08708371777111168,0.05142159536715818
Concord,Expenditure,Pupil Services,2024,2157.0,2019,1658.0,2014,1182.0,2009,1061.0,0.05403036830615582,0.0619969435923613,0.04843694771861751
Concord,Expenditure,Other Teaching Services,2024,4139.0,2019,3244.0,2014,2221.0,2009,1998.0,0.04993621562735018,0.06422801394947131,0.04975188421950327
Concord,Expenditure,Operations and Maintenance,2024,2086.0,2019,1644.0,2014,1155.0,2009,1351.0,0.04877541486557502,0.060897026065305226,0.029383644614591642
Concord,Expenditure,Instructional Leadership,2024,2132.0,2019,1372.0,2014,900.0,2009,872.0,0.09216088319058646,0.09007020475182603,0.06141376221590633
Concord,Expenditure,Administration,2024,611.0,2019,470.0,2014,729.0,2009,695.0,0.05387395206178347,-0.017502694055504642,-0.008550890475927164
Concord,Expenditure,"Guidance, Counseling and Testing",2024,784.0,2019,561.0,2014,422.0,2009,426.0,0.06922878077392736,0.06389890321675296,0.04150277374716338
Concord,Expenditure,Other,2024,1130.0,2019,828.0,2014,756.0,2009,1099.0,0.06416659346027931,0.0410118299077844,0.0018561844016353746
Concord,Expenditure,Total PPE,2024,26925.0,2019,20084.0,2014,15452.0,2009,15335.0,0.060378955023992376,0.05710250324891608,0.03824088922632152
Concord,Enrollment,In-District FTE Pupils,2024,1987.4,2019,2102.3,2014,2168.6,2009,1871.8,-0.011178002965953393,-0.008687498320442466,0.004003105579680977
Concord,Enrollment,Out-of-District FTE Pupils,2024,24.2,2019,45.2,2014,43.4,2009,53.1,-0.11745799249481503,-0.056737511906722604,-0.05103967303320989
Concord,NSS,Ch70 Aid,2024,2097.7833766233766,2019,1688.452486459872,2014,1046.2583661417323,2009,1208.515759955132,0.044369930517946354,0.07204291159638676,0.037450110831816374
Concord,NSS,Req NSS (minus Ch70),2024,9889.552727272727,2019,7959.848842934515,2014,7767.577263779527,2009,7829.503084688727,0.044369946894549095,0.024446084402010904,0.015693866912542598
Concord,NSS,Actual NSS (minus Req NSS),2024,13242.845890909093,2019,10136.986283261353,2014,7369.836338425216,2009,6407.607178911946,0.05490777507688249,0.06035758697195592,0.04958841804418457
Concord,NSS,Total Actual NSS per pupil,2024,25230.181994805196,2019,19785.28761265574,2014,16183.671968346476,2009,15445.626023555804,0.04982183926675465,0.045404419157139664,0.03325533860435481
Concord,Enrollment,Foundation Enrollment,2024,1925.0,2019,2031.0,2014,2032.0,2009,1783.0,-0.010663203606836924,-0.005394851435944981,0.005121646276445402
Concord-Carlisle,Expenditure,Teachers,2024,10867.0,2019,8687.0,2014,7321.0,2009,6402.0,0.04579839050321377,0.04028880772936638,0.03590421413984357
Concord-Carlisle,Expenditure,"Insurance, Retirement and Other",2024,3767.0,2019,2222.0,2014,1801.0,2009,1750.0,0.1113486163143822,0.07658466836364464,0.0524395771592574
Concord-Carlisle,Expenditure,Pupil Services,2024,3996.0,2019,3003.0,2014,2907.0,2009,1920.0,0.05880023609782925,0.03232880304960983,0.05007813776160086
Concord-Carlisle,Expenditure,Other Teaching Services,2024,2053.0,2019,1476.0,2014,1245.0,2009,1192.0,0.06821954124007323,0.051288611552043006,0.03690948288527163
Concord-Carlisle,Expenditure,Operations and Maintenance,2024,2466.0,2019,1723.0,2014,1435.0,2009,1299.0,0.07433953792070414,0.05563581701643039,0.04365973409289836
Concord-Carlisle,Expenditure,Instructional Leadership,2024,2242.0,2019,1494.0,2014,1363.0,2009,1169.0,0.08456853855635527,0.05102724784218182,0.04437084594732421
Concord-Carlisle,Expenditure,Administration,2024,751.0,2019,595.0,2014,1165.0,2009,830.0,0.04767020788695908,-0.042957110025851675,-0.006645821464803414
Concord-Carlisle,Expenditure,"Guidance, Counseling and Testing",2024,1624.0,2019,1149.0,2014,891.0,2009,719.0,0.07165056987529694,0.06186873058216791,0.05582143731385569
Concord-Carlisle,Expenditure,Other,2024,861.0,2019,792.0,2014,631.0,2009,429.0,0.01684695856523355,0.03156685436167028,0.0475378498817105
Concord-Carlisle,Expenditure,Total PPE,2024,28627.0,2019,21141.0,2014,18759.0,2009,15710.0,0.06250274897456154,0.04317366675898171,0.040814443137446865
Concord-Carlisle,Enrollment,In-District FTE Pupils,2024,1213.0,2019,1253.4,2014,1228.3,2009,1233.8,-0.006531224001307012,-0.0012526617235772974,-0.001132838375695333
Concord-Carlisle,Enrollment,Out-of-District FTE Pupils,2024,45.0,2019,44.8,2014,52.0,2009,38.6,0.000891267012482766,-0.014354106121585164,0.010279825623531469
Concord-Carlisle,NSS,Ch70 Aid,2024,2467.4224719101126,2019,1947.3108415466263,2014,1476.6,2009,1473.1416985462893,0.0484836121054788,0.05268410453376804,0.034983118685863346
Concord-Carlisle,NSS,Req NSS (minus Ch70),2024,11251.081647940075,2019,9180.175890826384,2014,9287.000790513834,2009,8935.364957918899,0.041522496069746895,0.01937007323659312,0.01548177168693221
Concord-Carlisle,NSS,Actual NSS (minus Req NSS),2024,10052.94527957865,2019,9000.545769522369,2014,6842.549407114625,2009,3844.4428462127016,0.022362461116702592,0.03922009914778668,0.0661803170005828
Concord-Carlisle,NSS,Total Actual NSS per pupil,2024,23771.449399428835,2019,20128.03250189538,2014,17606.15019762846,2009,14252.94950267789,0.03383413484760012,0.030478953074295267,0.03468954566040594
Concord-Carlisle,Enrollment,Foundation Enrollment,2024,1335.0,2019,1319.0,2014,1265.0,2009,1307.0,0.0024143935886811185,0.005400447092365646,0.0014141227439472548
Conservatory Lab Charter (District),Expenditure,Teachers,2024,9028.0,2019,5838.0,2014,,2009,,0.09110235200579875,,
Conservatory Lab Charter (District),Expenditure,"Insurance, Retirement and Other",2024,2483.0,2019,2538.0,2014,,2009,,-0.0043721865941542815,,
Conservatory Lab Charter (District),Expenditure,Pupil Services,2024,3955.0,2019,3072.0,2014,,2009,,0.05182879343355129,,
Conservatory Lab Charter (District),Expenditure,Other Teaching Services,2024,2928.0,2019,1368.0,2014,,2009,,0.16438605347135615,,
Conservatory Lab Charter (District),Expenditure,Operations and Maintenance,2024,1641.0,2019,807.0,2014,,2009,,0.15251612206111753,,
Conservatory Lab Charter (District),Expenditure,Instructional Leadership,2024,390.0,2019,124.0,2014,,2009,,0.25755962164117796,,
Conservatory Lab Charter (District),Expenditure,Administration,2024,2563.0,2019,2703.0,2014,,2009,,-0.010580393651469566,,
Conservatory Lab Charter (District),Expenditure,"Guidance, Counseling and Testing",2024,520.0,2019,216.0,2014,,2009,,0.1920923980459821,,
Conservatory Lab Charter (District),Expenditure,Other,2024,614.0,2019,585.0,2014,,2009,,0.009723586014195318,,
Conservatory Lab Charter (District),Expenditure,Total PPE,2024,24122.0,2019,17251.0,2014,,2009,,0.06934983705275743,,
Conservatory Lab Charter (District),Enrollment,In-District FTE Pupils,2024,451.6,2019,445.5,2014,,2009,,0.0027236194032866923,,
Conservatory Lab Charter (District),Enrollment,Out-of-District FTE Pupils,2024,0.0,2019,0.0,2014,,2009,,,,
Conway,Expenditure,Teachers,2024,8063.0,2019,6316.0,2014,4647.0,2009,4554.0,0.05005224477681591,0.05665302026291674,0.038819856226030236
Conway,Expenditure,"Insurance, Retirement and Other",2024,3648.0,2019,3592.0,2014,1741.0,2009,1688.0,0.0030987756641571718,0.07677659195150133,0.05271826744482233
Conway,Expenditure,Pupil Services,2024,3001.0,2019,1580.0,2014,1405.0,2009,1389.0,0.13689873091442206,0.07884478632324399,0.05269909598085132
Conway,Expenditure,Other Teaching Services,2024,5577.0,2019,4377.0,2014,2573.0,2009,2084.0,0.04965074795098068,0.08042863473326212,0.06782527279421435
Conway,Expenditure,Operations and Maintenance,2024,2617.0,2019,1876.0,2014,1224.0,2009,1081.0,0.06884364084201744,0.07895226358169616,0.06071457213470266
Conway,Expenditure,Instructional Leadership,2024,1644.0,2019,2069.0,2014,898.0,2009,744.0,-0.044945259669085025,0.06233758688659341,0.05427827790252504
Conway,Expenditure,Administration,2024,763.0,2019,602.0,2014,516.0,2009,913.0,0.048541464628172326,0.039890195761117075,-0.011893891717677518
Conway,Expenditure,"Guidance, Counseling and Testing",2024,441.0,2019,862.0,2014,573.0,2009,462.0,-0.1254467365356411,-0.025844253507804615,-0.0030965302059335897
Conway,Expenditure,Other,2024,1446.0,2019,835.0,2014,728.0,2009,642.0,0.11608266698332881,0.07103506938379112,0.055623097788676024
Conway,Expenditure,Total PPE,2024,27200.0,2019,22109.0,2014,14305.0,2009,13557.0,0.0423173354782993,0.06637045558145727,0.04751524905679361
Conway,Enrollment,In-District FTE Pupils,2024,146.1,2019,134.5,2014,171.7,2009,172.4,0.016683057490396447,-0.016016101045306375,-0.010974406266287873
Conway,Enrollment,Out-of-District FTE Pupils,2024,8.7,2019,10.3,2014,9.0,2009,12.9,-0.03320052570915333,-0.003384415079966119,-0.02591848289345411
Conway,NSS,Ch70 Aid,2024,9658.242424242424,2019,6238.84,2014,4018.0266666666666,2009,4498.114084507042,0.09133692796031201,0.09166284372739342,0.05226350686460335
Conway,NSS,Req NSS (minus Ch70),2024,11772.636363636364,2019,8588.67,2014,7115.926666666666,2009,4493.408450704225,0.06509798401455402,0.05163305054407119,0.06631746410973904
Conway,NSS,Actual NSS (minus Req NSS),2024,14940.881230303023,2019,12454.694143906114,2014,2132.0822280678726,2009,3302.233802816901,0.03707133246369265,0.21494670162115304,0.10587122977278285
Conway,NSS,Total Actual NSS per pupil,2024,36371.76001818181,2019,27282.204143906114,2014,13266.035561401206,2009,12293.75633802817,0.05919756216525296,0.10612018085212838,0.07499220322965572
Conway,Enrollment,Foundation Enrollment,2024,66.0,2019,100.0,2014,150.0,2009,142.0,-0.07974372577790922,-0.07881837238746003,-0.049795594997840587
Danvers,Expenditure,Teachers,2024,7984.0,2019,6377.0,2014,5272.0,2009,4743.0,0.04597383849949632,0.04237626206242795,0.0353276839653025
Danvers,Expenditure,"Insurance, Retirement and Other",2024,2747.0,2019,3076.0,2014,2053.0,2009,1754.0,-0.022370122465850906,0.02954888122529087,0.030359084840367645
Danvers,Expenditure,Pupil Services,2024,1819.0,2019,1318.0,2014,1062.0,2009,765.0,0.06655549545083583,0.055287559117061846,0.059444191516178746
Danvers,Expenditure,Other Teaching Services,2024,1997.0,2019,1450.0,2014,740.0,2009,682.0,0.0661099890050183,0.10437008623786737,0.07425218577711168
Danvers,Expenditure,Operations and Maintenance,2024,1728.0,2019,1439.0,2014,1149.0,2009,1290.0,0.03728139623249094,0.041651325770537984,0.01967929732179874
Danvers,Expenditure,Instructional Leadership,2024,1025.0,2019,850.0,2014,777.0,2009,783.0,0.03815210271659408,0.028087987291197436,0.01811649461718079
Danvers,Expenditure,Administration,2024,645.0,2019,550.0,2014,589.0,2009,550.0,0.03237957814430348,0.009123783582664302,0.01067875107063454
Danvers,Expenditure,"Guidance, Counseling and Testing",2024,747.0,2019,598.0,2014,444.0,2009,336.0,0.04549963025887105,0.05340108942990596,0.05470763118030142
Danvers,Expenditure,Other,2024,1024.0,2019,657.0,2014,534.0,2009,507.0,0.09281567915727895,0.06727385331258873,0.047979530211562205
Danvers,Expenditure,Total PPE,2024,19716.0,2019,16315.0,2014,12620.0,2009,11410.0,0.03859528407239021,0.045624969064196774,0.037135606035657354
Danvers,Enrollment,In-District FTE Pupils,2024,3304.8,2019,3483.9,2014,3640.3,2009,3591.6,-0.010499768286716282,-0.009622419254406211,-0.0055327594999022844
Danvers,Enrollment,Out-of-District FTE Pupils,2024,146.7,2019,119.2,2014,122.9,2009,125.9,0.04239128481673338,0.017859473506645962,0.010245579792258486
Danvers,NSS,Ch70 Aid,2024,2803.047963800905,2019,1944.9182151753043,2014,1646.9844065446691,2009,1267.6876033057852,0.0758354163305548,0.05461538874387739,0.054325116086187064
Danvers,NSS,Req NSS (minus Ch70),2024,9966.69773755656,2019,8253.04635949943,2014,7870.650501219181,2009,7320.904132231405,0.03845432770138402,0.023891802525091155,0.020780670953933766
Danvers,NSS,Actual NSS (minus Req NSS),2024,5606.887430104375,2019,5338.91966878374,2014,2568.83794862712,2009,2386.4607005511907,0.009842606333371862,0.08118126831631556,0.0585982458104779
Danvers,NSS,Total Actual NSS per pupil,2024,18376.63313146184,2019,15536.884243458477,2014,12086.47285639097,2009,10975.05243608838,0.03414253905520814,0.0427894684820429,0.0349609316654782
Danvers,Enrollment,Foundation Enrollment,2024,3315.0,2019,3516.0,2014,3691.0,2009,3630.0,-0.011704237462584643,-0.01068646963526676,-0.006033393846844315
Dartmouth,Expenditure,Teachers,2024,7578.0,2019,5895.0,2014,5197.0,2009,4330.0,0.05151181846459574,0.03843708264191137,0.03801695409877559
Dartmouth,Expenditure,"Insurance, Retirement and Other",2024,2288.0,2019,1613.0,2014,1358.0,2009,1026.0,0.07241858216687413,0.053551148852046815,0.054922553383129236
Dartmouth,Expenditure,Pupil Services,2024,2239.0,2019,1480.0,2014,1124.0,2009,994.0,0.08632175175728363,0.07134359672079627,0.05562867929890691
Dartmouth,Expenditure,Other Teaching Services,2024,1382.0,2019,965.0,2014,756.0,2009,636.0,0.07447458138850527,0.062181235137296564,0.053101088900435967
Dartmouth,Expenditure,Operations and Maintenance,2024,1232.0,2019,1031.0,2014,1008.0,2009,825.0,0.036263994182288206,0.020269766762328834,0.027094611156946113
Dartmouth,Expenditure,Instructional Leadership,2024,1249.0,2019,976.0,2014,710.0,2009,530.0,0.05056402303414975,0.058109001380739045,0.0588126091843264
Dartmouth,Expenditure,Administration,2024,514.0,2019,386.0,2014,368.0,2009,401.0,0.058949288435179215,0.03397855159068386,0.01668851228104118
Dartmouth,Expenditure,"Guidance, Counseling and Testing",2024,742.0,2019,552.0,2014,459.0,2009,349.0,0.06094523232430271,0.049202029469629815,0.05157091404789815
Dartmouth,Expenditure,Other,2024,906.0,2019,635.0,2014,391.0,2009,402.0,0.0736701880297308,0.08766497606709689,0.05566666906641249
Dartmouth,Expenditure,Total PPE,2024,18130.0,2019,13533.0,2014,11371.0,2009,9493.0,0.06023160075281986,0.047755416032164266,0.0440780243735126
Dartmouth,Enrollment,In-District FTE Pupils,2024,3394.6,2019,3649.3,2014,3726.7,2009,4070.1,-0.01436570123688774,-0.009290295034049323,-0.012025879788704175
Dartmouth,Enrollment,Out-of-District FTE Pupils,2024,111.9,2019,85.9,2014,58.8,2009,54.5,0.054307715042192006,0.06646173158660851,0.049129033007625944
Dartmouth,NSS,Ch70 Aid,2024,3163.5879503481683,2019,2703.7173076923077,2014,2428.476065228827,2009,2353.836898395722,0.03191452685463325,0.02679704114600523,0.019906210683920733
Dartmouth,NSS,Req NSS (minus Ch70),2024,10545.371783227369,2019,8516.465384615385,2014,7605.909521304577,2009,5978.043753038405,0.04366351645797639,0.033215883919421874,0.03856461209908768
Dartmouth,NSS,Actual NSS (minus Req NSS),2024,3146.8288164850105,2019,1419.2257351730796,2014,293.0658280938033,2009,139.78026251823044,0.17263898422708301,0.26791690898486387,0.23072725339312172
Dartmouth,NSS,Total Actual NSS per pupil,2024,16855.788550060548,2019,12639.408427480772,2014,10327.451414627209,2009,8471.660913952357,0.05926461633345448,0.05020865094306415,0.04693254538898328
Dartmouth,Enrollment,Foundation Enrollment,2024,3303.0,2019,3640.0,2014,3802.0,2009,4114.0,-0.019242951476952097,-0.013971095367187214,-0.01453103349646212
Dedham,Expenditure,Teachers,2024,9675.0,2019,7353.0,2014,6154.0,2009,5198.0,0.05642162229904302,0.04628343175800498,0.042287781275540004
Dedham,Expenditure,"Insurance, Retirement and Other",2024,3415.0,2019,3105.0,2014,2784.0,2009,2425.0,0.01921503299664673,0.02063897277080562,0.02308550346404159
Dedham,Expenditure,Pupil Services,2024,2702.0,2019,1674.0,2014,1167.0,2009,897.0,0.10048969002479136,0.08758059178496502,0.07628228834769146
Dedham,Expenditure,Other Teaching Services,2024,2411.0,2019,1801.0,2014,1268.0,2009,1229.0,0.06007526105736982,0.06636969807311632,0.04594702381070537
Dedham,Expenditure,Operations and Maintenance,2024,2309.0,2019,1891.0,2014,1258.0,2009,1262.0,0.04075014679390532,0.06261105340833129,0.041096465039429875
Dedham,Expenditure,Instructional Leadership,2024,1510.0,2019,1287.0,2014,911.0,2009,808.0,0.032475322088596936,0.05183073518288683,0.04256795590410212
Dedham,Expenditure,Administration,2024,901.0,2019,767.0,2014,989.0,2009,841.0,0.03272784150567354,-0.009275620949027119,0.004604809542604338
Dedham,Expenditure,"Guidance, Counseling and Testing",2024,1085.0,2019,816.0,2014,545.0,2009,468.0,0.05863906492427429,0.07128080552354299,0.05765881253809302
Dedham,Expenditure,Other,2024,1019.0,2019,811.0,2014,494.0,2009,435.0,0.046720345892428794,0.07508975552243635,0.05838983904573669
Dedham,Expenditure,Total PPE,2024,25027.0,2019,19505.0,2014,15570.0,2009,13563.0,0.051120649039891,0.04860522672605616,0.04168609929954781
Dedham,Enrollment,In-District FTE Pupils,2024,2674.0,2019,2676.2,2014,2748.9,2009,2843.2,-0.00016446631573241444,-0.0027587230084391567,-0.004081959378344102
Dedham,Enrollment,Out-of-District FTE Pupils,2024,131.0,2019,88.5,2014,105.8,2009,93.3,0.08159732621335647,0.021594539196354123,0.022883037603761425
Dedham,NSS,Ch70 Aid,2024,2765.0047449584818,2019,1979.309667673716,2014,1506.249941852151,2009,1436.9534866739687,0.06914455131786523,0.06262464421679592,0.044600456666685995
Dedham,NSS,Req NSS (minus Ch70),2024,10935.294978252274,2019,8775.94826283988,2014,9291.92799113737,2009,8493.948886454911,0.04497834252259203,0.01641827904187876,0.016985413552100814
Dedham,NSS,Actual NSS (minus Req NSS),2024,10720.632494859634,2019,7393.232629185264,2014,4315.691088627203,2009,3326.5695913650284,0.07715253385945386,0.09525944184804946,0.08113913042082288
Dedham,NSS,Total Actual NSS per pupil,2024,24420.93221807039,2019,18148.49055969886,2014,15113.869021616723,2009,13257.471964493909,0.06116848992030066,0.04915259314590559,0.0415659360638756
Dedham,Enrollment,Foundation Enrollment,2024,2529.0,2019,2648.0,2014,2708.0,2009,2739.0,-0.009153978956749853,-0.006815308459077629,-0.0053038130250467885
Deerfield,Expenditure,Teachers,2024,7753.0,2019,6035.0,2014,5034.0,2009,4147.0,0.05137707209079401,0.044132604137842035,0.042595189016429114
Deerfield,Expenditure,"Insurance, Retirement and Other",2024,3780.0,2019,2653.0,2014,1812.0,2009,1252.0,0.07337360126949077,0.07630005049241517,0.07644661909657291
Deerfield,Expenditure,Pupil Services,2024,2859.0,2019,1127.0,2014,772.0,2009,1191.0,0.20464213045209312,0.13988144824330861,0.06011625311935509
Deerfield,Expenditure,Other Teaching Services,2024,3766.0,2019,2948.0,2014,2682.0,2009,1438.0,0.05019650174756829,0.034527772905411425,0.06628858996194431
Deerfield,Expenditure,Operations and Maintenance,2024,2270.0,2019,1210.0,2014,921.0,2009,980.0,0.1340915050986169,0.0944013565488917,0.05759645260977986
Deerfield,Expenditure,Instructional Leadership,2024,1464.0,2019,1168.0,2014,675.0,2009,560.0,0.04621187890705891,0.08049741047687764,0.06616282791866457
Deerfield,Expenditure,Administration,2024,775.0,2019,474.0,2014,606.0,2009,669.0,0.10332808237373592,0.02490333858953897,0.0098534937262722
Deerfield,Expenditure,"Guidance, Counseling and Testing",2024,502.0,2019,345.0,2014,331.0,2009,236.0,0.07789615915447556,0.042527626345668645,0.05160533559092895
Deerfield,Expenditure,Other,2024,1213.0,2019,788.0,2014,539.0,2009,391.0,0.09010144837874234,0.0844941247574591,0.07839765853158176
Deerfield,Expenditure,Total PPE,2024,24382.0,2019,16748.0,2014,13372.0,2009,10864.0,0.07800624046348048,0.06190898608095785,0.05537136066616122
Deerfield,Enrollment,In-District FTE Pupils,2024,316.7,2019,395.5,2014,433.3,2009,488.1,-0.043466212600615006,-0.030861297519488184,-0.028425852088398984
Deerfield,Enrollment,Out-of-District FTE Pupils,2024,38.1,2019,36.2,2014,21.7,2009,17.6,0.01028354861953118,0.057904645405702615,0.05283622791030962
Deerfield,NSS,Ch70 Aid,2024,4117.626334519573,2019,3529.9776357827477,2014,3054.0494186046512,2009,2745.9007444168733,0.03127620153850885,0.030331760206309566,0.02737928905707787
Deerfield,NSS,Req NSS (minus Ch70),2024,10191.039145907473,2019,8276.041533546326,2014,7884.677325581395,2009,5174.665012406948,0.04250743663450374,0.025990771639698762,0.04621854821581639
Deerfield,NSS,Actual NSS (minus Req NSS),2024,9451.530696028472,2019,6855.42535287575,2014,3213.3915705926024,2009,2576.606947890818,0.06633471619801834,0.11391961090518188,0.09051153827839853
Deerfield,NSS,Total Actual NSS per pupil,2024,23760.196176455516,2019,18661.444522204823,2014,14152.118314778649,2009,10497.17270471464,0.04949639905915393,0.05318061577284494,0.05597064481164926
Deerfield,Enrollment,Foundation Enrollment,2024,281.0,2019,313.0,2014,344.0,2009,403.0,-0.02133874174888717,-0.020025471325696653,-0.023752162403676502
Dennis-Yarmouth,Expenditure,Teachers,2024,9638.0,2019,7488.0,2014,6882.0,2009,5136.0,0.05177832644908764,0.03425403846961372,0.04285547883007523
Dennis-Yarmouth,Expenditure,"Insurance, Retirement and Other",2024,3724.0,2019,3261.0,2014,2812.0,2009,2145.0,0.02690856160845989,0.028488489540594797,0.03746190440451813
Dennis-Yarmouth,Expenditure,Pupil Services,2024,2986.0,2019,1434.0,2014,2035.0,2009,1561.0,0.15799885617113896,0.039088501534500386,0.044189030922410666
Dennis-Yarmouth,Expenditure,Other Teaching Services,2024,1731.0,2019,1560.0,2014,1384.0,2009,1144.0,0.021020575199193647,0.022624275008355177,0.027995948162560902
Dennis-Yarmouth,Expenditure,Operations and Maintenance,2024,1706.0,2019,1463.0,2014,1362.0,2009,1170.0,0.03120958274220431,0.022775207320958835,0.02546193567139232
Dennis-Yarmouth,Expenditure,Instructional Leadership,2024,1453.0,2019,1261.0,2014,983.0,2009,734.0,0.02875060954682862,0.03985122947831221,0.04657728278994533
Dennis-Yarmouth,Expenditure,Administration,2024,543.0,2019,540.0,2014,443.0,2009,334.0,0.0011086501738886145,0.02056250929578196,0.03292841385163103
Dennis-Yarmouth,Expenditure,"Guidance, Counseling and Testing",2024,692.0,2019,532.0,2014,520.0,2009,320.0,0.05399582947363135,0.028987917092265558,0.05276250245781977
Dennis-Yarmouth,Expenditure,Other,2024,1553.0,2019,566.0,2014,621.0,2009,601.0,0.22368885578990083,0.09599351783205301,0.06533566287007475
Dennis-Yarmouth,Expenditure,Total PPE,2024,24026.0,2019,18105.0,2014,17042.0,2009,13145.0,0.058221519063333504,0.034942189073132734,0.041025558572716614
Dennis-Yarmouth,Enrollment,In-District FTE Pupils,2024,2976.8,2019,2956.0,2014,2965.3,2009,3394.3,0.0014033627861138598,0.0003871439489357975,-0.008711741349275437
Dennis-Yarmouth,Enrollment,Out-of-District FTE Pupils,2024,500.9,2019,566.7,2014,564.0,2009,409.6,-0.024382540430102684,-0.011794668194970659,0.013505412306442421
Dennis-Yarmouth,NSS,Ch70 Aid,2024,3640.237901966906,2019,2112.672145582624,2014,1889.794528355657,2009,1817.4549763033176,0.11496062930327478,0.06775476450288331,0.047396392512831786
Dennis-Yarmouth,NSS,Req NSS (minus Ch70),2024,11896.538557602247,2019,9248.10155562078,2014,8916.450270732403,2009,7241.753291205898,0.051655761031701664,0.029254708617157288,0.03364591527001437
Dennis-Yarmouth,NSS,Actual NSS (minus Req NSS),2024,5261.952844215356,2019,4695.15585559143,2014,2720.1219720718154,2009,1869.725645076356,0.02305595512320635,0.06820807666894502,0.07141553168384984
Dennis-Yarmouth,NSS,Total Actual NSS per pupil,2024,20798.72930378451,2019,16055.929556794836,2014,13526.366771159875,2009,10928.933912585571,0.05312584181457969,0.04396409999174833,0.04383198464931959
Dennis-Yarmouth,Enrollment,Foundation Enrollment,2024,3203.0,2019,3407.0,2014,3509.0,2009,3798.0,-0.012272919405797111,-0.00908282228264301,-0.011294844942814408
Dighton-Rehoboth,Expenditure,Teachers,2024,7356.0,2019,5914.0,2014,4969.0,2009,3985.0,0.04460495145991805,0.04000941855191242,0.04171174241247377
Dighton-Rehoboth,Expenditure,"Insurance, Retirement and Other",2024,2651.0,2019,2571.0,2014,1864.0,2009,1529.0,0.006147216866563721,0.035848835078139185,0.0373695186157752
Dighton-Rehoboth,Expenditure,Pupil Services,2024,2036.0,2019,1408.0,2014,1159.0,2009,882.0,0.07655202889864987,0.05796045269592587,0.057354486914830805
Dighton-Rehoboth,Expenditure,Other Teaching Services,2024,1930.0,2019,1087.0,2014,1059.0,2009,883.0,0.12167115842007048,0.06185724579560681,0.053512695970987956
Dighton-Rehoboth,Expenditure,Operations and Maintenance,2024,1595.0,2019,971.0,2014,957.0,2009,967.0,0.1043539566592182,0.05240977914892553,0.03392478809155364
Dighton-Rehoboth,Expenditure,Instructional Leadership,2024,977.0,2019,890.0,2014,678.0,2009,542.0,0.018828092513775596,0.03720950258767308,0.040063092009411605
Dighton-Rehoboth,Expenditure,Administration,2024,562.0,2019,379.0,2014,413.0,2009,303.0,0.0819804684943628,0.03128482283401901,0.04204445228029852
Dighton-Rehoboth,Expenditure,"Guidance, Counseling and Testing",2024,543.0,2019,477.0,2014,379.0,2009,347.0,0.026257372631746767,0.036611594136967796,0.030302349804716133
Dighton-Rehoboth,Expenditure,Other,2024,555.0,2019,443.0,2014,374.0,2009,338.0,0.04611119895030669,0.04026057185677523,0.03361408514028841
Dighton-Rehoboth,Expenditure,Total PPE,2024,18205.0,2019,14140.0,2014,11852.0,2009,9776.0,0.05183654233210144,0.04385434682464462,0.04232214791173683
Dighton-Rehoboth,Enrollment,In-District FTE Pupils,2024,2584.9,2019,2913.5,2014,2980.7,2009,3308.5,-0.02364951839186069,-0.014146124820149875,-0.01631924721550715
Dighton-Rehoboth,Enrollment,Out-of-District FTE Pupils,2024,98.7,2019,77.9,2014,44.5,2009,20.8,0.048469832313319694,0.08291835322543117,0.1093883166112084
Dighton-Rehoboth,NSS,Ch70 Aid,2024,5179.614280170741,2019,4450.216459197787,2014,4173.1798585382285,2009,3991.1791679319767,0.030820998376687836,0.021840311811513802,0.017528103544170115
Dighton-Rehoboth,NSS,Req NSS (minus Ch70),2024,8731.907256499806,2019,6542.913900414937,2014,6041.196025597845,2009,4095.150015183723,0.05941857147029772,0.03752511573785067,0.05177445801677294
Dighton-Rehoboth,NSS,Actual NSS (minus Req NSS),2024,2442.605208400317,2019,2339.492251037343,2014,867.3678006062647,2009,822.383844518676,0.008663565120698546,0.1090854256112952,0.07527260318468199
Dighton-Rehoboth,NSS,Total Actual NSS per pupil,2024,16354.126745070864,2019,13332.622610650069,2014,11081.743684742338,2009,8908.713027634376,0.04169925746413239,0.039685353285890956,0.04132787165559204
Dighton-Rehoboth,Enrollment,Foundation Enrollment,2024,2577.0,2019,2892.0,2014,2969.0,2009,3293.0,-0.022800522730237693,-0.014060146168657028,-0.016212018841349374
Douglas,Expenditure,Teachers,2024,6917.0,2019,5308.0,2014,4187.0,2009,3616.0,0.05438051683297784,0.05148112584694453,0.044189424199215344
Douglas,Expenditure,"Insurance, Retirement and Other",2024,2565.0,2019,2218.0,2014,1485.0,2009,1195.0,0.029497189935409063,0.056175506315376156,0.052239573180919985
Douglas,Expenditure,Pupil Services,2024,2339.0,2019,1859.0,2014,951.0,2009,828.0,0.0470084010404066,0.09417042171871848,0.07168378324022395
Douglas,Expenditure,Other Teaching Services,2024,1849.0,2019,1707.0,2014,949.0,2009,730.0,0.016109888945521122,0.06897382183055045,0.0639166447848436
Douglas,Expenditure,Operations and Maintenance,2024,1902.0,2019,1349.0,2014,833.0,2009,804.0,0.07112390678078784,0.08606683295654838,0.05908373311953019
Douglas,Expenditure,Instructional Leadership,2024,1173.0,2019,856.0,2014,640.0,2009,505.0,0.06503737719399938,0.06245808032885436,0.05779239970835137
Douglas,Expenditure,Administration,2024,709.0,2019,495.0,2014,496.0,2009,465.0,0.0745044223204332,0.03637387297023764,0.02852034182490426
Douglas,Expenditure,"Guidance, Counseling and Testing",2024,663.0,2019,460.0,2014,286.0,2009,212.0,0.07584855117876321,0.0877140779952581,0.0789761487077818
Douglas,Expenditure,Other,2024,457.0,2019,355.0,2014,266.0,2009,137.0,0.05181066331883555,0.05560990428125279,0.0836267288864947
Douglas,Expenditure,Total PPE,2024,18574.0,2019,14607.0,2014,10093.0,2009,8492.0,0.04922560969652601,0.06289047895891398,0.05356102720051181
Douglas,Enrollment,In-District FTE Pupils,2024,1130.0,2019,1275.7,2014,1595.7,2009,1771.5,-0.023963682753291415,-0.03392082639156613,-0.029529170656692805
Douglas,Enrollment,Out-of-District FTE Pupils,2024,76.6,2019,89.7,2014,71.6,2009,46.7,-0.031081461735381843,0.006773034228890973,0.03354040443715478
Douglas,NSS,Ch70 Aid,2024,7886.506183745583,2019,6793.438473520249,2014,5482.982569399613,2009,5079.487405541562,0.030288851229513636,0.037019154725542514,0.029763871096991634
Douglas,NSS,Req NSS (minus Ch70),2024,7468.8922261484095,2019,5366.612149532711,2014,3856.286636539703,2009,2630.2745591939547,0.0683442001464114,0.06833803032981445,0.07205485322643201
Douglas,NSS,Actual NSS (minus Req NSS),2024,906.4099404782933,2019,886.381713395638,2014,118.71788250484184,2009,158.7992880758325,0.004478798180386656,0.22540839651025135,0.12313442924700913
Douglas,NSS,Total Actual NSS per pupil,2024,16261.808350372286,2019,13046.432336448599,2014,9457.987088444157,2009,7868.56125281135,0.04504601723280488,0.05569146928027635,0.049586494736175935
Douglas,Enrollment,Foundation Enrollment,2024,1132.0,2019,1284.0,2014,1549.0,2009,1588.0,-0.024884004285783412,-0.030875660673956973,-0.022313252046173737
Dover,Expenditure,Teachers,2024,8861.0,2019,7530.0,2014,7688.0,2009,5274.0,0.033088559283990904,0.0143011927565464,0.035196609081423524
Dover,Expenditure,"Insurance, Retirement and Other",2024,4183.0,2019,3224.0,2014,2563.0,2009,2140.0,0.053461252246223445,0.050204623291134176,0.0456947784209456
Dover,Expenditure,Pupil Services,2024,1288.0,2019,945.0,2014,1368.0,2009,707.0,0.06389020609439,-0.006007799714697559,0.04079795431136923
Dover,Expenditure,Other Teaching Services,2024,2684.0,2019,2237.0,2014,1355.0,2009,1326.0,0.03710637891757451,0.07074072623632777,0.04813188434628235
Dover,Expenditure,Operations and Maintenance,2024,1547.0,2019,1617.0,2014,1397.0,2009,1267.0,-0.008811946994028541,0.010251236703511912,0.013400031034148663
Dover,Expenditure,Instructional Leadership,2024,1312.0,2019,1256.0,2014,900.0,2009,892.0,0.008762290577094989,0.0384106474450423,0.026056475035808324
Dover,Expenditure,Administration,2024,1636.0,2019,1208.0,2014,1295.0,2009,916.0,0.06253506936571873,0.02364967548913599,0.03942347674983204
Dover,Expenditure,"Guidance, Counseling and Testing",2024,487.0,2019,350.0,2014,378.0,2009,328.0,0.06829742940634742,0.02566070250875807,0.0267002659055271
Dover,Expenditure,Other,2024,653.0,2019,527.0,2014,576.0,2009,369.0,0.04380774076582927,0.012625990033350076,0.0387852819107235
Dover,Expenditure,Total PPE,2024,22651.0,2019,18894.0,2014,17520.0,2009,13219.0,0.03693777014521227,0.026018821944706838,0.03655555920620057
Dover,Enrollment,In-District FTE Pupils,2024,508.7,2019,500.7,2014,508.3,2009,592.7,0.00317529710811959,7.866583158055995e-05,-0.010136932553893252
Dover,Enrollment,Out-of-District FTE Pupils,2024,9.0,2019,9.2,2014,18.4,2009,9.5,-0.004386134037936307,-0.06901546100984768,-0.0035979930729195253
Dover,NSS,Ch70 Aid,2024,2065.494,2019,1664.0840163934427,2014,1197.2335216572505,2009,1084.3060200668897,0.04416645692272869,0.0560500633474188,0.04389817401114571
Dover,NSS,Req NSS (minus Ch70),2024,9737.322,2019,7844.963114754099,2014,8096.804143126177,2009,7535.520066889632,0.0441664267510653,0.018620916443413682,0.017236074813194335
Dover,NSS,Actual NSS (minus Req NSS),2024,13129.6142,2019,12061.815450819671,2014,8658.073446327684,2009,5889.299331103679,0.017109842866103397,0.042516818354431773,0.05490306889737373
Dover,NSS,Total Actual NSS per pupil,2024,24932.430200000003,2019,21570.862581967212,2014,17952.11111111111,2009,14509.1254180602,0.029388755524825116,0.03339155574654318,0.03675202380112097
Dover,Enrollment,Foundation Enrollment,2024,500.0,2019,488.0,2014,531.0,2009,598.0,0.00487036034991517,-0.005997336033103484,-0.011861270912503219
Dover-Sherborn,Expenditure,Teachers,2024,10741.0,2019,8835.0,2014,8008.0,2009,7150.0,0.03984266470254383,0.029798050209826732,0.027501769156928146
Dover-Sherborn,Expenditure,"Insurance, Retirement and Other",2024,3990.0,2019,3362.0,2014,2481.0,2009,2197.0,0.034844360605443825,0.048659783924181355,0.04058171261385701
Dover-Sherborn,Expenditure,Pupil Services,2024,2864.0,2019,2263.0,2014,1935.0,2009,1680.0,0.04823267196343339,0.039990098319856004,0.036201576731818896
Dover-Sherborn,Expenditure,Other Teaching Services,2024,1526.0,2019,1229.0,2014,696.0,2009,694.0,0.04424049325447865,0.0816693639822339,0.05393300283113289
Dover-Sherborn,Expenditure,Operations and Maintenance,2024,2162.0,2019,2145.0,2014,1596.0,2009,1599.0,0.0015800803809975505,0.03081868055659731,0.02031392786198838
Dover-Sherborn,Expenditure,Instructional Leadership,2024,1401.0,2019,1240.0,2014,906.0,2009,805.0,0.024715463581611807,0.0445542339525391,0.03763071055187073
Dover-Sherborn,Expenditure,Administration,2024,650.0,2019,454.0,2014,753.0,2009,920.0,0.0744136092346308,-0.014601633416159276,-0.022893950864337542
Dover-Sherborn,Expenditure,"Guidance, Counseling and Testing",2024,1276.0,2019,805.0,2014,626.0,2009,528.0,0.09650586455977939,0.07381046989540452,0.06059062394043213
Dover-Sherborn,Expenditure,Other,2024,708.0,2019,627.0,2014,480.0,2009,663.0,0.02459714965815385,0.039630954752501335,0.004387537414386022
Dover-Sherborn,Expenditure,Total PPE,2024,25318.0,2019,20960.0,2014,17481.0,2009,16236.0,0.03850268433730397,0.03773463610828509,0.030061978517536003
Dover-Sherborn,Enrollment,In-District FTE Pupils,2024,1124.0,2019,1181.2,2014,1163.1,2009,1100.8,-0.009878309670981689,-0.0034136704222182956,0.0013914046581113837
Dover-Sherborn,Enrollment,Out-of-District FTE Pupils,2024,28.5,2019,33.4,2014,36.4,2009,32.5,-0.031232237057086887,-0.02416959080389136,-0.008717513665252974
Dover-Sherborn,NSS,Ch70 Aid,2024,2232.977291841884,2019,1784.78413736713,2014,1191.9884009942004,2009,1331.0702997275203,0.0458266919018937,0.06478329177744535,0.035091846349226685
Dover-Sherborn,NSS,Req NSS (minus Ch70),2024,10450.618166526492,2019,8376.717089125103,2014,8525.589892294945,2009,7706.586739327884,0.04523423624719247,0.0205675473263911,0.020513280087523622
Dover-Sherborn,NSS,Actual NSS (minus Req NSS),2024,8484.54164844407,2019,7542.296450613254,2014,4899.517812758906,2009,4876.5427792915525,0.02382317874326012,0.0564464899187993,0.03761065592683921
Dover-Sherborn,NSS,Total Actual NSS per pupil,2024,21168.137106812446,2019,17703.79767710549,2014,14617.096106048051,2009,13914.199818346957,0.03639006331548944,0.03772469945335688,0.028367383092601228
Dover-Sherborn,Enrollment,Foundation Enrollment,2024,1189.0,2019,1223.0,2014,1207.0,2009,1101.0,-0.0056229793376501025,-0.0015014042039488418,0.005139412367930696
Dracut,Expenditure,Teachers,2024,5774.0,2019,4487.0,2014,3816.0,2009,3648.0,0.0517297091625446,0.042285848791395075,0.031085778197800895
Dracut,Expenditure,"Insurance, Retirement and Other",2024,3201.0,2019,2473.0,2014,2364.0,2009,1745.0,0.05296106218869556,0.030774865638277582,0.0412763778240004
Dracut,Expenditure,Pupil Services,2024,1891.0,2019,1347.0,2014,946.0,2009,926.0,0.07019960568975359,0.0717168014124927,0.04875015046229225
Dracut,Expenditure,Other Teaching Services,2024,1227.0,2019,816.0,2014,850.0,2009,567.0,0.08500285459203294,0.037391209719106255,0.05281185579841563
Dracut,Expenditure,Operations and Maintenance,2024,1283.0,2019,1121.0,2014,957.0,2009,1043.0,0.027363681289275466,0.029749220461231074,0.013902412744802417
Dracut,Expenditure,Instructional Leadership,2024,711.0,2019,516.0,2014,398.0,2009,447.0,0.06621301567096305,0.059738354684530925,0.03142456794278958
Dracut,Expenditure,Administration,2024,650.0,2019,379.0,2014,380.0,2009,260.0,0.11392212304500249,0.05514701825660917,0.06299037928953943
Dracut,Expenditure,"Guidance, Counseling and Testing",2024,419.0,2019,257.0,2014,187.0,2009,191.0,0.10269696672225037,0.08401986696365515,0.0537689000093704
Dracut,Expenditure,Other,2024,537.0,2019,304.0,2014,211.0,2009,322.0,0.1205213618208909,0.09791617421146692,0.03468438335853352
Dracut,Expenditure,Total PPE,2024,15693.0,2019,11700.0,2014,10109.0,2009,9149.0,0.06048376092960006,0.044960268049261565,0.03662614115341456
Dracut,Enrollment,In-District FTE Pupils,2024,3588.6,2019,3661.9,2014,3793.4,2009,4184.1,-0.004035830876408131,-0.005534682919897782,-0.010183095773377837
Dracut,Enrollment,Out-of-District FTE Pupils,2024,372.2,2019,393.9,2014,223.9,2009,107.6,-0.011269166983588041,0.05213684016661002,0.08625287730035835
Dracut,NSS,Ch70 Aid,2024,6966.703333333333,2019,5026.625944256317,2014,4670.567126725219,2009,4170.171017964072,0.06745641064618124,0.04079637246084289,0.03480431285040808
Dracut,NSS,Req NSS (minus Ch70),2024,7025.6727187360975,2019,5710.690544412608,2014,4814.384569300278,2009,3842.662994011976,0.0423170876403689,0.03851963886395726,0.04104708983564054
Dracut,NSS,Actual NSS (minus Req NSS),2024,-194.45982487327586,2019,338.4832038344482,2014,28.676956703922382,2009,-0.17062278887825813,-0.31490072338619557,-0.7781048173311849,0.5987707358388192
Dracut,NSS,Total Actual NSS per pupil,2024,13797.916227196154,2019,11075.799692503373,2014,9513.62865272942,2009,8012.663389187171,0.0449311650503863,0.03787901462758492,0.0368973718196306
Dracut,Enrollment,Foundation Enrollment,2024,3900.0,2019,3839.0,2014,3985.0,2009,4175.0,0.0031579031270265734,-0.002153753248569923,-0.00453221870331566
Dudley Street Neighborhood Charter School (District),Expenditure,Teachers,2024,6695.0,2019,6951.0,2014,,2009,,-0.007476819469249607,,
Dudley Street Neighborhood Charter School (District),Expenditure,"Insurance, Retirement and Other",2024,3485.0,2019,3584.0,2014,,2009,,-0.005586626616668533,,
Dudley Street Neighborhood Charter School (District),Expenditure,Pupil Services,2024,2407.0,2019,2031.0,2014,,2009,,0.03455416477279716,,
Dudley Street Neighborhood Charter School (District),Expenditure,Other Teaching Services,2024,4338.0,2019,862.0,2014,,2009,,0.38151770923499173,,
Dudley Street Neighborhood Charter School (District),Expenditure,Operations and Maintenance,2024,1045.0,2019,623.0,2014,,2009,,0.10898494071850151,,
Dudley Street Neighborhood Charter School (District),Expenditure,Instructional Leadership,2024,1191.0,2019,1179.0,2014,,2009,,0.0020273861373596436,,
Dudley Street Neighborhood Charter School (District),Expenditure,Administration,2024,1511.0,2019,4142.0,2014,,2009,,-0.18264471716514397,,
Dudley Street Neighborhood Charter School (District),Expenditure,"Guidance, Counseling and Testing",2024,128.0,2019,384.0,2014,,2009,,-0.1972584382397693,,
Dudley Street Neighborhood Charter School (District),Expenditure,Other,2024,293.0,2019,725.0,2014,,2009,,-0.16573135248281645,,
Dudley Street Neighborhood Charter School (District),Expenditure,Total PPE,2024,21093.0,2019,20481.0,2014,,2009,,0.005906093557485725,,
Dudley Street Neighborhood Charter School (District),Enrollment,In-District FTE Pupils,2024,333.3,2019,527.5,2014,,2009,,-0.0877317295857829,,
Dudley Street Neighborhood Charter School (District),Enrollment,Out-of-District FTE Pupils,2024,0.0,2019,0.0,2014,,2009,,,,
Dudley-Charlton Reg,Expenditure,Teachers,2024,6488.0,2019,5347.0,2014,4427.0,2009,3964.0,0.0394416896910883,0.03896312050713768,0.03339212189005303
Dudley-Charlton Reg,Expenditure,"Insurance, Retirement and Other",2024,2722.0,2019,2209.0,2014,1694.0,2009,1433.0,0.04264984018865858,0.048570104466495234,0.04370106998266832
Dudley-Charlton Reg,Expenditure,Pupil Services,2024,2216.0,2019,1514.0,2014,1197.0,2009,1079.0,0.07916729734955963,0.06352465069781887,0.0491475096587195
Dudley-Charlton Reg,Expenditure,Other Teaching Services,2024,1653.0,2019,1112.0,2014,877.0,2009,846.0,0.08251422815697285,0.06543589930481897,0.045667233425705334
Dudley-Charlton Reg,Expenditure,Operations and Maintenance,2024,1459.0,2019,996.0,2014,864.0,2009,792.0,0.07934228277103039,0.053790198840224956,0.041570507140370916
Dudley-Charlton Reg,Expenditure,Instructional Leadership,2024,800.0,2019,640.0,2014,644.0,2009,581.0,0.04563955259127317,0.021928266676660035,0.021553047305953532
Dudley-Charlton Reg,Expenditure,Administration,2024,295.0,2019,248.0,2014,211.0,2009,175.0,0.03531872071754272,0.03407956543203228,0.035425678247475556
Dudley-Charlton Reg,Expenditure,"Guidance, Counseling and Testing",2024,604.0,2019,352.0,2014,296.0,2009,241.0,0.11403505029133809,0.07392641018798751,0.06316660457544665
Dudley-Charlton Reg,Expenditure,Other,2024,429.0,2019,382.0,2014,502.0,2009,283.0,0.023478645862558434,-0.015591494364455283,0.028122169007615883
Dudley-Charlton Reg,Expenditure,Total PPE,2024,16666.0,2019,12800.0,2014,10712.0,2009,9394.0,0.05420308202980584,0.045192010618723355,0.03895974622087328
Dudley-Charlton Reg,Enrollment,In-District FTE Pupils,2024,3478.1,2019,3817.9,2014,4046.0,2009,4374.4,-0.01847016964830417,-0.01501045995199679,-0.015169315661538119
Dudley-Charlton Reg,Enrollment,Out-of-District FTE Pupils,2024,90.2,2019,99.5,2014,92.2,2009,79.1,-0.019434314176905665,-0.002190667327604534,0.008792868970425527
Duxbury,Expenditure,Teachers,2024,8180.0,2019,6336.0,2014,5316.0,2009,4544.0,0.05241644812655233,0.04403926716106321,0.03997044860468657
Duxbury,Expenditure,"Insurance, Retirement and Other",2024,3082.0,2019,2524.0,2014,2050.0,2009,1699.0,0.040755361282199365,0.04161656355343646,0.04050127575331275
Duxbury,Expenditure,Pupil Services,2024,2768.0,2019,2223.0,2014,1148.0,2009,1085.0,0.04482925586969433,0.09199945035623425,0.06442669186359651
Duxbury,Expenditure,Other Teaching Services,2024,1260.0,2019,861.0,2014,730.0,2009,577.0,0.07912928578583145,0.05609933340046935,0.053447706927849836
Duxbury,Expenditure,Operations and Maintenance,2024,1463.0,2019,1043.0,2014,848.0,2009,763.0,0.0700202667730927,0.05605089117436712,0.04435460454566864
Duxbury,Expenditure,Instructional Leadership,2024,1349.0,2019,1022.0,2014,774.0,2009,596.0,0.0570905995647597,0.057126838491613485,0.05596870131948628
Duxbury,Expenditure,Administration,2024,618.0,2019,580.0,2014,486.0,2009,386.0,0.012772956955927173,0.02431898137199573,0.031874178119390084
Duxbury,Expenditure,"Guidance, Counseling and Testing",2024,749.0,2019,541.0,2014,366.0,2009,264.0,0.06722726171065174,0.07423691715267622,0.07199277764886003
Duxbury,Expenditure,Other,2024,647.0,2019,807.0,2014,472.0,2009,280.0,-0.043233084584601844,0.032039282622411625,0.05742542859352162
Duxbury,Expenditure,Total PPE,2024,20116.0,2019,15937.0,2014,12190.0,2009,10194.0,0.04767603760406436,0.051365670330143054,0.046356797169138986
Duxbury,Enrollment,In-District FTE Pupils,2024,2739.8,2019,2999.9,2014,3235.8,2009,3351.6,-0.017975287974425824,-0.01650146108884698,-0.013346989609261173
Duxbury,Enrollment,Out-of-District FTE Pupils,2024,46.5,2019,47.5,2014,41.0,2009,35.2,-0.004246437965933825,0.012667587265570823,0.018733730447590524
Duxbury,NSS,Ch70 Aid,2024,2444.6713081714915,2019,1749.2091242091242,2014,1469.2507896552681,2009,1320.4035888077858,0.0692413566923129,0.05223429938476487,0.04191970592588423
Duxbury,NSS,Req NSS (minus Ch70),2024,9889.154635397581,2019,8246.270396270396,2014,7911.828943192637,2009,6859.332420924574,0.03700373198077078,0.022558652462351114,0.024688403238961154
Duxbury,NSS,Actual NSS (minus Req NSS),2024,5375.0420043972135,2019,3760.2831277462283,2014,1674.6854133841416,2009,815.1969604182551,0.07406920087027169,0.12368572176346748,0.13398668199551822
Duxbury,NSS,Total Actual NSS per pupil,2024,17708.867947966286,2019,13755.76264822575,2014,11055.765146232046,2009,8994.932970150616,0.051819517225137,0.04823872433277798,0.04619552459852283
Duxbury,Enrollment,Foundation Enrollment,2024,2729.0,2019,3003.0,2014,3151.0,2009,3288.0,-0.01895339162032572,-0.014275585677145264,-0.01234610274818071
East Bridgewater,Expenditure,Teachers,2024,6591.0,2019,5091.0,2014,3880.0,2009,3849.0,0.053003083481499624,0.05441593007718293,0.03651015183223394
East Bridgewater,Expenditure,"Insurance, Retirement and Other",2024,2475.0,2019,1771.0,2014,1632.0,2009,2493.0,0.06923047494522994,0.042522663421821205,-0.0004829772303142077
East Bridgewater,Expenditure,Pupil Services,2024,2173.0,2019,1258.0,2014,1076.0,2009,1081.0,0.11551603398735377,0.07281477359634181,0.047648516027352095
East Bridgewater,Expenditure,Other Teaching Services,2024,1371.0,2019,915.0,2014,674.0,2009,384.0,0.08423462449423802,0.07358826521860062,0.08854674130873885
East Bridgewater,Expenditure,Operations and Maintenance,2024,1689.0,2019,1099.0,2014,486.0,2009,661.0,0.0897487798560701,0.1326594116304094,0.06453974183992872
East Bridgewater,Expenditure,Instructional Leadership,2024,881.0,2019,707.0,2014,541.0,2009,496.0,0.04498798945676974,0.04997235443046266,0.0390416313097417
East Bridgewater,Expenditure,Administration,2024,672.0,2019,550.0,2014,445.0,2009,361.0,0.040881564700125717,0.04207967697581716,0.042295360784665226
East Bridgewater,Expenditure,"Guidance, Counseling and Testing",2024,993.0,2019,665.0,2014,334.0,2009,297.0,0.08349152997077303,0.11511659294266385,0.08379261306072361
East Bridgewater,Expenditure,Other,2024,749.0,2019,341.0,2014,284.0,2009,281.0,0.17043011539151665,0.10183445214892717,0.06754215444123313
East Bridgewater,Expenditure,Total PPE,2024,17594.0,2019,12397.0,2014,9352.0,2009,9903.0,0.07253036673893032,0.0652364263175167,0.03905815179294314
East Bridgewater,Enrollment,In-District FTE Pupils,2024,2010.8,2019,2251.7,2014,2290.1,2009,2412.9,-0.022376416254080822,-0.012922066997267279,-0.012079561901586433
East Bridgewater,Enrollment,Out-of-District FTE Pupils,2024,96.1,2019,81.5,2014,75.8,2009,75.9,0.03350636535250984,0.02401287761361992,0.0158559003890133
East Longmeadow,Expenditure,Teachers,2024,6867.0,2019,5956.0,2014,5248.0,2009,4382.0,0.028874661142836322,0.027252772570283135,0.0304010951746847
East Longmeadow,Expenditure,"Insurance, Retirement and Other",2024,3280.0,2019,2518.0,2014,1685.0,2009,1223.0,0.05429858487100514,0.06887616760248072,0.06798009676807348
East Longmeadow,Expenditure,Pupil Services,2024,1993.0,2019,1562.0,2014,1075.0,2009,876.0,0.04994186709217496,0.0636772814078661,0.05633145648885596
East Longmeadow,Expenditure,Other Teaching Services,2024,2392.0,2019,1580.0,2014,1397.0,2009,1027.0,0.08647770209313,0.05525271189139347,0.05798468757808739
East Longmeadow,Expenditure,Operations and Maintenance,2024,1728.0,2019,908.0,2014,770.0,2009,761.0,0.13734331141991563,0.0841897604380335,0.056194590308270786
East Longmeadow,Expenditure,Instructional Leadership,2024,774.0,2019,743.0,2014,676.0,2009,512.0,0.008208673690796031,0.01362993177614702,0.027932821919161688
East Longmeadow,Expenditure,Administration,2024,626.0,2019,645.0,2014,546.0,2009,384.0,-0.005962144591867613,0.013767044411278295,0.03311707765699068
East Longmeadow,Expenditure,"Guidance, Counseling and Testing",2024,698.0,2019,567.0,2014,447.0,2009,349.0,0.042448173521823396,0.04557403544679661,0.04729412282062673
East Longmeadow,Expenditure,Other,2024,1086.0,2019,671.0,2014,569.0,2009,410.0,0.10108655847760173,0.06677236310220169,0.06709494986799203
East Longmeadow,Expenditure,Total PPE,2024,19444.0,2019,15150.0,2014,12413.0,2009,9924.0,0.051173964933872496,0.04590174046988915,0.045859286811803734
East Longmeadow,Enrollment,In-District FTE Pupils,2024,2502.7,2019,2637.8,2014,2692.7,2009,2846.9,-0.01045992792528705,-0.0072907186821487,-0.008553907616181133
East Longmeadow,Enrollment,Out-of-District FTE Pupils,2024,97.1,2019,90.0,2014,83.8,2009,101.8,0.015302239417558594,0.014839870284103274,-0.003146288615514581
Eastham,Expenditure,Teachers,2024,10724.0,2019,11018.0,2014,8884.0,2009,6398.0,-0.005394612270888111,0.019001505261355023,0.035032939612113845
Eastham,Expenditure,"Insurance, Retirement and Other",2024,4963.0,2019,4923.0,2014,4105.0,2009,2366.0,0.0016197695777377952,0.019161739475551887,0.050627189038160436
Eastham,Expenditure,Pupil Services,2024,2581.0,2019,1857.0,2014,1419.0,2009,905.0,0.06805894148676161,0.061648036597125255,0.07236499352638015
Eastham,Expenditure,Other Teaching Services,2024,3777.0,2019,3835.0,2014,3432.0,2009,2635.0,-0.0030432381522800256,0.009624708652694158,0.0242935178971857
Eastham,Expenditure,Operations and Maintenance,2024,2721.0,2019,1891.0,2014,1498.0,2009,2215.0,0.07549254067977573,0.06150409241885346,0.013810972785961884
Eastham,Expenditure,Instructional Leadership,2024,2016.0,2019,1797.0,2014,1309.0,2009,858.0,0.02326587287039472,0.04413123577765754,0.05860404548835407
Eastham,Expenditure,Administration,2024,1820.0,2019,1066.0,2014,951.0,2009,1698.0,0.11291715445268014,0.06706060671613234,0.004636409251907558
Eastham,Expenditure,"Guidance, Counseling and Testing",2024,1107.0,2019,573.0,2014,405.0,2009,362.0,0.1407713349319677,0.1057813471231912,0.07736435674406028
Eastham,Expenditure,Other,2024,1078.0,2019,669.0,2014,805.0,2009,840.0,0.10011612043883944,0.0296326080567213,0.016769784287075984
Eastham,Expenditure,Total PPE,2024,30787.0,2019,27629.0,2014,22808.0,2009,18277.0,0.021881274680032314,0.030452593748270695,0.035374577921931216
Eastham,Enrollment,In-District FTE Pupils,2024,179.4,2019,170.1,2014,204.6,2009,220.4,0.010703163441470043,-0.013057886682131481,-0.01362802787332007
Eastham,Enrollment,Out-of-District FTE Pupils,2024,37.0,2019,18.3,2014,13.7,2009,14.7,0.15119826625766875,0.10445522900916338,0.0634709373518032
Eastham,NSS,Ch70 Aid,2024,2572.776649746193,2019,2080.1791907514453,2014,1570.5047619047618,2009,1389.9412244897958,0.043422668469002446,0.05059730591663003,0.04190241171640907
Eastham,NSS,Req NSS (minus Ch70),2024,12128.807106598984,2019,8512.092485549132,2014,8655.233333333334,2009,8405.14693877551,0.0733870493044464,0.03431763848856728,0.02475060943028118
Eastham,NSS,Actual NSS (minus Req NSS),2024,11090.43104111675,2019,15124.8949132948,2014,10687.261904761905,2009,6541.928163265306,-0.06016587078549751,0.0037098758224400896,0.03581654495429598
Eastham,NSS,Total Actual NSS per pupil,2024,25792.014797461925,2019,25717.166589595377,2014,20913.0,2009,16337.016326530611,0.0005814110434390063,0.02119079913388755,0.030910196327758044
Eastham,Enrollment,Foundation Enrollment,2024,197.0,2019,173.0,2014,210.0,2009,245.0,0.026322912586467906,-0.006370005142962931,-0.014431813916220393
Easthampton,Expenditure,Teachers,2024,6238.0,2019,5192.0,2014,4605.0,2009,4561.0,0.03739019124430154,0.030817003239589802,0.021093911319051584
Easthampton,Expenditure,"Insurance, Retirement and Other",2024,3297.0,2019,2758.0,2014,2238.0,2009,1988.0,0.03634638555216152,0.039503333790011474,0.03430074571890862
Easthampton,Expenditure,Pupil Services,2024,1873.0,2019,1264.0,2014,801.0,2009,953.0,0.0818278081262187,0.08865563815622757,0.0460754063578841
Easthampton,Expenditure,Other Teaching Services,2024,1732.0,2019,1109.0,2014,796.0,2009,641.0,0.09325952120327718,0.0808451596466333,0.0685118031112315
Easthampton,Expenditure,Operations and Maintenance,2024,1117.0,2019,1070.0,2014,1080.0,2009,1085.0,0.008634639612478567,0.0033742278284727423,0.001939647560369906
Easthampton,Expenditure,Instructional Leadership,2024,1203.0,2019,816.0,2014,739.0,2009,628.0,0.08072474061334534,0.049934288156174844,0.044288267839678985
Easthampton,Expenditure,Administration,2024,644.0,2019,577.0,2014,592.0,2009,467.0,0.022214438234567258,0.00845475033610743,0.021655786494593876
Easthampton,Expenditure,"Guidance, Counseling and Testing",2024,595.0,2019,416.0,2014,355.0,2009,422.0,0.0741989586362759,0.05300118826397804,0.023168044071616878
Easthampton,Expenditure,Other,2024,672.0,2019,418.0,2014,401.0,2009,336.0,0.09960979120167313,0.052985740549369664,0.04729412282062673
Easthampton,Expenditure,Total PPE,2024,17371.0,2019,13620.0,2014,11607.0,2009,11081.0,0.049855535724736555,0.04114323983683432,0.030425009735855824
Easthampton,Enrollment,In-District FTE Pupils,2024,1403.7,2019,1566.1,2014,1563.9,2009,1655.1,-0.021657405326571233,-0.010748922383257642,-0.010923225039022322
Easthampton,Enrollment,Out-of-District FTE Pupils,2024,308.0,2019,333.4,2014,309.8,2009,312.0,-0.015723708668304526,-0.0005825447557972208,-0.0008598570998946675
Easthampton,NSS,Ch70 Aid,2024,5445.928346951603,2019,4649.01048951049,2014,4184.603701687534,2009,4314.391856160762,0.03214872250626355,0.02669573709008244,0.015648634659339855
Easthampton,NSS,Req NSS (minus Ch70),2024,8733.213702074167,2019,7070.134615384615,2014,5964.525857376157,2009,4175.682707562137,0.04315604939206241,0.038866677596946175,0.05042030064454339
Easthampton,NSS,Actual NSS (minus Req NSS),2024,1307.9631103409827,2019,1308.2626823311464,2014,426.59319822971037,2009,1428.832538301733,-4.580111271657028e-05,0.11855709498388634,-0.0058751172366019455
Easthampton,NSS,Total Actual NSS per pupil,2024,15487.105159366753,2019,13027.407787226251,2014,10575.7227572934,2009,9918.90710202463,0.03519567270730661,0.03888151533854911,0.030149908510710643
Easthampton,Enrollment,Foundation Enrollment,2024,1591.0,2019,1716.0,2014,1837.0,2009,1891.0,-0.015012817260603661,-0.01427424862272808,-0.01145014504676467
Easton,Expenditure,Teachers,2024,7318.0,2019,5899.0,2014,4915.0,2009,4172.0,0.044053615845083494,0.04060734814555089,0.038173343746973565
Easton,Expenditure,"Insurance, Retirement and Other",2024,2696.0,2019,2022.0,2014,1740.0,2009,1477.0,0.059223841048812176,0.044761268354474915,0.04093263872308772
Easton,Expenditure,Pupil Services,2024,478.0,2019,1262.0,2014,1040.0,2009,850.0,-0.17648083920289137,-0.07479183723853688,-0.03764804836363089
Easton,Expenditure,Other Teaching Services,2024,832.0,2019,1351.0,2014,956.0,2009,731.0,-0.09240186361976976,-0.01379649112463921,0.008665259954257598
Easton,Expenditure,Operations and Maintenance,2024,1104.0,2019,1077.0,2014,885.0,2009,838.0,0.004964391898046205,0.022357012604853788,0.018548398646014874
Easton,Expenditure,Instructional Leadership,2024,649.0,2019,745.0,2014,676.0,2009,601.0,-0.027213164390021083,-0.00406774017451883,0.005135661342115627
Easton,Expenditure,Administration,2024,620.0,2019,436.0,2014,381.0,2009,304.0,0.07295384406233518,0.0498969434856833,0.048659608262829
Easton,Expenditure,"Guidance, Counseling and Testing",2024,705.0,2019,541.0,2014,404.0,2009,337.0,0.054382939974539024,0.057257501336576144,0.05043846021517462
Easton,Expenditure,Other,2024,260.0,2019,392.0,2014,267.0,2009,324.0,-0.07883494111601785,-0.002653176826876047,-0.014563700591296413
Easton,Expenditure,Total PPE,2024,14662.0,2019,13725.0,2014,11264.0,2009,9634.0,0.013295636343421124,0.026715355456238266,0.028392983487227186
Easton,Enrollment,In-District FTE Pupils,2024,3390.8,2019,3621.5,2014,3820.5,2009,3952.4,-0.013078211747173052,-0.01186064364194539,-0.010165122833735052
Easton,Enrollment,Out-of-District FTE Pupils,2024,91.8,2019,102.1,2014,70.3,2009,71.8,-0.02104351465990706,0.027043257056758696,0.01651677308490962
Easton,NSS,Ch70 Aid,2024,3117.4432416617906,2019,2773.178956089478,2014,2505.9920339883165,2009,2575.3999474099396,0.023679795960871663,0.02207293216799977,0.01281531125401858
Easton,NSS,Req NSS (minus Ch70),2024,9764.85517846694,2019,7627.527202430268,2014,6661.174190122146,2009,5280.127793846963,0.050645992469627865,0.03899032056918994,0.04184095311591607
Easton,NSS,Actual NSS (minus Req NSS),2024,2894.036389429907,2019,2691.4125364680986,2014,1606.3920776702769,2009,1327.9666137701365,0.014623094422721472,0.060633263720843544,0.05330575095046153
Easton,NSS,Total Actual NSS per pupil,2024,15776.334809558637,2019,13092.118694987845,2014,10773.558301780738,2009,9183.49435502704,0.038004499493013544,0.03887834774901888,0.0367320946033296
Easton,Enrollment,Foundation Enrollment,2024,3418.0,2019,3621.0,2014,3766.0,2009,3803.0,-0.011472611099387686,-0.00964893198151473,-0.007090386703201168
Edgartown,Expenditure,Teachers,2024,12881.0,2019,10104.0,2014,8843.0,2009,7356.0,0.04976296857716922,0.03832902800806548,0.03805538081986115
Edgartown,Expenditure,"Insurance, Retirement and Other",2024,7347.0,2019,6605.0,2014,5307.0,2009,4481.0,0.02152133982495963,0.033061306383544764,0.03351235582396472
Edgartown,Expenditure,Pupil Services,2024,2633.0,2019,1771.0,2014,1508.0,2009,1176.0,0.08254624912061659,0.057316359027934194,0.05520353103737086
Edgartown,Expenditure,Other Teaching Services,2024,3643.0,2019,3311.0,2014,3079.0,2009,2121.0,0.019295244670836542,0.01696252204587312,0.036719419109950246
Edgartown,Expenditure,Operations and Maintenance,2024,2586.0,2019,2621.0,2014,1884.0,2009,1773.0,-0.0026851174044565385,0.03217838976400311,0.02548186763186222
Edgartown,Expenditure,Instructional Leadership,2024,1798.0,2019,2057.0,2014,1591.0,2009,1504.0,-0.02655576121736658,0.012306325929850148,0.011974238015456384
Edgartown,Expenditure,Administration,2024,835.0,2019,557.0,2014,559.0,2009,470.0,0.08434194098073644,0.04094424088711701,0.03905668581145205
Edgartown,Expenditure,"Guidance, Counseling and Testing",2024,1127.0,2019,711.0,2014,709.0,2009,590.0,0.09650562283516795,0.04743665533397201,0.04409045853095139
Edgartown,Expenditure,Other,2024,999.0,2019,796.0,2014,920.0,2009,905.0,0.04647891915729385,0.008272137469967467,0.00660973752955174
Edgartown,Expenditure,Total PPE,2024,33849.0,2019,28533.0,2014,24400.0,2009,20376.0,0.034760117094602805,0.03327423830703591,0.03441575692933774
Edgartown,Enrollment,In-District FTE Pupils,2024,391.1,2019,382.8,2014,357.8,2009,355.2,0.004299340194577672,0.008938624091264558,0.0064394628034469825
Edgartown,Enrollment,Out-of-District FTE Pupils,2024,51.5,2019,77.2,2014,66.9,2009,68.0,-0.0777726754203174,-0.025822463172683552,-0.018357797734974257
Edgartown,NSS,Ch70 Aid,2024,2661.3036529680367,2019,1976.190361445783,2014,1116.4626865671642,2009,1218.2604278074866,0.0613365746114829,0.0907494978061738,0.05347350983248589
Edgartown,NSS,Req NSS (minus Ch70),2024,12546.150684931506,2019,8586.872289156627,2014,7862.124378109453,2009,8113.5213903743315,0.07878549666301637,0.04784503260799422,0.029485121123246527
Edgartown,NSS,Actual NSS (minus Req NSS),2024,15332.028321849319,2019,16428.043069222615,2014,12844.904758200406,2009,9999.993286424618,-0.013714255467195735,0.017857245449441672,0.02890037843797222
Edgartown,NSS,Total Actual NSS per pupil,2024,30539.482659748865,2019,26991.105719825024,2014,21823.491822877022,2009,19331.775104606437,0.025010230163113212,0.034174306027646484,0.030954098411814845
Edgartown,Enrollment,Foundation Enrollment,2024,438.0,2019,415.0,2014,402.0,2009,374.0,0.010846479166000345,0.008613567289535995,0.010586519011116957
Edward M. Kennedy Academy for Health Careers: A Horace Mann Charter Public School (District),Expenditure,Teachers,2024,12105.0,2019,8952.0,2014,,2009,,0.06220647399055568,,
Edward M. Kennedy Academy for Health Careers: A Horace Mann Charter Public School (District),Expenditure,"Insurance, Retirement and Other",2024,3942.0,2019,2842.0,2014,,2009,,0.0676244453977286,,
Edward M. Kennedy Academy for Health Careers: A Horace Mann Charter Public School (District),Expenditure,Pupil Services,2024,4127.0,2019,3048.0,2014,,2009,,0.06248767589254767,,
Edward M. Kennedy Academy for Health Careers: A Horace Mann Charter Public School (District),Expenditure,Other Teaching Services,2024,3205.0,2019,1105.0,2014,,2009,,0.23735167671911217,,
Edward M. Kennedy Academy for Health Careers: A Horace Mann Charter Public School (District),Expenditure,Operations and Maintenance,2024,0.0,2019,204.0,2014,,2009,,,,
Edward M. Kennedy Academy for Health Careers: A Horace Mann Charter Public School (District),Expenditure,Instructional Leadership,2024,1334.0,2019,1923.0,2014,,2009,,-0.0705301450570276,,
Edward M. Kennedy Academy for Health Careers: A Horace Mann Charter Public School (District),Expenditure,Administration,2024,4567.0,2019,1682.0,2014,,2009,,0.2211274783238777,,
Edward M. Kennedy Academy for Health Careers: A Horace Mann Charter Public School (District),Expenditure,"Guidance, Counseling and Testing",2024,5770.0,2019,2112.0,2014,,2009,,0.2226337495107602,,
Edward M. Kennedy Academy for Health Careers: A Horace Mann Charter Public School (District),Expenditure,Other,2024,1644.0,2019,1273.0,2014,,2009,,0.052482011705025755,,
Edward M. Kennedy Academy for Health Careers: A Horace Mann Charter Public School (District),Expenditure,Total PPE,2024,36694.0,2019,23141.0,2014,,2009,,0.09658572191659753,,
Edward M. Kennedy Academy for Health Careers: A Horace Mann Charter Public School (District),Enrollment,In-District FTE Pupils,2024,367.6,2019,381.2,2014,,2009,,-0.007239424464753119,,
Edward M. Kennedy Academy for Health Careers: A Horace Mann Charter Public School (District),Enrollment,Out-of-District FTE Pupils,2024,0.0,2019,0.0,2014,,2009,,,,
Erving,Expenditure,Teachers,2024,9898.0,2019,10960.0,2014,6921.0,2009,4278.0,-0.020177565478482706,0.036424951797404015,0.05751640031622185
Erving,Expenditure,"Insurance, Retirement and Other",2024,8391.0,2019,8210.0,2014,4876.0,2009,3363.0,0.004370880438918423,0.055783820748628754,0.06285117480948532
Erving,Expenditure,Pupil Services,2024,2483.0,2019,2355.0,2014,1659.0,2009,1101.0,0.01064157889569084,0.041149352467585665,0.05571322016223279
Erving,Expenditure,Other Teaching Services,2024,6045.0,2019,5247.0,2014,4068.0,2009,2609.0,0.028719679957428967,0.040402856937832965,0.057616331316160174
Erving,Expenditure,Operations and Maintenance,2024,3154.0,2019,2279.0,2014,2004.0,2009,1314.0,0.06714509554782944,0.04639678631279209,0.06011038330805607
Erving,Expenditure,Instructional Leadership,2024,2028.0,2019,1680.0,2014,1468.0,2009,945.0,0.03836904730980484,0.03284271233065428,0.05222611470041483
Erving,Expenditure,Administration,2024,1164.0,2019,1052.0,2014,1306.0,2009,1089.0,0.020439938944970537,-0.011444673869290933,0.0044500391714148435
Erving,Expenditure,"Guidance, Counseling and Testing",2024,592.0,2019,423.0,2014,472.0,2009,355.0,0.06953811939962895,0.022911287200176877,0.034680403034981655
Erving,Expenditure,Other,2024,811.0,2019,797.0,2014,570.0,2009,874.0,0.0034887466242203846,0.035892288008828155,-0.00497507123545704
Erving,Expenditure,Total PPE,2024,34566.0,2019,33003.0,2014,23344.0,2009,15928.0,0.009297369210395923,0.040033635877083196,0.0530100720590756
Erving,Enrollment,In-District FTE Pupils,2024,122.7,2019,131.6,2014,146.6,2009,177.5,-0.013907320573148252,-0.017639120534927888,-0.02431473323033906
Erving,Enrollment,Out-of-District FTE Pupils,2024,85.1,2019,93.7,2014,115.2,2009,119.8,-0.019070051999944604,-0.029830297026866348,-0.022541825891095768
Erving,NSS,Ch70 Aid,2024,2738.9162561576354,2019,1987.1581196581196,2014,1605.5471698113208,2009,1535.6579925650558,0.06627509525812347,0.054861807393286055,0.03932717612294345
Erving,NSS,Req NSS (minus Ch70),2024,10420.635467980295,2019,8169.25641025641,2014,7937.041509433962,2009,6932.624535315985,0.04988646101981642,0.02759872139727304,0.027542439826945708
Erving,NSS,Actual NSS (minus Req NSS),2024,12943.731653940888,2019,12834.192172267407,2014,6617.92167713161,2009,3982.9848814165257,0.0017011965742224078,0.06938426056500924,0.08174124640879232
Erving,NSS,Total Actual NSS per pupil,2024,26103.28337807882,2019,22990.606702181936,2014,16160.510356376893,2009,12451.267409297567,0.025720277557145677,0.04911719853419161,0.05058719996007954
Erving,Enrollment,Foundation Enrollment,2024,203.0,2019,234.0,2014,265.0,2009,269.0,-0.028022892995125837,-0.026300344394724506,-0.018592022537621933
Essex Agricultural Technical,Expenditure,Teachers,2014,6862.0,2009,6343.0,2004,,1999,,0.015853778862787937,,
Essex Agricultural Technical,Expenditure,"Insurance, Retirement and Other",2014,3744.0,2009,3633.0,2004,,1999,,0.006037312626042013,,
Essex Agricultural Technical,Expenditure,Pupil Services,2014,3966.0,2009,3806.0,2004,,1999,,0.008269860173141241,,
Essex Agricultural Technical,Expenditure,Other Teaching Services,2014,902.0,2009,727.0,2004,,1999,,0.04408155946900272,,
Essex Agricultural Technical,Expenditure,Operations and Maintenance,2014,3456.0,2009,4056.0,2004,,1999,,-0.03150996284465313,,
Essex Agricultural Technical,Expenditure,Instructional Leadership,2014,1823.0,2009,1996.0,2004,,1999,,-0.01796893473492267,,
Essex Agricultural Technical,Expenditure,Administration,2014,1522.0,2009,1667.0,2004,,1999,,-0.018035447830068496,,
Essex Agricultural Technical,Expenditure,"Guidance, Counseling and Testing",2014,804.0,2009,847.0,2004,,1999,,-0.010366182010150271,,
Essex Agricultural Technical,Expenditure,Other,2014,572.0,2009,996.0,2004,,1999,,-0.1049911327737163,,
Essex Agricultural Technical,Expenditure,Total PPE,2014,23651.0,2009,24071.0,2004,,1999,,-0.003514290192978664,,
Essex Agricultural Technical,Enrollment,In-District FTE Pupils,2014,467.4,2009,427.5,2004,,1999,,0.018006422192625715,,
Essex Agricultural Technical,Enrollment,Out-of-District FTE Pupils,2014,0.0,2009,0.0,2004,,1999,,,,
Essex North Shore Agricultural and Technical School District,Expenditure,Teachers,2024,8665.0,2019,7081.0,2014,,2009,,0.041201522611712615,,
Essex North Shore Agricultural and Technical School District,Expenditure,"Insurance, Retirement and Other",2024,3099.0,2019,2320.0,2014,,2009,,0.05961163469407471,,
Essex North Shore Agricultural and Technical School District,Expenditure,Pupil Services,2024,2425.0,2019,2288.0,2014,,2009,,0.01169858963520709,,
Essex North Shore Agricultural and Technical School District,Expenditure,Other Teaching Services,2024,746.0,2019,641.0,2014,,2009,,0.0308041529578158,,
Essex North Shore Agricultural and Technical School District,Expenditure,Operations and Maintenance,2024,2777.0,2019,2439.0,2014,,2009,,0.026296424529581808,,
Essex North Shore Agricultural and Technical School District,Expenditure,Instructional Leadership,2024,1531.0,2019,1404.0,2014,,2009,,0.017470008489687272,,
Essex North Shore Agricultural and Technical School District,Expenditure,Administration,2024,1077.0,2019,837.0,2014,,2009,,0.051714954007269665,,
Essex North Shore Agricultural and Technical School District,Expenditure,"Guidance, Counseling and Testing",2024,1037.0,2019,925.0,2014,,2009,,0.02312195620781443,,
Essex North Shore Agricultural and Technical School District,Expenditure,Other,2024,2313.0,2019,1601.0,2014,,2009,,0.07635829028265428,,
Essex North Shore Agricultural and Technical School District,Expenditure,Total PPE,2024,23670.0,2019,19536.0,2014,,2009,,0.03913631443117005,,
Essex North Shore Agricultural and Technical School District,Enrollment,In-District FTE Pupils,2024,1703.4,2019,1397.4,2014,,2009,,0.040397214567200024,,
Essex North Shore Agricultural and Technical School District,Enrollment,Out-of-District FTE Pupils,2024,13.4,2019,6.8,2014,,2009,,0.14529977956805573,,
Everett,Expenditure,Teachers,2024,8767.0,2019,6060.0,2014,4966.0,2009,4751.0,0.07665280568310529,0.05848432051251229,0.04168816915233364
Everett,Expenditure,"Insurance, Retirement and Other",2024,2316.0,2019,2155.0,2014,1918.0,2009,1599.0,0.014514494211549378,0.01903475265456578,0.025005052374348136
Everett,Expenditure,Pupil Services,2024,2081.0,2019,1221.0,2014,1075.0,2009,938.0,0.11252885350480146,0.0682831088293201,0.054559972057908857
Everett,Expenditure,Other Teaching Services,2024,1596.0,2019,869.0,2014,1020.0,2009,904.0,0.12928256238903302,0.04578707859465392,0.03862226998279206
Everett,Expenditure,Operations and Maintenance,2024,1449.0,2019,1048.0,2014,908.0,2009,1014.0,0.06694349655673504,0.047847915292054566,0.024083483904498326
Everett,Expenditure,Instructional Leadership,2024,1005.0,2019,1330.0,2014,1230.0,2009,1108.0,-0.05449705879160616,-0.019999956360412074,-0.006483493983707955
Everett,Expenditure,Administration,2024,558.0,2019,368.0,2014,340.0,2009,315.0,0.0868191346653111,0.05078902513208683,0.038854940915724834
Everett,Expenditure,"Guidance, Counseling and Testing",2024,477.0,2019,207.0,2014,184.0,2009,247.0,0.181706451936257,0.09994268436924258,0.04485195997331903
Everett,Expenditure,Other,2024,2729.0,2019,577.0,2014,554.0,2009,630.0,0.3644748793411292,0.1728686474541301,0.10266654713192636
Everett,Expenditure,Total PPE,2024,20978.0,2019,13835.0,2014,12195.0,2009,11506.0,0.08681840260334761,0.055743041527423154,0.040852798198904416
Everett,Enrollment,In-District FTE Pupils,2024,7416.1,2019,7144.5,2014,6847.4,2009,5609.6,0.0074900073442494275,0.008010341917399577,0.018785868319035837
Everett,Enrollment,Out-of-District FTE Pupils,2024,885.9,2019,886.9,2014,639.0,2009,524.7,-0.00022560633994539447,0.03320948488617392,0.035535302793403556
Everett,NSS,Ch70 Aid,2024,14071.086304649112,2019,8919.66104190055,2014,8031.811367597167,2009,5877.626061341189,0.0954583124060433,0.05767298713298774,0.0599247782932657
Everett,NSS,Req NSS (minus Ch70),2024,5160.774599974801,2019,3728.1491784189416,2014,3648.2391653290542,2009,3846.0862935366486,0.06719632711205392,0.03529271729758876,0.019795421501626054
Everett,NSS,Actual NSS (minus Req NSS),2024,25.654532638277413,2019,484.8229844463756,2014,223.38335147005796,2009,624.8652769111935,-0.4444589167262917,-0.19460054668523352,-0.19172617604155529
Everett,NSS,Total Actual NSS per pupil,2024,19257.51543726219,2019,13132.633204765867,2014,11903.43388439628,2009,10348.57763178903,0.07956721717553572,0.0492833923194389,0.04227256473436802
Everett,Enrollment,Foundation Enrollment,2024,7937.0,2019,7729.0,2014,6853.0,2009,5771.0,0.005325305697487348,0.01479323841775293,0.021473302782184067
Excel Academy Charter (District),Expenditure,Teachers,2024,7750.0,2019,4954.0,2014,,2009,,0.09362678918872458,,
Excel Academy Charter (District),Expenditure,"Insurance, Retirement and Other",2024,1706.0,2019,3523.0,2014,,2009,,-0.13500563805825572,,
Excel Academy Charter (District),Expenditure,Pupil Services,2024,2508.0,2019,1467.0,2014,,2009,,0.11321611263170239,,
Excel Academy Charter (District),Expenditure,Other Teaching Services,2024,1671.0,2019,775.0,2014,,2009,,0.16609772879420848,,
Excel Academy Charter (District),Expenditure,Operations and Maintenance,2024,957.0,2019,840.0,2014,,2009,,0.026423366881749955,,
Excel Academy Charter (District),Expenditure,Instructional Leadership,2024,3756.0,2019,2343.0,2014,,2009,,0.09898220177602535,,
Excel Academy Charter (District),Expenditure,Administration,2024,3355.0,2019,1498.0,2014,,2009,,0.17499533463604333,,
Excel Academy Charter (District),Expenditure,"Guidance, Counseling and Testing",2024,1448.0,2019,909.0,2014,,2009,,0.09759200704703752,,
Excel Academy Charter (District),Expenditure,Other,2024,1087.0,2019,1370.0,2014,,2009,,-0.04522333676714507,,
Excel Academy Charter (District),Expenditure,Total PPE,2024,24238.0,2019,17679.0,2014,,2009,,0.06514275347943688,,
Excel Academy Charter (District),Enrollment,In-District FTE Pupils,2024,1361.6,2019,1295.4,2014,,2009,,0.010018038115573447,,
Excel Academy Charter (District),Enrollment,Out-of-District FTE Pupils,2024,0.0,2019,0.0,2014,,2009,,,,
Fairhaven,Expenditure,Teachers,2024,6412.0,2019,5249.0,2014,4686.0,2009,4248.0,0.04083859595187311,0.031856069161613654,0.027828368847841345
Fairhaven,Expenditure,"Insurance, Retirement and Other",2024,2715.0,2019,2007.0,2014,1949.0,2009,1674.0,0.06229342216369882,0.03370305427143694,0.03276368553582354
Fairhaven,Expenditure,Pupil Services,2024,2133.0,2019,1331.0,2014,1081.0,2009,1099.0,0.0989110995444138,0.07032708650513397,0.04520034450514854
Fairhaven,Expenditure,Other Teaching Services,2024,1064.0,2019,641.0,2014,723.0,2009,763.0,0.1066663881584271,0.03939430533225208,0.02241639731453815
Fairhaven,Expenditure,Operations and Maintenance,2024,1574.0,2019,930.0,2014,913.0,2009,970.0,0.1109751782136481,0.055974412959195696,0.03279834402533299
Fairhaven,Expenditure,Instructional Leadership,2024,1071.0,2019,782.0,2014,699.0,2009,612.0,0.0649189212487713,0.043593173355671366,0.03801238803509599
Fairhaven,Expenditure,Administration,2024,791.0,2019,571.0,2014,1308.0,2009,358.0,0.06735299989530508,-0.04905177101956071,0.05427254549672744
Fairhaven,Expenditure,"Guidance, Counseling and Testing",2024,731.0,2019,531.0,2014,407.0,2009,364.0,0.06601808160048672,0.06030863138724518,0.047581289147043515
Fairhaven,Expenditure,Other,2024,796.0,2019,431.0,2014,443.0,2009,346.0,0.13054319317415963,0.060354134606416254,0.057115558082362794
Fairhaven,Expenditure,Total PPE,2024,17287.0,2019,12473.0,2014,12209.0,2009,10434.0,0.06745540829526031,0.03538997058407101,0.034231878302593444
Fairhaven,Enrollment,In-District FTE Pupils,2024,1754.0,2019,2030.9,2014,1974.1,2009,2018.9,-0.028890483891559904,-0.011751772551881423,-0.009333101351871154
Fairhaven,Enrollment,Out-of-District FTE Pupils,2024,67.6,2019,58.8,2014,57.8,2009,45.5,0.028285883980986304,0.01578521143306455,0.026744424712945802
Fairhaven,NSS,Ch70 Aid,2024,5805.728149487643,2019,4301.725165562914,2014,3964.6461372231224,2009,3892.934926283681,0.06180021082985698,0.038879619757797856,0.027003609914823423
Fairhaven,NSS,Req NSS (minus Ch70),2024,8521.271850512358,2019,6464.561810154525,2014,6073.97244732577,2009,4320.339603457041,0.05680063527605106,0.03443489014813195,0.0463229927494635
Fairhaven,NSS,Actual NSS (minus Req NSS),2024,348.2489053059062,2019,807.5136148243502,2014,378.90818573042213,2009,807.7746822572449,-0.1548223941185657,-0.008402148227007133,-0.054546947860366735
Fairhaven,NSS,Total Actual NSS per pupil,2024,14675.248905305907,2019,11573.80059054179,2014,10417.526770279315,2009,9021.049211997966,0.04862907746296807,0.034861154285660945,0.03297202858135084
Fairhaven,Enrollment,Foundation Enrollment,2024,1659.0,2019,1812.0,2014,1851.0,2009,1967.0,-0.0174885086558082,-0.010891357208381636,-0.011288766789028348
Fall River,Expenditure,Teachers,2024,6544.0,2019,5364.0,2014,4447.0,2009,4412.0,0.0405690497926432,0.03938780290483801,0.026629767091959078
Fall River,Expenditure,"Insurance, Retirement and Other",2024,4259.0,2019,3106.0,2014,3008.0,2009,2898.0,0.06517566928335472,0.035387650857517494,0.02599981845368804
Fall River,Expenditure,Pupil Services,2024,2857.0,2019,1768.0,2014,1424.0,2009,1192.0,0.10074214744582588,0.07211167431680399,0.06000748594047289
Fall River,Expenditure,Other Teaching Services,2024,2012.0,2019,1025.0,2014,839.0,2009,562.0,0.14440783428664328,0.09140666487845772,0.08874484249875025
Fall River,Expenditure,Operations and Maintenance,2024,3238.0,2019,1224.0,2014,1023.0,2009,1074.0,0.2147840619815249,0.12212211359959224,0.07634501610159439
Fall River,Expenditure,Instructional Leadership,2024,2111.0,2019,1147.0,2014,873.0,2009,1017.0,0.12975679753926905,0.09231374595398623,0.04989165883789615
Fall River,Expenditure,Administration,2024,603.0,2019,433.0,2014,412.0,2009,428.0,0.06847873489028333,0.03882408374702129,0.023116062291630213
Fall River,Expenditure,"Guidance, Counseling and Testing",2024,1082.0,2019,603.0,2014,381.0,2009,330.0,0.12404057832878435,0.11001852949979707,0.08238281428203487
Fall River,Expenditure,Other,2024,1273.0,2019,389.0,2014,692.0,2009,606.0,0.2675811156300185,0.06285062172170397,0.05072819288666408
Fall River,Expenditure,Total PPE,2024,23979.0,2019,15059.0,2014,13099.0,2009,12519.0,0.09750621151009153,0.062329624545638396,0.04428112545644458
Fall River,Enrollment,In-District FTE Pupils,2024,10880.6,2019,10234.6,2014,10269.7,2009,9914.4,0.012316683263903672,0.005795084384785154,0.006218799685808074
Fall River,Enrollment,Out-of-District FTE Pupils,2024,2125.1,2019,2021.6,2014,975.3,2009,811.0,0.010035942243979967,0.08099606911562196,0.06632739746106808
Falmouth,Expenditure,Teachers,2024,9085.0,2019,6996.0,2014,6014.0,2009,5814.0,0.05364673608950188,0.04211620864925947,0.030204225715390942
Falmouth,Expenditure,"Insurance, Retirement and Other",2024,4623.0,2019,3701.0,2014,2629.0,2009,1928.0,0.04549259624881863,0.058067393032458,0.06003724389265286
Falmouth,Expenditure,Pupil Services,2024,2637.0,2019,1597.0,2014,1267.0,2009,1120.0,0.10550584403368424,0.07605222908481735,0.05874849779731539
Falmouth,Expenditure,Other Teaching Services,2024,2067.0,2019,1367.0,2014,1138.0,2009,926.0,0.08621148985499438,0.06149956726727379,0.05499070345939194
Falmouth,Expenditure,Operations and Maintenance,2024,2321.0,2019,1802.0,2014,1284.0,2009,1349.0,0.05192329022650877,0.06098931851118161,0.03683793726333073
Falmouth,Expenditure,Instructional Leadership,2024,1743.0,2019,1292.0,2014,751.0,2009,729.0,0.061712607972688405,0.08784180644638595,0.059834348488333244
Falmouth,Expenditure,Administration,2024,662.0,2019,400.0,2014,503.0,2009,437.0,0.10601139038287521,0.02784824915582118,0.028075722208470655
Falmouth,Expenditure,"Guidance, Counseling and Testing",2024,1011.0,2019,620.0,2014,533.0,2009,435.0,0.10273686433345697,0.066110927059857,0.057833849661035996
Falmouth,Expenditure,Other,2024,1119.0,2019,739.0,2014,548.0,2009,523.0,0.08651851059567872,0.07400166045868084,0.0520149055088599
Falmouth,Expenditure,Total PPE,2024,25268.0,2019,18514.0,2014,14667.0,2009,13261.0,0.06417762106512193,0.05590040783812977,0.04391780803219825
Falmouth,Enrollment,In-District FTE Pupils,2024,2907.2,2019,3342.4,2014,3521.9,2009,3780.6,-0.02751413532339353,-0.018998234579517326,-0.017360362414904573
Falmouth,Enrollment,Out-of-District FTE Pupils,2024,222.6,2019,206.3,2014,171.6,2009,126.7,0.01532524922870615,0.026362527702203487,0.0382849756727206
Falmouth,NSS,Ch70 Aid,2024,3150.695843190267,2019,1949.773918163085,2014,1431.5114180998025,2009,1355.229727626459,0.10073922950519987,0.08208447557379817,0.05785522957828171
Falmouth,NSS,Req NSS (minus Ch70),2024,11329.540385265293,2019,9002.344421548425,2014,8898.420637158162,2009,8008.110505836576,0.047059432318493855,0.02444804037676085,0.023400164144087077
Falmouth,NSS,Actual NSS (minus Req NSS),2024,8006.469017682614,2019,6041.2225642581925,2014,3079.2273638639017,2009,2661.9360684856715,0.05794536040455078,0.10027166032984902,0.0761749870846542
Falmouth,NSS,Total Actual NSS per pupil,2024,22486.705246138175,2019,16993.3409039697,2014,13409.159419121866,2009,12025.276301948705,0.057619407193340466,0.05305832864531079,0.04261039569999503
Falmouth,Enrollment,Foundation Enrollment,2024,2959.0,2019,3397.0,2014,3547.0,2009,3855.0,-0.027230638224970516,-0.017961808894067288,-0.017480061926273827
Farmington River Reg,Expenditure,Teachers,2024,8302.0,2019,5766.0,2014,5501.0,2009,6177.0,0.07562680930953869,0.042015330269536744,0.019906458285761985
Farmington River Reg,Expenditure,"Insurance, Retirement and Other",2024,12927.0,2019,7069.0,2014,6115.0,2009,3585.0,0.12830874307299078,0.077730388546152,0.08926589467119928
Farmington River Reg,Expenditure,Pupil Services,2024,4774.0,2019,4058.0,2014,4104.0,2009,2925.0,0.03303271269950647,0.015237161656634468,0.03319850624457499
Farmington River Reg,Expenditure,Other Teaching Services,2024,4172.0,2019,3563.0,2014,3344.0,2009,1741.0,0.032061780510155735,0.022369307553107287,0.059993092673332526
Farmington River Reg,Expenditure,Operations and Maintenance,2024,6295.0,2019,2259.0,2014,1965.0,2009,1884.0,0.2274841718768874,0.12347475476031988,0.08374636977975358
Farmington River Reg,Expenditure,Instructional Leadership,2024,2256.0,2019,2316.0,2014,1784.0,2009,1659.0,-0.005235889908232094,0.023751201640225705,0.0207032884297198
Farmington River Reg,Expenditure,Administration,2024,3416.0,2019,1504.0,2014,1474.0,2009,1103.0,0.1782949195850112,0.08768224137393887,0.07827488539630445
Farmington River Reg,Expenditure,"Guidance, Counseling and Testing",2024,721.0,2019,606.0,2014,528.0,2009,137.0,0.035362731196631136,0.03164465927398363,0.11707152083218797
Farmington River Reg,Expenditure,Other,2024,1315.0,2019,1346.0,2014,1869.0,2009,954.0,-0.0046492716388014665,-0.03454586901480117,0.021625736956353947
Farmington River Reg,Expenditure,Total PPE,2024,44178.0,2019,28487.0,2014,26684.0,2009,20165.0,0.09172150959143699,0.05170880984688009,0.05367624319210629
Farmington River Reg,Enrollment,In-District FTE Pupils,2024,127.6,2019,117.6,2014,129.4,2009,149.5,0.01645620301106443,-0.0013998204516868507,-0.010504176527360132
Farmington River Reg,Enrollment,Out-of-District FTE Pupils,2024,125.9,2019,141.4,2014,154.6,2009,151.2,-0.02295343071574807,-0.020325905745809947,-0.012133489816600895
Fitchburg,Expenditure,Teachers,2024,7325.0,2019,5199.0,2014,5235.0,2009,4910.0,0.07097063319138841,0.034163234924250885,0.02702671938895196
Fitchburg,Expenditure,"Insurance, Retirement and Other",2024,3508.0,2019,2598.0,2014,2206.0,2009,2042.0,0.06190114135690172,0.04747919953153068,0.03673300107504751
Fitchburg,Expenditure,Pupil Services,2024,2563.0,2019,1833.0,2014,1689.0,2009,1220.0,0.06934348602647566,0.042586016329456244,0.05073351491890232
Fitchburg,Expenditure,Other Teaching Services,2024,1636.0,2019,988.0,2014,768.0,2009,609.0,0.10612770699823404,0.07855478008262162,0.06809791455459502
Fitchburg,Expenditure,Operations and Maintenance,2024,1781.0,2019,1169.0,2014,912.0,2009,1010.0,0.08785216817580976,0.06921959224190233,0.038539062765913235
Fitchburg,Expenditure,Instructional Leadership,2024,1247.0,2019,844.0,2014,1093.0,2009,942.0,0.08119692377052545,0.013268703981417884,0.018875306315740525
Fitchburg,Expenditure,Administration,2024,602.0,2019,425.0,2014,472.0,2009,385.0,0.0721153455025576,0.024626182398739926,0.030249432845415036
Fitchburg,Expenditure,"Guidance, Counseling and Testing",2024,698.0,2019,438.0,2014,183.0,2009,251.0,0.0976812918015193,0.143247955226113,0.07056271371923861
Fitchburg,Expenditure,Other,2024,1506.0,2019,699.0,2014,824.0,2009,1019.0,0.16592216661409243,0.06215959344721389,0.026384423495591447
Fitchburg,Expenditure,Total PPE,2024,20866.0,2019,14193.0,2014,13382.0,2009,12388.0,0.08012246793754807,0.04542243940875834,0.03537069139187854
Fitchburg,Enrollment,In-District FTE Pupils,2024,5147.0,2019,5292.8,2014,4920.2,2009,5058.3,-0.005571100686922903,0.004516653528341408,0.0011595759356124447
Fitchburg,Enrollment,Out-of-District FTE Pupils,2024,748.3,2019,736.5,2014,719.4,2009,563.7,0.0031840044448172566,0.0039464102324549,0.019064909540548625
Fitchburg,NSS,Ch70 Aid,2024,13200.514573396926,2019,9030.124698171783,2014,8206.983885904798,2009,7310.409486587316,0.07889560179434052,0.04867454918780467,0.04018346003635376
Fitchburg,NSS,Req NSS (minus Ch70),2024,3877.462815756933,2019,3063.315281131425,2014,2878.9299442769216,2009,2000.0124356013503,0.048265249264266785,0.030223979914953736,0.04512362013026405
Fitchburg,NSS,Actual NSS (minus Req NSS),2024,-137.92257340676454,2019,-135.94160622601706,2014,-70.81081813855907,2009,164.48140435877227,0.002897597521028139,0.0689406034572626,-0.1225686591317939
Fitchburg,NSS,Total Actual NSS per pupil,2024,16940.05481574709,2019,11957.498373077191,2014,11015.103012043159,2009,9474.903326547439,0.07214838607582497,0.04398107227426684,0.03949563081345686
Fitchburg,Enrollment,Foundation Enrollment,2024,5661.0,2019,5798.0,2014,5399.0,2009,5629.0,-0.004771077168651328,0.004749925683331213,0.0003779879909728834
Florida,Expenditure,Teachers,2024,7927.0,2019,6739.0,2014,5103.0,2009,3887.0,0.03300561069346597,0.04502896755125363,0.04865577893909423
Florida,Expenditure,"Insurance, Retirement and Other",2024,4031.0,2019,3711.0,2014,4869.0,2009,1998.0,0.016680207191274166,-0.018710159873129628,0.04790317035130576
Florida,Expenditure,Pupil Services,2024,1772.0,2019,1710.0,2014,1978.0,2009,1656.0,0.007148525927645144,-0.01093748406840045,0.00452378798860309
Florida,Expenditure,Other Teaching Services,2024,2444.0,2019,1652.0,2014,1405.0,2009,875.0,0.08147935093500247,0.056920904440743714,0.07087688220031119
Florida,Expenditure,Operations and Maintenance,2024,1794.0,2019,5512.0,2014,1329.0,2009,931.0,-0.20108119089305998,0.03045669625184133,0.044699813515620024
Florida,Expenditure,Instructional Leadership,2024,2004.0,2019,1633.0,2014,1535.0,2009,1084.0,0.04179509054772024,0.0270200772985143,0.04181649427424938
Florida,Expenditure,Administration,2024,1155.0,2019,790.0,2014,804.0,2009,516.0,0.07892430996647049,0.036889779115129695,0.05518551017467588
Florida,Expenditure,"Guidance, Counseling and Testing",2024,377.0,2019,299.0,2014,104.0,2009,73.0,0.04745176373283,0.13744603485364815,0.11566694505405284
Florida,Expenditure,Other,2024,1671.0,2019,1224.0,2014,613.0,2009,329.0,0.06423859915363495,0.10548180135413165,0.11442805541609835
Florida,Expenditure,Total PPE,2024,23175.0,2019,23270.0,2014,17740.0,2009,11349.0,-0.0008178385600494664,0.02708553470013708,0.04874718901423325
Florida,Enrollment,In-District FTE Pupils,2024,85.8,2019,87.3,2014,93.5,2009,112.8,-0.0034602906180810633,-0.00855741804353316,-0.01807448339100315
Florida,Enrollment,Out-of-District FTE Pupils,2024,8.2,2019,16.1,2014,18.8,2009,21.6,-0.12622906304770343,-0.07962333252133658,-0.06253008347708622
Florida,NSS,Ch70 Aid,2024,9819.59649122807,2019,7839.1,2014,6147.609195402299,2009,5117.178217821782,0.04608141773077623,0.04794560125215708,0.044409643726453174
Florida,NSS,Req NSS (minus Ch70),2024,7463.0,2019,6435.185714285714,2014,4771.505747126437,2009,3236.4455445544554,0.030078852872073902,0.045745005447553444,0.05727916951701828
Florida,NSS,Actual NSS (minus Req NSS),2024,9055.177017543861,2019,7259.507406409015,2014,5646.559348117512,2009,4264.833663366337,0.04519652801729768,0.04836208224814764,0.05147670729567588
Florida,NSS,Total Actual NSS per pupil,2024,26337.77350877193,2019,21533.79312069473,2014,16565.67429064625,2009,12618.457425742574,0.04109822119944462,0.047458906860817995,0.05027941306209427
Florida,Enrollment,Foundation Enrollment,2024,57.0,2019,70.0,2014,87.0,2009,101.0,-0.040256094145278976,-0.0414041150935931,-0.037419856135365026
Four Rivers Charter Public (District),Expenditure,Teachers,2024,7026.0,2019,6629.0,2014,,2009,,0.011700641303851622,,
Four Rivers Charter Public (District),Expenditure,"Insurance, Retirement and Other",2024,2514.0,2019,4655.0,2014,,2009,,-0.11592498390790151,,
Four Rivers Charter Public (District),Expenditure,Pupil Services,2024,1086.0,2019,710.0,2014,,2009,,0.08871522251308939,,
Four Rivers Charter Public (District),Expenditure,Other Teaching Services,2024,1602.0,2019,676.0,2014,,2009,,0.18834669635811574,,
Four Rivers Charter Public (District),Expenditure,Operations and Maintenance,2024,1102.0,2019,842.0,2014,,2009,,0.05529504896528903,,
Four Rivers Charter Public (District),Expenditure,Instructional Leadership,2024,1747.0,2019,1271.0,2014,,2009,,0.06568651636309819,,
Four Rivers Charter Public (District),Expenditure,Administration,2024,2214.0,2019,1729.0,2014,,2009,,0.05069465910002657,,
Four Rivers Charter Public (District),Expenditure,"Guidance, Counseling and Testing",2024,1190.0,2019,494.0,2014,,2009,,0.19224086213901703,,
Four Rivers Charter Public (District),Expenditure,Other,2024,1496.0,2019,962.0,2014,,2009,,0.09232356849064627,,
Four Rivers Charter Public (District),Expenditure,Total PPE,2024,19977.0,2019,17968.0,2014,,2009,,0.021424113014432367,,
Four Rivers Charter Public (District),Enrollment,In-District FTE Pupils,2024,213.0,2019,218.6,2014,,2009,,-0.0051768357662667075,,
Four Rivers Charter Public (District),Enrollment,Out-of-District FTE Pupils,2024,0.0,2019,0.0,2014,,2009,,,,
Foxborough,Expenditure,Teachers,2024,8172.0,2019,7251.0,2014,5909.0,2009,4544.0,0.024203110773453496,0.03295508233689759,0.039902611904565344
Foxborough,Expenditure,"Insurance, Retirement and Other",2024,3541.0,2019,3078.0,2014,2008.0,2009,1618.0,0.028422245697795168,0.05836683376846907,0.05360177586462789
Foxborough,Expenditure,Pupil Services,2024,2203.0,2019,1577.0,2014,943.0,2009,992.0,0.06914488061665791,0.08855475806981827,0.054630163243089
Foxborough,Expenditure,Other Teaching Services,2024,1589.0,2019,1079.0,2014,876.0,2009,779.0,0.0804893498783188,0.06135819880303672,0.04867060834265957
Foxborough,Expenditure,Operations and Maintenance,2024,2029.0,2019,1614.0,2014,1362.0,2009,1001.0,0.04682889890961328,0.04066391086687182,0.04822987061215378
Foxborough,Expenditure,Instructional Leadership,2024,1407.0,2019,1182.0,2014,949.0,2009,741.0,0.035464762509890946,0.04016632250323693,0.04367446822076526
Foxborough,Expenditure,Administration,2024,611.0,2019,536.0,2014,764.0,2009,514.0,0.026538599325809153,-0.022099236587970528,0.01159158059016141
Foxborough,Expenditure,"Guidance, Counseling and Testing",2024,906.0,2019,655.0,2014,496.0,2009,364.0,0.06703184163508125,0.06209814938417901,0.06267823948907414
Foxborough,Expenditure,Other,2024,637.0,2019,371.0,2014,471.0,2009,469.0,0.1141742176973417,0.030651530508674085,0.020620857358689237
Foxborough,Expenditure,Total PPE,2024,21095.0,2019,17343.0,2014,13778.0,2009,11022.0,0.03994665208093706,0.0435165347071953,0.0442262543165437
Foxborough,Enrollment,In-District FTE Pupils,2024,2512.2,2019,2571.2,2014,2699.8,2009,2891.8,-0.004632009546905458,-0.007176011875577815,-0.009337484558224807
Foxborough,Enrollment,Out-of-District FTE Pupils,2024,142.3,2019,144.9,2014,136.1,2009,166.8,-0.0036147199596158197,0.004464696735589246,-0.010534650082692276
Foxborough,NSS,Ch70 Aid,2024,3716.216003153331,2019,3376.457078313253,2014,3091.3972453787605,2009,2836.05764075067,0.019360834271890948,0.018578754341124215,0.018182729893474026
Foxborough,NSS,Req NSS (minus Ch70),2024,10759.37327552227,2019,8500.23531626506,2014,7312.374773468648,2009,5524.5328418230565,0.048265288742301404,0.03937640421755151,0.045440757978891355
Foxborough,NSS,Actual NSS (minus Req NSS),2024,5271.2898584102895,2019,4639.252513462742,2014,2504.4589906039932,2009,1526.876464219427,0.02587341926310427,0.07725941229618116,0.08611096901157222
Foxborough,NSS,Total Actual NSS per pupil,2024,19746.87913708589,2019,16515.944908041056,2014,12908.231009451401,2009,9887.466946793154,0.036379964428058464,0.043429651113887635,0.04719500389909492
Foxborough,Enrollment,Foundation Enrollment,2024,2537.0,2019,2656.0,2014,2759.0,2009,2984.0,-0.009125894140019852,-0.008353515320985938,-0.010760513757451684
Foxborough Regional Charter (District),Expenditure,Teachers,2024,5087.0,2019,4322.0,2014,,2009,,0.03313100449659401,,
Foxborough Regional Charter (District),Expenditure,"Insurance, Retirement and Other",2024,1661.0,2019,2974.0,2014,,2009,,-0.10996777004705005,,
Foxborough Regional Charter (District),Expenditure,Pupil Services,2024,3052.0,2019,1584.0,2014,,2009,,0.14016018307625977,,
Foxborough Regional Charter (District),Expenditure,Other Teaching Services,2024,949.0,2019,572.0,2014,,2009,,0.10655762905753008,,
Foxborough Regional Charter (District),Expenditure,Operations and Maintenance,2024,1463.0,2019,1008.0,2014,,2009,,0.07734985812341821,,
Foxborough Regional Charter (District),Expenditure,Instructional Leadership,2024,1058.0,2019,665.0,2014,,2009,,0.09731876106921744,,
Foxborough Regional Charter (District),Expenditure,Administration,2024,1841.0,2019,1059.0,2014,,2009,,0.11694442732532928,,
Foxborough Regional Charter (District),Expenditure,"Guidance, Counseling and Testing",2024,1247.0,2019,736.0,2014,,2009,,0.11121406002724976,,
Foxborough Regional Charter (District),Expenditure,Other,2024,625.0,2019,474.0,2014,,2009,,0.05686699413620344,,
Foxborough Regional Charter (District),Expenditure,Total PPE,2024,16983.0,2019,13394.0,2014,,2009,,0.0486264863878072,,
Foxborough Regional Charter (District),Enrollment,In-District FTE Pupils,2024,1508.3,2019,1619.3,2014,,2009,,-0.014101778818232935,,
Foxborough Regional Charter (District),Enrollment,Out-of-District FTE Pupils,2024,0.0,2019,0.0,2014,,2009,,,,
Framingham,Expenditure,Teachers,2024,8738.0,2019,6984.0,2014,6150.0,2009,5797.0,0.0458311230804922,0.03574702004351593,0.02773366481327666
Framingham,Expenditure,"Insurance, Retirement and Other",2024,4220.0,2019,3159.0,2014,3333.0,2009,2936.0,0.059625899939006466,0.023876826613676183,0.024480649894142115
Framingham,Expenditure,Pupil Services,2024,2813.0,2019,2046.0,2014,1328.0,2009,1284.0,0.06574381411983676,0.0779463981691857,0.05367573918029045
Framingham,Expenditure,Other Teaching Services,2024,2013.0,2019,1648.0,2014,1451.0,2009,1229.0,0.0408240373640556,0.03327907902532701,0.0334420439081935
Framingham,Expenditure,Operations and Maintenance,2024,1380.0,2019,1222.0,2014,996.0,2009,975.0,0.024617044527706078,0.03314665707210951,0.023430364477416976
Framingham,Expenditure,Instructional Leadership,2024,1876.0,2019,1494.0,2014,1082.0,2009,879.0,0.04658967829196037,0.056575551898508936,0.05183979380258186
Framingham,Expenditure,Administration,2024,948.0,2019,909.0,2014,549.0,2009,496.0,0.00843727648122905,0.056145126326205164,0.04413129011480921
Framingham,Expenditure,"Guidance, Counseling and Testing",2024,803.0,2019,576.0,2014,474.0,2009,400.0,0.06870689752048897,0.05412890059913078,0.04755548926441233
Framingham,Expenditure,Other,2024,831.0,2019,350.0,2014,357.0,2009,336.0,0.1887939764762665,0.0881613110838475,0.06222727763206759
Framingham,Expenditure,Total PPE,2024,23622.0,2019,18388.0,2014,15720.0,2009,14332.0,0.05137206598305233,0.04156508297294015,0.033873311083715496
Framingham,Enrollment,In-District FTE Pupils,2024,9208.8,2019,8852.8,2014,8307.8,2009,8063.5,0.007916320767274998,0.01034966267484605,0.008893436568412127
Framingham,Enrollment,Out-of-District FTE Pupils,2024,665.2,2019,749.9,2014,592.0,2009,413.9,-0.023685414600916332,0.011726331872498719,0.03213646299750228
Framingham,NSS,Ch70 Aid,2024,8709.55364279127,2019,5150.9744053178065,2014,3759.9033770216424,2009,2166.630218738146,0.11076273530268721,0.0876318612514786,0.09718721958441479
Framingham,NSS,Req NSS (minus Ch70),2024,7619.163131468388,2019,6583.46766868512,2014,7020.769949166568,2009,7261.124288784929,0.0296521081516119,0.00821290709379463,0.003213944402470137
Framingham,NSS,Actual NSS (minus Req NSS),2024,4197.958454907545,2019,5334.018031802615,2014,4070.481564610129,2009,3735.6363190953475,-0.04677213041874784,0.0030884606925629665,0.007809009459882166
Framingham,NSS,Total Actual NSS per pupil,2024,20526.675229167202,2019,17068.46010580554,2014,14851.15489079834,2009,13163.390826618423,0.037587793472943165,0.0328941990448699,0.03006205477132662
Framingham,Enrollment,Foundation Enrollment,2024,9759.0,2019,9248.0,2014,8459.0,2009,7909.0,0.010814584244961845,0.01439857231711894,0.01411120857694459
Francis W. Parker Charter Essential (District),Expenditure,Teachers,2024,7609.0,2019,5867.0,2014,,2009,,0.05337328335803515,,
Francis W. Parker Charter Essential (District),Expenditure,"Insurance, Retirement and Other",2024,2182.0,2019,1921.0,2014,,2009,,0.025806570015498576,,
Francis W. Parker Charter Essential (District),Expenditure,Pupil Services,2024,1798.0,2019,1187.0,2014,,2009,,0.08659522869456104,,
Francis W. Parker Charter Essential (District),Expenditure,Other Teaching Services,2024,314.0,2019,147.0,2014,,2009,,0.16391820919512168,,
Francis W. Parker Charter Essential (District),Expenditure,Operations and Maintenance,2024,1147.0,2019,830.0,2014,,2009,,0.06683453281305995,,
Francis W. Parker Charter Essential (District),Expenditure,Instructional Leadership,2024,2461.0,2019,1497.0,2014,,2009,,0.10453113553864157,,
Francis W. Parker Charter Essential (District),Expenditure,Administration,2024,1502.0,2019,1961.0,2014,,2009,,-0.0519342274193193,,
Francis W. Parker Charter Essential (District),Expenditure,"Guidance, Counseling and Testing",2024,790.0,2019,658.0,2014,,2009,,0.03724234781624891,,
Francis W. Parker Charter Essential (District),Expenditure,Other,2024,1107.0,2019,1103.0,2014,,2009,,0.0007242448297528625,,
Francis W. Parker Charter Essential (District),Expenditure,Total PPE,2024,18910.0,2019,15171.0,2014,,2009,,0.045046136685928495,,
Francis W. Parker Charter Essential (District),Enrollment,In-District FTE Pupils,2024,366.9,2019,394.6,2014,,2009,,-0.014451216597902383,,
Francis W. Parker Charter Essential (District),Enrollment,Out-of-District FTE Pupils,2024,0.0,2019,0.0,2014,,2009,,,,
Franklin,Expenditure,Teachers,2024,7548.0,2019,6076.0,2014,4925.0,2009,4512.0,0.044342194803072,0.0436204140673877,0.03489793419889331
Franklin,Expenditure,"Insurance, Retirement and Other",2024,2709.0,2019,1948.0,2014,1454.0,2009,1055.0,0.06817893813756659,0.06420295339219106,0.06488759935336952
Franklin,Expenditure,Pupil Services,2024,708.0,2019,1378.0,2014,989.0,2009,890.0,-0.12470024274886904,-0.03287257994111037,-0.015136104586089827
Franklin,Expenditure,Other Teaching Services,2024,1884.0,2019,1143.0,2014,820.0,2009,584.0,0.10511362558651327,0.08674263251315018,0.08121286210419854
Franklin,Expenditure,Operations and Maintenance,2024,1733.0,2019,1267.0,2014,1005.0,2009,891.0,0.0646439477253562,0.0559983754911606,0.04534919847382457
Franklin,Expenditure,Instructional Leadership,2024,1642.0,2019,1051.0,2014,648.0,2009,489.0,0.09333710544823548,0.0974375467822226,0.08410401517132238
Franklin,Expenditure,Administration,2024,499.0,2019,321.0,2014,276.0,2009,200.0,0.09224257892361187,0.0610091918770741,0.06284851478497133
Franklin,Expenditure,"Guidance, Counseling and Testing",2024,751.0,2019,466.0,2014,320.0,2009,241.0,0.10014721594598353,0.08905295025997972,0.07871866399316962
Franklin,Expenditure,Other,2024,594.0,2019,627.0,2014,637.0,2009,392.0,-0.01075518913431428,-0.006964667124608082,0.028095263970530526
Franklin,Expenditure,Total PPE,2024,18068.0,2019,14277.0,2014,11074.0,2009,9254.0,0.04822526822541917,0.05017229369243603,0.04561556403839506
Franklin,Enrollment,In-District FTE Pupils,2024,4672.3,2019,5235.9,2014,5732.2,2009,6254.4,-0.022520010766678533,-0.020237216763236088,-0.01925446906332695
Franklin,Enrollment,Out-of-District FTE Pupils,2024,461.2,2019,441.5,2014,519.4,2009,464.3,0.008768977861018046,-0.011813912288502482,-0.00044650739462159805
Franklin,NSS,Ch70 Aid,2024,5719.428095611285,2019,4972.51909875022,2014,4327.030466518566,2009,4450.30302091402,0.028383805387580452,0.02829154559220992,0.01686711204943414
Franklin,NSS,Req NSS (minus Ch70),2024,9254.603252351097,2019,6773.806900193628,2014,4954.254046334497,2009,3476.934934159566,0.0644003252953178,0.06448109595954565,0.06744149870265415
Franklin,NSS,Actual NSS (minus Req NSS),2024,1946.757532324645,2019,1517.9065691987917,2014,786.6132975275336,2009,672.6025324912438,0.05102577014453691,0.09485109735431219,0.07342133852351584
Franklin,NSS,Total Actual NSS per pupil,2024,16920.788880287026,2019,13264.232568142641,2014,10067.897810380597,2009,8599.84048756483,0.04989941993088087,0.05329053312316234,0.046153343503876565
Franklin,Enrollment,Foundation Enrollment,2024,5104.0,2019,5681.0,2014,6302.0,2009,6455.0,-0.02119275498649731,-0.020863530888032278,-0.015533456988739203
Franklin County Regional Vocational Technical,Expenditure,Teachers,2024,8706.0,2019,8421.0,2014,7328.0,2009,6379.0,0.006678976964369365,0.017380291290343353,0.020949836788678677
Franklin County Regional Vocational Technical,Expenditure,"Insurance, Retirement and Other",2024,4634.0,2019,5427.0,2014,4958.0,2009,3869.0,-0.031099362679691933,-0.006735415479585116,0.012100920815815819
Franklin County Regional Vocational Technical,Expenditure,Pupil Services,2024,3888.0,2019,3258.0,2014,2847.0,2009,2572.0,0.03598874023963483,0.031653554639893944,0.0279303433480933
Franklin County Regional Vocational Technical,Expenditure,Other Teaching Services,2024,1202.0,2019,1014.0,2014,1013.0,2009,600.0,0.034601973606422476,0.017254224836198873,0.04741039842446648
Franklin County Regional Vocational Technical,Expenditure,Operations and Maintenance,2024,2230.0,2019,1878.0,2014,1710.0,2009,1936.0,0.03495592465605202,0.026906434856555528,0.009469729927126469
Franklin County Regional Vocational Technical,Expenditure,Instructional Leadership,2024,1979.0,2019,1717.0,2014,1480.0,2009,1103.0,0.02880981730890686,0.02948117102768366,0.03973984042612244
Franklin County Regional Vocational Technical,Expenditure,Administration,2024,1326.0,2019,1348.0,2014,1274.0,2009,1098.0,-0.0032856146612011417,0.004008546276973446,0.012657877844680199
Franklin County Regional Vocational Technical,Expenditure,"Guidance, Counseling and Testing",2024,965.0,2019,834.0,2014,820.0,2009,856.0,0.02960881598390075,0.016415656384543897,0.00802252437854123
Franklin County Regional Vocational Technical,Expenditure,Other,2024,2524.0,2019,2571.0,2014,2768.0,2009,1846.0,-0.0036831970492168242,-0.009185561898462313,0.021073904074504046
Franklin County Regional Vocational Technical,Expenditure,Total PPE,2024,27454.0,2019,26468.0,2014,24198.0,2009,20259.0,0.007341904722285131,0.012704210627918933,0.0204674934122393
Franklin County Regional Vocational Technical,Enrollment,In-District FTE Pupils,2024,596.3,2019,474.4,2014,499.0,2009,502.7,0.04680075161863906,0.01797339177153834,0.011448391959773208
Franklin County Regional Vocational Technical,Enrollment,Out-of-District FTE Pupils,2024,3.0,2019,2.3,2014,1.0,2009,2.5,0.05457794330579446,0.11612317403390437,0.012228939874784794
Freetown,Expenditure,Teachers,2011,3115.0,2006,,2001,,1996,,,,
Freetown,Expenditure,"Insurance, Retirement and Other",2011,1853.0,2006,,2001,,1996,,,,
Freetown,Expenditure,Pupil Services,2011,1046.0,2006,,2001,,1996,,,,
Freetown,Expenditure,Other Teaching Services,2011,804.0,2006,,2001,,1996,,,,
Freetown,Expenditure,Operations and Maintenance,2011,1011.0,2006,,2001,,1996,,,,
Freetown,Expenditure,Instructional Leadership,2011,414.0,2006,,2001,,1996,,,,
Freetown,Expenditure,Administration,2011,581.0,2006,,2001,,1996,,,,
Freetown,Expenditure,"Guidance, Counseling and Testing",2011,110.0,2006,,2001,,1996,,,,
Freetown,Expenditure,Other,2011,139.0,2006,,2001,,1996,,,,
Freetown,Expenditure,Total PPE,2011,9073.0,2006,,2001,,1996,,,,
Freetown,Enrollment,In-District FTE Pupils,2011,559.9,2006,,2001,,1996,,,,
Freetown,Enrollment,Out-of-District FTE Pupils,2011,96.3,2006,,2001,,1996,,,,
Freetown,NSS,Ch70 Aid,2024,8708.0,2019,5325.694117647059,2014,4157.450549450549,2009,2854.049815498155,0.10333765530491612,0.07673574996880284,0.07720193468998904
Freetown,NSS,Req NSS (minus Ch70),2024,13831.361320754715,2019,9949.8,2014,9934.021978021978,2009,5572.49446494465,0.06809557321465531,0.03365112350598687,0.06248062393346143
Freetown,NSS,Actual NSS (minus Req NSS),2024,-4007.2567924528275,2019,2990.1294117647058,2014,4478.626373626374,2009,2867.70774907749,-0.46803233175702835,-0.1894751305009649,-0.15982485299723953
Freetown,NSS,Total Actual NSS per pupil,2024,18532.10452830189,2019,18265.623529411765,2014,18570.0989010989,2009,11294.252029520296,0.0029009617413036093,-0.00020478835233517234,0.03356505601621218
Freetown,Enrollment,Foundation Enrollment,2024,53.0,2019,85.0,2014,91.0,2009,542.0,-0.0901466702747783,-0.05262166755191933,-0.14358334308001497
Freetown-Lakeville,Expenditure,Teachers,2024,6728.0,2019,5357.0,2014,4656.0,2009,4490.0,0.04662924889993536,0.0374980786570176,0.027328436216122798
Freetown-Lakeville,Expenditure,"Insurance, Retirement and Other",2024,2617.0,2019,2327.0,2014,1790.0,2009,1981.0,0.023767804867191433,0.03871180916989858,0.01873513126464066
Freetown-Lakeville,Expenditure,Pupil Services,2024,2114.0,2019,1765.0,2014,1235.0,2009,1131.0,0.03674525093718706,0.05522191600966675,0.042580245699917585
Freetown-Lakeville,Expenditure,Other Teaching Services,2024,1297.0,2019,1003.0,2014,668.0,2009,484.0,0.05275620199065045,0.0686029071692007,0.06792226449968664
Freetown-Lakeville,Expenditure,Operations and Maintenance,2024,1085.0,2019,901.0,2014,935.0,2009,1034.0,0.03786529391434401,0.014990115140592675,0.003214837267737636
Freetown-Lakeville,Expenditure,Instructional Leadership,2024,1056.0,2019,771.0,2014,619.0,2009,517.0,0.06493207537900814,0.054866078603479584,0.04876509566012954
Freetown-Lakeville,Expenditure,Administration,2024,496.0,2019,329.0,2014,368.0,2009,284.0,0.08556830707994822,0.030299254976651202,0.03787302005210025
Freetown-Lakeville,Expenditure,"Guidance, Counseling and Testing",2024,594.0,2019,444.0,2014,345.0,2009,431.0,0.05993856763806171,0.05583665466088972,0.02161504100602163
Freetown-Lakeville,Expenditure,Other,2024,457.0,2019,291.0,2014,148.0,2009,329.0,0.09447196667195112,0.11934882694560711,0.02215012670542449
Freetown-Lakeville,Expenditure,Total PPE,2024,16444.0,2019,13188.0,2014,10764.0,2009,10681.0,0.04511891036401705,0.04328599600882366,0.029184025948249648
Freetown-Lakeville,Enrollment,In-District FTE Pupils,2024,2686.1,2019,2799.9,2014,2950.4,2009,1919.6,-0.00826433600546661,-0.009341140624146371,0.022650956850242432
Freetown-Lakeville,Enrollment,Out-of-District FTE Pupils,2024,114.4,2019,123.4,2014,58.2,2009,35.7,-0.015031882648641082,0.06991753180150928,0.08072995023273988
Freetown-Lakeville,NSS,Ch70 Aid,2024,4191.82272563826,2019,3887.852152434721,2014,3596.502385821404,2009,3799.6353591160228,0.01516966852376056,0.01543529676872768,0.006570193202812824
Freetown-Lakeville,NSS,Req NSS (minus Ch70),2024,8568.305285868393,2019,6558.282992237121,2014,6138.641445126108,2009,4675.996484178804,0.0549234728856578,0.033908882549582575,0.04120133687740157
Freetown-Lakeville,NSS,Actual NSS (minus Req NSS),2024,1158.070585609238,2019,1485.4750352858177,2014,135.9011588275392,2009,-119.8965344048217,-0.0485763675416645,0.2389426029671633,0.7105944172937749
Freetown-Lakeville,NSS,Total Actual NSS per pupil,2024,13918.19859711589,2019,11931.610179957659,2014,9871.044989775051,2009,8355.735308890005,0.03128047308064841,0.03495624578586387,0.03460178573326744
Freetown-Lakeville,Enrollment,Foundation Enrollment,2024,2781.0,2019,2834.0,2014,2934.0,2009,1991.0,-0.0037685941608746054,-0.005341294733130608,0.022528249757622687
Frontier,Expenditure,Teachers,2024,6693.0,2019,5644.0,2014,5624.0,2009,5268.0,0.034681690521388475,0.017554200235882167,0.016088814669646512
Frontier,Expenditure,"Insurance, Retirement and Other",2024,4151.0,2019,3617.0,2014,2944.0,2009,2780.0,0.02792361851820968,0.03495506138232529,0.027086913701202642
Frontier,Expenditure,Pupil Services,2024,2988.0,2019,1814.0,2014,1698.0,2009,1358.0,0.10496535674418705,0.05814282324239706,0.05397923544515559
Frontier,Expenditure,Other Teaching Services,2024,1637.0,2019,1450.0,2014,1578.0,2009,936.0,0.024557024943981265,0.003677452894474742,0.03797012884769413
Frontier,Expenditure,Operations and Maintenance,2024,2147.0,2019,1577.0,2014,1433.0,2009,1260.0,0.06365324705948372,0.04125856171972342,0.03616940954480197
Frontier,Expenditure,Instructional Leadership,2024,1199.0,2019,948.0,2014,1052.0,2009,973.0,0.048098668243590215,0.013165386667617796,0.014021327707020914
Frontier,Expenditure,Administration,2024,720.0,2019,552.0,2014,573.0,2009,475.0,0.05457794330579446,0.023099299817997077,0.02811712345498041
Frontier,Expenditure,"Guidance, Counseling and Testing",2024,1006.0,2019,685.0,2014,824.0,2009,601.0,0.07989487936706618,0.020157147978806078,0.034939351837127264
Frontier,Expenditure,Other,2024,1340.0,2019,855.0,2014,934.0,2009,637.0,0.09402623531179444,0.03675417326643382,0.05082651936961513
Frontier,Expenditure,Total PPE,2024,21881.0,2019,17142.0,2014,16660.0,2009,14288.0,0.050028616465125575,0.027635779710041497,0.028820750329962008
Frontier,Enrollment,In-District FTE Pupils,2024,602.1,2019,655.1,2014,617.0,2009,697.2,-0.016731320612568323,-0.002441562469381542,-0.009728949172056467
Frontier,Enrollment,Out-of-District FTE Pupils,2024,54.2,2019,96.8,2014,87.8,2009,79.0,-0.109518736737657,-0.0470930882020234,-0.024804969073124683
Frontier,NSS,Ch70 Aid,2024,6009.252049180328,2019,5014.531802120141,2014,4772.252173913043,2009,4083.4467787114845,0.03685495167235597,0.023315856290841985,0.02609184192055536
Frontier,NSS,Req NSS (minus Ch70),2024,11274.715163934427,2019,8718.480565371025,2014,8258.104347826087,2009,5059.4467787114845,0.05276867731931567,0.03162657527070212,0.05487298378106864
Frontier,NSS,Actual NSS (minus Req NSS),2024,7934.611342110659,2019,7002.303904593642,2014,4250.255652173913,2009,3587.280112044818,0.025314125650715003,0.06441518236763866,0.05434811177068655
Frontier,NSS,Total Actual NSS per pupil,2024,25218.578555225413,2019,20735.31627208481,2014,17280.612173913043,2009,12730.173669467787,0.03992492609537557,0.03852306890550983,0.046628167021804945
Frontier,Enrollment,Foundation Enrollment,2024,488.0,2019,566.0,2014,575.0,2009,714.0,-0.029220317990957367,-0.016271626762208058,-0.025052026998779398
Gardner,Expenditure,Teachers,2024,6173.0,2019,5209.0,2014,4485.0,2009,4648.0,0.03454261268395453,0.032460351663777365,0.019096579299741512
Gardner,Expenditure,"Insurance, Retirement and Other",2024,3300.0,2019,2727.0,2014,2487.0,2009,1512.0,0.038880896703173295,0.028688335853132907,0.05341009651573314
Gardner,Expenditure,Pupil Services,2024,1728.0,2019,1405.0,2014,1119.0,2009,1040.0,0.042253789357384886,0.044410826580535634,0.034429013954314414
Gardner,Expenditure,Other Teaching Services,2024,1732.0,2019,1274.0,2014,918.0,2009,592.0,0.06334866933639804,0.065541872089113,0.07419158381203861
Gardner,Expenditure,Operations and Maintenance,2024,1635.0,2019,1071.0,2014,893.0,2009,912.0,0.0882925526327829,0.06234757239064215,0.03968440068212131
Gardner,Expenditure,Instructional Leadership,2024,1063.0,2019,752.0,2014,846.0,2009,842.0,0.07167496338881252,0.023095772529674985,0.015659367033436844
Gardner,Expenditure,Administration,2024,536.0,2019,448.0,2014,467.0,2009,411.0,0.036519209464036084,0.013875878960878607,0.01786035183215673
Gardner,Expenditure,"Guidance, Counseling and Testing",2024,613.0,2019,558.0,2014,463.0,2009,344.0,0.018979050054691138,0.028461286007874564,0.03926619796705344
Gardner,Expenditure,Other,2024,1206.0,2019,469.0,2014,530.0,2009,508.0,0.20791087977228595,0.08569326522665466,0.059332361431634784
Gardner,Expenditure,Total PPE,2024,17986.0,2019,13913.0,2014,12208.0,2009,10809.0,0.05269548629669907,0.03951080251839545,0.03453043433464176
Gardner,Enrollment,In-District FTE Pupils,2024,2470.5,2019,2284.8,2014,2423.7,2009,2665.7,0.015751175571232068,0.0019143561577534829,-0.005056912414468706
Gardner,Enrollment,Out-of-District FTE Pupils,2024,210.9,2019,343.9,2014,200.8,2009,189.7,-0.09316373239086173,0.004919531319623527,0.007087680252229056
Gardner,NSS,Ch70 Aid,2024,11442.73925740509,2019,7852.390127388535,2014,7602.808740978348,2009,7079.520902700703,0.07821563884623606,0.041731013181607324,0.03252777316184097
Gardner,NSS,Req NSS (minus Ch70),2024,4698.422194409679,2019,3618.042595541401,2014,2971.772579104715,2009,1896.0436689930214,0.05364830480495941,0.04687215103406439,0.062364574310238785
Gardner,NSS,Actual NSS (minus Req NSS),2024,123.59471133253103,2019,456.8074936128272,2014,-19.785475715143427,2009,-12.914577521850974,-0.23006629207954432,0.7246739432094321,0.7046780463054947
Gardner,NSS,Total Actual NSS per pupil,2024,16264.7561631473,2019,11927.240216542763,2014,10554.79584436792,2009,8962.649994171874,0.06399973096731126,0.04419058233249751,0.040528726797742776
Gardner,Enrollment,Foundation Enrollment,2024,2397.0,2019,2512.0,2014,2494.0,2009,2703.0,-0.009328475902599553,-0.003959131073423272,-0.007977629247229556
Gateway,Expenditure,Teachers,2024,7920.0,2019,6115.0,2014,4855.0,2009,4133.0,0.053090618956452396,0.05015546005817084,0.0443129217431375
Gateway,Expenditure,"Insurance, Retirement and Other",2024,4798.0,2019,3508.0,2014,2612.0,2009,2129.0,0.06463351011651097,0.06269517099996058,0.05566382306907203
Gateway,Expenditure,Pupil Services,2024,3525.0,2019,2525.0,2014,2187.0,2009,1884.0,0.06900453541794338,0.04889262990019039,0.04265000150301801
Gateway,Expenditure,Other Teaching Services,2024,2406.0,2019,1764.0,2014,1432.0,2009,1136.0,0.06404356219460428,0.05325919809812807,0.05130279598925025
Gateway,Expenditure,Operations and Maintenance,2024,2193.0,2019,1566.0,2014,1344.0,2009,1350.0,0.06966891394650787,0.0501804669992052,0.03287315710456418
Gateway,Expenditure,Instructional Leadership,2024,1520.0,2019,921.0,2014,1115.0,2009,1059.0,0.10539320744838498,0.031470643376356744,0.024384916715032734
Gateway,Expenditure,Administration,2024,953.0,2019,879.0,2014,736.0,2009,695.0,0.016297377982128936,0.026175185723754213,0.021269917987579934
Gateway,Expenditure,"Guidance, Counseling and Testing",2024,862.0,2019,550.0,2014,539.0,2009,396.0,0.09402920415927785,0.04807376510821104,0.05322414171367296
Gateway,Expenditure,Other,2024,1253.0,2019,429.0,2014,386.0,2009,631.0,0.23907831290808335,0.12495817652502561,0.046794536921869634
Gateway,Expenditure,Total PPE,2024,25430.0,2019,18257.0,2014,15206.0,2009,13413.0,0.06852180455005952,0.052769119379945106,0.043569463271131426
Gateway,Enrollment,In-District FTE Pupils,2024,739.5,2019,840.8,2014,981.4,2009,1223.2,-0.02534908450341211,-0.027903873806291446,-0.03299352878413542
Gateway,Enrollment,Out-of-District FTE Pupils,2024,107.1,2019,102.9,2014,128.8,2009,102.3,0.008033160997201527,-0.01828062825458099,0.003061564009887663
Gateway,NSS,Ch70 Aid,2024,7551.076335877864,2019,6496.9999999353295,2014,5189.919741697417,2009,4626.221792890263,0.030526582196109375,0.03820907774932003,0.03320260869810121
Gateway,NSS,Req NSS (minus Ch70),2024,7171.105597964378,2019,5946.592848844803,2014,5637.64298892989,2009,3886.2148377125195,0.03815830534175113,0.02435113919665155,0.041687103548029736
Gateway,NSS,Actual NSS (minus Req NSS),2024,2834.9467116703045,2019,1943.5912752974475,2014,1310.8459409594095,2009,2002.2387944358577,0.07842014468600267,0.08018794108047422,0.023454646097124332
Gateway,NSS,Total Actual NSS per pupil,2024,17557.12864551255,2019,14387.18412407758,2014,12138.408671586714,2009,10514.67542503864,0.040628073638651285,0.03759811387772949,0.034770028986726986
Gateway,Enrollment,Foundation Enrollment,2024,785.9999999999999,2019,867.00000000867,2014,1084.0,2009,1294.0,-0.019425286511347672,-0.031634459938445936,-0.03268953864081903
Georgetown,Expenditure,Teachers,2024,7079.0,2019,5852.0,2014,4801.0,2009,3739.0,0.03880377450782668,0.03959461357515037,0.043472712537542924
Georgetown,Expenditure,"Insurance, Retirement and Other",2024,3133.0,2019,2309.0,2014,1722.0,2009,1233.0,0.06293643126901194,0.06167777201334368,0.06414258016108332
Georgetown,Expenditure,Pupil Services,2024,1736.0,2019,1574.0,2014,1121.0,2009,483.0,0.01978588974676021,0.044706774226052515,0.08903082511162785
Georgetown,Expenditure,Other Teaching Services,2024,1767.0,2019,1285.0,2014,955.0,2009,573.0,0.06577783597892495,0.06346528529521644,0.07796698986745598
Georgetown,Expenditure,Operations and Maintenance,2024,1522.0,2019,1230.0,2014,545.0,2009,500.0,0.04352271773890459,0.10815832905546463,0.07703456991309743
Georgetown,Expenditure,Instructional Leadership,2024,1773.0,2019,870.0,2014,620.0,2009,602.0,0.1530228037962189,0.11078934342802982,0.07466758522917227
Georgetown,Expenditure,Administration,2024,762.0,2019,481.0,2014,451.0,2009,261.0,0.09638220740301318,0.05384767796788714,0.07404125721819055
Georgetown,Expenditure,"Guidance, Counseling and Testing",2024,674.0,2019,383.0,2014,398.0,2009,410.0,0.11967562670545662,0.05408997374761659,0.03369338243431064
Georgetown,Expenditure,Other,2024,439.0,2019,709.0,2014,443.0,2009,195.0,-0.0914189868472135,-0.0009066244644622135,0.055590145654474066
Georgetown,Expenditure,Total PPE,2024,18885.0,2019,14693.0,2014,11056.0,2009,7996.0,0.051480691581100135,0.05499863059599308,0.0589682686161499
Georgetown,Enrollment,In-District FTE Pupils,2024,1257.4,2019,1361.6,2014,1512.7,2009,1693.5,-0.01579677755047959,-0.018315203841501648,-0.019654370586514647
Georgetown,Enrollment,Out-of-District FTE Pupils,2024,53.8,2019,40.4,2014,50.8,2009,49.7,0.058961527039157025,0.005754203450964335,0.005298556901370155
Georgetown,NSS,Ch70 Aid,2024,4648.899918633035,2019,4117.290322580645,2014,3504.4882471457354,2009,2945.607687210073,0.024584404489955247,0.02866167342152659,0.03088847920361526
Georgetown,NSS,Req NSS (minus Ch70),2024,9257.637917005695,2019,7257.73968492123,2014,5750.371390194761,2009,4864.60901259112,0.049880237219549706,0.048770419492016215,0.043830902723402065
Georgetown,NSS,Actual NSS (minus Req NSS),2024,3896.2786158502854,2019,2359.2349733718283,2014,1044.3567643306944,2009,346.447959501969,0.10554331152945551,0.14072277392002142,0.175080086283685
Georgetown,NSS,Total Actual NSS per pupil,2024,17802.816451489016,2019,13734.264980873704,2014,10299.21640167119,2009,8156.664659303162,0.053262588352515516,0.05625421029131661,0.05341235355410001
Georgetown,Enrollment,Foundation Enrollment,2024,1229.0,2019,1333.0,2014,1489.0,2009,1509.0,-0.016114983710928565,-0.019007428981888563,-0.013589901988816488
Gill-Montague,Expenditure,Teachers,2024,7460.0,2019,5842.0,2014,5138.0,2009,4761.0,0.05011159770470042,0.037993114770682235,0.030392549443864603
Gill-Montague,Expenditure,"Insurance, Retirement and Other",2024,5672.0,2019,4282.0,2014,3681.0,2009,2966.0,0.057834950461511436,0.04418401497514601,0.044169503929920806
Gill-Montague,Expenditure,Pupil Services,2024,2536.0,2019,1797.0,2014,1878.0,2009,1562.0,0.07132252053573507,0.030493759548440247,0.03283563750986618
Gill-Montague,Expenditure,Other Teaching Services,2024,2880.0,2019,1833.0,2014,1632.0,2009,1307.0,0.09457620948917067,0.058442410876291984,0.054082152503795555
Gill-Montague,Expenditure,Operations and Maintenance,2024,2535.0,2019,1854.0,2014,1607.0,2009,1440.0,0.0645685864844805,0.04663730156491086,0.03842315788937101
Gill-Montague,Expenditure,Instructional Leadership,2024,1802.0,2019,1338.0,2014,1436.0,2009,1158.0,0.061352713650100865,0.022963256429795686,0.029919027769904183
Gill-Montague,Expenditure,Administration,2024,837.0,2019,741.0,2014,477.0,2009,661.0,0.02466393346459128,0.05784176098103133,0.01586251018279361
Gill-Montague,Expenditure,"Guidance, Counseling and Testing",2024,934.0,2019,609.0,2014,649.0,2009,528.0,0.08929601970237755,0.037075126013713655,0.038757558437150674
Gill-Montague,Expenditure,Other,2024,1689.0,2019,597.0,2014,723.0,2009,758.0,0.23120696509109373,0.08855188760697286,0.05486616607248718
Gill-Montague,Expenditure,Total PPE,2024,26345.0,2019,18893.0,2014,17221.0,2009,15141.0,0.06875818969716496,0.04343159653741324,0.03761500362002779
Gill-Montague,Enrollment,In-District FTE Pupils,2024,899.8,2019,938.3,2014,1006.2,2009,1094.8,-0.008344432507595312,-0.011114138655956118,-0.012991832049652152
Gill-Montague,Enrollment,Out-of-District FTE Pupils,2024,227.4,2019,336.8,2014,264.6,2009,218.3,-0.07554947057156003,-0.015036670105393779,0.002726397731453778
Gill-Montague,NSS,Ch70 Aid,2024,8273.359028511088,2019,5657.856232939035,2014,5464.247963800905,2009,5564.898788927335,0.07896161039584126,0.042353783718135585,0.02679002291878163
Gill-Montague,NSS,Req NSS (minus Ch70),2024,7228.554382259767,2019,5580.170154686079,2014,5106.420814479638,2009,3894.206747404845,0.053127132929360776,0.03536501267392356,0.042098641757462474
Gill-Montague,NSS,Actual NSS (minus Req NSS),2024,6382.417874009157,2019,4395.509554140127,2014,2995.433484162896,2009,3874.84169550173,0.07744522641603302,0.07858047821007852,0.033829097522798834
Gill-Montague,NSS,Total Actual NSS per pupil,2024,21884.33128478001,2019,15633.53594176524,2014,13566.102262443437,2009,13333.94723183391,0.06958477618136638,0.048981476871823526,0.033582077313600855
Gill-Montague,Enrollment,Foundation Enrollment,2024,947.0,2019,1099.0,2014,1105.0,2009,1156.0,-0.02933257030151659,-0.0153117172184557,-0.013206811603099666
Global Learning Charter Public (District),Expenditure,Teachers,2024,5673.0,2019,4951.0,2014,,2009,,0.02759970624972774,,
Global Learning Charter Public (District),Expenditure,"Insurance, Retirement and Other",2024,2329.0,2019,3587.0,2014,,2009,,-0.08275020709928904,,
Global Learning Charter Public (District),Expenditure,Pupil Services,2024,2394.0,2019,1689.0,2014,,2009,,0.07225702266772638,,
Global Learning Charter Public (District),Expenditure,Other Teaching Services,2024,1316.0,2019,553.0,2014,,2009,,0.1893403456906133,,
Global Learning Charter Public (District),Expenditure,Operations and Maintenance,2024,1114.0,2019,615.0,2014,,2009,,0.1261649720057647,,
Global Learning Charter Public (District),Expenditure,Instructional Leadership,2024,1703.0,2019,1241.0,2014,,2009,,0.06534083315266881,,
Global Learning Charter Public (District),Expenditure,Administration,2024,2065.0,2019,1573.0,2014,,2009,,0.05593762939553848,,
Global Learning Charter Public (District),Expenditure,"Guidance, Counseling and Testing",2024,970.0,2019,562.0,2014,,2009,,0.11533950161687545,,
Global Learning Charter Public (District),Expenditure,Other,2024,1131.0,2019,723.0,2014,,2009,,0.0936160151935923,,
Global Learning Charter Public (District),Expenditure,Total PPE,2024,18695.0,2019,15494.0,2014,,2009,,0.03827496784046036,,
Global Learning Charter Public (District),Enrollment,In-District FTE Pupils,2024,499.6,2019,502.8,2014,,2009,,-0.0012761247523578323,,
Global Learning Charter Public (District),Enrollment,Out-of-District FTE Pupils,2024,0.0,2019,0.0,2014,,2009,,,,
Gloucester,Expenditure,Teachers,2024,7877.0,2019,7095.0,2014,5929.0,2009,4854.0,0.02113153659120992,0.028816544367036512,0.032802795804562024
Gloucester,Expenditure,"Insurance, Retirement and Other",2024,4605.0,2019,3270.0,2014,3065.0,2009,2430.0,0.07086907342742954,0.04154950191437212,0.043537893604603584
Gloucester,Expenditure,Pupil Services,2024,1152.0,2019,1227.0,2014,975.0,2009,1176.0,-0.012535291122473535,0.01682165413829484,-0.0013736747907091562
Gloucester,Expenditure,Other Teaching Services,2024,1646.0,2019,1516.0,2014,1200.0,2009,906.0,0.016590684912757947,0.03210732066620281,0.04060707798291263
Gloucester,Expenditure,Operations and Maintenance,2024,2574.0,2019,1649.0,2014,1329.0,2009,1335.0,0.0931445084419893,0.06833721271485271,0.04474063087260238
Gloucester,Expenditure,Instructional Leadership,2024,3274.0,2019,751.0,2014,855.0,2009,723.0,0.3424179406281529,0.14369772185983187,0.10593437848900145
Gloucester,Expenditure,Administration,2024,796.0,2019,648.0,2014,626.0,2009,316.0,0.041999744259102245,0.024315804061038948,0.06352670392586224
Gloucester,Expenditure,"Guidance, Counseling and Testing",2024,428.0,2019,361.0,2014,341.0,2009,315.0,0.0346353517091087,0.022984230433671815,0.0206469631076871
Gloucester,Expenditure,Other,2024,312.0,2019,497.0,2014,592.0,2009,464.0,-0.08891343807477814,-0.06204222286785188,-0.026111791532723472
Gloucester,Expenditure,Total PPE,2024,22664.0,2019,17014.0,2014,14912.0,2009,12519.0,0.0590245468196815,0.04274968338317153,0.04036195350109728
Gloucester,Enrollment,In-District FTE Pupils,2024,2921.7,2019,2917.8,2014,3046.2,2009,3396.1,0.00026718188621721595,-0.004164232791391886,-0.009980664317031929
Gloucester,Enrollment,Out-of-District FTE Pupils,2024,299.9,2019,368.0,2014,364.4,2009,281.6,-0.040100579654779756,-0.019291792859261414,0.004206252315548609
Gloucester,NSS,Ch70 Aid,2024,3733.4144975288305,2019,2071.2064882411823,2014,1769.099524105627,2009,1676.3388273439612,0.12506227485518862,0.07754494628111841,0.0548311839660276
Gloucester,NSS,Req NSS (minus Ch70),2024,11767.445469522241,2019,9382.460959548447,2014,9223.501035196688,2009,7669.910024317752,0.046340620714940606,0.02465730212660633,0.02894650183276526
Gloucester,NSS,Actual NSS (minus Req NSS),2024,5441.839845742995,2019,4415.948322044171,2014,2267.922628288633,2009,1028.8996487435832,0.042663941990664256,0.09146987171684673,0.11744163591716439
Gloucester,NSS,Total Actual NSS per pupil,2024,20942.699812794068,2019,15869.615769833801,2014,13260.523187590949,2009,10375.148500405296,0.05704445210450926,0.0467601984084034,0.04793872594610238
Gloucester,Enrollment,Foundation Enrollment,2024,3035.0,2019,3189.0,2014,3381.0,2009,3701.0,-0.009850356972818108,-0.010737942160888414,-0.013139027954009896
Grafton,Expenditure,Teachers,2024,6326.0,2019,5480.0,2014,4917.0,2009,4095.0,0.029128785281282932,0.025517079962735334,0.029417828266460777
Grafton,Expenditure,"Insurance, Retirement and Other",2024,2051.0,2019,1382.0,2014,1087.0,2009,1107.0,0.0821601157371823,0.06554945583858562,0.04196837059757419
Grafton,Expenditure,Pupil Services,2024,1665.0,2019,1711.0,2014,927.0,2009,922.0,-0.005435746867019642,0.060311447840188714,0.04018891454402573
Grafton,Expenditure,Other Teaching Services,2024,2056.0,2019,1729.0,2014,972.0,2009,813.0,0.03525091592212082,0.07779380880499343,0.06380535214275174
Grafton,Expenditure,Operations and Maintenance,2024,1522.0,2019,678.0,2014,923.0,2009,785.0,0.17553886396344365,0.051287002640015844,0.0451284411367181
Grafton,Expenditure,Instructional Leadership,2024,1508.0,2019,957.0,2014,874.0,2009,547.0,0.095211210996488,0.056060966759418074,0.06994372083821299
Grafton,Expenditure,Administration,2024,516.0,2019,354.0,2014,300.0,2009,328.0,0.07827438373897988,0.05572995598536834,0.030667046380925544
Grafton,Expenditure,"Guidance, Counseling and Testing",2024,349.0,2019,327.0,2014,143.0,2009,131.0,0.013107510324082083,0.0933241444151125,0.06750587889465942
Grafton,Expenditure,Other,2024,108.0,2019,163.0,2014,161.0,2009,362.0,-0.07902629602550981,-0.03914072216279296,-0.07746890745544832
Grafton,Expenditure,Total PPE,2024,16101.0,2019,12781.0,2014,10304.0,2009,9090.0,0.047267444081332766,0.0456460470653588,0.038849410767462844
Grafton,Enrollment,In-District FTE Pupils,2024,3089.6,2019,3168.6,2014,3021.2,2009,2848.6,-0.005036915436829603,0.0022412608019795055,0.00542894943711314
Grafton,Enrollment,Out-of-District FTE Pupils,2024,99.2,2019,105.7,2014,116.7,2009,61.6,-0.012613154607819532,-0.016115584252153203,0.03227497091058473
Grafton,NSS,Ch70 Aid,2024,4337.125423728814,2019,3537.3715478484264,2014,3431.6350555918903,2009,3010.973132131027,0.04160788927358716,0.023693836758778897,0.024628284120628674
Grafton,NSS,Req NSS (minus Ch70),2024,8283.61220338983,2019,6573.684649967887,2014,5524.432962720733,2009,4946.261685682738,0.04732670772939662,0.041341568819775576,0.03497417035892458
Grafton,NSS,Actual NSS (minus Req NSS),2024,2567.5940747467316,2019,1997.8156644402882,2014,452.3198513000268,2009,209.6393080603607,0.05146347279013286,0.18961949233860875,0.1817807454418412
Grafton,NSS,Total Actual NSS per pupil,2024,15188.331701865376,2019,12108.871862256601,2014,9408.387869612649,2009,8166.874125874127,0.04636035842456754,0.049057966171285994,0.04223010596188992
Grafton,Enrollment,Foundation Enrollment,2024,2950.0,2019,3114.0,2014,3058.0,2009,2717.0,-0.01076224871420528,-0.003589137308953716,0.005500193488314764
Granby,Expenditure,Teachers,2024,5890.0,2019,4627.0,2014,4810.0,2009,4125.0,0.04945340036858337,0.02046243413403981,0.024030179678318886
Granby,Expenditure,"Insurance, Retirement and Other",2024,3122.0,2019,2024.0,2014,1370.0,2009,1199.0,0.0905472278231112,0.08585349405396614,0.06587820294829516
Granby,Expenditure,Pupil Services,2024,2448.0,2019,1243.0,2014,1423.0,2009,1335.0,0.14516497594776134,0.05574893339987863,0.0412507882483546
Granby,Expenditure,Other Teaching Services,2024,1771.0,2019,1324.0,2014,979.0,2009,703.0,0.059902984901052614,0.06106890346415028,0.06353278545232177
Granby,Expenditure,Operations and Maintenance,2024,1345.0,2019,893.0,2014,910.0,2009,715.0,0.08536088243816664,0.03984375808068363,0.043024274999291956
Granby,Expenditure,Instructional Leadership,2024,1331.0,2019,1001.0,2014,701.0,2009,576.0,0.05864120932043804,0.06621798452490202,0.05742694186679964
Granby,Expenditure,Administration,2024,905.0,2019,1089.0,2014,588.0,2009,373.0,-0.03633931788972844,0.044064009727150966,0.06087117622019922
Granby,Expenditure,"Guidance, Counseling and Testing",2024,1523.0,2019,1521.0,2014,661.0,2009,655.0,0.00026284666530651535,0.08705081100817846,0.05786579174160322
Granby,Expenditure,Other,2024,489.0,2019,197.0,2014,270.0,2009,224.0,0.19941237834576286,0.06119332482488793,0.053426055582211474
Granby,Expenditure,Total PPE,2024,18824.0,2019,13919.0,2014,11712.0,2009,9905.0,0.062235412882876595,0.048595730386653324,0.04373559729087839
Granby,Enrollment,In-District FTE Pupils,2024,695.4,2019,738.1,2014,935.1,2009,1112.5,-0.011847676406768204,-0.02918235113930312,-0.030839635842778157
Granby,Enrollment,Out-of-District FTE Pupils,2024,85.9,2019,95.7,2014,67.9,2009,56.3,-0.021375137144185707,0.023793431731028658,0.02856636385320921
Granby,NSS,Ch70 Aid,2024,7091.413690476191,2019,6652.936962750717,2014,4924.9890948745915,2009,4481.508522727273,0.012847085172745354,0.037128944445971035,0.03106783679025149
Granby,NSS,Req NSS (minus Ch70),2024,8433.510416666666,2019,6886.71776504298,2014,5155.641221374046,2009,3603.851325757576,0.04135599162410397,0.05044318985187535,0.05831780158646982
Granby,NSS,Actual NSS (minus Req NSS),2024,1277.3195075425153,2019,522.566433302311,2014,800.918502056896,2009,903.378029702196,0.1957258192357616,0.047782454720247225,0.023360542702103526
Granby,NSS,Total Actual NSS per pupil,2024,16802.243614685372,2019,14062.221161096008,2014,10881.548818305533,2009,8988.737878187045,0.03624553116596285,0.044401907247131556,0.042584436101887
Granby,Enrollment,Foundation Enrollment,2024,672.0,2019,698.0,2014,917.0,2009,1056.0,-0.007563404856486322,-0.030606744676371145,-0.029682888251531647
Granville,Expenditure,Teachers,2012,5727.0,2007,,2002,,1997,,,,
Granville,Expenditure,"Insurance, Retirement and Other",2012,1760.0,2007,,2002,,1997,,,,
Granville,Expenditure,Pupil Services,2012,1673.0,2007,,2002,,1997,,,,
Granville,Expenditure,Other Teaching Services,2012,1888.0,2007,,2002,,1997,,,,
Granville,Expenditure,Operations and Maintenance,2012,1740.0,2007,,2002,,1997,,,,
Granville,Expenditure,Instructional Leadership,2012,1084.0,2007,,2002,,1997,,,,
Granville,Expenditure,Administration,2012,1199.0,2007,,2002,,1997,,,,
Granville,Expenditure,"Guidance, Counseling and Testing",2012,370.0,2007,,2002,,1997,,,,
Granville,Expenditure,Other,2012,712.0,2007,,2002,,1997,,,,
Granville,Expenditure,Total PPE,2012,16153.0,2007,,2002,,1997,,,,
Granville,Enrollment,In-District FTE Pupils,2012,146.6,2007,,2002,,1997,,,,
Granville,Enrollment,Out-of-District FTE Pupils,2012,80.5,2007,,2002,,1997,,,,
Granville,NSS,Ch70 Aid,2012,5263.569620253164,2007,4259.508143322476,2002,2713.2027491408935,1997,1356.0344827586207,0.043239887797782206,0.06851300484644085,0.09462990610188937
Granville,NSS,Req NSS (minus Ch70),2012,5468.459915611815,2007,3862.4625407166122,2002,3589.951890034364,1997,2966.3241379310343,0.07201324324626168,0.04298398634132816,0.04162108333287651
Granville,NSS,Actual NSS (minus Req NSS),2012,2631.2236286919833,2007,1679.615635179153,2002,861.6185567010309,1997,814.1724137931035,0.09393009506338057,0.11810933060791085,0.08134122040012293
Granville,NSS,Total Actual NSS per pupil,2012,13363.253164556962,2007,9801.58631921824,2002,7164.773195876289,1997,5136.5310344827585,0.06395476868837235,0.06431694079258321,0.06581743094576065
Granville,Enrollment,Foundation Enrollment,2024,0.0,2019,0.0,2014,0.0,2009,273.0,,,
Greater Commonwealth Virtual District,Expenditure,Teachers,2024,5050.0,2019,4413.0,2014,,2009,,0.027333594656308247,,
Greater Commonwealth Virtual District,Expenditure,"Insurance, Retirement and Other",2024,2481.0,2019,1900.0,2014,,2009,,0.05481095754130694,,
Greater Commonwealth Virtual District,Expenditure,Pupil Services,2024,114.0,2019,116.0,2014,,2009,,-0.0034723060960244467,,
Greater Commonwealth Virtual District,Expenditure,Other Teaching Services,2024,1699.0,2019,668.0,2014,,2009,,0.20526732598313635,,
Greater Commonwealth Virtual District,Expenditure,Operations and Maintenance,2024,118.0,2019,93.0,2014,,2009,,0.04876892744782979,,
Greater Commonwealth Virtual District,Expenditure,Instructional Leadership,2024,970.0,2019,638.0,2014,,2009,,0.08740220949122302,,
Greater Commonwealth Virtual District,Expenditure,Administration,2024,1618.0,2019,1096.0,2014,,2009,,0.0810196607203788,,
Greater Commonwealth Virtual District,Expenditure,"Guidance, Counseling and Testing",2024,537.0,2019,397.0,2014,,2009,,0.06227449869033741,,
Greater Commonwealth Virtual District,Expenditure,Other,2024,1246.0,2019,621.0,2014,,2009,,0.1494373059815426,,
Greater Commonwealth Virtual District,Expenditure,Total PPE,2024,13833.0,2019,9942.0,2014,,2009,,0.06828842703453764,,
Greater Commonwealth Virtual District,Enrollment,In-District FTE Pupils,2024,1204.3,2019,579.0,2014,,2009,,0.15774049602290718,,
Greater Commonwealth Virtual District,Enrollment,Out-of-District FTE Pupils,2024,0.0,2019,0.0,2014,,2009,,,,
Greater Fall River Regional Vocational Technical,Expenditure,Teachers,2024,9848.0,2019,8658.0,2014,7344.0,2009,6203.0,0.026091504015875566,0.029773086452997033,0.031295407823343835
Greater Fall River Regional Vocational Technical,Expenditure,"Insurance, Retirement and Other",2024,3922.0,2019,3244.0,2014,2592.0,2009,3070.0,0.038688560914492465,0.042286851640696455,0.01646231259776787
Greater Fall River Regional Vocational Technical,Expenditure,Pupil Services,2024,2935.0,2019,2300.0,2014,2178.0,2009,1558.0,0.04996797748285253,0.030279415747185512,0.043124254118747096
Greater Fall River Regional Vocational Technical,Expenditure,Other Teaching Services,2024,444.0,2019,215.0,2014,257.0,2009,155.0,0.15608269927997798,0.056197133966114254,0.07267975663958648
Greater Fall River Regional Vocational Technical,Expenditure,Operations and Maintenance,2024,1697.0,2019,1459.0,2014,1425.0,2009,1503.0,0.030683467994910396,0.017622492922243715,0.008126097312480818
Greater Fall River Regional Vocational Technical,Expenditure,Instructional Leadership,2024,610.0,2019,229.0,2014,179.0,2009,62.0,0.21646290641640076,0.1304404269292443,0.1646511942865967
Greater Fall River Regional Vocational Technical,Expenditure,Administration,2024,1757.0,2019,1483.0,2014,1537.0,2009,1451.0,0.034489583678533275,0.013467414020786217,0.012838706524669563
Greater Fall River Regional Vocational Technical,Expenditure,"Guidance, Counseling and Testing",2024,719.0,2019,789.0,2014,751.0,2009,739.0,-0.018409430224704426,-0.00434496262238615,-0.001827432423477826
Greater Fall River Regional Vocational Technical,Expenditure,Other,2024,3939.0,2019,1681.0,2014,1557.0,2009,2091.0,0.18566951418404787,0.09726047826906359,0.04312286034647794
Greater Fall River Regional Vocational Technical,Expenditure,Total PPE,2024,25871.0,2019,20058.0,2014,17820.0,2009,16832.0,0.05221652430459156,0.03798374305266128,0.029070589140844483
Greater Fall River Regional Vocational Technical,Enrollment,In-District FTE Pupils,2024,1427.9,2019,1438.0,2014,1436.5,2009,1364.3,-0.0014086920295368621,-0.0006002963483173751,0.0030421751758180626
Greater Fall River Regional Vocational Technical,Enrollment,Out-of-District FTE Pupils,2024,12.1,2019,13.2,2014,1.0,2009,0.7,-0.017251730343853966,0.28315327585610217,0.20923995566674813
Greater Lawrence Regional Vocational Technical,Expenditure,Teachers,2024,9879.0,2019,7846.0,2014,7312.0,2009,8148.0,0.04715973932838935,0.030546707896670355,0.012925406419244556
Greater Lawrence Regional Vocational Technical,Expenditure,"Insurance, Retirement and Other",2024,5075.0,2019,4746.0,2014,4891.0,2009,5176.0,0.013495121502064222,0.0036998017687130957,-0.0013128729120267524
Greater Lawrence Regional Vocational Technical,Expenditure,Pupil Services,2024,3248.0,2019,2311.0,2014,2290.0,2009,2557.0,0.07044218295057059,0.03556664549541333,0.01607481345194417
Greater Lawrence Regional Vocational Technical,Expenditure,Other Teaching Services,2024,1125.0,2019,936.0,2014,576.0,2009,864.0,0.03746949225212437,0.06923459999118808,0.0177534549156646
Greater Lawrence Regional Vocational Technical,Expenditure,Operations and Maintenance,2024,2990.0,2019,1967.0,2014,2025.0,2009,2205.0,0.08736003211817822,0.039739674339277276,0.020510567637504806
Greater Lawrence Regional Vocational Technical,Expenditure,Instructional Leadership,2024,1725.0,2019,1227.0,2014,1507.0,2009,1528.0,0.07050551084467727,0.01360229383930367,0.008117258387764448
Greater Lawrence Regional Vocational Technical,Expenditure,Administration,2024,1798.0,2019,1310.0,2014,799.0,2009,639.0,0.06537788707102776,0.08448685121317423,0.07140233520335593
Greater Lawrence Regional Vocational Technical,Expenditure,"Guidance, Counseling and Testing",2024,1206.0,2019,630.0,2014,678.0,2009,519.0,0.13867910589603905,0.05928241186181604,0.05782054263140024
Greater Lawrence Regional Vocational Technical,Expenditure,Other,2024,3489.0,2019,1178.0,2014,1325.0,2009,2482.0,0.24254216670044326,0.10166235435639082,0.022963047921402246
Greater Lawrence Regional Vocational Technical,Expenditure,Total PPE,2024,30535.0,2019,22151.0,2014,21403.0,2009,24118.0,0.06630370310983791,0.03617313308855663,0.015852005294718863
Greater Lawrence Regional Vocational Technical,Enrollment,In-District FTE Pupils,2024,1742.7,2019,1535.2,2014,1304.1,2009,1124.0,0.02567916564280237,0.02941661512758187,0.029667696621326956
Greater Lawrence Regional Vocational Technical,Enrollment,Out-of-District FTE Pupils,2024,4.5,2019,6.0,2014,158.9,2009,199.4,-0.05591248870509802,-0.2998213538243728,-0.22333722413331913
Greater Lowell Regional Vocational Technical,Expenditure,Teachers,2024,9641.0,2019,7382.0,2014,6588.0,2009,6479.0,0.05484733111704543,0.03881174030370427,0.026851417269955213
Greater Lowell Regional Vocational Technical,Expenditure,"Insurance, Retirement and Other",2024,4640.0,2019,3847.0,2014,3989.0,2009,3240.0,0.038195539988145066,0.015232224901970293,0.02423166436573565
Greater Lowell Regional Vocational Technical,Expenditure,Pupil Services,2024,3062.0,2019,2390.0,2014,2094.0,2009,2063.0,0.05080337037197369,0.03873042108824665,0.026676758054666072
Greater Lowell Regional Vocational Technical,Expenditure,Other Teaching Services,2024,991.0,2019,638.0,2014,868.0,2009,522.0,0.0920702974413643,0.013340482645055607,0.04366281493879298
Greater Lowell Regional Vocational Technical,Expenditure,Operations and Maintenance,2024,2759.0,2019,2161.0,2014,1495.0,2009,1820.0,0.050072745861145185,0.06319041042829099,0.02812366135281641
Greater Lowell Regional Vocational Technical,Expenditure,Instructional Leadership,2024,1443.0,2019,1011.0,2014,1018.0,2009,979.0,0.07374964956494257,0.03550417753937096,0.026200548904774523
Greater Lowell Regional Vocational Technical,Expenditure,Administration,2024,874.0,2019,662.0,2014,850.0,2009,856.0,0.057135576401903476,0.002788282666455144,0.001388296092949881
Greater Lowell Regional Vocational Technical,Expenditure,"Guidance, Counseling and Testing",2024,987.0,2019,821.0,2014,802.0,2009,857.0,0.03751599097948355,0.02097305001331362,0.009459939748047264
Greater Lowell Regional Vocational Technical,Expenditure,Other,2024,2521.0,2019,1721.0,2014,1356.0,2009,1244.0,0.07934030542602422,0.06397473556601452,0.048214503212152815
Greater Lowell Regional Vocational Technical,Expenditure,Total PPE,2024,26918.0,2019,20633.0,2014,19060.0,2009,18060.0,0.054620191868047785,0.0351230732064749,0.026963487076305803
Greater Lowell Regional Vocational Technical,Enrollment,In-District FTE Pupils,2024,2297.4,2019,2259.4,2014,2099.8,2009,1917.3,0.0033413212941213466,0.00903415854938494,0.012130322915997915
Greater Lowell Regional Vocational Technical,Enrollment,Out-of-District FTE Pupils,2024,10.0,2019,38.1,2014,38.2,2009,68.8,-0.23472944256144512,-0.1254318368358418,-0.1206520189822804
Greater New Bedford Regional Vocational Technical,Expenditure,Teachers,2024,8491.0,2019,7587.0,2014,7168.0,2009,6228.0,0.022769459747549847,0.01708227178116517,0.020878401874300012
Greater New Bedford Regional Vocational Technical,Expenditure,"Insurance, Retirement and Other",2024,4125.0,2019,3592.0,2014,2802.0,2009,2431.0,0.028057782251646568,0.03943080161499957,0.03587956626077671
Greater New Bedford Regional Vocational Technical,Expenditure,Pupil Services,2024,2730.0,2019,2088.0,2014,1584.0,2009,1774.0,0.0550825262847634,0.055943659991979144,0.029154558662020547
Greater New Bedford Regional Vocational Technical,Expenditure,Other Teaching Services,2024,1063.0,2019,788.0,2014,740.0,2009,651.0,0.06169900270257833,0.03688395578913828,0.03322955011753281
Greater New Bedford Regional Vocational Technical,Expenditure,Operations and Maintenance,2024,5266.0,2019,2172.0,2014,1523.0,2009,2286.0,0.1937797474121825,0.1320825472441456,0.05720767808254057
Greater New Bedford Regional Vocational Technical,Expenditure,Instructional Leadership,2024,2070.0,2019,1682.0,2014,1241.0,2009,1199.0,0.04238672232360208,0.05249455178056439,0.03707479061985364
Greater New Bedford Regional Vocational Technical,Expenditure,Administration,2024,1141.0,2019,521.0,2014,1285.0,2009,549.0,0.1697406547379532,-0.011815012794518687,0.049979661403757314
Greater New Bedford Regional Vocational Technical,Expenditure,"Guidance, Counseling and Testing",2024,663.0,2019,539.0,2014,543.0,2009,466.0,0.04228131599379936,0.020167232231222076,0.023784399484493957
Greater New Bedford Regional Vocational Technical,Expenditure,Other,2024,3561.0,2019,1291.0,2014,1047.0,2009,1229.0,0.22498041790619783,0.13021880558490184,0.07349824652228976
Greater New Bedford Regional Vocational Technical,Expenditure,Total PPE,2024,29110.0,2019,20260.0,2014,17933.0,2009,16813.0,0.0751784542837779,0.049636503068758664,0.03727314183106323
Greater New Bedford Regional Vocational Technical,Enrollment,In-District FTE Pupils,2024,2127.1,2019,2114.6,2014,2130.1,2009,2019.4,0.0011794711038202177,-0.0001409277976082146,0.0034699471828230077
Greater New Bedford Regional Vocational Technical,Enrollment,Out-of-District FTE Pupils,2024,8.5,2019,2.6,2014,1.8,2009,0.0,0.26732824917687137,0.16792415891192758,
Greenfield,Expenditure,Teachers,2024,6852.0,2019,6291.0,2014,5371.0,2009,4768.0,0.01723087595619588,0.024651594448883873,0.024468809247648826
Greenfield,Expenditure,"Insurance, Retirement and Other",2024,5321.0,2019,3482.0,2014,3001.0,2009,3790.0,0.0885111911014751,0.05894334744721852,0.022877447302200427
Greenfield,Expenditure,Pupil Services,2024,3548.0,2019,1790.0,2014,1424.0,2009,1454.0,0.14663743415061692,0.0955882407023223,0.06127503204740781
Greenfield,Expenditure,Other Teaching Services,2024,2538.0,2019,1229.0,2014,1311.0,2009,1020.0,0.15608015691905153,0.06828933466027443,0.0626561575190061
Greenfield,Expenditure,Operations and Maintenance,2024,2109.0,2019,564.0,2014,1359.0,2009,1825.0,0.30184564664680735,0.04492642541088743,0.009688897335229374
Greenfield,Expenditure,Instructional Leadership,2024,1299.0,2019,998.0,2014,984.0,2009,900.0,0.05413375892878758,0.028161660496683005,0.02476537459750694
Greenfield,Expenditure,Administration,2024,1017.0,2019,905.0,2014,656.0,2009,536.0,0.02360989331196328,0.04482056308920446,0.043623246154689044
Greenfield,Expenditure,"Guidance, Counseling and Testing",2024,598.0,2019,177.0,2014,125.0,2009,62.0,0.275691270048968,0.16944315739272953,0.16310958037495382
Greenfield,Expenditure,Other,2024,955.0,2019,790.0,2014,662.0,2009,615.0,0.03866442279962112,0.037324267916052145,0.029773908166132568
Greenfield,Expenditure,Total PPE,2024,24237.0,2019,16226.0,2014,14893.0,2009,14970.0,0.08356128172383515,0.049904186156435104,0.03264363107925905
Greenfield,Enrollment,In-District FTE Pupils,2024,1394.0,2019,1737.0,2014,1691.0,2009,1504.9,-0.04304263096482419,-0.01912895019471139,-0.00509027630859904
Greenfield,Enrollment,Out-of-District FTE Pupils,2024,475.4,2019,426.3,2014,474.4,2009,465.5,0.0220420607128482,0.0002105928958289205,0.0014039484948287217
Greenfield,NSS,Ch70 Aid,2024,9047.039084310441,2019,6177.881732449722,2014,5817.741276050829,2009,4984.499743983615,0.07927812625471153,0.04514177300898581,0.04054050969294454
Greenfield,NSS,Req NSS (minus Ch70),2024,6192.654383026243,2019,5014.849798387097,2014,4793.9536811311555,2009,4118.8003072196625,0.04309480510865504,0.02593134967241073,0.027559724728169366
Greenfield,NSS,Actual NSS (minus Req NSS),2024,3104.802073659967,2019,2869.6792316971228,2014,1393.303921677372,2009,1886.3268421724958,0.01587462634875636,0.08342488357236766,0.03377922041049275
Greenfield,NSS,Total Actual NSS per pupil,2024,18344.495540996653,2019,14062.410762533942,2014,12004.998878859356,2009,10989.626893375773,0.05460347686210221,0.04331239007285492,0.034748617995036035
Greenfield,Enrollment,Foundation Enrollment,2024,1791.0,2019,1984.0,2014,2051.0,2009,1953.0,-0.020260125913195925,-0.013463875762203759,-0.005756204458631342
Groton-Dunstable,Expenditure,Teachers,2024,7249.0,2019,6137.0,2014,4949.0,2009,3930.0,0.033866338182345634,0.038905545809019726,0.04165931840326209
Groton-Dunstable,Expenditure,"Insurance, Retirement and Other",2024,4639.0,2019,3084.0,2014,2370.0,2009,1988.0,0.0850806044119845,0.06946752782267818,0.05811742448390933
Groton-Dunstable,Expenditure,Pupil Services,2024,2073.0,2019,1480.0,2014,1237.0,2009,1066.0,0.06971360004427818,0.052986880599401154,0.04533655996238628
Groton-Dunstable,Expenditure,Other Teaching Services,2024,2215.0,2019,1520.0,2014,1104.0,2009,1065.0,0.07821663642264043,0.07211276201574801,0.050029760347339636
Groton-Dunstable,Expenditure,Operations and Maintenance,2024,1572.0,2019,1196.0,2014,882.0,2009,974.0,0.05619540174299087,0.059493741522339105,0.0324275197742141
Groton-Dunstable,Expenditure,Instructional Leadership,2024,1541.0,2019,1136.0,2014,693.0,2009,790.0,0.06288153296424226,0.0831957326739241,0.045550554043990665
Groton-Dunstable,Expenditure,Administration,2024,562.0,2019,430.0,2014,476.0,2009,388.0,0.0550027021888726,0.01674708575570394,0.02500733365624974
Groton-Dunstable,Expenditure,"Guidance, Counseling and Testing",2024,687.0,2019,558.0,2014,347.0,2009,291.0,0.04247226077573152,0.07068748470952135,0.058938934579468194
Groton-Dunstable,Expenditure,Other,2024,387.0,2019,298.0,2014,263.0,2009,335.0,0.05365623198285996,0.03938279026969682,0.009666027921435782
Groton-Dunstable,Expenditure,Total PPE,2024,20925.0,2019,15839.0,2014,12321.0,2009,10827.0,0.05727397372066645,0.05439163284958526,0.04490583725805397
Groton-Dunstable,Enrollment,In-District FTE Pupils,2024,2324.2,2019,2404.8,2014,2602.6,2009,2803.1,-0.006794978262688378,-0.0112497481209628,-0.012412327220948316
Groton-Dunstable,Enrollment,Out-of-District FTE Pupils,2024,94.1,2019,118.5,2014,101.8,2009,104.4,-0.04506402515578756,-0.007834355954730143,-0.0069008542486835855
Groton-Dunstable,NSS,Ch70 Aid,2024,4932.9404292597455,2019,4571.994521702486,2014,4025.2207241910633,2009,3904.1701902748414,0.015313203429503819,0.020543725877734786,0.01571486557856505
Groton-Dunstable,NSS,Req NSS (minus Ch70),2024,9605.59964958388,2019,7933.339233038348,2014,7057.888289676425,2009,4203.866455250176,0.03899555911552044,0.03129988699046149,0.056635111587214126
Groton-Dunstable,NSS,Actual NSS (minus Req NSS),2024,5190.415478010294,2019,2561.4205646860514,2014,441.8925269645609,2009,1429.4119097956307,0.15171293974678246,0.2793475642688079,0.08977368108430261
Groton-Dunstable,NSS,Total Actual NSS per pupil,2024,19728.95555685392,2019,15066.754319426886,2014,11525.001540832049,2009,9537.448555320647,0.055399484134913024,0.05522800907736247,0.0496506822830618
Groton-Dunstable,Enrollment,Foundation Enrollment,2024,2283.0,2019,2373.0,2014,2596.0,2009,2838.0,-0.007703099860232321,-0.012765958090060092,-0.014402557178392672
Hadley,Expenditure,Teachers,2024,7832.0,2019,6479.0,2014,4794.0,2009,3508.0,0.038658883147701495,0.05030991411733288,0.055004242993312635
Hadley,Expenditure,"Insurance, Retirement and Other",2024,2539.0,2019,2354.0,2014,1589.0,2009,1149.0,0.015245909761548049,0.047982137639834166,0.054280510379407954
Hadley,Expenditure,Pupil Services,2024,3246.0,2019,2251.0,2014,1264.0,2009,985.0,0.07595622888102715,0.09890498667229708,0.08274823802167552
Hadley,Expenditure,Other Teaching Services,2024,1912.0,2019,1340.0,2014,761.0,2009,640.0,0.0736843377037324,0.0965042595809027,0.07569015598591644
Hadley,Expenditure,Operations and Maintenance,2024,4656.0,2019,2200.0,2014,1101.0,2009,1260.0,0.16176438375067148,0.15510792973831222,0.09104541467131089
Hadley,Expenditure,Instructional Leadership,2024,1868.0,2019,920.0,2014,1113.0,2009,768.0,0.15217330548633456,0.053145001342908005,0.0610464014562504
Hadley,Expenditure,Administration,2024,1258.0,2019,870.0,2014,662.0,2009,526.0,0.07654522180834245,0.06630701210818657,0.05985469121550224
Hadley,Expenditure,"Guidance, Counseling and Testing",2024,601.0,2019,433.0,2014,224.0,2009,181.0,0.06776901740238084,0.10372948736328835,0.08329413818773967
Hadley,Expenditure,Other,2024,1261.0,2019,459.0,2014,453.0,2009,371.0,0.22399735749791883,0.10780083575933386,0.08498252936006989
Hadley,Expenditure,Total PPE,2024,25173.0,2019,17306.0,2014,11961.0,2009,9388.0,0.07782351715958113,0.0772506096537171,0.06796608125002823
Hadley,Enrollment,In-District FTE Pupils,2024,515.8,2019,538.2,2014,626.9,2009,684.5,-0.008466187237738843,-0.019317768062986462,-0.018687813142349796
Hadley,Enrollment,Out-of-District FTE Pupils,2024,107.9,2019,148.5,2014,131.5,2009,64.8,-0.061878696769331776,-0.019585853321228752,0.034577659095484936
Hadley,NSS,Ch70 Aid,2024,2960.745614035088,2019,1833.6886120996442,2014,1362.0061844765867,2009,1302.0563426688632,0.10056348970125106,0.08074242819951793,0.05629385789777164
Hadley,NSS,Req NSS (minus Ch70),2024,11356.607456140351,2019,8644.52846975089,2014,8680.681114551084,2009,8187.774299835255,0.05609129068835994,0.027234226331784406,0.022050096252532958
Hadley,NSS,Actual NSS (minus Req NSS),2024,6827.3761530372785,2019,4958.975723322096,2014,1171.5532241508872,2009,473.678089213958,0.06603722409833601,0.19274932850765358,0.19467938298824894
Hadley,NSS,Total Actual NSS per pupil,2024,21144.72922321272,2019,15437.192805172632,2014,11214.240523178556,2009,9963.508731718077,0.06494397275950492,0.06547490709070014,0.05144361523511809
Hadley,Enrollment,Foundation Enrollment,2024,456.0,2019,562.0,2014,646.0,2009,607.0,-0.040940160347239796,-0.03423106337972681,-0.018888400997900012
Halifax,Expenditure,Teachers,2023,6373.0,2018,5199.0,2013,4644.0,2008,,0.041561264568240164,0.03215559418062308,
Halifax,Expenditure,"Insurance, Retirement and Other",2023,1452.0,2018,1332.0,2013,1302.0,2008,,0.017401745300686944,0.010963702944331022,
Halifax,Expenditure,Pupil Services,2023,1966.0,2018,1049.0,2013,758.0,2008,,0.1338656665567739,0.09999682287695233,
Halifax,Expenditure,Other Teaching Services,2023,919.0,2018,656.0,2013,732.0,2008,,0.06975009667067011,0.023011328631682648,
Halifax,Expenditure,Operations and Maintenance,2023,1134.0,2018,921.0,2013,877.0,2008,,0.04248708862952855,0.0260330402384763,
Halifax,Expenditure,Instructional Leadership,2023,661.0,2018,547.0,2013,502.0,2008,,0.038586867046125795,0.0278974158413261,
Halifax,Expenditure,Administration,2023,752.0,2018,572.0,2013,492.0,2008,,0.05624426122424464,0.04333859681908914,
Halifax,Expenditure,"Guidance, Counseling and Testing",2023,295.0,2018,366.0,2013,214.0,2008,,-0.0422146583834202,0.03262069420153657,
Halifax,Expenditure,Other,2023,495.0,2018,429.0,2013,312.0,2008,,0.029033661071187877,0.047237199154959164,
Halifax,Expenditure,Total PPE,2023,14047.0,2018,11071.0,2013,9833.0,2008,,0.048767803516130526,0.03631015599395848,
Halifax,Enrollment,In-District FTE Pupils,2023,563.2,2018,602.3,2013,581.4,2008,,-0.013334468698920854,-0.003175366155150461,
Halifax,Enrollment,Out-of-District FTE Pupils,2023,76.6,2018,41.0,2013,25.5,2008,,0.1331541210991367,0.11626898673639063,
Halifax,NSS,Ch70 Aid,2024,5724.432300163132,2019,4692.71114599686,2014,4437.961983471075,2009,3759.7852062588904,0.04054704493463923,0.025781552682937248,0.028421843932080693
Halifax,NSS,Req NSS (minus Ch70),2024,7080.551386623165,2019,5296.119309262166,2014,4794.879338842975,2009,3843.5590327169275,0.05979499398128407,0.0397500253351315,0.041571052828891064
Halifax,NSS,Actual NSS (minus Req NSS),2024,2511.3372756933118,2019,2523.4805853337552,2014,2059.500826446281,2009,744.1768791191479,-0.0009642833384245764,0.020033199631596554,0.08446429543587786
Halifax,NSS,Total Actual NSS per pupil,2024,15316.320962479609,2019,12512.311040592782,2014,11292.34214876033,2009,8347.521118094966,0.041270070089244104,0.030948670781525633,0.041293431390060364
Halifax,Enrollment,Foundation Enrollment,2024,613.0,2019,637.0,2014,605.0,2009,703.0,-0.007651520857893113,0.0013145110037404706,-0.009091219735929967
Hamilton-Wenham,Expenditure,Teachers,2024,8352.0,2019,7060.0,2014,5878.0,2009,5345.0,0.03418243420740974,0.03575273887772146,0.0302030984632351
Hamilton-Wenham,Expenditure,"Insurance, Retirement and Other",2024,3214.0,2019,2407.0,2014,1920.0,2009,1592.0,0.05953170386810647,0.052869304460899214,0.04794909578285633
Hamilton-Wenham,Expenditure,Pupil Services,2024,2346.0,2019,1609.0,2014,1312.0,2009,1167.0,0.07833671624225014,0.05983783012426702,0.04765223409031627
Hamilton-Wenham,Expenditure,Other Teaching Services,2024,1856.0,2019,1677.0,2014,1308.0,2009,1139.0,0.020490536984955066,0.03561187761062867,0.03308712674507985
Hamilton-Wenham,Expenditure,Operations and Maintenance,2024,2517.0,2019,1590.0,2014,994.0,2009,896.0,0.09621873022163041,0.09736140863788778,0.07128497461326999
Hamilton-Wenham,Expenditure,Instructional Leadership,2024,1194.0,2019,1382.0,2014,1243.0,2009,1157.0,-0.028821058687931944,-0.00401380282920194,0.0021007746587851095
Hamilton-Wenham,Expenditure,Administration,2024,818.0,2019,626.0,2014,588.0,2009,424.0,0.054959516388747964,0.033564532442846406,0.04478235614263748
Hamilton-Wenham,Expenditure,"Guidance, Counseling and Testing",2024,872.0,2019,660.0,2014,585.0,2009,511.0,0.057290937943117015,0.0407251790066705,0.03627027074700817
Hamilton-Wenham,Expenditure,Other,2024,1135.0,2019,805.0,2014,658.0,2009,1047.0,0.07112460635332529,0.05603180146998743,0.005394747462277749
Hamilton-Wenham,Expenditure,Total PPE,2024,22304.0,2019,17816.0,2014,14486.0,2009,13278.0,0.04595863704269321,0.044103201807065284,0.035181907126692336
Hamilton-Wenham,Enrollment,In-District FTE Pupils,2024,1660.6,2019,1752.7,2014,1890.7,2009,2083.5,-0.010737630275014287,-0.012892978973879643,-0.015010875776997556
Hamilton-Wenham,Enrollment,Out-of-District FTE Pupils,2024,53.8,2019,55.1,2014,31.0,2009,31.9,-0.004763866419608576,0.05667652229248166,0.03545867951273318
Hamilton-Wenham,NSS,Ch70 Aid,2024,2480.9679012345678,2019,2069.9920814479638,2014,1883.9664617104527,2009,1792.5255623721882,0.03688476224417481,0.02790930583349982,0.02190467473477309
Hamilton-Wenham,NSS,Req NSS (minus Ch70),2024,9824.975308641975,2019,8125.20871040724,2014,8111.91335941867,2009,6447.2837423312885,0.03872213972303484,0.019344106724518362,0.028482671709477714
Hamilton-Wenham,NSS,Actual NSS (minus Req NSS),2024,9994.743202693415,2019,7036.654145927605,2014,4147.8552263834545,2009,4837.256134969325,0.07270693140327444,0.09193001750109286,0.049570229653219444
Hamilton-Wenham,NSS,Total Actual NSS per pupil,2024,22300.686412569958,2019,17231.85493778281,2014,14143.735047512575,2009,13077.065439672802,0.052924521743598296,0.04658718300106335,0.036224514139945985
Hamilton-Wenham,Enrollment,Foundation Enrollment,2024,1620.0,2019,1768.0,2014,1789.0,2009,1956.0,-0.017332595009612595,-0.009873994359760885,-0.012486417783235892
Hampden Charter School of Science (District),Expenditure,Teachers,2024,6908.0,2019,4161.0,2014,,2009,,0.1067025805707904,,
Hampden Charter School of Science (District),Expenditure,"Insurance, Retirement and Other",2024,2573.0,2019,3429.0,2014,,2009,,-0.05582073172880009,,
Hampden Charter School of Science (District),Expenditure,Pupil Services,2024,1914.0,2019,2281.0,2014,,2009,,-0.0344754305516658,,
Hampden Charter School of Science (District),Expenditure,Other Teaching Services,2024,645.0,2019,667.0,2014,,2009,,-0.006685497776854898,,
Hampden Charter School of Science (District),Expenditure,Operations and Maintenance,2024,1466.0,2019,1032.0,2014,,2009,,0.07273105796773982,,
Hampden Charter School of Science (District),Expenditure,Instructional Leadership,2024,1276.0,2019,926.0,2014,,2009,,0.06622273210098739,,
Hampden Charter School of Science (District),Expenditure,Administration,2024,1875.0,2019,1040.0,2014,,2009,,0.12510637782623824,,
Hampden Charter School of Science (District),Expenditure,"Guidance, Counseling and Testing",2024,640.0,2019,552.0,2014,,2009,,0.030025980814659237,,
Hampden Charter School of Science (District),Expenditure,Other,2024,721.0,2019,499.0,2014,,2009,,0.07638328195441746,,
Hampden Charter School of Science (District),Expenditure,Total PPE,2024,18018.0,2019,14587.0,2014,,2009,,0.04315326071600478,,
Hampden Charter School of Science (District),Enrollment,In-District FTE Pupils,2024,540.4,2019,498.1,2014,,2009,,0.016435347690619162,,
Hampden Charter School of Science (District),Enrollment,Out-of-District FTE Pupils,2024,0.0,2019,0.0,2014,,2009,,,,
Hampden Charter School of Science West (District),Expenditure,Teachers,2024,6852.0,2019,4722.0,2014,,2009,,0.07730400480738786,,
Hampden Charter School of Science West (District),Expenditure,"Insurance, Retirement and Other",2024,2169.0,2019,1637.0,2014,,2009,,0.05789405004919246,,
Hampden Charter School of Science West (District),Expenditure,Pupil Services,2024,2714.0,2019,2800.0,2014,,2009,,-0.00621974794126301,,
Hampden Charter School of Science West (District),Expenditure,Other Teaching Services,2024,590.0,2019,305.0,2014,,2009,,0.14106513148357847,,
Hampden Charter School of Science West (District),Expenditure,Operations and Maintenance,2024,1783.0,2019,1721.0,2014,,2009,,0.007103475164028428,,
Hampden Charter School of Science West (District),Expenditure,Instructional Leadership,2024,1516.0,2019,1489.0,2014,,2009,,0.0036005732499917453,,
Hampden Charter School of Science West (District),Expenditure,Administration,2024,1846.0,2019,1840.0,2014,,2009,,0.0006513249119661779,,
Hampden Charter School of Science West (District),Expenditure,"Guidance, Counseling and Testing",2024,637.0,2019,557.0,2014,,2009,,0.027204344218173748,,
Hampden Charter School of Science West (District),Expenditure,Other,2024,717.0,2019,2595.0,2014,,2009,,-0.22682757131946285,,
Hampden Charter School of Science West (District),Expenditure,Total PPE,2024,18824.0,2019,17666.0,2014,,2009,,0.012779116494678888,,
Hampden Charter School of Science West (District),Enrollment,In-District FTE Pupils,2024,392.2,2019,212.1,2014,,2009,,0.13081974801247265,,
Hampden Charter School of Science West (District),Enrollment,Out-of-District FTE Pupils,2024,0.0,2019,0.0,2014,,2009,,,,
Hampden-Wilbraham,Expenditure,Teachers,2024,6511.0,2019,5792.0,2014,4854.0,2009,4112.0,0.023679080792326834,0.029804516779773804,0.03111310350659302
Hampden-Wilbraham,Expenditure,"Insurance, Retirement and Other",2024,3354.0,2019,2591.0,2014,1988.0,2009,1615.0,0.052977591569061344,0.05369439000372389,0.049927639586406114
Hampden-Wilbraham,Expenditure,Pupil Services,2024,2405.0,2019,1787.0,2014,1503.0,2009,1336.0,0.06120211199665282,0.048131106062149875,0.039969433541849675
Hampden-Wilbraham,Expenditure,Other Teaching Services,2024,1876.0,2019,1344.0,2014,1051.0,2009,864.0,0.06897294358221773,0.05965138914746304,0.05304744668552264
Hampden-Wilbraham,Expenditure,Operations and Maintenance,2024,1637.0,2019,1343.0,2014,1099.0,2009,889.0,0.040386081182045785,0.04065098276392076,0.04154121755830498
Hampden-Wilbraham,Expenditure,Instructional Leadership,2024,912.0,2019,982.0,2014,766.0,2009,618.0,-0.014681424951596855,0.017598848514666754,0.026282895660722394
Hampden-Wilbraham,Expenditure,Administration,2024,509.0,2019,422.0,2014,419.0,2009,328.0,0.038200099762626394,0.0196482446807853,0.02972896538496994
Hampden-Wilbraham,Expenditure,"Guidance, Counseling and Testing",2024,759.0,2019,596.0,2014,537.0,2009,399.0,0.04954026146823298,0.03520592500918451,0.04380152096370993
Hampden-Wilbraham,Expenditure,Other,2024,473.0,2019,480.0,2014,433.0,2009,324.0,-0.002933830963856132,0.008874916653353937,0.025544261175883598
Hampden-Wilbraham,Expenditure,Total PPE,2024,18436.0,2019,15337.0,2014,12650.0,2009,10485.0,0.03749319393435191,0.038383114715700994,0.03834071638962255
Hampden-Wilbraham,Enrollment,In-District FTE Pupils,2024,2858.0,2019,3045.0,2014,3306.4,2009,3635.2,-0.012595765203595621,-0.01446810681316879,-0.01590824242224398
Hampden-Wilbraham,Enrollment,Out-of-District FTE Pupils,2024,92.4,2019,74.4,2014,60.3,2009,97.1,0.044286844887836185,0.04360335331240117,-0.003302162273103315
Hampden-Wilbraham,NSS,Ch70 Aid,2024,4420.674785100287,2019,3987.6589147286822,2014,3430.464707664344,2009,3217.3723986856517,0.020831617149702053,0.025683953269796778,0.021407750487842492
Hampden-Wilbraham,NSS,Req NSS (minus Ch70),2024,8584.81124641834,2019,6954.324570273003,2014,6184.793395940624,2009,4762.77108433735,0.043026058884243934,0.03333361008107638,0.040059222818033646
Hampden-Wilbraham,NSS,Actual NSS (minus Req NSS),2024,3441.6499839183375,2019,2987.8736097067745,2014,1346.6691911541957,2009,1052.4759036144578,0.02868141979340666,0.09837484365931726,0.08219029758645457
Hampden-Wilbraham,NSS,Total Actual NSS per pupil,2024,16447.136015436965,2019,13929.857094708459,2014,10961.927294759163,2009,9032.61938663746,0.03378142522592298,0.04140662624722369,0.04076282571655243
Hampden-Wilbraham,Enrollment,Foundation Enrollment,2024,2791.9999999999995,2019,2967.0,2014,3301.0,2009,3652.0,-0.01208501378910043,-0.016607279879488845,-0.017741845305634718
Hampshire,Expenditure,Teachers,2023,7608.0,2018,7299.0,2013,5498.0,2008,,0.008327073357289105,0.03301487883226728,
Hampshire,Expenditure,"Insurance, Retirement and Other",2023,4025.0,2018,3532.0,2013,2611.0,2008,,0.026476563372409334,0.044229363443238245,
Hampshire,Expenditure,Pupil Services,2023,3297.0,2018,1739.0,2013,1802.0,2008,,0.13648543179200923,0.062273667700951885,
Hampshire,Expenditure,Other Teaching Services,2023,1252.0,2018,1083.0,2013,840.0,2008,,0.02942609839536603,0.04071665374828881,
Hampshire,Expenditure,Operations and Maintenance,2023,1604.0,2018,1536.0,2013,936.0,2008,,0.008701414062333379,0.05534109893111161,
Hampshire,Expenditure,Instructional Leadership,2023,1000.0,2018,1153.0,2013,957.0,2008,,-0.028071899811705547,0.0044048617613789975,
Hampshire,Expenditure,Administration,2023,744.0,2018,531.0,2013,482.0,2008,,0.0697829770533609,0.044365675559517426,
Hampshire,Expenditure,"Guidance, Counseling and Testing",2023,784.0,2018,731.0,2013,563.0,2008,,0.01409755854127992,0.03366727422600069,
Hampshire,Expenditure,Other,2023,1504.0,2018,712.0,2013,822.0,2008,,0.1613244471900619,0.06227656819537586,
Hampshire,Expenditure,Total PPE,2023,21818.0,2018,18316.0,2013,14511.0,2008,,0.03561149064732527,0.04162587470123946,
Hampshire,Enrollment,In-District FTE Pupils,2023,654.9,2018,701.5,2013,763.7,2008,,-0.013653601819550776,-0.015251744813867818,
Hampshire,Enrollment,Out-of-District FTE Pupils,2023,99.7,2018,110.3,2013,104.7,2008,,-0.020004843678027018,-0.004881391187178563,
Hampshire,NSS,Ch70 Aid,2024,5796.4706895984355,2019,4774.894273128063,2014,4095.7294117647057,2009,3611.512367491166,0.03953706029772386,0.03534058545342167,0.03204421194247997
Hampshire,NSS,Req NSS (minus Ch70),2024,9129.72586197767,2019,7052.453744493391,2014,6042.900653594771,2009,4639.844522968197,0.0529881848151339,0.042128392463156805,0.04615721346227941
Hampshire,NSS,Actual NSS (minus Req NSS),2024,-14926.196551576104,2019,6674.353891335959,2014,3508.142483660131,2009,2717.9611307420496,-0.647270156620012,-0.5254729282262002,-0.4327792496797283
Hampshire,NSS,Total Actual NSS per pupil,2024,0.0,2019,18501.701908957413,2014,13646.772549019608,2009,10969.318021201412,,,
Hampshire,Enrollment,Foundation Enrollment,2024,580.0000000058,2019,681.0000000000001,2014,765.0,2009,849.0,-0.031596888139966306,-0.0273050618406544,-0.02508215413339998
Hancock,Expenditure,Teachers,2024,8217.0,2019,12114.0,2014,7263.0,2009,9868.0,-0.07469450018069279,0.012417688345332412,-0.012131941961792347
Hancock,Expenditure,"Insurance, Retirement and Other",2024,311.0,2019,754.0,2014,460.0,2009,1133.0,-0.1623206518511724,-0.038387155370289916,-0.08257895439238572
Hancock,Expenditure,Pupil Services,2024,3072.0,2019,2917.0,2014,1069.0,2009,1137.0,0.010408419522291767,0.11133335852032467,0.06850702817881626
Hancock,Expenditure,Other Teaching Services,2024,4760.0,2019,2488.0,2014,1616.0,2009,757.0,0.13854792292320384,0.11408046635659574,0.13040500451534354
Hancock,Expenditure,Operations and Maintenance,2024,891.0,2019,1283.0,2014,989.0,2009,1214.0,-0.07032701846385725,-0.010380734785691459,-0.020410921537837412
Hancock,Expenditure,Instructional Leadership,2024,2314.0,2019,3126.0,2014,1598.0,2009,650.0,-0.058381730531860576,0.03771634651215794,0.08833684749185844
Hancock,Expenditure,Administration,2024,818.0,2019,1020.0,2014,500.0,2009,636.0,-0.043179158898314474,0.05045712210724185,0.016919118987018145
Hancock,Expenditure,"Guidance, Counseling and Testing",2024,649.0,2019,0.0,2014,376.0,2009,0.0,,0.05610156256566312,
Hancock,Expenditure,Other,2024,804.0,2019,367.0,2014,402.0,2009,674.0,0.1698171847199499,0.07177346253629313,0.011827340226027161
Hancock,Expenditure,Total PPE,2024,21836.0,2019,24069.0,2014,14273.0,2009,16069.0,-0.019284571231797387,0.04343591728530738,0.02065495664893291
Hancock,Enrollment,In-District FTE Pupils,2024,56.4,2019,39.5,2014,46.9,2009,33.1,0.07383214824178852,0.018616310806166325,0.03616775707611386
Hancock,Enrollment,Out-of-District FTE Pupils,2024,49.1,2019,45.4,2014,55.5,2009,75.2,0.01579279451491966,-0.012177643580412512,-0.028019444881274058
Hancock,NSS,Ch70 Aid,2024,5067.5,2019,2989.4285714285716,2014,1949.1584158415842,2009,2012.7745098039215,0.11132507952199289,0.10025832171244531,0.06348958775326174
Hancock,NSS,Req NSS (minus Ch70),2024,9077.790697674418,2019,8169.428571428572,2014,8122.316831683168,2009,7295.607843137255,0.021310265267663553,0.011183615264096503,0.014677224398998767
Hancock,NSS,Actual NSS (minus Req NSS),2024,8037.941409302323,2019,10070.431714285718,2014,1402.0756147685668,2009,1720.1570587340907,-0.04408483945713382,0.1907959256291598,0.1082518092024276
Hancock,NSS,Total Actual NSS per pupil,2024,22183.232106976742,2019,21229.288857142863,2014,11473.550862293318,2009,11028.539411675267,0.008829737152018957,0.06815111412253172,0.04769238726166347
Hancock,Enrollment,Foundation Enrollment,2024,86.0,2019,70.0,2014,101.0,2009,102.0,0.042029663567282105,-0.015948771753372948,-0.011310583373420169
Hanover,Expenditure,Teachers,2024,7855.0,2019,6335.0,2014,5540.0,2009,4662.0,0.04395051779269821,0.03553228246560902,0.035392293119142826
Hanover,Expenditure,"Insurance, Retirement and Other",2024,1124.0,2019,1347.0,2014,953.0,2009,1054.0,-0.035549942981191296,0.016640346248254723,0.004295954694106818
Hanover,Expenditure,Pupil Services,2024,2344.0,2019,1821.0,2014,1498.0,2009,1131.0,0.05179119859625225,0.04579022797550181,0.04978331720365348
Hanover,Expenditure,Other Teaching Services,2024,1253.0,2019,1055.0,2014,852.0,2009,581.0,0.03499850450872288,0.03932445833676801,0.05257163554760491
Hanover,Expenditure,Operations and Maintenance,2024,1241.0,2019,1156.0,2014,910.0,2009,944.0,0.014291508107655337,0.03150904117859121,0.018403740599792773
Hanover,Expenditure,Instructional Leadership,2024,1368.0,2019,1108.0,2014,692.0,2009,582.0,0.04305994309559691,0.07052792458031609,0.05863002541466478
Hanover,Expenditure,Administration,2024,761.0,2019,410.0,2014,468.0,2009,487.0,0.1316709299913461,0.04981767495777745,0.030205141572000604
Hanover,Expenditure,"Guidance, Counseling and Testing",2024,637.0,2019,470.0,2014,374.0,2009,359.0,0.06269421125198993,0.054694747095901386,0.038969979244070085
Hanover,Expenditure,Other,2024,241.0,2019,404.0,2014,262.0,2009,439.0,-0.09816489756250835,-0.008319953038288919,-0.03919150369380575
Hanover,Expenditure,Total PPE,2024,16824.0,2019,14106.0,2014,11549.0,2009,10239.0,0.035869571755557716,0.038337377603272715,0.03366096139746899
Hanover,Enrollment,In-District FTE Pupils,2024,2605.4,2019,2658.7,2014,2665.2,2009,2736.4,-0.004042022396612888,-0.002266715853370904,-0.0032651227632201074
Hanover,Enrollment,Out-of-District FTE Pupils,2024,86.8,2019,64.8,2014,60.0,2009,45.2,0.06020279266594519,0.03761644808704445,0.044460658228671956
Hanover,NSS,Ch70 Aid,2024,3006.224506247481,2019,2742.771022502961,2014,2487.086018805159,2009,2274.487878787879,0.018512519422385187,0.019138153215494613,0.01876930700010604
Hanover,NSS,Req NSS (minus Ch70),2024,9420.464328899638,2019,7773.286221871299,2014,6735.241615853659,2009,5763.895833333333,0.0391865809329639,0.034122322656427784,0.03329361488586491
Hanover,NSS,Actual NSS (minus Req NSS),2024,3642.033872155236,2019,2509.8363692282505,2014,901.9982458799694,2009,1101.916425238544,0.07730757724270854,0.1497775610947789,0.08296151033821997
Hanover,NSS,Total Actual NSS per pupil,2024,16068.722707302355,2019,13025.893613602511,2014,10124.325880538787,2009,9140.300137359756,0.04288102564037399,0.047276899381548,0.03832838515053938
Hanover,Enrollment,Foundation Enrollment,2024,2481.0,2019,2533.0,2014,2624.0,2009,2640.0,-0.004139939985133956,-0.005588144544942164,-0.004132584769193426
Harvard,Expenditure,Teachers,2024,8002.0,2019,7725.0,2014,5927.0,2009,4613.0,0.007070818550463764,0.03047239473245633,0.03740341386991264
Harvard,Expenditure,"Insurance, Retirement and Other",2024,3806.0,2019,3080.0,2014,2280.0,2009,1656.0,0.04323851793701983,0.052575831163854225,0.05704602345766974
Harvard,Expenditure,Pupil Services,2024,2805.0,2019,1770.0,2014,1179.0,2009,948.0,0.0964577960907973,0.09054076919442777,0.07499959809393753
Harvard,Expenditure,Other Teaching Services,2024,2544.0,2019,1088.0,2014,804.0,2009,889.0,0.1851617929578766,0.12208590184398038,0.07260797841788347
Harvard,Expenditure,Operations and Maintenance,2024,1826.0,2019,1690.0,2014,941.0,2009,825.0,0.015600284164079437,0.06854081361137165,0.054394475192456104
Harvard,Expenditure,Instructional Leadership,2024,1552.0,2019,1482.0,2014,1025.0,2009,1072.0,0.009273110299699905,0.04235771495159413,0.02497466028077633
Harvard,Expenditure,Administration,2024,984.0,2019,613.0,2014,400.0,2009,350.0,0.09927645172976485,0.09419193834360873,0.07134283702068744
Harvard,Expenditure,"Guidance, Counseling and Testing",2024,747.0,2019,319.0,2014,270.0,2009,253.0,0.18551208024285315,0.1071225172371455,0.07484705792497781
Harvard,Expenditure,Other,2024,904.0,2019,1325.0,2014,1208.0,2009,995.0,-0.07361714143028719,-0.028573045937459463,-0.006373825563272373
Harvard,Expenditure,Total PPE,2024,23170.0,2019,19092.0,2014,14034.0,2009,11601.0,0.03947708919867532,0.05141569621354236,0.04719776618150595
Harvard,Enrollment,In-District FTE Pupils,2024,1012.8,2019,1072.1,2014,1169.9,2009,1275.3,-0.011315605335136425,-0.014316480722476377,-0.015246751348778398
Harvard,Enrollment,Out-of-District FTE Pupils,2024,59.3,2019,44.0,2014,56.3,2009,45.0,0.061500989590109745,0.005204976152892726,0.018566711623560384
Harvard,NSS,Ch70 Aid,2024,2510.705142857143,2019,2068.5089947089946,2014,1652.0350553505534,2009,1431.51160928743,0.03950757802168825,0.042743869829437786,0.03816581094361737
Harvard,NSS,Req NSS (minus Ch70),2024,9576.58057142857,2019,8045.943915343915,2014,8212.05811808118,2009,6653.66773418735,0.0354441843076132,0.015490454085824723,0.02457390477658472
Harvard,NSS,Actual NSS (minus Req NSS),2024,6283.267428571428,2019,5810.604080174297,2014,3370.74955059612,2009,2323.6733386709366,0.015764082246484623,0.06425550653747303,0.06856439192531849
Harvard,NSS,Total Actual NSS per pupil,2024,18370.55314285714,2019,15925.056990227207,2014,13234.842724027854,2009,10408.852682145716,0.02898311334392467,0.03333310904618969,0.03859913865863662
Harvard,Enrollment,Foundation Enrollment,2024,875.0,2019,945.0,2014,1084.0,2009,1249.0,-0.015274353645740923,-0.02119117328918607,-0.023445750258653697
Harwich,Expenditure,Teachers,2012,5703.0,2007,,2002,,1997,,,,
Harwich,Expenditure,"Insurance, Retirement and Other",2012,3098.0,2007,,2002,,1997,,,,
Harwich,Expenditure,Pupil Services,2012,892.0,2007,,2002,,1997,,,,
Harwich,Expenditure,Other Teaching Services,2012,1585.0,2007,,2002,,1997,,,,
Harwich,Expenditure,Operations and Maintenance,2012,1141.0,2007,,2002,,1997,,,,
Harwich,Expenditure,Instructional Leadership,2012,1383.0,2007,,2002,,1997,,,,
Harwich,Expenditure,Administration,2012,514.0,2007,,2002,,1997,,,,
Harwich,Expenditure,"Guidance, Counseling and Testing",2012,385.0,2007,,2002,,1997,,,,
Harwich,Expenditure,Other,2012,447.0,2007,,2002,,1997,,,,
Harwich,Expenditure,Total PPE,2012,15148.0,2007,,2002,,1997,,,,
Harwich,Enrollment,In-District FTE Pupils,2012,1285.0,2007,,2002,,1997,,,,
Harwich,Enrollment,Out-of-District FTE Pupils,2012,256.8,2007,,2002,,1997,,,,
Harwich,NSS,Ch70 Aid,2012,1235.5708185053381,2007,1020.1067885117494,2002,1062.5791770573567,1997,406.18873048200953,0.039069030854733455,0.01519772105245809,0.07698416576732314
Harwich,NSS,Req NSS (minus Ch70),2012,8062.830604982207,2007,7503.0208877284595,2002,5871.931421446384,1997,5035.626612355736,0.01449585286538313,0.03221616508980407,0.031879380760826415
Harwich,NSS,Actual NSS (minus Req NSS),2012,4536.722775800712,2007,2605.436945169713,2002,1404.1714463840399,1997,763.6442634080108,0.11730652473230996,0.12442944666522004,0.12613401489652243
Harwich,NSS,Total Actual NSS per pupil,2012,13835.124199288257,2007,11128.564621409922,2002,8338.68204488778,1997,6205.459606245757,0.04450081223871716,0.05193417542456724,0.05490643269962536
Harwich,Enrollment,Foundation Enrollment,2024,0.0,2019,0.0,2014,0.0,2009,1457.0,,,
Hatfield,Expenditure,Teachers,2024,10385.0,2019,5102.0,2014,4996.0,2009,4529.0,0.15274489957324566,0.07591610192019349,0.056883080382327256
Hatfield,Expenditure,"Insurance, Retirement and Other",2024,2916.0,2019,1634.0,2014,1287.0,2009,697.0,0.12281212410042452,0.0852277670969872,0.10011220464451576
Hatfield,Expenditure,Pupil Services,2024,2245.0,2019,1501.0,2014,1345.0,2009,1019.0,0.08384488060895778,0.05256616669196079,0.05407005926064823
Hatfield,Expenditure,Other Teaching Services,2024,1884.0,2019,1127.0,2014,1082.0,2009,814.0,0.10823381254913356,0.057025254869628395,0.05754072229323115
Hatfield,Expenditure,Operations and Maintenance,2024,1670.0,2019,1023.0,2014,1346.0,2009,1225.0,0.10298134580312168,0.02180292399324779,0.020873723361726215
Hatfield,Expenditure,Instructional Leadership,2024,1372.0,2019,1109.0,2014,770.0,2009,680.0,0.04348092150074523,0.05946432788987255,0.04790765582009793
Hatfield,Expenditure,Administration,2024,1588.0,2019,955.0,2014,899.0,2009,690.0,0.10705558003364768,0.05854440409684836,0.05714224237172871
Hatfield,Expenditure,"Guidance, Counseling and Testing",2024,715.0,2019,353.0,2014,398.0,2009,318.0,0.1516122270584408,0.060333046663835876,0.05550086799572562
Hatfield,Expenditure,Other,2024,1977.0,2019,492.0,2014,394.0,2009,504.0,0.32071257611927706,0.17503565449554004,0.0953974918718441
Hatfield,Expenditure,Total PPE,2024,24752.0,2019,13296.0,2014,12517.0,2009,10476.0,0.13234263054514606,0.07055997997636654,0.0589960017810196
Hatfield,Enrollment,In-District FTE Pupils,2024,332.4,2019,441.1,2014,450.6,2009,417.3,-0.05501526856061201,-0.029965941748561375,-0.01505002080343254
Hatfield,Enrollment,Out-of-District FTE Pupils,2024,79.7,2019,67.4,2014,66.3,2009,86.4,0.03409320636461266,0.01857843992133823,-0.005366753247945444
Hatfield,NSS,Ch70 Aid,2024,2823.8359621451104,2019,2451.1612903225805,2014,2116.7465940054494,2009,1915.1367924528302,0.028711310989945504,0.029240955992708928,0.026225127555354
Hatfield,NSS,Req NSS (minus Ch70),2024,10952.776025236593,2019,8605.706744868035,2014,8681.316076294277,2009,6869.521226415094,0.04941564098085416,0.023514179908240784,0.031588556436314086
Hatfield,NSS,Actual NSS (minus Req NSS),2024,9143.287733596215,2019,4089.114597236055,2014,2785.493418149054,2009,2142.421911537722,0.1746125076302225,0.12621167459829286,0.10157268646803175
Hatfield,NSS,Total Actual NSS per pupil,2024,22919.89972097792,2019,15145.98263242667,2014,13583.55608844878,2009,10927.079930405645,0.08638322688184319,0.053707140990627344,0.0506238116347657
Hatfield,Enrollment,Foundation Enrollment,2024,317.0,2019,341.0,2014,367.0,2009,424.0,-0.01449013341226213,-0.014539276347770302,-0.019202025307526904
Haverhill,Expenditure,Teachers,2024,7183.0,2019,5275.0,2014,4617.0,2009,4342.0,0.06369392891832892,0.045188443593168204,0.034128252239539636
Haverhill,Expenditure,"Insurance, Retirement and Other",2024,3057.0,2019,2137.0,2014,2734.0,2009,2157.0,0.07423224240901183,0.011229412241741565,0.023520046038361997
Haverhill,Expenditure,Pupil Services,2024,2465.0,2019,1620.0,2014,1476.0,2009,1357.0,0.08757791963178652,0.05262348818276408,0.040596765718311945
Haverhill,Expenditure,Other Teaching Services,2024,2101.0,2019,1139.0,2014,905.0,2009,767.0,0.13026548485543943,0.08787187082667192,0.06948667813235776
Haverhill,Expenditure,Operations and Maintenance,2024,1345.0,2019,1017.0,2014,734.0,2009,730.0,0.05749973272661646,0.062435619259174846,0.0415815895918199
Haverhill,Expenditure,Instructional Leadership,2024,981.0,2019,741.0,2014,641.0,2009,659.0,0.05771864477317945,0.0434727156797845,0.02687813388502036
Haverhill,Expenditure,Administration,2024,463.0,2019,333.0,2014,362.0,2009,298.0,0.06813796490883872,0.024913567070991682,0.02981128928778709
Haverhill,Expenditure,"Guidance, Counseling and Testing",2024,813.0,2019,580.0,2014,468.0,2009,405.0,0.06987369687360667,0.05677971717706498,0.04755226807831159
Haverhill,Expenditure,Other,2024,1231.0,2019,517.0,2014,316.0,2009,386.0,0.18947002447136474,0.1456635528178296,0.08038376622421795
Haverhill,Expenditure,Total PPE,2024,19639.0,2019,13359.0,2014,12253.0,2009,11101.0,0.08011272860287288,0.04830508797852606,0.038764624523604185
Haverhill,Enrollment,In-District FTE Pupils,2024,7996.0,2019,8091.6,2014,7139.9,2009,6977.9,-0.002374191121017444,0.011388626805157287,0.009120904557543552
Haverhill,Enrollment,Out-of-District FTE Pupils,2024,725.9,2019,636.8,2014,1212.7,2009,1082.6,0.02653733291873439,-0.050024637882669865,-0.02629533305190057
Haverhill,NSS,Ch70 Aid,2024,9971.49885362616,2019,6571.048460798461,2014,5569.446304649754,2009,4870.142818574514,0.08698901385780378,0.05997309600590928,0.04893340494841958
Haverhill,NSS,Req NSS (minus Ch70),2024,6023.660794014721,2019,4885.787638287638,2014,4780.99204846649,2009,4385.279832613391,0.04276197099678258,0.023373692760351394,0.021388302427867156
Haverhill,NSS,Actual NSS (minus Req NSS),2024,967.3835329420966,2019,671.7922651876873,2014,175.7697909015903,2009,36.303389029333985,0.07565435093755535,0.185947449492887,0.24463908456946903
Haverhill,NSS,Total Actual NSS per pupil,2024,16962.54318058298,2019,12128.628364273787,2014,10526.208144017834,2009,9291.72604021724,0.06938935194068718,0.04887057351722257,0.04094145547627703
Haverhill,Enrollment,Foundation Enrollment,2024,8287.0,2019,8316.0,2014,7923.0,2009,7408.0,-0.0006984256129806132,0.00450191328856997,0.007503177118814763
Hawlemont,Expenditure,Teachers,2024,13116.0,2019,5963.0,2014,5179.0,2009,4965.0,0.1707585004798986,0.09737623223191783,0.06690432829804105
Hawlemont,Expenditure,"Insurance, Retirement and Other",2024,7098.0,2019,2721.0,2014,2978.0,2009,2199.0,0.21138304454042278,0.09073972406502273,0.08125314670823935
Hawlemont,Expenditure,Pupil Services,2024,5182.0,2019,1645.0,2014,1625.0,2009,1365.0,0.2579584631690346,0.12296030363931587,0.09301045755246462
Hawlemont,Expenditure,Other Teaching Services,2024,4347.0,2019,2319.0,2014,2019.0,2009,1757.0,0.1339078928230233,0.07970554588966294,0.06225273654435193
Hawlemont,Expenditure,Operations and Maintenance,2024,4059.0,2019,1338.0,2014,2319.0,2009,1544.0,0.24851161671287247,0.05757659328983311,0.066558751712815
Hawlemont,Expenditure,Instructional Leadership,2024,2576.0,2019,1249.0,2014,1622.0,2009,1082.0,0.15578401599545266,0.047344366094585144,0.0595332085648661
Hawlemont,Expenditure,Administration,2024,2085.0,2019,623.0,2014,1020.0,2009,959.0,0.27327907665926787,0.07411452319074274,0.05313932547391165
Hawlemont,Expenditure,"Guidance, Counseling and Testing",2024,1137.0,2019,389.0,2014,248.0,2009,205.0,0.23925925984427532,0.16447690169186258,0.12098664921326674
Hawlemont,Expenditure,Other,2024,1589.0,2019,397.0,2014,381.0,2009,455.0,0.31967405380394553,0.15350609108359436,0.08694482712812923
Hawlemont,Expenditure,Total PPE,2024,41189.0,2019,16644.0,2014,17391.0,2009,14531.0,0.19868399941343906,0.09004811769283005,0.07192824932112285
Hawlemont,Enrollment,In-District FTE Pupils,2024,66.9,2019,151.0,2014,97.5,2009,115.5,-0.1502526202257788,-0.03696482472613738,-0.03575008578100469
Hawlemont,Enrollment,Out-of-District FTE Pupils,2024,40.8,2019,26.9,2014,16.5,2009,14.0,0.08687994837277713,0.09475672545415192,0.07391228001392736
Hawlemont,NSS,Ch70 Aid,2024,7052.130434782609,2019,5976.943396226415,2014,6222.724489795918,2009,6082.1289719626175,0.03363745642879912,0.012590797862398029,0.009913817223202948
Hawlemont,NSS,Req NSS (minus Ch70),2024,8127.423913043478,2019,6472.38679245283,2014,5509.010204081633,2009,3445.766355140187,0.04659267272836232,0.0396518568414046,0.058874457919096956
Hawlemont,NSS,Actual NSS (minus Req NSS),2024,9334.208633185537,2019,2907.1225505718357,2014,2917.1428571428573,2009,4102.525233644859,0.2627658626790417,0.12334195816184002,0.056335194162371316
Hawlemont,NSS,Total Actual NSS per pupil,2024,24513.762981011627,2019,15356.45273925108,2014,14648.877551020409,2009,13630.420560747663,0.09805429505371155,0.05283560455182701,0.03990431858464216
Hawlemont,Enrollment,Foundation Enrollment,2024,92.0,2019,106.0,2014,98.0,2009,107.0,-0.027932568943105474,-0.006297974258339778,-0.010018824315313313
Helen Y. Davis Leadership Academy Charter Public (District),Expenditure,Teachers,2024,12990.0,2019,8090.0,2014,,2009,,0.09934024206384318,,
Helen Y. Davis Leadership Academy Charter Public (District),Expenditure,"Insurance, Retirement and Other",2024,3774.0,2019,4711.0,2014,,2009,,-0.04338374035786774,,
Helen Y. Davis Leadership Academy Charter Public (District),Expenditure,Pupil Services,2024,1193.0,2019,2871.0,2014,,2009,,-0.161078257506306,,
Helen Y. Davis Leadership Academy Charter Public (District),Expenditure,Other Teaching Services,2024,928.0,2019,930.0,2014,,2009,,-0.0004304779899708677,,
Helen Y. Davis Leadership Academy Charter Public (District),Expenditure,Operations and Maintenance,2024,1445.0,2019,983.0,2014,,2009,,0.08009726371871806,,
Helen Y. Davis Leadership Academy Charter Public (District),Expenditure,Instructional Leadership,2024,3433.0,2019,1034.0,2014,,2009,,0.271249083806935,,
Helen Y. Davis Leadership Academy Charter Public (District),Expenditure,Administration,2024,12449.0,2019,2084.0,2014,,2009,,0.42970801041526174,,
Helen Y. Davis Leadership Academy Charter Public (District),Expenditure,"Guidance, Counseling and Testing",2024,0.0,2019,532.0,2014,,2009,,,,
Helen Y. Davis Leadership Academy Charter Public (District),Expenditure,Other,2024,1508.0,2019,486.0,2014,,2009,,0.2541601996062808,,
Helen Y. Davis Leadership Academy Charter Public (District),Expenditure,Total PPE,2024,37720.0,2019,21721.0,2014,,2009,,0.11670477633614995,,
Helen Y. Davis Leadership Academy Charter Public (District),Enrollment,In-District FTE Pupils,2024,88.3,2019,188.4,2014,,2009,,-0.14063836556574794,,
Helen Y. Davis Leadership Academy Charter Public (District),Enrollment,Out-of-District FTE Pupils,2024,0.0,2019,0.0,2014,,2009,,,,
Hill View Montessori Charter Public (District),Expenditure,Teachers,2024,6261.0,2019,3977.0,2014,,2009,,0.09500883322439857,,
Hill View Montessori Charter Public (District),Expenditure,"Insurance, Retirement and Other",2024,1814.0,2019,2504.0,2014,,2009,,-0.06243671583735444,,
Hill View Montessori Charter Public (District),Expenditure,Pupil Services,2024,487.0,2019,1178.0,2014,,2009,,-0.16193687085242736,,
Hill View Montessori Charter Public (District),Expenditure,Other Teaching Services,2024,3569.0,2019,1637.0,2014,,2009,,0.1686906612674568,,
Hill View Montessori Charter Public (District),Expenditure,Operations and Maintenance,2024,964.0,2019,1053.0,2014,,2009,,-0.01750639435050272,,
Hill View Montessori Charter Public (District),Expenditure,Instructional Leadership,2024,1074.0,2019,341.0,2014,,2009,,0.25791118994371787,,
Hill View Montessori Charter Public (District),Expenditure,Administration,2024,1396.0,2019,1739.0,2014,,2009,,-0.042988476384710594,,
Hill View Montessori Charter Public (District),Expenditure,"Guidance, Counseling and Testing",2024,430.0,2019,538.0,2014,,2009,,-0.04382532701656905,,
Hill View Montessori Charter Public (District),Expenditure,Other,2024,1343.0,2019,414.0,2014,,2009,,0.26536300886071706,,
Hill View Montessori Charter Public (District),Expenditure,Total PPE,2024,17338.0,2019,13381.0,2014,,2009,,0.05317874472661388,,
Hill View Montessori Charter Public (District),Enrollment,In-District FTE Pupils,2024,305.6,2019,305.3,2014,,2009,,0.0001964508042391344,,
Hill View Montessori Charter Public (District),Enrollment,Out-of-District FTE Pupils,2024,0.0,2019,0.0,2014,,2009,,,,
Hilltown Cooperative Charter Public (District),Expenditure,Teachers,2024,6589.0,2019,5845.0,2014,,2009,,0.024252419236993505,,
Hilltown Cooperative Charter Public (District),Expenditure,"Insurance, Retirement and Other",2024,2321.0,2019,4238.0,2014,,2009,,-0.11345080944781494,,
Hilltown Cooperative Charter Public (District),Expenditure,Pupil Services,2024,826.0,2019,656.0,2014,,2009,,0.0471652977302679,,
Hilltown Cooperative Charter Public (District),Expenditure,Other Teaching Services,2024,3148.0,2019,1951.0,2014,,2009,,0.10041243867779692,,
Hilltown Cooperative Charter Public (District),Expenditure,Operations and Maintenance,2024,641.0,2019,677.0,2014,,2009,,-0.010868865571686204,,
Hilltown Cooperative Charter Public (District),Expenditure,Instructional Leadership,2024,1582.0,2019,1581.0,2014,,2009,,0.00012647022030964905,,
Hilltown Cooperative Charter Public (District),Expenditure,Administration,2024,1043.0,2019,672.0,2014,,2009,,0.091900354712116,,
Hilltown Cooperative Charter Public (District),Expenditure,"Guidance, Counseling and Testing",2024,597.0,2019,463.0,2014,,2009,,0.05215244326219537,,
Hilltown Cooperative Charter Public (District),Expenditure,Other,2024,290.0,2019,445.0,2014,,2009,,-0.08207415623516723,,
Hilltown Cooperative Charter Public (District),Expenditure,Total PPE,2024,17037.0,2019,16528.0,2014,,2009,,0.006084744743453996,,
Hilltown Cooperative Charter Public (District),Enrollment,In-District FTE Pupils,2024,217.5,2019,218.3,2014,,2009,,-0.000734013085931462,,
Hilltown Cooperative Charter Public (District),Enrollment,Out-of-District FTE Pupils,2024,0.0,2019,0.0,2014,,2009,,,,
Hingham,Expenditure,Teachers,2024,8952.0,2019,6617.0,2014,4982.0,2009,4506.0,0.062311267230090284,0.06035584584657383,0.04682782807481023
Hingham,Expenditure,"Insurance, Retirement and Other",2024,2556.0,2019,1371.0,2014,1266.0,2009,1352.0,0.13267334104403838,0.07278505416991243,0.043371437997774986
Hingham,Expenditure,Pupil Services,2024,1374.0,2019,1119.0,2014,944.0,2009,850.0,0.04191269402229447,0.03824888609846311,0.03253437838272233
Hingham,Expenditure,Other Teaching Services,2024,2197.0,2019,1475.0,2014,1057.0,2009,945.0,0.08294800934563251,0.0759089171324221,0.057855990845991245
Hingham,Expenditure,Operations and Maintenance,2024,1535.0,2019,1136.0,2014,850.0,2009,899.0,0.06205255896719053,0.06088655484395278,0.036310533519989585
Hingham,Expenditure,Instructional Leadership,2024,1301.0,2019,995.0,2014,840.0,2009,656.0,0.055093246437166066,0.044719740635233096,0.04670644220627285
Hingham,Expenditure,Administration,2024,847.0,2019,422.0,2014,327.0,2009,334.0,0.14951380661488956,0.09985027001968061,0.06400204556917388
Hingham,Expenditure,"Guidance, Counseling and Testing",2024,1024.0,2019,656.0,2014,453.0,2009,395.0,0.0931486516990323,0.08497610966887392,0.06556559791781469
Hingham,Expenditure,Other,2024,693.0,2019,238.0,2014,210.0,2009,217.0,0.2383153474178512,0.12681181999924207,0.08048373436024248
Hingham,Expenditure,Total PPE,2024,20479.0,2019,14029.0,2014,10929.0,2009,10154.0,0.07859004144274961,0.0648117430169064,0.047879729048939224
Hingham,Enrollment,In-District FTE Pupils,2024,3679.1,2019,4217.6,2014,4207.1,2009,3959.1,-0.02694981231005722,-0.013321021023961821,-0.004877968523460119
Hingham,Enrollment,Out-of-District FTE Pupils,2024,59.7,2019,77.8,2014,72.3,2009,66.6,-0.051583836628438795,-0.018967029468062613,-0.007264985288392367
Hingham,NSS,Ch70 Aid,2024,2241.9734699238247,2019,1734.805510534846,2014,1556.6038534600875,2009,1304.274536165636,0.05263046526008419,0.037158752769691716,0.03677399855076424
Hingham,NSS,Req NSS (minus Ch70),2024,10197.682689781981,2019,8178.369066913638,2014,7463.916281333657,2009,6906.227749394999,0.045121923072874104,0.03170010201513618,0.026322948684065706
Hingham,NSS,Actual NSS (minus Req NSS),2024,6436.233634991179,2019,2787.7734123355544,2014,1282.3095880313044,2009,1540.5211078246841,0.1821562039860123,0.17507041235304754,0.10001247346846376
Hingham,NSS,Total Actual NSS per pupil,2024,18875.889794696985,2019,12700.94798978404,2014,10302.829722825049,2009,9751.02339338532,0.08246598739899658,0.06241719510323751,0.04501810730991451
Hingham,Enrollment,Foundation Enrollment,2024,3807.0,2019,4319.0,2014,4109.0,2009,3719.0,-0.024920705223800077,-0.007604757639145254,0.0015603268756869682
Holbrook,Expenditure,Teachers,2024,6317.0,2019,5260.0,2014,4427.0,2009,3890.0,0.03730154928935048,0.03619176267598223,0.03285039126805267
Holbrook,Expenditure,"Insurance, Retirement and Other",2024,3423.0,2019,3064.0,2014,2773.0,2009,3023.0,0.022406560652255658,0.02128205968468433,0.00831892109475807
Holbrook,Expenditure,Pupil Services,2024,2514.0,2019,1357.0,2014,1161.0,2009,965.0,0.13124607437820468,0.08032221163324271,0.0659148940751848
Holbrook,Expenditure,Other Teaching Services,2024,1317.0,2019,982.0,2014,730.0,2009,949.0,0.060461381169482964,0.06078236573688289,0.022087250256935365
Holbrook,Expenditure,Operations and Maintenance,2024,1309.0,2019,1049.0,2014,963.0,2009,737.0,0.04528045928820701,0.031172532052545554,0.039038110662322545
Holbrook,Expenditure,Instructional Leadership,2024,804.0,2019,773.0,2014,942.0,2009,936.0,0.007895046929127014,-0.015715798077960308,-0.010083233687634197
Holbrook,Expenditure,Administration,2024,647.0,2019,632.0,2014,704.0,2009,501.0,0.004702401823295954,-0.008407662405312766,0.017195515848376752
Holbrook,Expenditure,"Guidance, Counseling and Testing",2024,660.0,2019,489.0,2014,441.0,2009,396.0,0.06181049906838898,0.041143362154547614,0.03464155347127251
Holbrook,Expenditure,Other,2024,576.0,2019,352.0,2014,177.0,2009,214.0,0.10350921459993478,0.12523937726401058,0.06823609236888073
Holbrook,Expenditure,Total PPE,2024,17567.0,2019,13958.0,2014,12318.0,2009,11611.0,0.0470679864288408,0.03613355899470072,0.0279891520455533
Holbrook,Enrollment,In-District FTE Pupils,2024,1322.4,2019,1259.7,2014,1219.4,2009,1187.2,0.009762277189003798,0.008141899750295556,0.007215955374534566
Holbrook,Enrollment,Out-of-District FTE Pupils,2024,100.4,2019,100.6,2014,72.8,2009,74.5,-0.0003979308860966313,0.03266684416032528,0.020090013696763664
Holbrook,NSS,Ch70 Aid,2024,8048.747781065089,2019,5067.4784727863525,2014,4151.129135863505,2009,3881.05090054816,0.0969511333533386,0.06845493036467976,0.049829080494322886
Holbrook,NSS,Req NSS (minus Ch70),2024,7109.40976331361,2019,6108.018683996751,2014,6100.755952380952,2009,4878.471417384495,0.03082902363266049,0.015418307820109334,0.02542362433953116
Holbrook,NSS,Actual NSS (minus Req NSS),2024,544.3014075338108,2019,3376.846349764948,2014,2396.3294775490635,2009,2066.035360674621,-0.30583033464930287,-0.13775776351216484,-0.08508633581884673
Holbrook,NSS,Total Actual NSS per pupil,2024,15702.45895191251,2019,14552.343506548052,2014,12648.21456579352,2009,10825.557678607276,0.0153293625383637,0.021865752689114393,0.025103758632214035
Holbrook,Enrollment,Foundation Enrollment,2024,1352.0,2019,1231.0,2014,1176.0,2009,1277.0,0.018928541913763697,0.014044320521044318,0.0038120073259804155
Holland,Expenditure,Teachers,2024,7452.0,2019,5854.0,2014,4623.0,2009,3902.0,0.04945549439353014,0.048901955977856515,0.044076623268471504
Holland,Expenditure,"Insurance, Retirement and Other",2024,1517.0,2019,2221.0,2014,1354.0,2009,1153.0,-0.07341043615325527,0.01143200415956791,0.018459471894473056
Holland,Expenditure,Pupil Services,2024,1775.0,2019,1340.0,2014,1112.0,2009,913.0,0.05783689897459854,0.04787470526844695,0.04531818405526811
Holland,Expenditure,Other Teaching Services,2024,1926.0,2019,1479.0,2014,1155.0,2009,868.0,0.054235464401585665,0.052464437010857345,0.05457086925573851
Holland,Expenditure,Operations and Maintenance,2024,1133.0,2019,857.0,2014,924.0,2009,773.0,0.05742559326703289,0.02060054019443358,0.025817320631862595
Holland,Expenditure,Instructional Leadership,2024,877.0,2019,730.0,2014,819.0,2009,630.0,0.03737397062312664,0.0068657528046049965,0.0222974313909301
Holland,Expenditure,Administration,2024,536.0,2019,569.0,2014,436.0,2009,439.0,-0.011878145782534433,0.020863861371099413,0.013397941928602775
Holland,Expenditure,"Guidance, Counseling and Testing",2024,432.0,2019,412.0,2014,261.0,2009,238.0,0.00952552957654662,0.05168171693106394,0.040544007962447726
Holland,Expenditure,Other,2024,603.0,2019,204.0,2014,390.0,2009,306.0,0.2420452805005031,0.04454046862650496,0.04626024998370659
Holland,Expenditure,Total PPE,2024,16251.0,2019,13666.0,2014,11074.0,2009,9222.0,0.03525594892957118,0.0391005079307476,0.03849321837821229
Holland,Enrollment,In-District FTE Pupils,2024,227.2,2019,229.6,2014,236.6,2009,280.4,-0.0020993887140271505,-0.004045819997917199,-0.01392786177350358
Holland,Enrollment,Out-of-District FTE Pupils,2024,7.2,2019,7.6,2014,4.0,2009,2.3,-0.01075518913431428,0.060540481614018704,0.07904687342168071
Holland,NSS,Ch70 Aid,2024,5790.605714285714,2019,5731.592592592592,2014,4700.119791666667,2009,4317.859223300971,0.0020507937068707793,0.021084084055168706,0.019757796526927995
Holland,NSS,Req NSS (minus Ch70),2024,8663.8,2019,6256.956790123457,2014,5466.244791666667,2009,4180.291262135922,0.06725709957980386,0.04713321154037531,0.04978442485018775
Holland,NSS,Actual NSS (minus Req NSS),2024,3704.216937142858,2019,5364.267303585095,2014,2131.6666666666665,2009,2953.470873786408,-0.07138178007032381,0.05681194135681955,0.015213960856849562
Holland,NSS,Total Actual NSS per pupil,2024,18158.62265142857,2019,17352.816686301143,2014,12298.03125,2009,11451.621359223302,0.009119468637302841,0.03973994983657492,0.03121145408787651
Holland,Enrollment,Foundation Enrollment,2024,175.0,2019,162.0,2014,192.0,2009,206.0,0.015557708137909687,-0.009228097147416459,-0.010813785714513635
Holliston,Expenditure,Teachers,2024,7320.0,2019,6049.0,2014,5680.0,2009,4855.0,0.038880272177920006,0.025690361740126955,0.027751509032193145
Holliston,Expenditure,"Insurance, Retirement and Other",2024,1739.0,2019,1374.0,2014,899.0,2009,1007.0,0.04824444559548158,0.0682034813386212,0.03709372711495029
Holliston,Expenditure,Pupil Services,2024,1520.0,2019,997.0,2014,993.0,2009,885.0,0.08800198053383967,0.04349274503344813,0.036716525034911296
Holliston,Expenditure,Other Teaching Services,2024,1900.0,2019,1448.0,2014,1111.0,2009,1105.0,0.05583731794681257,0.05512509942416255,0.03679466754150473
Holliston,Expenditure,Operations and Maintenance,2024,1237.0,2019,1091.0,2014,958.0,2009,921.0,0.025437014474859243,0.025889108416712325,0.01986026458766066
Holliston,Expenditure,Instructional Leadership,2024,1464.0,2019,1243.0,2014,1173.0,2009,941.0,0.033270402954741485,0.022408158728980387,0.02990404426674531
Holliston,Expenditure,Administration,2024,661.0,2019,416.0,2014,373.0,2009,360.0,0.09703788513778644,0.058886137571822816,0.04134170976638263
Holliston,Expenditure,"Guidance, Counseling and Testing",2024,723.0,2019,585.0,2014,509.0,2009,332.0,0.04326944061893512,0.0357192579311163,0.053254558833089494
Holliston,Expenditure,Other,2024,296.0,2019,360.0,2014,366.0,2009,344.0,-0.03839249970617231,-0.021003672668636786,-0.00996879241442472
Holliston,Expenditure,Total PPE,2024,16860.0,2019,13563.0,2014,12062.0,2009,10750.0,0.04448056110016552,0.034055442155300986,0.030457158043679877
Holliston,Enrollment,In-District FTE Pupils,2024,2740.7,2019,2887.3,2014,2821.5,2009,2921.0,-0.010367571788007401,-0.002901312654231325,-0.004238502829893576
Holliston,Enrollment,Out-of-District FTE Pupils,2024,120.7,2019,91.0,2014,70.1,2009,84.3,0.058115741882768024,0.05584197944140046,0.024216999293811492
Holliston,NSS,Ch70 Aid,2024,3318.2360387192853,2019,2834.9302676215607,2014,2713.7484352431165,2009,2498.159694989107,0.031984035677363964,0.02031381959737133,0.01910548389416533
Holliston,NSS,Req NSS (minus Ch70),2024,8911.775130305286,2019,7309.864304560874,2014,6706.579410639112,2009,5802.130355846042,0.04042548325920481,0.028836385130784237,0.02902308038623591
Holliston,NSS,Actual NSS (minus Req NSS),2024,3671.3730793745326,2019,3414.0621603265477,2014,2062.3271593130835,2009,1463.5757906566114,0.014638690627342132,0.05936859907723302,0.06323081119148521
Holliston,NSS,Total Actual NSS per pupil,2024,15901.384248399105,2019,13558.856732508983,2014,11482.65500519531,2009,9763.865841491759,0.032386631245118425,0.033092625755435146,0.03304888965197894
Holliston,Enrollment,Foundation Enrollment,2024,2686.0,2019,2653.0,2014,2613.0,2009,2754.0,0.0024754635017518734,0.0027592107906271313,-0.001665365218183057
Holyoke,Expenditure,Teachers,2024,6605.0,2019,5138.0,2014,6015.0,2009,6122.0,0.05151565873567443,0.009400972992157586,0.005075376137133825
Holyoke,Expenditure,"Insurance, Retirement and Other",2024,3118.0,2019,2738.0,2014,2364.0,2009,1872.0,0.026333567829601723,0.028070420490210468,0.03459732478795852
Holyoke,Expenditure,Pupil Services,2024,3141.0,2019,2353.0,2014,2057.0,2009,1649.0,0.05947131276886197,0.043237919755569454,0.04389420188214532
Holyoke,Expenditure,Other Teaching Services,2024,2959.0,2019,1643.0,2014,1635.0,2009,1319.0,0.1248677878877471,0.06111565241160122,0.05534229721951767
Holyoke,Expenditure,Operations and Maintenance,2024,1672.0,2019,1516.0,2014,1305.0,2009,1170.0,0.019782169819241968,0.02509136724031391,0.02408662495655478
Holyoke,Expenditure,Instructional Leadership,2024,1997.0,2019,1718.0,2014,1317.0,2009,1179.0,0.030554540476397385,0.04250759826437234,0.03575638046391538
Holyoke,Expenditure,Administration,2024,710.0,2019,448.0,2014,603.0,2009,548.0,0.0964682662670382,0.016468919203265875,0.017415897473272324
Holyoke,Expenditure,"Guidance, Counseling and Testing",2024,752.0,2019,393.0,2014,513.0,2009,452.0,0.13858395141091906,0.03898684193880708,0.03451937092252155
Holyoke,Expenditure,Other,2024,3665.0,2019,1741.0,2014,1072.0,2009,906.0,0.160526445982079,0.13080551880563607,0.09764790312175475
Holyoke,Expenditure,Total PPE,2024,24619.0,2019,17688.0,2014,16881.0,2009,15217.0,0.06836176216187262,0.03845390513261182,0.03259358940903634
Holyoke,Enrollment,In-District FTE Pupils,2024,4898.9,2019,5231.4,2014,5444.6,2009,5875.9,-0.013047777700920804,-0.010505784825755704,-0.012050046277766957
Holyoke,Enrollment,Out-of-District FTE Pupils,2024,1265.8,2019,1358.4,2014,1144.9,2009,860.2,-0.014021412003487388,0.010089260459895222,0.026087452495036523
Holyoke,NSS,Ch70 Aid,2024,16361.689335133311,2019,11309.704107424961,2014,10496.246494798734,2009,9717.463512544802,0.07665207047112088,0.04539257731031143,0.035344819809092654
Holyoke,NSS,Req NSS (minus Ch70),2024,2212.7832110046593,2019,1719.8159557661927,2014,1426.6641037238053,2009,121.26637992831542,0.0516988009204864,0.04486868477800576,0.21361209762926303
Holyoke,NSS,Actual NSS (minus Req NSS),2024,-358.8869146798692,2019,27.565939041875644,2014,196.025374775819,2009,482.8273605073054,-2.8038432003689855,-0.28308186636056887,-0.11622018469193457
Holyoke,NSS,Total Actual NSS per pupil,2024,18215.585631458103,2019,13057.086002233029,2014,12118.93597329836,2009,10321.557252980421,0.06885643133295827,0.04159254951092728,0.03859571746640911
Holyoke,Enrollment,Foundation Enrollment,2024,5926.0,2019,6330.0,2014,6633.0,2009,6975.0,-0.013103548488069605,-0.011207496915235926,-0.010806708634902074
Holyoke Community Charter (District),Expenditure,Teachers,2024,5410.0,2019,3921.0,2014,,2009,,0.06649809627826464,,
Holyoke Community Charter (District),Expenditure,"Insurance, Retirement and Other",2024,2443.0,2019,3020.0,2014,,2009,,-0.041519449038452505,,
Holyoke Community Charter (District),Expenditure,Pupil Services,2024,3372.0,2019,2375.0,2014,,2009,,0.07261728290433234,,
Holyoke Community Charter (District),Expenditure,Other Teaching Services,2024,1639.0,2019,843.0,2014,,2009,,0.14222135579855966,,
Holyoke Community Charter (District),Expenditure,Operations and Maintenance,2024,1419.0,2019,1169.0,2014,,2009,,0.03952174118447571,,
Holyoke Community Charter (District),Expenditure,Instructional Leadership,2024,3929.0,2019,2916.0,2014,,2009,,0.06144843689938151,,
Holyoke Community Charter (District),Expenditure,Administration,2024,1109.0,2019,650.0,2014,,2009,,0.11276546285730027,,
Holyoke Community Charter (District),Expenditure,"Guidance, Counseling and Testing",2024,375.0,2019,307.0,2014,,2009,,0.04082706891686749,,
Holyoke Community Charter (District),Expenditure,Other,2024,1027.0,2019,778.0,2014,,2009,,0.057105103011986236,,
Holyoke Community Charter (District),Expenditure,Total PPE,2024,20723.0,2019,15979.0,2014,,2009,,0.05336917671601893,,
Holyoke Community Charter (District),Enrollment,In-District FTE Pupils,2024,694.9,2019,702.3,2014,,2009,,-0.0021163000415398425,,
Holyoke Community Charter (District),Enrollment,Out-of-District FTE Pupils,2024,0.0,2019,0.0,2014,,2009,,,,
Hoosac Valley Regional,Expenditure,Teachers,2024,6554.0,2019,5931.0,2014,4875.0,2009,4227.0,0.020177409938366475,0.03003784530662923,0.02967052103657397
Hoosac Valley Regional,Expenditure,"Insurance, Retirement and Other",2024,4401.0,2019,3625.0,2014,3052.0,2009,2524.0,0.0395578722271841,0.03728162334045182,0.037761292433871274
Hoosac Valley Regional,Expenditure,Pupil Services,2024,2500.0,2019,1841.0,2014,1495.0,2009,1260.0,0.06310765180908895,0.05276122705249686,0.046737936077168696
Hoosac Valley Regional,Expenditure,Other Teaching Services,2024,2106.0,2019,1374.0,2014,1059.0,2009,732.0,0.0891666297811613,0.07116467167219231,0.07299200432022368
Hoosac Valley Regional,Expenditure,Operations and Maintenance,2024,2258.0,2019,976.0,2014,959.0,2009,916.0,0.18264615453205701,0.08940793196681329,0.061993595291253145
Hoosac Valley Regional,Expenditure,Instructional Leadership,2024,1822.0,2019,807.0,2014,718.0,2009,582.0,0.17688754729699818,0.09759568960998588,0.07905030673859681
Hoosac Valley Regional,Expenditure,Administration,2024,1052.0,2019,638.0,2014,487.0,2009,367.0,0.10519525640717542,0.080061978534538,0.07272889362973012
Hoosac Valley Regional,Expenditure,"Guidance, Counseling and Testing",2024,622.0,2019,365.0,2014,395.0,2009,401.0,0.1124986792108349,0.04645203987832058,0.029697679760663842
Hoosac Valley Regional,Expenditure,Other,2024,1135.0,2019,372.0,2014,355.0,2009,439.0,0.2499440810186373,0.12325083690678995,0.06537398923912074
Hoosac Valley Regional,Expenditure,Total PPE,2024,22450.0,2019,15929.0,2014,13395.0,2009,11448.0,0.07103969404068211,0.05299755490243796,0.04592155902858708
Hoosac Valley Regional,Enrollment,In-District FTE Pupils,2024,1002.7,2019,1161.6,2014,1375.0,2009,1599.5,-0.028991833872477613,-0.031082429193701522,-0.03065334043288559
Hoosac Valley Regional,Enrollment,Out-of-District FTE Pupils,2024,237.3,2019,234.6,2014,136.8,2009,104.4,0.0022912663925460652,0.05662568633983778,0.0562656320984265
Hopedale,Expenditure,Teachers,2024,6601.0,2019,6073.0,2014,4341.0,2009,4130.0,0.016813468891592187,0.04280233437476211,0.03175673397739853
Hopedale,Expenditure,"Insurance, Retirement and Other",2024,3525.0,2019,2520.0,2014,1752.0,2009,1257.0,0.0694284072940301,0.07241406675805506,0.07116142147910454
Hopedale,Expenditure,Pupil Services,2024,1742.0,2019,1345.0,2014,804.0,2009,658.0,0.05308923492023365,0.08038665269878864,0.06705830541027025
Hopedale,Expenditure,Other Teaching Services,2024,1957.0,2019,1650.0,2014,1324.0,2009,974.0,0.03471650408450766,0.03984901329524604,0.04761600458557269
Hopedale,Expenditure,Operations and Maintenance,2024,1626.0,2019,1060.0,2014,784.0,2009,750.0,0.08933870623344631,0.07567344615681804,0.05294079402276752
Hopedale,Expenditure,Instructional Leadership,2024,1116.0,2019,998.0,2014,711.0,2009,725.0,0.022602218698969168,0.046115072261124324,0.029173067334572478
Hopedale,Expenditure,Administration,2024,477.0,2019,394.0,2014,498.0,2009,424.0,0.03897340630517476,-0.004299090950907969,0.007883111767474471
Hopedale,Expenditure,"Guidance, Counseling and Testing",2024,777.0,2019,634.0,2014,380.0,2009,287.0,0.041516973950399105,0.07414705535693944,0.06865111068505492
Hopedale,Expenditure,Other,2024,621.0,2019,526.0,2014,458.0,2009,209.0,0.03376344553964361,0.030914414826753278,0.07530010349788196
Hopedale,Expenditure,Total PPE,2024,18442.0,2019,15200.0,2014,11052.0,2009,9414.0,0.03942434850119625,0.0525354066231003,0.045848846105345675
Hopedale,Enrollment,In-District FTE Pupils,2024,1114.1,2019,1091.0,2014,1261.5,2009,1335.9,0.004199231614543386,-0.01234858123329341,-0.012030930464063894
Hopedale,Enrollment,Out-of-District FTE Pupils,2024,46.1,2019,75.2,2014,66.8,2009,73.3,-0.09323109893612724,-0.03640964058917484,-0.030443482604004313
Hopedale,NSS,Ch70 Aid,2024,7110.0,2019,6139.088145896657,2014,5327.891402714932,2009,5703.816196542311,0.029800613755963656,0.029274998365210303,0.014799563885402378
Hopedale,NSS,Req NSS (minus Ch70),2024,7416.641142857143,2019,5699.485309017224,2014,4745.725791855203,2009,2099.5914467697908,0.05408182600342526,0.045659921454711316,0.08777272424864013
Hopedale,NSS,Actual NSS (minus Req NSS),2024,5072.432661061223,2019,2710.3170868542493,2014,1090.1004524886878,2009,1999.3739763421293,0.133546231474865,0.16620520931430072,0.0640323130221987
Hopedale,NSS,Total Actual NSS per pupil,2024,19599.073803918367,2019,14548.890541768129,2014,11163.717647058824,2009,9802.781619654232,0.06140501276504562,0.05789525809398999,0.047271008981309315
Hopedale,Enrollment,Foundation Enrollment,2024,875.0,2019,987.0,2014,1105.0,2009,1099.0,-0.02380140093002947,-0.023067455437423168,-0.015080602594086834
Hopkinton,Expenditure,Teachers,2024,7591.0,2019,6742.0,2014,5859.0,2009,4756.0,0.024004932647770483,0.026236718012293103,0.03166130849136084
Hopkinton,Expenditure,"Insurance, Retirement and Other",2024,2370.0,2019,1995.0,2014,1620.0,2009,1437.0,0.035049426822400864,0.038779410963470706,0.03391802130235444
Hopkinton,Expenditure,Pupil Services,2024,1913.0,2019,1394.0,2014,1243.0,2009,1195.0,0.06534541043384534,0.044057419838120726,0.03186560789522397
Hopkinton,Expenditure,Other Teaching Services,2024,1592.0,2019,1092.0,2014,955.0,2009,839.0,0.07831112284479924,0.05243181706750799,0.04362724149717012
Hopkinton,Expenditure,Operations and Maintenance,2024,1222.0,2019,940.0,2014,760.0,2009,780.0,0.05387395206178347,0.048638410385449804,0.03038241977626077
Hopkinton,Expenditure,Instructional Leadership,2024,830.0,2019,759.0,2014,568.0,2009,645.0,0.018045675173219866,0.03865896899792154,0.01695380402752944
Hopkinton,Expenditure,Administration,2024,665.0,2019,548.0,2014,682.0,2009,574.0,0.03946104279146523,-0.0025210784491802585,0.009858790429221553
Hopkinton,Expenditure,"Guidance, Counseling and Testing",2024,636.0,2019,556.0,2014,485.0,2009,426.0,0.027250744794041104,0.027475648386511065,0.02707738756235023
Hopkinton,Expenditure,Other,2024,510.0,2019,546.0,2014,470.0,2009,405.0,-0.013549024365101414,0.00820125060737631,0.015486942652071845
Hopkinton,Expenditure,Total PPE,2024,17329.0,2019,14572.0,2014,12642.0,2009,11057.0,0.03526341740193972,0.032038197505161126,0.03040766219132518
Hopkinton,Enrollment,In-District FTE Pupils,2024,4199.5,2019,3715.2,2014,3437.3,2009,3439.8,0.024809346230951768,0.0202298235379752,0.013392360987717122
Hopkinton,Enrollment,Out-of-District FTE Pupils,2024,57.6,2019,78.6,2014,73.1,2009,73.9,-0.06027671653305755,-0.023548873812737958,-0.01647545435025144
Hopkinton,NSS,Ch70 Aid,2024,2367.6392848514133,2019,1937.4379603399434,2014,1729.1527487267863,2009,1736.7692769276928,0.040920463759453796,0.03192519900267077,0.020872630619021892
Hopkinton,NSS,Req NSS (minus Ch70),2024,9923.565112345977,2019,8619.589235127478,2014,8022.871565113501,2009,6599.990399039904,0.02857563075138181,0.02148922139278353,0.02756261350342326
Hopkinton,NSS,Actual NSS (minus Req NSS),2024,4078.774897439684,2019,3972.326875588857,2014,2172.033440591082,2009,2103.4047840047633,0.005302938131380053,0.06504099086059312,0.04513836955116335
Hopkinton,NSS,Total Actual NSS per pupil,2024,16369.979294637074,2019,14529.354071056277,2014,11924.05775443137,2009,10440.164459972362,0.024142442513255258,0.03219655657336573,0.030440024661260168
Hopkinton,Enrollment,Foundation Enrollment,2024,4139.0,2019,3530.0,2014,3348.0,2009,3333.0,0.03234330163478516,0.02143561763828017,0.014543503313930284
Hudson,Expenditure,Teachers,2023,8879.0,2018,6983.0,2013,5736.0,2008,,0.04921478734715423,0.04466126388356595,
Hudson,Expenditure,"Insurance, Retirement and Other",2023,2603.0,2018,1881.0,2013,1427.0,2008,,0.06712937393064133,0.0619523235700139,
Hudson,Expenditure,Pupil Services,2023,2073.0,2018,1402.0,2013,1401.0,2008,,0.08135989270185773,0.03995875801262261,
Hudson,Expenditure,Other Teaching Services,2023,2465.0,2018,1729.0,2013,1220.0,2008,,0.07350577740146491,0.0728665606039327,
Hudson,Expenditure,Operations and Maintenance,2023,1625.0,2018,1068.0,2013,1041.0,2008,,0.08756800466267056,0.045539063462229246,
Hudson,Expenditure,Instructional Leadership,2023,1311.0,2018,921.0,2013,721.0,2008,,0.07317021904060805,0.06161425803346132,
Hudson,Expenditure,Administration,2023,819.0,2018,781.0,2013,675.0,2008,,0.009547072095655862,0.019525312731096145,
Hudson,Expenditure,"Guidance, Counseling and Testing",2023,1026.0,2018,639.0,2013,437.0,2008,,0.09933309016229841,0.08909707682032497,
Hudson,Expenditure,Other,2023,797.0,2018,563.0,2013,667.0,2008,,0.07198815176563889,0.017965943541672358,
Hudson,Expenditure,Total PPE,2023,21598.0,2018,15967.0,2013,13325.0,2008,,0.06227764549864756,0.04948112438467667,
Hudson,Enrollment,In-District FTE Pupils,2023,2364.6,2018,2654.9,2013,2886.1,2008,,-0.022893497298729693,-0.01973243937387359,
Hudson,Enrollment,Out-of-District FTE Pupils,2023,278.4,2018,197.9,2013,156.9,2008,,0.07064301349649882,0.059021138118737326,
Hudson,NSS,Ch70 Aid,2024,5377.719073231278,2019,4422.483703703704,2014,3859.8814774127964,2009,3108.7244181751016,0.039887538867171335,0.03371879868738903,0.0372124611913085
Hudson,NSS,Req NSS (minus Ch70),2024,8775.139015308234,2019,6380.438518518518,2014,6267.5031261493195,2009,5406.739933505726,0.06581222025986344,0.03422717414707099,0.03281190426198677
Hudson,NSS,Actual NSS (minus Req NSS),2024,7785.295855916429,2019,5086.403898063705,2014,3660.3261809261594,2009,2610.2673801079495,0.08886203474768029,0.07838920874458788,0.07557163795863708
Hudson,NSS,Total Actual NSS per pupil,2024,21938.153944455942,2019,15889.326120285928,2014,13787.710784488274,2009,11125.731731788777,0.06664258884195506,0.04754042480277332,0.04630451581330397
Hudson,Enrollment,Foundation Enrollment,2024,2417.0,2019,2700.0,2014,2719.0,2009,2707.0,-0.0219015351972639,-0.011704667525201162,-0.007525798881651724
Hull,Expenditure,Teachers,2024,10620.0,2019,7510.0,2014,6496.0,2009,4950.0,0.07175844918686236,0.05038340096351268,0.05220724508936425
Hull,Expenditure,"Insurance, Retirement and Other",2024,5714.0,2019,4280.0,2014,2836.0,2009,2344.0,0.059495931651516676,0.07256445671346867,0.06120391108613221
Hull,Expenditure,Pupil Services,2024,3321.0,2019,2168.0,2014,1443.0,2009,1191.0,0.08903520555699784,0.08692669314976453,0.07075589551728201
Hull,Expenditure,Other Teaching Services,2024,1975.0,2019,1456.0,2014,790.0,2009,516.0,0.06287243740285353,0.09595822638521723,0.09360669397813814
Hull,Expenditure,Operations and Maintenance,2024,3366.0,2019,2138.0,2014,1461.0,2009,1275.0,0.09501806038327132,0.08704216354865202,0.06685876219074216
Hull,Expenditure,Instructional Leadership,2024,1758.0,2019,1374.0,2014,1232.0,2009,1045.0,0.05052508601854799,0.036193387009918254,0.035285596799340846
Hull,Expenditure,Administration,2024,1904.0,2019,1106.0,2014,1026.0,2009,668.0,0.11476253223303057,0.06378033651528892,0.07232401465296179
Hull,Expenditure,"Guidance, Counseling and Testing",2024,1173.0,2019,752.0,2014,422.0,2009,371.0,0.09298961190009947,0.10763980912989068,0.0797625822680379
Hull,Expenditure,Other,2024,1319.0,2019,745.0,2014,406.0,2009,549.0,0.12103121218812407,0.12505013522916775,0.06017647566937856
Hull,Expenditure,Total PPE,2024,31150.0,2019,21529.0,2014,16112.0,2009,12909.0,0.07668047800312006,0.06814659347386298,0.06048459298196929
Hull,Enrollment,In-District FTE Pupils,2024,752.3,2019,878.3,2014,1058.0,2009,1213.2,-0.03049593174836851,-0.03352518941767624,-0.031356628998847835
Hull,Enrollment,Out-of-District FTE Pupils,2024,39.0,2019,66.3,2014,55.5,2009,104.7,-0.10068835772242513,-0.03466697877590608,-0.06371543984591499
Hull,NSS,Ch70 Aid,2024,5052.207332490519,2019,4100.880597014925,2014,3412.2761816496754,2009,2946.1341408024227,0.04260741211247354,0.040024808584183,0.0366096398393001
Hull,NSS,Req NSS (minus Ch70),2024,11444.08849557522,2019,8973.385927505331,2014,9191.314179796107,2009,7132.815291445874,0.04984448761310323,0.022163478197877673,0.032019766027685304
Hull,NSS,Actual NSS (minus Req NSS),2024,10204.960926042984,2019,7026.421502391182,2014,2278.0313619288727,2009,1455.061922785769,0.07749541169747554,0.16178339443570566,0.13866330382038483
Hull,NSS,Total Actual NSS per pupil,2024,26701.256754108726,2019,20100.688026911437,2014,14881.621723374654,2009,11534.011355034067,0.058434910835824194,0.06020084050280672,0.057556117725722
Hull,Enrollment,Foundation Enrollment,2024,791.0,2019,938.0,2014,1079.0,2009,1321.0,-0.03351586585061839,-0.030572123705533194,-0.03361189049511071
Innovation Academy Charter (District),Expenditure,Teachers,2024,6181.0,2019,5075.0,2014,,2009,,0.04021841876916965,,
Innovation Academy Charter (District),Expenditure,"Insurance, Retirement and Other",2024,2801.0,2019,3875.0,2014,,2009,,-0.06285178913790168,,
Innovation Academy Charter (District),Expenditure,Pupil Services,2024,2603.0,2019,1530.0,2014,,2009,,0.11213253860803829,,
Innovation Academy Charter (District),Expenditure,Other Teaching Services,2024,1362.0,2019,1028.0,2014,,2009,,0.057880954933438256,,
Innovation Academy Charter (District),Expenditure,Operations and Maintenance,2024,1340.0,2019,1095.0,2014,,2009,,0.041209533271465704,,
Innovation Academy Charter (District),Expenditure,Instructional Leadership,2024,1420.0,2019,924.0,2014,,2009,,0.0897409590948417,,
Innovation Academy Charter (District),Expenditure,Administration,2024,1609.0,2019,1220.0,2014,,2009,,0.056913007157939344,,
Innovation Academy Charter (District),Expenditure,"Guidance, Counseling and Testing",2024,595.0,2019,402.0,2014,,2009,,0.08157884095135293,,
Innovation Academy Charter (District),Expenditure,Other,2024,349.0,2019,226.0,2014,,2009,,0.0907956505491867,,
Innovation Academy Charter (District),Expenditure,Total PPE,2024,18260.0,2019,15375.0,2014,,2009,,0.03499232610117775,,
Innovation Academy Charter (District),Enrollment,In-District FTE Pupils,2024,790.5,2019,793.7,2014,,2009,,-0.0008076535616045044,,
Innovation Academy Charter (District),Enrollment,Out-of-District FTE Pupils,2024,0.0,2019,0.0,2014,,2009,,,,
Ipswich,Expenditure,Teachers,2024,9700.0,2019,6996.0,2014,5163.0,2009,4280.0,0.06754056529030206,0.06509160331106956,0.05605984850036716
Ipswich,Expenditure,"Insurance, Retirement and Other",2024,3840.0,2019,2641.0,2014,1899.0,2009,1170.0,0.07773643338112857,0.07295282104310052,0.08245460121755066
Ipswich,Expenditure,Pupil Services,2024,1881.0,2019,1328.0,2014,960.0,2009,947.0,0.07210703082577141,0.06957626335611611,0.04681335453200308
Ipswich,Expenditure,Other Teaching Services,2024,2667.0,2019,1827.0,2014,1416.0,2009,1288.0,0.07859125220097507,0.06535899300204995,0.049720817970443365
Ipswich,Expenditure,Operations and Maintenance,2024,1829.0,2019,1313.0,2014,719.0,2009,751.0,0.06853756809525136,0.0978638410486321,0.061137309509543325
Ipswich,Expenditure,Instructional Leadership,2024,1797.0,2019,1196.0,2014,833.0,2009,757.0,0.0848342284214425,0.07991682519455123,0.05932725571884223
Ipswich,Expenditure,Administration,2024,696.0,2019,703.0,2014,495.0,2009,451.0,-0.0019994447371723956,0.03466653849600676,0.029347892904455275
Ipswich,Expenditure,"Guidance, Counseling and Testing",2024,1024.0,2019,601.0,2014,377.0,2009,282.0,0.11246177421622128,0.10508544946792431,0.08977470510257612
Ipswich,Expenditure,Other,2024,1379.0,2019,860.0,2014,655.0,2009,430.0,0.09903914959143911,0.0772891767420838,0.08078602564521353
Ipswich,Expenditure,Total PPE,2024,24813.0,2019,17465.0,2014,12517.0,2009,10356.0,0.07275892674853268,0.07082352170721062,0.059983607271202555
Ipswich,Enrollment,In-District FTE Pupils,2024,1613.9,2019,1691.8,2014,1983.7,2009,2115.8,-0.009383584965850456,-0.020419654365084194,-0.017889998192568424
Ipswich,Enrollment,Out-of-District FTE Pupils,2024,60.0,2019,51.0,2014,54.3,2009,24.9,0.03303780411393231,0.010032020209364001,0.06038471813858215
Ipswich,NSS,Ch70 Aid,2024,2663.675016056519,2019,1923.939038686987,2014,1462.4791173415006,2009,1325.1932467532467,0.06722990470836487,0.061791284920615475,0.047643368331000024
Ipswich,NSS,Req NSS (minus Ch70),2024,10545.725112395632,2019,8603.127784290738,2014,7998.59133126935,2009,7191.903896103896,0.041559332530607174,0.028031196395222446,0.025846004819106927
Ipswich,NSS,Actual NSS (minus Req NSS),2024,9432.99175465639,2019,5655.159577960142,2014,1630.0322345676836,2009,1314.718961038961,0.1077478558412297,0.19191511220483903,0.14039271741200077
Ipswich,NSS,Total Actual NSS per pupil,2024,22642.39188310854,2019,16182.226400937867,2014,11091.102683178535,2009,9831.816103896104,0.06949019153221858,0.07397644836314177,0.05718884108931643
Ipswich,Enrollment,Foundation Enrollment,2024,1557.0,2019,1706.0,2014,1938.0,2009,1925.0,-0.018112079688224703,-0.021651724148248896,-0.014044777134347597
KIPP Academy Boston Charter School (District),Expenditure,Teachers,2024,8113.0,2019,4972.0,2014,,2009,,0.10288459659029292,,
KIPP Academy Boston Charter School (District),Expenditure,"Insurance, Retirement and Other",2024,2675.0,2019,3774.0,2014,,2009,,-0.06652137440287409,,
KIPP Academy Boston Charter School (District),Expenditure,Pupil Services,2024,2215.0,2019,2160.0,2014,,2009,,0.0050415021803191795,,
KIPP Academy Boston Charter School (District),Expenditure,Other Teaching Services,2024,1887.0,2019,1271.0,2014,,2009,,0.08224420726790416,,
KIPP Academy Boston Charter School (District),Expenditure,Operations and Maintenance,2024,1764.0,2019,1251.0,2014,,2009,,0.0711449736820573,,
KIPP Academy Boston Charter School (District),Expenditure,Instructional Leadership,2024,5075.0,2019,1747.0,2014,,2009,,0.2377377259077733,,
KIPP Academy Boston Charter School (District),Expenditure,Administration,2024,3740.0,2019,682.0,2014,,2009,,0.4054566201207803,,
KIPP Academy Boston Charter School (District),Expenditure,"Guidance, Counseling and Testing",2024,2119.0,2019,852.0,2014,,2009,,0.19988126526713823,,
KIPP Academy Boston Charter School (District),Expenditure,Other,2024,1499.0,2019,1053.0,2014,,2009,,0.07318514446531621,,
KIPP Academy Boston Charter School (District),Expenditure,Total PPE,2024,29087.0,2019,17762.0,2014,,2009,,0.10367552818427317,,
KIPP Academy Boston Charter School (District),Enrollment,In-District FTE Pupils,2024,597.9,2019,592.0,2014,,2009,,0.0019853443921533653,,
KIPP Academy Boston Charter School (District),Enrollment,Out-of-District FTE Pupils,2024,0.0,2019,0.0,2014,,2009,,,,
KIPP Academy Lynn Charter (District),Expenditure,Teachers,2024,6626.0,2019,4353.0,2014,,2009,,0.0876584867027772,,
KIPP Academy Lynn Charter (District),Expenditure,"Insurance, Retirement and Other",2024,1987.0,2019,3619.0,2014,,2009,,-0.1130036007956483,,
KIPP Academy Lynn Charter (District),Expenditure,Pupil Services,2024,2401.0,2019,1686.0,2014,,2009,,0.07326487900722967,,
KIPP Academy Lynn Charter (District),Expenditure,Other Teaching Services,2024,1714.0,2019,1031.0,2014,,2009,,0.10700716154009515,,
KIPP Academy Lynn Charter (District),Expenditure,Operations and Maintenance,2024,1323.0,2019,945.0,2014,,2009,,0.06961037572506878,,
KIPP Academy Lynn Charter (District),Expenditure,Instructional Leadership,2024,3287.0,2019,2812.0,2014,,2009,,0.03170818865865077,,
KIPP Academy Lynn Charter (District),Expenditure,Administration,2024,2190.0,2019,1965.0,2014,,2009,,0.0219186192544647,,
KIPP Academy Lynn Charter (District),Expenditure,"Guidance, Counseling and Testing",2024,814.0,2019,738.0,2014,,2009,,0.019796714863888232,,
KIPP Academy Lynn Charter (District),Expenditure,Other,2024,888.0,2019,1184.0,2014,,2009,,-0.05591248870509802,,
KIPP Academy Lynn Charter (District),Expenditure,Total PPE,2024,21230.0,2019,18333.0,2014,,2009,,0.029777245375539163,,
KIPP Academy Lynn Charter (District),Enrollment,In-District FTE Pupils,2024,1613.1,2019,1452.2,2014,,2009,,0.021238012551501706,,
KIPP Academy Lynn Charter (District),Enrollment,Out-of-District FTE Pupils,2024,0.0,2019,0.0,2014,,2009,,,,
King Philip,Expenditure,Teachers,2024,6949.0,2019,4938.0,2014,3962.0,2009,3680.0,0.07071588341669677,0.05779323217053878,0.04328981151403477
King Philip,Expenditure,"Insurance, Retirement and Other",2024,4259.0,2019,2770.0,2014,2284.0,2009,1760.0,0.08984710324356104,0.06429287331127709,0.0606847662618657
King Philip,Expenditure,Pupil Services,2024,2752.0,2019,1632.0,2014,1328.0,2009,1253.0,0.11016020385339109,0.07558573924022838,0.05385248492104644
King Philip,Expenditure,Other Teaching Services,2024,1110.0,2019,789.0,2014,590.0,2009,553.0,0.07065412631661894,0.06523909439146736,0.047546209775817916
King Philip,Expenditure,Operations and Maintenance,2024,2155.0,2019,1687.0,2014,1217.0,2009,1134.0,0.050186517384493756,0.05880423476824381,0.04373187790921573
King Philip,Expenditure,Instructional Leadership,2024,1515.0,2019,1086.0,2014,962.0,2009,866.0,0.06884950763090325,0.04646270740615499,0.03798955349777766
King Philip,Expenditure,Administration,2024,627.0,2019,505.0,2014,401.0,2009,350.0,0.04422775549432201,0.04571254189799845,0.03963278460590658
King Philip,Expenditure,"Guidance, Counseling and Testing",2024,1141.0,2019,629.0,2014,452.0,2009,348.0,0.12648911551913322,0.09702044356424033,0.08238166444152761
King Philip,Expenditure,Other,2024,808.0,2019,486.0,2014,590.0,2009,390.0,0.10701885591035376,0.031943535770781795,0.049759427543699664
King Philip,Expenditure,Total PPE,2024,21316.0,2019,14522.0,2014,11786.0,2009,10334.0,0.0797814339631413,0.0610453037255938,0.049451768214702874
King Philip,Enrollment,In-District FTE Pupils,2024,1852.9,2019,2021.4,2014,2084.9,2009,2065.1,-0.01725703409666557,-0.011727580811223381,-0.007202382433087018
King Philip,Enrollment,Out-of-District FTE Pupils,2024,124.6,2019,90.8,2014,76.6,2009,92.0,0.06533559707671,0.049854048375502114,0.020427171574424863
Kingston,Expenditure,Teachers,2023,5004.0,2018,4902.0,2013,3453.0,2008,,0.004127355667872479,0.037796190729066925,
Kingston,Expenditure,"Insurance, Retirement and Other",2023,1450.0,2018,1505.0,2013,1183.0,2008,,-0.007418216549030188,0.020559490634268984,
Kingston,Expenditure,Pupil Services,2023,1681.0,2018,1153.0,2013,849.0,2008,,0.07832005195349567,0.07069556145194356,
Kingston,Expenditure,Other Teaching Services,2023,751.0,2018,789.0,2013,605.0,2008,,-0.009823564263081064,0.02185307516095869,
Kingston,Expenditure,Operations and Maintenance,2023,1186.0,2018,1642.0,2013,1118.0,2008,,-0.06299413937202236,0.005921958459390586,
Kingston,Expenditure,Instructional Leadership,2023,549.0,2018,610.0,2013,417.0,2008,,-0.0208516376390232,0.02788287114962018,
Kingston,Expenditure,Administration,2023,383.0,2018,353.0,2013,294.0,2008,,0.016447176269772656,0.026798308008880722,
Kingston,Expenditure,"Guidance, Counseling and Testing",2023,578.0,2018,644.0,2013,308.0,2008,,-0.021392828165912925,0.06497082941954546,
Kingston,Expenditure,Other,2023,291.0,2018,226.0,2013,370.0,2008,,0.05185750495752761,-0.023731837694053515,
Kingston,Expenditure,Total PPE,2023,11873.0,2018,11824.0,2013,8597.0,2008,,0.0008274522454423394,0.03281218752382964,
Kingston,Enrollment,In-District FTE Pupils,2023,1251.7,2018,1029.9,2013,1127.8,2008,,0.039778992584802664,0.010477892153556434,
Kingston,Enrollment,Out-of-District FTE Pupils,2023,47.1,2018,53.8,2013,41.7,2008,,-0.02624942688163845,0.012251631031264587,
Kingston,NSS,Ch70 Aid,2024,4827.481777777778,2019,4086.74670433145,2014,3573.766783183798,2009,3376.8619791666665,0.033876310700419854,0.03052716292381108,0.02411129379800636
Kingston,NSS,Req NSS (minus Ch70),2024,7946.953777777778,2019,6270.25329566855,2014,5587.259450171821,2009,4307.086805555556,0.04853545541075266,0.03585790542430467,0.04168034761961703
Kingston,NSS,Actual NSS (minus Req NSS),2024,-12774.435555555556,2019,3528.3934511380626,2014,609.8534346826877,2009,1435.8251736111108,-0.9240935985432824,-2.1946730524199163,-0.6597953098253486
Kingston,NSS,Total Actual NSS per pupil,2024,0.0,2019,13885.393451138063,2014,9770.879668038307,2009,9119.773958333333,,,
Kingston,Enrollment,Foundation Enrollment,2024,1125.0,2019,1062.0,2014,1164.0,2009,1152.0,0.011592500787793503,-0.0034021309581916404,-0.0015798524915783263
Lakeville,Expenditure,Teachers,2011,3924.0,2006,,2001,,1996,,,,
Lakeville,Expenditure,"Insurance, Retirement and Other",2011,2479.0,2006,,2001,,1996,,,,
Lakeville,Expenditure,Pupil Services,2011,290.0,2006,,2001,,1996,,,,
Lakeville,Expenditure,Other Teaching Services,2011,767.0,2006,,2001,,1996,,,,
Lakeville,Expenditure,Operations and Maintenance,2011,552.0,2006,,2001,,1996,,,,
Lakeville,Expenditure,Instructional Leadership,2011,440.0,2006,,2001,,1996,,,,
Lakeville,Expenditure,Administration,2011,213.0,2006,,2001,,1996,,,,
Lakeville,Expenditure,"Guidance, Counseling and Testing",2011,223.0,2006,,2001,,1996,,,,
Lakeville,Expenditure,Other,2011,143.0,2006,,2001,,1996,,,,
Lakeville,Expenditure,Total PPE,2011,9031.0,2006,,2001,,1996,,,,
Lakeville,Enrollment,In-District FTE Pupils,2011,668.0,2006,,2001,,1996,,,,
Lakeville,Enrollment,Out-of-District FTE Pupils,2011,65.5,2006,,2001,,1996,,,,
Lakeville,NSS,Ch70 Aid,2024,7856.181818181818,2019,6162.166666666667,2014,5688.153846153846,2009,3497.5624103299856,0.04977352819109515,0.03281852544945507,0.05543073461990322
Lakeville,NSS,Req NSS (minus Ch70),2024,12568.09090909091,2019,10318.833333333334,2014,9109.307692307691,2009,4087.964131994261,0.04022609227826868,0.03271002789890831,0.0777486374187335
Lakeville,NSS,Actual NSS (minus Req NSS),2024,227115.36363636365,2019,156334.75,2014,30655.69230769231,2009,2008.351506456241,0.07755190263393774,0.2217252184887386,0.3705465345005219
Lakeville,NSS,Total Actual NSS per pupil,2024,247539.63636363638,2019,172815.75,2014,45453.153846153844,2009,9593.878048780489,0.07451451284482591,0.18469913831517393,0.2419669443315633
Lakeville,Enrollment,Foundation Enrollment,2024,11.0,2019,12.0,2014,13.0,2009,697.0,-0.017251730343853966,-0.01656664689435805,-0.24163666610245538
Lanesborough,Expenditure,Teachers,2018,5826.0,2013,5457.0,2008,,2003,,0.013172294345015434,,
Lanesborough,Expenditure,"Insurance, Retirement and Other",2018,5318.0,2013,4597.0,2008,,2003,,0.029567360034775225,,
Lanesborough,Expenditure,Pupil Services,2018,1470.0,2013,1353.0,2008,,2003,,0.016725948570306848,,
Lanesborough,Expenditure,Other Teaching Services,2018,2167.0,2013,1359.0,2008,,2003,,0.09781179081229352,,
Lanesborough,Expenditure,Operations and Maintenance,2018,1398.0,2013,1497.0,2008,,2003,,-0.01359089074448383,,
Lanesborough,Expenditure,Instructional Leadership,2018,1184.0,2013,983.0,2008,,2003,,0.03790985809392944,,
Lanesborough,Expenditure,Administration,2018,794.0,2013,492.0,2008,,2003,,0.10045193887622328,,
Lanesborough,Expenditure,"Guidance, Counseling and Testing",2018,337.0,2013,404.0,2008,,2003,,-0.03561664235929862,,
Lanesborough,Expenditure,Other,2018,447.0,2013,235.0,2008,,2003,,0.13722901636840001,,
Lanesborough,Expenditure,Total PPE,2018,18941.0,2013,16377.0,2008,,2003,,0.029517447244600037,,
Lanesborough,Enrollment,In-District FTE Pupils,2018,212.4,2013,223.5,2008,,2003,,-0.010136302808910091,,
Lanesborough,Enrollment,Out-of-District FTE Pupils,2018,25.0,2013,48.9,2008,,2003,,-0.12556762229462182,,
Lanesborough,NSS,Ch70 Aid,2022,11341.0,2017,4056.718085106383,2012,3402.5021276595744,2007,2268.6348484848486,0.22827412901230582,0.12793817220286363,0.11324934966061195
Lanesborough,NSS,Req NSS (minus Ch70),2022,9987.55,2017,6549.074468085107,2012,6036.178723404255,2007,6198.212121212121,0.0880674228570193,0.05164627442125114,0.03231642038149429
Lanesborough,NSS,Actual NSS (minus Req NSS),2022,-21328.55,2017,7058.206530887445,2012,6481.652127659574,2007,3789.4825757575754,-0.8043617427929898,-0.42906039355279957,-0.44189027699005573
Lanesborough,NSS,Total Actual NSS per pupil,2022,0.0,2017,17663.999084078936,2012,15920.332978723403,2007,12256.329545454544,,,
Lanesborough,Enrollment,Foundation Enrollment,2024,0.0,2019,0.0,2014,207.0,2009,275.0,,,
Lawrence,Expenditure,Teachers,2024,7257.0,2019,5724.0,2014,5245.0,2009,5076.0,0.048603974793010485,0.033002001653551716,0.024115723398025812
Lawrence,Expenditure,"Insurance, Retirement and Other",2024,3164.0,2019,2610.0,2014,2299.0,2009,2354.0,0.03924799067811313,0.03245171581159001,0.01991035489004167
Lawrence,Expenditure,Pupil Services,2024,2635.0,2019,2074.0,2014,1490.0,2009,1335.0,0.04904561678098296,0.05866714464081735,0.04637323791783299
Lawrence,Expenditure,Other Teaching Services,2024,2512.0,2019,1042.0,2014,944.0,2009,810.0,0.19242310682912311,0.1028203313825784,0.0783729225990144
Lawrence,Expenditure,Operations and Maintenance,2024,2476.0,2019,1219.0,2014,1178.0,2009,1016.0,0.15225708433841878,0.07711118314004395,0.06118343525320058
Lawrence,Expenditure,Instructional Leadership,2024,2457.0,2019,1512.0,2014,1247.0,2009,1192.0,0.10197228772148015,0.07017270574149892,0.049402094663170804
Lawrence,Expenditure,Administration,2024,444.0,2019,399.0,2014,380.0,2009,330.0,0.021602659608582986,0.015687101715582186,0.019979090114300213
Lawrence,Expenditure,"Guidance, Counseling and Testing",2024,608.0,2019,345.0,2014,383.0,2009,319.0,0.11999709660531654,0.04729849762994576,0.04393676594940277
Lawrence,Expenditure,Other,2024,1626.0,2019,675.0,2014,487.0,2009,389.0,0.19223908100822418,0.12813002486428537,0.1000473926453671
Lawrence,Expenditure,Total PPE,2024,23179.0,2019,15600.0,2014,13653.0,2009,12821.0,0.08241554179848776,0.054354511105280334,0.04026707491170045
Lawrence,Enrollment,In-District FTE Pupils,2024,13351.5,2019,13729.7,2014,13598.4,2009,12222.1,-0.005570950678517428,-0.0018306623575330416,0.0059095897803811415
Lawrence,Enrollment,Out-of-District FTE Pupils,2024,2148.1,2019,2074.0,2014,1462.0,2009,1201.5,0.0070456286081956865,0.03922769561309436,0.039494146215298676
Lawrence,NSS,Ch70 Aid,2024,18271.648427845666,2019,12271.4872444401,2014,11163.168058381869,2009,10253.616323762153,0.08286946109151039,0.05050718401161003,0.03926598029328954
Lawrence,NSS,Req NSS (minus Ch70),2024,1497.4079702163356,2019,658.5247885491217,2014,496.2420181039927,2009,0.0,0.17856517074914913,0.11677237012675867,
Lawrence,NSS,Actual NSS (minus Req NSS),2024,-19769.056398062003,2019,94.62711563142345,2014,90.34885341590702,2009,-386.32271542850276,-41.983068766596034,-21.980804958374183,0.2999771330737795
Lawrence,NSS,Total Actual NSS per pupil,2024,0.0,2019,13024.639148620647,2014,11749.758929901769,2009,9867.29360833365,,,
Lawrence,Enrollment,Foundation Enrollment,2024,14566.0,2019,15370.0,2014,14251.0,2009,13269.0,-0.010687975675954031,0.0021886882995623136,0.006236671433725638
Lawrence Family Development Charter (District),Expenditure,Teachers,2024,4603.0,2019,4997.0,2014,,2009,,-0.016291724138371655,,
Lawrence Family Development Charter (District),Expenditure,"Insurance, Retirement and Other",2024,2785.0,2019,2767.0,2014,,2009,,0.0012976757683873519,,
Lawrence Family Development Charter (District),Expenditure,Pupil Services,2024,1711.0,2019,1144.0,2014,,2009,,0.08383905678130232,,
Lawrence Family Development Charter (District),Expenditure,Other Teaching Services,2024,3356.0,2019,1288.0,2014,,2009,,0.21110338459286004,,
Lawrence Family Development Charter (District),Expenditure,Operations and Maintenance,2024,2247.0,2019,1246.0,2014,,2009,,0.12516705117658455,,
Lawrence Family Development Charter (District),Expenditure,Instructional Leadership,2024,1155.0,2019,889.0,2014,,2009,,0.05374625619567297,,
Lawrence Family Development Charter (District),Expenditure,Administration,2024,2193.0,2019,1330.0,2014,,2009,,0.10519114890120651,,
Lawrence Family Development Charter (District),Expenditure,"Guidance, Counseling and Testing",2024,256.0,2019,302.0,2014,,2009,,-0.03250973348562136,,
Lawrence Family Development Charter (District),Expenditure,Other,2024,1258.0,2019,861.0,2014,,2009,,0.07878648734122895,,
Lawrence Family Development Charter (District),Expenditure,Total PPE,2024,19564.0,2019,14824.0,2014,,2009,,0.057057104752695764,,
Lawrence Family Development Charter (District),Enrollment,In-District FTE Pupils,2024,878.8,2019,759.4,2014,,2009,,0.029636408579279294,,
Lawrence Family Development Charter (District),Enrollment,Out-of-District FTE Pupils,2024,0.0,2019,0.0,2014,,2009,,,,
Learning First Charter Public School (District),Expenditure,Teachers,2024,5465.0,2019,4470.0,2014,,2009,,0.041013900532258285,,
Learning First Charter Public School (District),Expenditure,"Insurance, Retirement and Other",2024,2558.0,2019,2937.0,2014,,2009,,-0.02725430216655378,,
Learning First Charter Public School (District),Expenditure,Pupil Services,2024,3164.0,2019,2253.0,2014,,2009,,0.07027420039002785,,
Learning First Charter Public School (District),Expenditure,Other Teaching Services,2024,1191.0,2019,1365.0,2014,,2009,,-0.026903698258119446,,
Learning First Charter Public School (District),Expenditure,Operations and Maintenance,2024,1560.0,2019,853.0,2014,,2009,,0.12832734511977129,,
Learning First Charter Public School (District),Expenditure,Instructional Leadership,2024,1254.0,2019,1087.0,2014,,2009,,0.028995791359935685,,
Learning First Charter Public School (District),Expenditure,Administration,2024,1466.0,2019,1189.0,2014,,2009,,0.042774549810887574,,
Learning First Charter Public School (District),Expenditure,"Guidance, Counseling and Testing",2024,1489.0,2019,915.0,2014,,2009,,0.10228708938086672,,
Learning First Charter Public School (District),Expenditure,Other,2024,703.0,2019,571.0,2014,,2009,,0.04247066627676821,,
Learning First Charter Public School (District),Expenditure,Total PPE,2024,18850.0,2019,15640.0,2014,,2009,,0.03804198899936062,,
Learning First Charter Public School (District),Enrollment,In-District FTE Pupils,2024,667.8,2019,665.6,2014,,2009,,0.0006601854270447127,,
Learning First Charter Public School (District),Enrollment,Out-of-District FTE Pupils,2024,0.0,2019,0.0,2014,,2009,,,,
Lee,Expenditure,Teachers,2024,9235.0,2019,6951.0,2014,6178.0,2009,4857.0,0.05846846173599918,0.041019583770445234,0.04376946212094368
Lee,Expenditure,"Insurance, Retirement and Other",2024,4749.0,2019,4138.0,2014,3391.0,2009,2220.0,0.02792714926565365,0.03425454479714163,0.05200211514982134
Lee,Expenditure,Pupil Services,2024,1986.0,2019,1723.0,2014,1506.0,2009,1079.0,0.0288185670386496,0.028052816492872168,0.04151098118699226
Lee,Expenditure,Other Teaching Services,2024,2866.0,2019,2404.0,2014,1614.0,2009,1351.0,0.035781964329867355,0.05910072557730506,0.05141634094231007
Lee,Expenditure,Operations and Maintenance,2024,1840.0,2019,1506.0,2014,1346.0,2009,1027.0,0.040874982174799346,0.03175664902006581,0.039640426248580996
Lee,Expenditure,Instructional Leadership,2024,1240.0,2019,768.0,2014,1042.0,2009,790.0,0.10055586621600532,0.01754915182374539,0.030511809110742805
Lee,Expenditure,Administration,2024,720.0,2019,502.0,2014,653.0,2009,423.0,0.07479529314347633,0.009815265091009051,0.03609475519427896
Lee,Expenditure,"Guidance, Counseling and Testing",2024,702.0,2019,607.0,2014,519.0,2009,429.0,0.029507901553550875,0.030663688074117568,0.03337667518746934
Lee,Expenditure,Other,2024,817.0,2019,483.0,2014,516.0,2009,1272.0,0.11084888937326554,0.04702544350791871,-0.02908249839558963
Lee,Expenditure,Total PPE,2024,24155.0,2019,19082.0,2014,16765.0,2009,13448.0,0.04827838287106845,0.037194842148374097,0.03981630401074954
Lee,Enrollment,In-District FTE Pupils,2024,643.4,2019,706.0,2014,715.5,2009,859.6,-0.018398369514152746,-0.010565289488534968,-0.019128061760302573
Lee,Enrollment,Out-of-District FTE Pupils,2024,102.5,2019,112.8,2014,102.2,2009,74.5,-0.018968498289620883,0.0002931550424292162,0.021498749961240904
Lee,NSS,Ch70 Aid,2024,3807.436842105263,2019,3327.8888888888887,2014,2871.562865497076,2009,2654.243902439024,0.027289331758593827,0.028611647964086995,0.02434470138352829
Lee,NSS,Req NSS (minus Ch70),2024,11861.18245614035,2019,9303.962962962964,2014,8404.051169590643,2009,6324.96919127086,0.049764791593504,0.035056196947464535,0.04280868169217267
Lee,NSS,Actual NSS (minus Req NSS),2024,8762.501902736842,2019,7116.225026980028,2014,4436.349606381773,2009,2926.9858793324775,0.04249910429896753,0.07043484080553042,0.07583870964667705
Lee,NSS,Total Actual NSS per pupil,2024,24431.121200982452,2019,19748.076878831882,2014,15711.96364146949,2009,11906.198973042363,0.04347901074932525,0.045132356265692675,0.04908662655921581
Lee,Enrollment,Foundation Enrollment,2024,570.0,2019,621.0,2014,684.0,2009,779.0,-0.016992908008860996,-0.01806695543808734,-0.02060963655213044
Leicester,Expenditure,Teachers,2024,6398.0,2019,5547.0,2014,4723.0,2009,4359.0,0.028956971452525737,0.0308195083480316,0.025912900882915535
Leicester,Expenditure,"Insurance, Retirement and Other",2024,2780.0,2019,2301.0,2014,1631.0,2009,1279.0,0.03854575627515344,0.05477319250306478,0.05312102528395868
Leicester,Expenditure,Pupil Services,2024,2339.0,2019,1602.0,2014,1199.0,2009,927.0,0.07863259995902783,0.06910682955914127,0.06364499089242592
Leicester,Expenditure,Other Teaching Services,2024,2509.0,2019,1086.0,2014,661.0,2009,788.0,0.18231763447601446,0.14269392940059822,0.08026829376086653
Leicester,Expenditure,Operations and Maintenance,2024,1933.0,2019,1206.0,2014,908.0,2009,897.0,0.09894740857246087,0.07848622032392982,0.05251742382799196
Leicester,Expenditure,Instructional Leadership,2024,1145.0,2019,764.0,2014,635.0,2009,511.0,0.08428244301381072,0.06072590704439795,0.05525877553612091
Leicester,Expenditure,Administration,2024,947.0,2019,499.0,2014,594.0,2009,376.0,0.13671053927707466,0.04774682486056703,0.06351627982270447
Leicester,Expenditure,"Guidance, Counseling and Testing",2024,559.0,2019,533.0,2014,376.0,2009,332.0,0.009571122817161548,0.040452831172210546,0.03534458148787745
Leicester,Expenditure,Other,2024,719.0,2019,339.0,2014,346.0,2009,586.0,0.16226681611202265,0.07588357936144408,0.013729500251535187
Leicester,Expenditure,Total PPE,2024,19329.0,2019,13877.0,2014,11073.0,2009,10055.0,0.06852025607782353,0.057290691417961837,0.04453217147026267
Leicester,Enrollment,In-District FTE Pupils,2024,1297.1,2019,1527.4,2014,1612.3,2009,1861.6,-0.03215873541749259,-0.02151818096414282,-0.023799244857276247
Leicester,Enrollment,Out-of-District FTE Pupils,2024,200.2,2019,170.9,2014,142.7,2009,121.2,0.032153767372390174,0.03443691401326343,0.03402434422782097
Leicester,NSS,Ch70 Aid,2024,7691.092862092862,2019,6174.586708860759,2014,5590.952296819788,2009,5320.149758454107,0.044903135185788035,0.03240530341450909,0.024875111101301695
Leicester,NSS,Req NSS (minus Ch70),2024,6695.053361053361,2019,5099.753797468355,2014,4579.742638398116,2009,2987.0552871712293,0.05594419386340688,0.038702787128923166,0.055279217875380704
Leicester,NSS,Actual NSS (minus Req NSS),2024,1920.2455772274818,2019,1600.9257256514097,2014,161.9101176290774,2009,644.6430488459474,0.03704384444973052,0.28058461097059295,0.07548039487481106
Leicester,NSS,Total Actual NSS per pupil,2024,16306.391800373705,2019,12875.266231980524,2014,10332.60505284698,2009,8951.848094471285,0.048383871340625495,0.046682117552949265,0.0407897614041286
Leicester,Enrollment,Foundation Enrollment,2024,1443.0,2019,1580.0,2014,1698.0,2009,1863.0,-0.017976571971503374,-0.016140995995255425,-0.016886714473057673
Lenox,Expenditure,Teachers,2024,8840.0,2019,8116.0,2014,7252.0,2009,5779.0,0.01723675858111373,0.019998297702525925,0.02874239579456117
Lenox,Expenditure,"Insurance, Retirement and Other",2024,4578.0,2019,3737.0,2014,2970.0,2009,2623.0,0.04143108881457236,0.04421982419701598,0.03782748140285408
Lenox,Expenditure,Pupil Services,2024,1842.0,2019,1453.0,2014,1374.0,2009,1177.0,0.048587804320964656,0.029746416547537624,0.030309120257456357
Lenox,Expenditure,Other Teaching Services,2024,1983.0,2019,1557.0,2014,1239.0,2009,1136.0,0.049558911199368616,0.04815410798179309,0.03783813708090622
Lenox,Expenditure,Operations and Maintenance,2024,2143.0,2019,2115.0,2014,1398.0,2009,1306.0,0.002633843285433368,0.04364188362625465,0.033566916712294725
Lenox,Expenditure,Instructional Leadership,2024,1098.0,2019,877.0,2014,862.0,2009,785.0,0.04597318121419125,0.02449420794800594,0.02262289622468927
Lenox,Expenditure,Administration,2024,907.0,2019,791.0,2014,733.0,2009,561.0,0.02774686503187085,0.021528132034945857,0.032546522524248944
Lenox,Expenditure,"Guidance, Counseling and Testing",2024,1169.0,2019,633.0,2014,467.0,2009,375.0,0.13053017924693333,0.09609895337930485,0.07874521642096233
Lenox,Expenditure,Other,2024,1384.0,2019,897.0,2014,899.0,2009,617.0,0.09060812643325877,0.04408928743930729,0.05533431974763925
Lenox,Expenditure,Total PPE,2024,23944.0,2019,20176.0,2014,17194.0,2009,14359.0,0.03483790224731398,0.033670157395503386,0.03467709218919035
Lenox,Enrollment,In-District FTE Pupils,2024,779.1,2019,752.4,2014,744.9,2009,814.4,0.00699863878420115,0.004499033011113207,-0.0029497900254287224
Lenox,Enrollment,Out-of-District FTE Pupils,2024,35.0,2019,39.8,2014,60.8,2009,47.2,-0.025376240509534687,-0.05372700444304901,-0.019738973037546015
Lenox,NSS,Ch70 Aid,2024,2751.01226993865,2019,2485.583003952569,2014,2001.162393162393,2009,1787.9366568914957,0.02049962945632844,0.032335873967130224,0.02914371605906707
Lenox,NSS,Req NSS (minus Ch70),2024,11088.525562372188,2019,8743.44466403162,2014,9434.353846153846,2009,7912.222873900293,0.04866855895564659,0.016286517570214265,0.02275517581649167
Lenox,NSS,Actual NSS (minus Req NSS),2024,18876.96871030675,2019,14469.568300395254,2014,7557.090598290598,2009,5158.363929618768,0.05461838090413029,0.09586678188201603,0.0903385111636823
Lenox,NSS,Total Actual NSS per pupil,2024,32716.50654261759,2019,25698.595968379443,2014,18992.606837606836,2009,14858.523460410557,0.04947356921182866,0.05588892470628393,0.054029464279209405
Lenox,Enrollment,Foundation Enrollment,2024,489.0,2019,506.0,2014,585.0,2009,682.0,-0.006811531595270703,-0.017765239718536052,-0.02193369157939884
Leominster,Expenditure,Teachers,2024,6496.0,2019,5440.0,2014,5097.0,2009,4082.0,0.03611848846052146,0.024549954253272555,0.03145796623669783
Leominster,Expenditure,"Insurance, Retirement and Other",2024,3173.0,2019,2723.0,2014,2272.0,2009,1981.0,0.03106129966648341,0.03396580110653513,0.031903391364987765
Leominster,Expenditure,Pupil Services,2024,2135.0,2019,1432.0,2014,1213.0,2009,901.0,0.08315590648208127,0.05816576797838313,0.05920057020601788
Leominster,Expenditure,Other Teaching Services,2024,2137.0,2019,1477.0,2014,1041.0,2009,882.0,0.07667543721947134,0.07457165173585256,0.060772850414013924
Leominster,Expenditure,Operations and Maintenance,2024,1582.0,2019,979.0,2014,783.0,2009,1017.0,0.10074002230311141,0.07286350332346125,0.029893621508138235
Leominster,Expenditure,Instructional Leadership,2024,1082.0,2019,787.0,2014,746.0,2009,631.0,0.06573813350958702,0.03788406309640768,0.03660474731152452
Leominster,Expenditure,Administration,2024,531.0,2019,328.0,2014,369.0,2009,335.0,0.10114404756124218,0.03706700115064043,0.031185143936828252
Leominster,Expenditure,"Guidance, Counseling and Testing",2024,573.0,2019,428.0,2014,353.0,2009,270.0,0.060088615572676085,0.049634245616930306,0.051443782375897085
Leominster,Expenditure,Other,2024,1150.0,2019,366.0,2014,654.0,2009,539.0,0.2573128408380174,0.05806417340618131,0.051818015234041725
Leominster,Expenditure,Total PPE,2024,18859.0,2019,13960.0,2014,12528.0,2009,10638.0,0.062005212754252526,0.041750437647342986,0.03890836946716503
Leominster,Enrollment,In-District FTE Pupils,2024,6007.0,2019,6024.1,2014,6117.8,2009,6138.6,-0.0005683653706530789,-0.0018260406458616707,-0.0014437066689250155
Leominster,Enrollment,Out-of-District FTE Pupils,2024,386.9,2019,454.6,2014,519.3,2009,400.2,-0.03173583377446432,-0.029002658811444704,-0.002250674122493024
Leominster,NSS,Ch70 Aid,2024,10696.833222591362,2019,7239.796662849664,2014,6802.889378442172,2009,6340.442825814536,0.08119933815339264,0.046299894593690105,0.0354815749602897
Leominster,NSS,Req NSS (minus Ch70),2024,5847.851328903655,2019,4737.001635858008,2014,3841.8369787568845,2009,2579.18671679198,0.04303422143295377,0.04290737604300787,0.056089932586475655
Leominster,NSS,Actual NSS (minus Req NSS),2024,40.77019432207625,2019,398.8860900043837,2014,47.459336781984796,2009,83.29705599776672,-0.3662780090922966,-0.015077380080930847,-0.046514246082357324
Leominster,NSS,Total Actual NSS per pupil,2024,16585.454745817093,2019,12375.684388712056,2014,10692.18569398104,2009,9002.926598604283,0.060307007612398156,0.04487921242887638,0.041572675853330354
Leominster,Enrollment,Foundation Enrollment,2024,6020.0,2019,6113.0,2014,6355.0,2009,6384.0,-0.0030613827272324423,-0.005400827338340686,-0.0039061909654882765
Leverett,Expenditure,Teachers,2024,6395.0,2019,7665.0,2014,7547.0,2009,5218.0,-0.03558117741269995,-0.01642695143837225,0.013652505700977535
Leverett,Expenditure,"Insurance, Retirement and Other",2024,3793.0,2019,3781.0,2014,3245.0,2009,2098.0,0.000633948420007302,0.015726572371615122,0.040267803650990475
Leverett,Expenditure,Pupil Services,2024,2148.0,2019,1494.0,2014,1980.0,2009,1085.0,0.07531755503178861,0.008177286041818332,0.04658290325286374
Leverett,Expenditure,Other Teaching Services,2024,3526.0,2019,2477.0,2014,2352.0,2009,2385.0,0.0731767623854438,0.04132069379413905,0.026406975769702523
Leverett,Expenditure,Operations and Maintenance,2024,2158.0,2019,1491.0,2014,2421.0,2009,1755.0,0.07674969986522373,-0.011434010223458468,0.013876261179670113
Leverett,Expenditure,Instructional Leadership,2024,1663.0,2019,1278.0,2014,1393.0,2009,1015.0,0.054076859145644196,0.01787421596798966,0.03346335174913362
Leverett,Expenditure,Administration,2024,953.0,2019,826.0,2014,1029.0,2009,715.0,0.02901704982204989,-0.007643422557480295,0.01934013423784986
Leverett,Expenditure,"Guidance, Counseling and Testing",2024,666.0,2019,351.0,2014,412.0,2009,310.0,0.13666744731549407,0.0491985973343807,0.052303065816799554
Leverett,Expenditure,Other,2024,608.0,2019,503.0,2014,556.0,2009,575.0,0.038644961910281106,0.008980745840397653,0.0037272517352788803
Leverett,Expenditure,Total PPE,2024,21910.0,2019,19866.0,2014,20935.0,2009,15156.0,0.019779762804096546,0.004562451847708315,0.024874101624891676
Leverett,Enrollment,In-District FTE Pupils,2024,141.9,2019,136.5,2014,123.5,2009,161.5,0.0077897775775026545,0.013985031078264987,-0.008588410966047122
Leverett,Enrollment,Out-of-District FTE Pupils,2024,3.4,2019,8.9,2014,9.0,2009,6.7,-0.1750687001493958,-0.09275696917963794,-0.044214859528905026
Leverett,NSS,Ch70 Aid,2024,3930.3762376237623,2019,2836.4174757281553,2014,2328.101694915254,2009,2302.5056,0.06741375413760475,0.05376366094843843,0.03629219853217047
Leverett,NSS,Req NSS (minus Ch70),2024,9452.871287128713,2019,8334.747572815533,2014,7923.4915254237285,2009,6554.976,0.025496679861527927,0.017805315544298317,0.024706542868975667
Leverett,NSS,Actual NSS (minus Req NSS),2024,10957.431683168317,2019,11372.310462528822,2014,7671.33408072508,2009,7014.3184,-0.00740516077200537,0.03629591816136912,0.03018420377119657
Leverett,NSS,Total Actual NSS per pupil,2024,24340.679207920795,2019,22543.47551107251,2014,17922.92730106406,2009,15871.8,0.01545893243125529,0.031080028683624583,0.028917216146612912
Leverett,Enrollment,Foundation Enrollment,2024,101.0,2019,103.0,2014,118.0,2009,125.0,-0.003914014477228056,-0.01543603481877076,-0.014112355184833225
Lexington,Expenditure,Teachers,2023,9140.0,2018,6997.0,2013,6364.0,2008,,0.05488924454215627,0.036863537966491,
Lexington,Expenditure,"Insurance, Retirement and Other",2023,4058.0,2018,2652.0,2013,2695.0,2008,,0.08879897811908788,0.04177834888658438,
Lexington,Expenditure,Pupil Services,2023,2131.0,2018,1592.0,2013,1108.0,2008,,0.06005421510217923,0.06758968482486916,
Lexington,Expenditure,Other Teaching Services,2023,2746.0,2018,1940.0,2013,1682.0,2008,,0.07196291394980858,0.05023733774996453,
Lexington,Expenditure,Operations and Maintenance,2023,1485.0,2018,1056.0,2013,1083.0,2008,,0.07056368416916192,0.03207153387096273,
Lexington,Expenditure,Instructional Leadership,2023,2031.0,2018,1460.0,2013,1307.0,2008,,0.06824634000401653,0.04506531389190749,
Lexington,Expenditure,Administration,2023,564.0,2018,709.0,2013,597.0,2008,,-0.04472904383158438,-0.005670149863882812,
Lexington,Expenditure,"Guidance, Counseling and Testing",2023,1051.0,2018,760.0,2013,516.0,2008,,0.06698379794109122,0.07373052903371424,
Lexington,Expenditure,Other,2023,635.0,2018,593.0,2013,515.0,2008,,0.013780203642500322,0.021166712933108123,
Lexington,Expenditure,Total PPE,2023,23841.0,2018,17759.0,2013,15867.0,2008,,0.06067221433191872,0.0415568143002909,
Lexington,Enrollment,In-District FTE Pupils,2023,6867.8,2018,7239.4,2013,6519.8,2008,,-0.010483561950185627,0.005213555671536918,
Lexington,Enrollment,Out-of-District FTE Pupils,2023,112.9,2018,115.1,2013,104.4,2008,,-0.0038523295808550184,0.007857992804840563,
Lexington,NSS,Ch70 Aid,2024,2554.639634411722,2019,1946.868957962481,2014,1312.1508539261422,2009,1242.4087283425956,0.05584115247650567,0.0688938734471023,0.049230750197881035
Lexington,NSS,Req NSS (minus Ch70),2024,10595.9332656318,2019,8609.543201424072,2014,8410.613519248258,2009,7763.117685518143,0.042393803276865594,0.02336639997029355,0.020955632964721804
Lexington,NSS,Actual NSS (minus Req NSS),2024,11115.215837806467,2019,7047.08061417053,2014,5798.6250879766185,2009,4695.728898332788,0.09542268930224562,0.06723310168371133,0.05912607199496911
Lexington,NSS,Total Actual NSS per pupil,2024,24265.788737849987,2019,17603.49277355708,2014,15521.389461151019,2009,13701.255312193527,0.06629927318604123,0.04569825089953494,0.03884065375800061
Lexington,Enrollment,Foundation Enrollment,2024,6893.0,2019,7303.0,2014,6598.0,2009,6118.0,-0.011489252352181234,0.004383562936074892,0.00798310696453286
Libertas Academy Charter School (District),Expenditure,Teachers,2024,6773.0,2019,4848.0,2014,,2009,,0.06916243860584026,,
Libertas Academy Charter School (District),Expenditure,"Insurance, Retirement and Other",2024,1913.0,2019,2848.0,2014,,2009,,-0.07650404609904249,,
Libertas Academy Charter School (District),Expenditure,Pupil Services,2024,951.0,2019,3169.0,2014,,2009,,-0.21394731491502883,,
Libertas Academy Charter School (District),Expenditure,Other Teaching Services,2024,672.0,2019,2467.0,2014,,2009,,-0.22902548096118414,,
Libertas Academy Charter School (District),Expenditure,Operations and Maintenance,2024,528.0,2019,473.0,2014,,2009,,0.022243967495911177,,
Libertas Academy Charter School (District),Expenditure,Instructional Leadership,2024,2973.0,2019,456.0,2014,,2009,,0.45494311362870876,,
Libertas Academy Charter School (District),Expenditure,Administration,2024,3579.0,2019,2888.0,2014,,2009,,0.04383751685394466,,
Libertas Academy Charter School (District),Expenditure,"Guidance, Counseling and Testing",2024,876.0,2019,79.0,2014,,2009,,0.6179883974567555,,
Libertas Academy Charter School (District),Expenditure,Other,2024,995.0,2019,1778.0,2014,,2009,,-0.10961411874916782,,
Libertas Academy Charter School (District),Expenditure,Total PPE,2024,19260.0,2019,19006.0,2014,,2009,,0.002658665515536285,,
Libertas Academy Charter School (District),Enrollment,In-District FTE Pupils,2024,503.9,2019,167.7,2014,,2009,,0.24612686546391327,,
Libertas Academy Charter School (District),Enrollment,Out-of-District FTE Pupils,2024,0.0,2019,0.0,2014,,2009,,,,
Lincoln,Expenditure,Teachers,2024,11037.0,2019,8982.0,2014,8106.0,2009,7521.0,0.04206689301807276,0.03134613244062301,0.025900001044607768
Lincoln,Expenditure,"Insurance, Retirement and Other",2024,4201.0,2019,3272.0,2014,2686.0,2009,3142.0,0.05125452289125443,0.04574228037357364,0.019552905733502657
Lincoln,Expenditure,Pupil Services,2024,2694.0,2019,1590.0,2014,1202.0,2009,1070.0,0.11122011278335342,0.08404999650128597,0.06349206593971579
Lincoln,Expenditure,Other Teaching Services,2024,3295.0,2019,2327.0,2014,2045.0,2009,1745.0,0.07204201687528822,0.04885683011593245,0.04328748846831876
Lincoln,Expenditure,Operations and Maintenance,2024,2871.0,2019,1992.0,2014,1624.0,2009,1854.0,0.07584268594253296,0.0586312667401252,0.029583476734167613
Lincoln,Expenditure,Instructional Leadership,2024,2995.0,2019,2033.0,2014,1637.0,2009,1469.0,0.0805674711407105,0.062269750921914335,0.048636576996517134
Lincoln,Expenditure,Administration,2024,1715.0,2019,1069.0,2014,1182.0,2009,1202.0,0.09915080885490135,0.03792187415389914,0.023978041937499972
Lincoln,Expenditure,"Guidance, Counseling and Testing",2024,828.0,2019,787.0,2014,478.0,2009,376.0,0.010208738410996343,0.05647748000794417,0.05403775208975303
Lincoln,Expenditure,Other,2024,1501.0,2019,1041.0,2014,865.0,2009,1357.0,0.07593489413954746,0.05666289780658107,0.006746332789409504
Lincoln,Expenditure,Total PPE,2024,31137.0,2019,23093.0,2014,19825.0,2009,19736.0,0.061596021379112464,0.04617986456683987,0.030863529919966437
Lincoln,Enrollment,In-District FTE Pupils,2024,1034.2,2019,1201.9,2014,1232.3,2009,1116.7,-0.02960792818124891,-0.017372739203257437,-0.005103580684241438
Lincoln,Enrollment,Out-of-District FTE Pupils,2024,36.6,2019,40.8,2014,13.7,2009,7.6,-0.021492442090191632,0.10325537459454326,0.11048108670473167
Lincoln,NSS,Ch70 Aid,2024,2196.5494880546075,2019,1729.241214057508,2014,1168.186153846154,2009,1159.4398203592816,0.04900385189724177,0.06517973103656227,0.043516976253322515
Lincoln,NSS,Req NSS (minus Ch70),2024,10355.160409556314,2019,8152.129392971246,2014,8279.190769230769,2009,7639.607784431138,0.049004021945774134,0.022626150126358047,0.020482867444943764
Lincoln,NSS,Actual NSS (minus Req NSS),2024,11559.989367242699,2019,11502.075079872204,2014,8427.7204276623,2009,7721.727321622088,0.0010050012027125188,0.03210701871816979,0.027265883215824127
Lincoln,NSS,Total Actual NSS per pupil,2024,24111.69926485362,2019,21383.44568690096,2014,17875.097350739223,2009,16520.77492641251,0.02430672976316628,0.03038123359254863,0.025525570549703724
Lincoln,Enrollment,Foundation Enrollment,2024,586.0,2019,626.0,2014,650.0,2009,668.0,-0.013119298147802438,-0.010311723176249954,-0.008693219141841957
Lincoln-Sudbury,Expenditure,Teachers,2024,10443.0,2019,8813.0,2014,6813.0,2009,6277.0,0.03452335976255494,0.04363512847001627,0.03451837737365748
Lincoln-Sudbury,Expenditure,"Insurance, Retirement and Other",2024,3570.0,2019,2950.0,2014,1979.0,2009,2313.0,0.038889220422891224,0.06077247521478579,0.029357355517392936
Lincoln-Sudbury,Expenditure,Pupil Services,2024,2712.0,2019,2534.0,2014,1775.0,2009,1353.0,0.013670049895021075,0.04329982078537431,0.047448773521907794
Lincoln-Sudbury,Expenditure,Other Teaching Services,2024,1341.0,2019,855.0,2014,768.0,2009,659.0,0.09418947408887912,0.05732075104521828,0.0485027106123781
Lincoln-Sudbury,Expenditure,Operations and Maintenance,2024,1665.0,2019,1580.0,2014,1137.0,2009,1136.0,0.01053516340184224,0.038879980353076826,0.025815035844678258
Lincoln-Sudbury,Expenditure,Instructional Leadership,2024,1632.0,2019,1447.0,2014,1075.0,2009,1044.0,0.024354606190089667,0.042632285801990966,0.030231070946239225
Lincoln-Sudbury,Expenditure,Administration,2024,599.0,2019,470.0,2014,609.0,2009,535.0,0.04970143979328734,-0.0016542970990196526,0.0075614344298853275
Lincoln-Sudbury,Expenditure,"Guidance, Counseling and Testing",2024,1537.0,2019,1222.0,2014,894.0,2009,740.0,0.04693696084789112,0.05568325971096422,0.04993595858900357
Lincoln-Sudbury,Expenditure,Other,2024,685.0,2019,554.0,2014,558.0,2009,426.0,0.04336475318362054,0.0207176798619213,0.03217197897207469
Lincoln-Sudbury,Expenditure,Total PPE,2024,24184.0,2019,20425.0,2014,15608.0,2009,14483.0,0.03436356376799887,0.04476373131235367,0.034771932445612386
Lincoln-Sudbury,Enrollment,In-District FTE Pupils,2024,1437.2,2019,1493.6,2014,1597.4,2009,1604.3,-0.007668949788015467,-0.010512407445644856,-0.0073058977667677105
Lincoln-Sudbury,Enrollment,Out-of-District FTE Pupils,2024,58.0,2019,65.7,2014,62.5,2009,33.9,-0.02462296774907613,-0.007444505985940375,0.036450470493769815
Lincoln-Sudbury,NSS,Ch70 Aid,2024,2501.8717447916665,2019,1921.7840050377833,2014,1645.8407829733455,2009,1524.9395405078596,0.05417349743771083,0.04276806484034923,0.03355635373403931
Lincoln-Sudbury,NSS,Req NSS (minus Ch70),2024,10546.711588541666,2019,9059.83879093199,2014,9043.797794117645,2009,7717.4105199516325,0.030859125947677146,0.01549227177293333,0.02104064633817937
Lincoln-Sudbury,NSS,Actual NSS (minus Req NSS),2024,9440.498436197915,2019,7824.91869647355,2014,4578.707623889401,2009,3878.5925030229746,0.038252578065031795,0.07504142950259429,0.0610960993948666
Lincoln-Sudbury,NSS,Total Actual NSS per pupil,2024,22489.081769531247,2019,18806.541492443324,2014,15268.346200980392,2009,13120.942563482466,0.03641229741065688,0.03948439140345328,0.03657432114334869
Lincoln-Sudbury,Enrollment,Foundation Enrollment,2024,1536.0,2019,1588.0,2014,1632.0,2009,1654.0,-0.006636625298374277,-0.006044122537640195,-0.004922176980079684
Littleton,Expenditure,Teachers,2024,6625.0,2019,5509.0,2014,4747.0,2009,4216.0,0.0375824612387512,0.03389554764309821,0.030589433446581937
Littleton,Expenditure,"Insurance, Retirement and Other",2024,2922.0,2019,2501.0,2014,1944.0,2009,1388.0,0.031604680649636174,0.04159382151466828,0.05087900693404679
Littleton,Expenditure,Pupil Services,2024,1990.0,2019,1054.0,2014,920.0,2009,761.0,0.1355401464938346,0.08020584993712143,0.06618170976307236
Littleton,Expenditure,Other Teaching Services,2024,1484.0,2019,1399.0,2014,1189.0,2009,883.0,0.011866545174735066,0.022410273190734298,0.03521736056384661
Littleton,Expenditure,Operations and Maintenance,2024,2015.0,2019,1524.0,2014,1145.0,2009,1071.0,0.057445556742132364,0.05814931803833101,0.04303537663264834
Littleton,Expenditure,Instructional Leadership,2024,1404.0,2019,940.0,2014,788.0,2009,718.0,0.083547241489069,0.05945884001551449,0.045721838013448535
Littleton,Expenditure,Administration,2024,853.0,2019,556.0,2014,598.0,2009,462.0,0.08936858725614472,0.03615513760993405,0.04172671968974684
Littleton,Expenditure,"Guidance, Counseling and Testing",2024,748.0,2019,604.0,2014,499.0,2009,528.0,0.043693387308981535,0.04131015862724707,0.023492139719409
Littleton,Expenditure,Other,2024,405.0,2019,506.0,2014,488.0,2009,245.0,-0.04355301764540487,-0.01847013113529905,0.034076326856132155
Littleton,Expenditure,Total PPE,2024,18446.0,2019,14593.0,2014,12318.0,2009,10272.0,0.04797645246616544,0.04120489325229615,0.039799999539281705
Littleton,Enrollment,In-District FTE Pupils,2024,1667.7,2019,1645.7,2014,1582.5,2009,1647.6,0.00265945128847922,0.005257729261933353,0.0008087100341382936
Littleton,Enrollment,Out-of-District FTE Pupils,2024,94.8,2019,137.3,2014,124.5,2009,135.8,-0.07140239328352205,-0.026885601429237016,-0.023676136632681977
Littleton,NSS,Ch70 Aid,2024,2912.285885885886,2019,2491.602996254682,2014,2428.0497777789797,2009,1885.875,0.03169430256663808,0.018351346436167315,0.029393464901463995
Littleton,NSS,Req NSS (minus Ch70),2024,9133.93153153153,2019,7822.760299625468,2014,7368.400130123618,2009,6316.36875,0.03147699354070177,0.021711907842531186,0.024894946418035246
Littleton,NSS,Actual NSS (minus Req NSS),2024,5509.578620300301,2019,4935.396681519062,2014,3126.784190122855,2009,2416.788500000001,0.022255048407895828,0.05828355547048569,0.05647360057582951
Littleton,NSS,Total Actual NSS per pupil,2024,17555.796037717715,2019,15249.759977399211,2014,12923.234098025452,2009,10619.03225,0.028564435414549783,0.031109840279211376,0.034083731624701796
Littleton,Enrollment,Foundation Enrollment,2024,1665.0,2019,1602.0,2014,1537.0,2009,1600.0,0.007744288030849145,0.008031345495686182,0.0026582932915504287
Longmeadow,Expenditure,Teachers,2024,7392.0,2019,6490.0,2014,5393.0,2009,4843.0,0.026368825015939956,0.032031976746101254,0.028592056189774784
Longmeadow,Expenditure,"Insurance, Retirement and Other",2024,2768.0,2019,2193.0,2014,1595.0,2009,1422.0,0.04767237072076669,0.056672828034822764,0.045404662280027264
Longmeadow,Expenditure,Pupil Services,2024,1401.0,2019,1013.0,2014,866.0,2009,715.0,0.06700323952153542,0.04928152051622359,0.04586462281967152
Longmeadow,Expenditure,Other Teaching Services,2024,1656.0,2019,1518.0,2014,1226.0,2009,1012.0,0.017554577175587616,0.03052133208246377,0.03337667518746934
Longmeadow,Expenditure,Operations and Maintenance,2024,1613.0,2019,1467.0,2014,1067.0,2009,1142.0,0.019156434371699893,0.04219022336501621,0.02328800707959844
Longmeadow,Expenditure,Instructional Leadership,2024,931.0,2019,774.0,2014,778.0,2009,626.0,0.03762814706371098,0.01811540415162538,0.026813783578767847
Longmeadow,Expenditure,Administration,2024,655.0,2019,592.0,2014,572.0,2009,467.0,0.02043164601788483,0.013641836595987611,0.022809990175711503
Longmeadow,Expenditure,"Guidance, Counseling and Testing",2024,715.0,2019,533.0,2014,487.0,2009,497.0,0.06051243834129849,0.03914872255103341,0.024542496195056884
Longmeadow,Expenditure,Other,2024,579.0,2019,532.0,2014,813.0,2009,612.0,0.0170759529857758,-0.03337326697954135,-0.003688501035531644
Longmeadow,Expenditure,Total PPE,2024,17710.0,2019,15112.0,2014,12797.0,2009,11336.0,0.03223676512764473,0.033025492891466834,0.030189806370203298
Longmeadow,Enrollment,In-District FTE Pupils,2024,2776.9,2019,2858.2,2014,2836.8,2009,3111.0,-0.005754749322138486,-0.0021318702042864013,-0.0075453247203807194
Longmeadow,Enrollment,Out-of-District FTE Pupils,2024,49.6,2019,62.1,2014,60.7,2009,52.6,-0.043955702819847065,-0.019992727506634722,-0.003907365371748739
Longmeadow,NSS,Ch70 Aid,2024,2605.273027522936,2019,1841.6193977591035,2014,1534.4626652375848,2009,1463.8169200264376,0.07184175735233822,0.054361870058108996,0.039180763203012337
Longmeadow,NSS,Req NSS (minus Ch70),2024,9575.534678899083,2019,7936.824579831933,2014,7953.939264022865,2009,6872.062128222075,0.03825313317508727,0.01872760894257186,0.022362858900885962
Longmeadow,NSS,Actual NSS (minus Req NSS),2024,5252.861193577981,2019,4708.119895188036,2014,3058.8135983518387,2009,2505.5538811760316,0.022138347928061686,0.055563322031911166,0.05058890950416828
Longmeadow,NSS,Total Actual NSS per pupil,2024,17433.6689,2019,14486.563872779072,2014,12547.215527612288,2009,10841.432929424544,0.03773073967403495,0.03343732619572859,0.032175327512271146
Longmeadow,Enrollment,Foundation Enrollment,2024,2725.0,2019,2856.0,2014,2799.0,2009,3026.0,-0.009346768128439487,-0.00267579191168954,-0.006960541579657087
Lowell,Expenditure,Teachers,2024,7394.0,2019,5505.0,2014,5671.0,2009,5763.0,0.06077780576988201,0.026885401617521953,0.016752826635489493
Lowell,Expenditure,"Insurance, Retirement and Other",2024,3588.0,2019,2730.0,2014,2262.0,2009,2324.0,0.05618004403862731,0.04721531126157452,0.029376906127045244
Lowell,Expenditure,Pupil Services,2024,2410.0,2019,1711.0,2014,1377.0,2009,1093.0,0.07091106683824311,0.05756802147302942,0.054127456438651356
Lowell,Expenditure,Other Teaching Services,2024,2341.0,2019,1358.0,2014,1135.0,2009,1181.0,0.11506537097927683,0.07507943702610964,0.04667078234342692
Lowell,Expenditure,Operations and Maintenance,2024,1561.0,2019,747.0,2014,727.0,2009,737.0,0.1588212759527372,0.07941102407188616,0.05130572079286999
Lowell,Expenditure,Instructional Leadership,2024,1689.0,2019,886.0,2014,939.0,2009,857.0,0.137729936326485,0.060465161808205936,0.0462687528661645
Lowell,Expenditure,Administration,2024,587.0,2019,312.0,2014,436.0,2009,335.0,0.1347408812415649,0.030184855654729947,0.0381008650661907
Lowell,Expenditure,"Guidance, Counseling and Testing",2024,662.0,2019,523.0,2014,310.0,2009,299.0,0.0482654212396143,0.0788215908471106,0.054417131401577556
Lowell,Expenditure,Other,2024,1980.0,2019,955.0,2014,536.0,2009,393.0,0.1569973486565832,0.13959370101534474,0.11382811483635802
Lowell,Expenditure,Total PPE,2024,22212.0,2019,14727.0,2014,13393.0,2009,12982.0,0.08566209634649269,0.051891582029681915,0.03645329687097543
Lowell,Enrollment,In-District FTE Pupils,2024,14517.8,2019,14618.8,2014,13829.7,2009,13444.6,-0.0013856169140005203,0.00486751095964344,0.0051329918497586835
Lowell,Enrollment,Out-of-District FTE Pupils,2024,2616.1,2019,2159.5,2014,1392.5,2009,1212.2,0.03910689473465401,0.06508903503033592,0.05262093709349425
Lowell,NSS,Ch70 Aid,2024,14037.791643692948,2019,9326.216201186357,2014,8904.667672059226,2009,8354.12787456446,0.08522218304574802,0.0465695809647384,0.035205359001292846
Lowell,NSS,Req NSS (minus Ch70),2024,3681.7971573852847,2019,2928.8707983193276,2014,2926.4083911830025,2009,1518.4600735409542,0.04681980080869552,0.023228180551537525,0.06082504736873284
Lowell,NSS,Actual NSS (minus Req NSS),2024,293.66389907820655,2019,302.94990604921986,2014,-255.6685416050478,2009,280.00230746796115,-0.006206967155419796,0.21486117816240893,0.0031809196807626172
Lowell,NSS,Total Actual NSS per pupil,2024,18013.252700156438,2019,12558.036905554904,2014,11575.40752163718,2009,10152.590255573376,0.07481588734171818,0.045214883237644,0.038965242279109136
Lowell,Enrollment,Foundation Enrollment,2024,16323.0,2019,16184.0,2014,14588.0,2009,14350.0,0.0017118748489588498,0.011300967204302292,0.008625333261069512
Lowell Community Charter Public (District),Expenditure,Teachers,2024,7432.0,2019,5791.0,2014,,2009,,0.051163874982064206,,
Lowell Community Charter Public (District),Expenditure,"Insurance, Retirement and Other",2024,5460.0,2019,3812.0,2014,,2009,,0.07450378621430875,,
Lowell Community Charter Public (District),Expenditure,Pupil Services,2024,3048.0,2019,1740.0,2014,,2009,,0.1186472076099403,,
Lowell Community Charter Public (District),Expenditure,Other Teaching Services,2024,1883.0,2019,547.0,2014,,2009,,0.28047940791954695,,
Lowell Community Charter Public (District),Expenditure,Operations and Maintenance,2024,1603.0,2019,1161.0,2014,,2009,,0.0666458807836059,,
Lowell Community Charter Public (District),Expenditure,Instructional Leadership,2024,1730.0,2019,887.0,2014,,2009,,0.14294280139500426,,
Lowell Community Charter Public (District),Expenditure,Administration,2024,1381.0,2019,1602.0,2014,,2009,,-0.029252605949096178,,
Lowell Community Charter Public (District),Expenditure,"Guidance, Counseling and Testing",2024,457.0,2019,445.0,2014,,2009,,0.005336007792979602,,
Lowell Community Charter Public (District),Expenditure,Other,2024,1294.0,2019,457.0,2014,,2009,,0.2314126629679596,,
Lowell Community Charter Public (District),Expenditure,Total PPE,2024,24288.0,2019,16442.0,2014,,2009,,0.08115365803276586,,
Lowell Community Charter Public (District),Enrollment,In-District FTE Pupils,2024,813.5,2019,810.3,2014,,2009,,0.0007885862092182894,,
Lowell Community Charter Public (District),Enrollment,Out-of-District FTE Pupils,2024,0.0,2019,0.0,2014,,2009,,,,
Lowell Middlesex Academy Charter (District),Expenditure,Teachers,2024,7574.0,2019,9247.0,2014,,2009,,-0.039129437032177194,,
Lowell Middlesex Academy Charter (District),Expenditure,"Insurance, Retirement and Other",2024,1493.0,2019,4387.0,2014,,2009,,-0.19391946388206982,,
Lowell Middlesex Academy Charter (District),Expenditure,Pupil Services,2024,1261.0,2019,1081.0,2014,,2009,,0.031283046934079906,,
Lowell Middlesex Academy Charter (District),Expenditure,Other Teaching Services,2024,395.0,2019,0.0,2014,,2009,,,,
Lowell Middlesex Academy Charter (District),Expenditure,Operations and Maintenance,2024,1240.0,2019,1116.0,2014,,2009,,0.021295687600135116,,
Lowell Middlesex Academy Charter (District),Expenditure,Instructional Leadership,2024,2414.0,2019,2756.0,2014,,2009,,-0.026151027205712496,,
Lowell Middlesex Academy Charter (District),Expenditure,Administration,2024,2278.0,2019,3152.0,2014,,2009,,-0.06288367795774819,,
Lowell Middlesex Academy Charter (District),Expenditure,"Guidance, Counseling and Testing",2024,68.0,2019,189.0,2014,,2009,,-0.1849027616315414,,
Lowell Middlesex Academy Charter (District),Expenditure,Other,2024,1530.0,2019,778.0,2014,,2009,,0.1448335989781191,,
Lowell Middlesex Academy Charter (District),Expenditure,Total PPE,2024,18253.0,2019,22706.0,2014,,2009,,-0.04272057627465509,,
Lowell Middlesex Academy Charter (District),Enrollment,In-District FTE Pupils,2024,112.0,2019,89.7,2014,,2009,,0.045406307073392105,,
Lowell Middlesex Academy Charter (District),Enrollment,Out-of-District FTE Pupils,2024,0.0,2019,0.0,2014,,2009,,,,
Ludlow,Expenditure,Teachers,2024,7279.0,2019,6165.0,2014,4623.0,2009,4184.0,0.03377905224443101,0.04644108539232272,0.03760487348528185
Ludlow,Expenditure,"Insurance, Retirement and Other",2024,4166.0,2019,3530.0,2014,2626.0,2009,1837.0,0.03368666100047979,0.04723091493366627,0.0561055881955379
Ludlow,Expenditure,Pupil Services,2024,1927.0,2019,1552.0,2014,1288.0,2009,1222.0,0.04423440856489469,0.04110992139341185,0.030830754840081687
Ludlow,Expenditure,Other Teaching Services,2024,1815.0,2019,1636.0,2014,1138.0,2009,917.0,0.020983364701464557,0.04778803965055167,0.04656728031398094
Ludlow,Expenditure,Operations and Maintenance,2024,1477.0,2019,991.0,2014,868.0,2009,754.0,0.08308207460583716,0.05459589621439398,0.04584488481290783
Ludlow,Expenditure,Instructional Leadership,2024,1659.0,2019,1198.0,2014,802.0,2009,732.0,0.0672788755299627,0.07539299146784728,0.05606103835053844
Ludlow,Expenditure,Administration,2024,625.0,2019,485.0,2014,462.0,2009,353.0,0.05202886458735079,0.03067989413007055,0.03882012387743061
Ludlow,Expenditure,"Guidance, Counseling and Testing",2024,529.0,2019,453.0,2014,416.0,2009,306.0,0.03150537180386648,0.024321371934504787,0.03716761979011873
Ludlow,Expenditure,Other,2024,451.0,2019,762.0,2014,479.0,2009,383.0,-0.09958169764181246,-0.00600522193075248,0.010955062031703156
Ludlow,Expenditure,Total PPE,2024,19928.0,2019,16772.0,2014,12702.0,2009,10688.0,0.0350844211611685,0.04606617834527471,0.04240819737813917
Ludlow,Enrollment,In-District FTE Pupils,2024,2251.0,2019,2562.1,2014,2776.6,2009,3051.2,-0.025558248533093186,-0.020766601214964986,-0.020073156502189438
Ludlow,Enrollment,Out-of-District FTE Pupils,2024,125.6,2019,118.2,2014,93.9,2009,89.3,0.012218877720791665,0.029514350605539752,0.023000577081917273
Ludlow,NSS,Ch70 Aid,2024,6431.947953736655,2019,5338.401945525292,2014,4668.788400702988,2009,4194.614545454546,0.037973462687710846,0.03255651921624936,0.02890836380158457
Ludlow,NSS,Req NSS (minus Ch70),2024,8082.194395017794,2019,6132.464591439689,2014,5189.701933216169,2009,4042.635041322314,0.05676604024769749,0.04529455390589776,0.04726755828610529
Ludlow,NSS,Actual NSS (minus Req NSS),2024,5026.9640335364775,2019,3800.4688632563684,2014,1489.8519828699543,2009,1317.8433114917466,0.057532492429323456,0.12931803934347186,0.09335903998952166
Ludlow,NSS,Total Actual NSS per pupil,2024,19541.106382290927,2019,15271.33540022135,2014,11348.34231678911,2009,9555.092898268605,0.05054443540086706,0.05584865771361747,0.04885217310454082
Ludlow,Enrollment,Foundation Enrollment,2024,2248.0,2019,2570.0,2014,2845.0,2009,3025.0,-0.02641777394392475,-0.023277024841052985,-0.019596780983909046
Lunenburg,Expenditure,Teachers,2024,7133.0,2019,5205.0,2014,4787.0,2009,4189.0,0.06505073896351177,0.04068879757718369,0.036121751227399024
Lunenburg,Expenditure,"Insurance, Retirement and Other",2024,2082.0,2019,2843.0,2014,2112.0,2009,1693.0,-0.0604048354490061,-0.0014296166881886396,0.01388395701120082
Lunenburg,Expenditure,Pupil Services,2024,978.0,2019,1212.0,2014,1031.0,2009,1022.0,-0.04199616637102177,-0.005263579958873721,-0.0029295073099033786
Lunenburg,Expenditure,Other Teaching Services,2024,2092.0,2019,1322.0,2014,1014.0,2009,955.0,0.09614004752889449,0.0751086907073828,0.053668234258555936
Lunenburg,Expenditure,Operations and Maintenance,2024,1472.0,2019,967.0,2014,918.0,2009,872.0,0.08766778894785077,0.048350515010159745,0.03552221844945169
Lunenburg,Expenditure,Instructional Leadership,2024,1080.0,2019,751.0,2014,673.0,2009,765.0,0.07536714517938847,0.04843345139238009,0.023255657935725038
Lunenburg,Expenditure,Administration,2024,733.0,2019,571.0,2014,398.0,2009,333.0,0.05121989908679403,0.06297264968119554,0.05400818329610457
Lunenburg,Expenditure,"Guidance, Counseling and Testing",2024,1001.0,2019,456.0,2014,372.0,2009,317.0,0.1702909509963657,0.10405094486823896,0.07967154192126702
Lunenburg,Expenditure,Other,2024,459.0,2019,223.0,2014,217.0,2009,212.0,0.1553180658137161,0.07779284249919871,0.05284665492205387
Lunenburg,Expenditure,Total PPE,2024,17030.0,2019,13550.0,2014,11522.0,2009,10358.0,0.04677916658008918,0.03984516715721109,0.03370333181262519
Lunenburg,Enrollment,In-District FTE Pupils,2024,1580.5,2019,1654.0,2014,1565.6,2009,1750.0,-0.009049869961401003,0.0009476603039226816,-0.006768624650149713
Lunenburg,Enrollment,Out-of-District FTE Pupils,2024,99.9,2019,130.4,2014,139.5,2009,83.8,-0.05189250591245054,-0.032838215134520565,0.011784677081651651
Lunenburg,NSS,Ch70 Aid,2024,5460.760371517028,2019,4392.815850815851,2014,3332.1069763737164,2009,2815.837903717246,0.04448455965336451,0.05063875916884042,0.04514456045572435
Lunenburg,NSS,Req NSS (minus Ch70),2024,7375.2235294117645,2019,5640.251165501166,2014,5870.120099564406,2009,5240.016453382084,0.05510419246951814,0.02308759788195447,0.02304837322196507
Lunenburg,NSS,Actual NSS (minus Req NSS),2024,2051.6022958104086,2019,2810.0639728715228,2014,1794.7803997955104,2009,1179.8165752589885,-0.06097880743175099,0.013463671942032018,0.03757280164848331
Lunenburg,NSS,Total Actual NSS per pupil,2024,14887.586196739201,2019,12843.130989188541,2014,10997.007475733633,2009,9235.670932358318,0.029984467363657563,0.030753876695471805,0.032342299369026994
Lunenburg,Enrollment,Foundation Enrollment,2024,1615.0,2019,1716.0,2014,1607.0,2009,1641.0,-0.012058910355873032,0.0004967103116568783,-0.001064157078396355
Lynn,Expenditure,Teachers,2024,8019.0,2019,5509.0,2014,4681.0,2009,4446.0,0.07797698384621143,0.05530539223352959,0.04010388128799103
Lynn,Expenditure,"Insurance, Retirement and Other",2024,3416.0,2019,2836.0,2014,2527.0,2009,2955.0,0.037916287334292864,0.030602667031395914,0.0097116297677593
Lynn,Expenditure,Pupil Services,2024,2050.0,2019,1272.0,2014,1178.0,2009,919.0,0.1001536651585413,0.05696560990598187,0.05494355520190819
Lynn,Expenditure,Other Teaching Services,2024,1999.0,2019,1020.0,2014,987.0,2009,1008.0,0.14404346445937177,0.07312315083239418,0.04670303666871334
Lynn,Expenditure,Operations and Maintenance,2024,2637.0,2019,1199.0,2014,1308.0,2009,1113.0,0.17073388729362549,0.07263073886851856,0.05919111985049863
Lynn,Expenditure,Instructional Leadership,2024,1138.0,2019,739.0,2014,671.0,2009,980.0,0.09018339975953826,0.054246029835788745,0.01001481884380273
Lynn,Expenditure,Administration,2024,702.0,2019,431.0,2014,398.0,2009,386.0,0.10248316985467842,0.0583892107841637,0.040678671393696186
Lynn,Expenditure,"Guidance, Counseling and Testing",2024,659.0,2019,376.0,2014,320.0,2009,297.0,0.11876665564392752,0.07491356518815007,0.05456964018940558
Lynn,Expenditure,Other,2024,1483.0,2019,577.0,2014,682.0,2009,1122.0,0.2077945555328622,0.08077596410272592,0.018770950636749495
Lynn,Expenditure,Total PPE,2024,22103.0,2019,13959.0,2014,12752.0,2009,13226.0,0.09627467924753086,0.05654327968310824,0.034828021847174595
Lynn,Enrollment,In-District FTE Pupils,2024,16296.3,2019,15768.2,2014,14461.2,2009,13255.6,0.006610319251707963,0.012018537853086153,0.013863079090133512
Lynn,Enrollment,Out-of-District FTE Pupils,2024,2331.9,2019,2031.8,2014,1224.5,2009,729.1,0.027935330776638345,0.06653500302114179,0.0805914367597591
Lynn,NSS,Ch70 Aid,2024,15037.28231349539,2019,9751.188449403242,2014,8920.702980265807,2009,8421.00229127882,0.09049169082018249,0.053603069936760006,0.039410351985718295
Lynn,NSS,Req NSS (minus Ch70),2024,3400.4654931545124,2019,2802.8092690585568,2014,2828.5353067525843,2009,1582.214735786911,0.039414965276965086,0.018585939250449268,0.05232897817981019
Lynn,NSS,Actual NSS (minus Req NSS),2024,69.76601807432289,2019,336.0833545820952,2014,-605.914959282043,2009,711.5483296193149,-0.2698041059556261,0.11151416003278572,-0.14343044247726766
Lynn,NSS,Total Actual NSS per pupil,2024,18507.513824724225,2019,12890.081073043893,2014,11143.323327736349,2009,10714.765356685046,0.07502480867985928,0.05204262214849331,0.03710889994697353
Lynn,Enrollment,Foundation Enrollment,2024,17895.0,2019,17197.0,2014,14898.0,2009,13966.0,0.00798902212733954,0.018498452045834224,0.016663685162244368
Lynnfield,Expenditure,Teachers,2024,7492.0,2019,6686.0,2014,5769.0,2009,4535.0,0.023025076438625502,0.02647818244024691,0.034033713066367266
Lynnfield,Expenditure,"Insurance, Retirement and Other",2024,2884.0,2019,2480.0,2014,2042.0,2009,1627.0,0.030644084793108428,0.03512775094802123,0.03890024066263753
Lynnfield,Expenditure,Pupil Services,2024,2341.0,2019,1517.0,2014,1233.0,2009,882.0,0.0906443819088365,0.06621265696318845,0.06724023197825035
Lynnfield,Expenditure,Other Teaching Services,2024,1722.0,2019,1214.0,2014,834.0,2009,599.0,0.0724150301065889,0.07519369663282793,0.07293584597062885
Lynnfield,Expenditure,Operations and Maintenance,2024,1784.0,2019,1447.0,2014,1196.0,2009,827.0,0.04276216187978932,0.04079780354668561,0.052590120276321706
Lynnfield,Expenditure,Instructional Leadership,2024,1179.0,2019,978.0,2014,884.0,2009,620.0,0.03808995838627438,0.029215111200498578,0.0437780052148562
Lynnfield,Expenditure,Administration,2024,739.0,2019,578.0,2014,459.0,2009,467.0,0.05037244463916979,0.048777050012438705,0.031070838165298875
Lynnfield,Expenditure,"Guidance, Counseling and Testing",2024,741.0,2019,437.0,2014,468.0,2009,277.0,0.11139222486886502,0.04702544350791871,0.06779831023271798
Lynnfield,Expenditure,Other,2024,417.0,2019,313.0,2014,387.0,2009,325.0,0.05905458187732826,0.007494094090797487,0.016756239637056636
Lynnfield,Expenditure,Total PPE,2024,19299.0,2019,15650.0,2014,13272.0,2009,10159.0,0.042807372356096884,0.03814936656989576,0.043707785427746115
Lynnfield,Enrollment,In-District FTE Pupils,2024,2200.8,2019,2202.4,2014,2195.2,2009,2342.5,-0.00014533828097518242,0.00025480966634927604,-0.004151213427171396
Lynnfield,Enrollment,Out-of-District FTE Pupils,2024,37.8,2019,33.9,2014,23.5,2009,34.7,0.022017707188769498,0.04867857138654408,0.005720930085093778
Lynnfield,NSS,Ch70 Aid,2024,2693.7063887630266,2019,1954.351801801802,2014,1811.4733455882354,2009,1831.7549194991057,0.06627567700701853,0.04047543400100162,0.026042915330207306
Lynnfield,NSS,Req NSS (minus Ch70),2024,9745.066606252833,2019,8203.517117117117,2014,7981.638327205882,2009,6287.53488372093,0.035039549188588204,0.020162315348063675,0.02964368512761184
Lynnfield,NSS,Actual NSS (minus Req NSS),2024,5241.75603987313,2019,4530.620056506614,2014,2222.89238483153,2009,1431.95107334526,0.029588853582383168,0.08957175534587747,0.09035999337683065
Lynnfield,NSS,Total Actual NSS per pupil,2024,17680.52903488899,2019,14688.488975425533,2014,12016.004057625647,2009,9551.240876565296,0.03777600959117944,0.039377997269981924,0.04190717921854881
Lynnfield,Enrollment,Foundation Enrollment,2024,2207.0,2019,2220.0,2014,2176.0,2009,2236.0,-0.0011739241332464623,0.0014155808180731366,-0.0008699166041865602
Malden,Expenditure,Teachers,2024,7871.0,2019,6250.0,2014,5558.0,2009,5096.0,0.04720083301530842,0.0354070959294126,0.029406010158649742
Malden,Expenditure,"Insurance, Retirement and Other",2024,3049.0,2019,2338.0,2014,2167.0,2009,2559.0,0.054538848553116415,0.03473669619973152,0.011748282671907084
Malden,Expenditure,Pupil Services,2024,1713.0,2019,1153.0,2014,936.0,2009,844.0,0.08239458556360657,0.06230237252309667,0.04832110155365954
Malden,Expenditure,Other Teaching Services,2024,1750.0,2019,1341.0,2014,982.0,2009,941.0,0.05468277733970739,0.059479739513053076,0.042229180267156385
Malden,Expenditure,Operations and Maintenance,2024,1956.0,2019,1141.0,2014,806.0,2009,996.0,0.11382417860287908,0.09270613357642632,0.046021555379042844
Malden,Expenditure,Instructional Leadership,2024,1173.0,2019,911.0,2014,1056.0,2009,948.0,0.051855124289933885,0.010563037539387254,0.01429895563677075
Malden,Expenditure,Administration,2024,609.0,2019,496.0,2014,371.0,2009,320.0,0.04190260346233132,0.05081034168928289,0.04383331643630317
Malden,Expenditure,"Guidance, Counseling and Testing",2024,611.0,2019,498.0,2014,421.0,2009,302.0,0.0417472759408235,0.03794875292692357,0.04809894658224678
Malden,Expenditure,Other,2024,1615.0,2019,529.0,2014,652.0,2009,677.0,0.25009601549425353,0.09494547485205374,0.059673947579126585
Malden,Expenditure,Total PPE,2024,20347.0,2019,14657.0,2014,12949.0,2009,12683.0,0.06780281011349354,0.04622818461461664,0.03201313819340523
Malden,Enrollment,In-District FTE Pupils,2024,6272.2,2019,6483.6,2014,6502.0,2009,6420.2,-0.0066078199775914115,-0.0035917991603985344,-0.001553598552340607
Malden,Enrollment,Out-of-District FTE Pupils,2024,742.1,2019,1077.2,2014,948.7,2009,662.5,-0.0718178389203501,-0.02426169841212822,0.007592910865101166
Malden,NSS,Ch70 Aid,2024,9106.19265129683,2019,6559.043241085684,2014,6474.911347028816,2009,6066.132833186231,0.06782299272966053,0.0346901166973721,0.027452282321217547
Malden,NSS,Req NSS (minus Ch70),2024,7841.452737752162,2019,5490.590872804683,2014,4848.158209978924,2009,3147.9573403942336,0.07387934462015266,0.04925723992947728,0.06273384720134034
Malden,NSS,Actual NSS (minus Req NSS),2024,351.6202690720494,2019,474.6235424820403,2014,-128.5127405317429,2009,1055.2753118037099,-0.05822984131743125,0.3736073229916052,-0.07064735009444711
Malden,NSS,Total Actual NSS per pupil,2024,17299.26565812104,2019,12524.257656372407,2014,11194.556816475997,2009,10269.365485384176,0.06673153715017888,0.04448468474602674,0.03537801055262291
Malden,Enrollment,Foundation Enrollment,2024,6940.0,2019,7516.0,2014,7253.0,2009,6798.0,-0.015819989741708285,-0.004401624516761515,0.001379171733443707
Manchester Essex Regional,Expenditure,Teachers,2024,10291.0,2019,7779.0,2014,5765.0,2009,5065.0,0.057564249716558935,0.05965825724125229,0.048395645804407916
Manchester Essex Regional,Expenditure,"Insurance, Retirement and Other",2024,4306.0,2019,3248.0,2014,2317.0,2009,1955.0,0.05801445438093866,0.06393427282343178,0.05405146833779684
Manchester Essex Regional,Expenditure,Pupil Services,2024,1920.0,2019,1613.0,2014,1257.0,2009,1038.0,0.03546010867538962,0.04326970212256587,0.0418541476676233
Manchester Essex Regional,Expenditure,Other Teaching Services,2024,1782.0,2019,1288.0,2014,1136.0,2009,987.0,0.0670834084664631,0.04605118750534354,0.04017410164781943
Manchester Essex Regional,Expenditure,Operations and Maintenance,2024,3081.0,2019,1327.0,2014,1147.0,2009,952.0,0.18348880755257646,0.10385703054034234,0.08144304016690818
Manchester Essex Regional,Expenditure,Instructional Leadership,2024,1463.0,2019,1169.0,2014,1078.0,2009,973.0,0.04588988528757176,0.03100923771920905,0.027563728074911698
Manchester Essex Regional,Expenditure,Administration,2024,879.0,2019,703.0,2014,496.0,2009,471.0,0.04569904167128458,0.05888969022044255,0.0424723173573498
Manchester Essex Regional,Expenditure,"Guidance, Counseling and Testing",2024,847.0,2019,670.0,2014,511.0,2009,438.0,0.048001059061711926,0.05183168939357463,0.044946253759518884
Manchester Essex Regional,Expenditure,Other,2024,552.0,2019,468.0,2014,581.0,2009,557.0,0.03356702457817873,-0.0051071848141950316,-0.000600965591144198
Manchester Essex Regional,Expenditure,Total PPE,2024,25121.0,2019,18265.0,2014,14288.0,2009,12436.0,0.06581897888553767,0.05805086893495104,0.04798986023303753
Manchester Essex Regional,Enrollment,In-District FTE Pupils,2024,1195.4,2019,1385.1,2014,1541.6,2009,1383.8,-0.029028630160922275,-0.025113278753481127,-0.009709388583861833
Manchester Essex Regional,Enrollment,Out-of-District FTE Pupils,2024,32.5,2019,33.2,2014,39.3,2009,22.0,-0.004252888066091365,-0.018819110014556606,0.026354471355626963
Mansfield,Expenditure,Teachers,2024,8691.0,2019,7110.0,2014,5296.0,2009,4126.0,0.040974353298035116,0.050780917700764094,0.0509193013194682
Mansfield,Expenditure,"Insurance, Retirement and Other",2024,4052.0,2019,2928.0,2014,1970.0,2009,1172.0,0.06713575849809894,0.07478184313183411,0.08621581489403685
Mansfield,Expenditure,Pupil Services,2024,2163.0,2019,1515.0,2014,1152.0,2009,893.0,0.07381329651346258,0.06502647549245544,0.0607515394019742
Mansfield,Expenditure,Other Teaching Services,2024,1753.0,2019,1351.0,2014,1095.0,2009,783.0,0.053477618767304946,0.048182198445968494,0.055199743418718805
Mansfield,Expenditure,Operations and Maintenance,2024,1376.0,2019,1176.0,2014,833.0,2009,708.0,0.03191095353981721,0.05147110672481081,0.04529533389237894
Mansfield,Expenditure,Instructional Leadership,2024,1247.0,2019,922.0,2014,809.0,2009,651.0,0.06225089697692443,0.0442194858600089,0.04428497861285474
Mansfield,Expenditure,Administration,2024,545.0,2019,419.0,2014,292.0,2009,406.0,0.053990013217132704,0.0643914200318858,0.019822754743805238
Mansfield,Expenditure,"Guidance, Counseling and Testing",2024,830.0,2019,539.0,2014,435.0,2009,258.0,0.09017913412958078,0.06674074479364522,0.08101210986316354
Mansfield,Expenditure,Other,2024,948.0,2019,520.0,2014,493.0,2009,298.0,0.12761540072850397,0.06756946096265382,0.08020488813928761
Mansfield,Expenditure,Total PPE,2024,21605.0,2019,16480.0,2014,12375.0,2009,9295.0,0.0556486889136627,0.057306510171998504,0.0578408285862293
Mansfield,Enrollment,In-District FTE Pupils,2024,3347.3,2019,3728.3,2014,4290.2,2009,4915.6,-0.021328914719749625,-0.024512497244668974,-0.025291978583967145
Mansfield,Enrollment,Out-of-District FTE Pupils,2024,110.1,2019,137.4,2014,196.9,2009,173.4,-0.04333448928764638,-0.056473374071399185,-0.02982693063526054
Mansfield,NSS,Ch70 Aid,2024,5592.869153515065,2019,4780.90537798072,2014,3957.1171347703025,2009,3566.0836604007436,0.03186980023614838,0.03520312727719488,0.0304562129871655
Mansfield,NSS,Req NSS (minus Ch70),2024,9350.082639885222,2019,7038.353373921867,2014,5794.271717831482,2009,4588.571369551745,0.05844641515919524,0.04901490565606714,0.04859841572364765
Mansfield,NSS,Actual NSS (minus Req NSS),2024,4417.329393690512,2019,2727.69440515043,2014,705.5915454325806,2009,304.5020590688963,0.10121676487210607,0.20132535045028588,0.1951928051317522
Mansfield,NSS,Total Actual NSS per pupil,2024,19360.281187090797,2019,14546.953157053018,2014,10456.980398034366,2009,8459.157089021384,0.05883411134575289,0.06353193878880625,0.05675011730709856
Mansfield,Enrollment,Foundation Enrollment,2024,3485.0,2019,3942.0,2014,4593.0,2009,4841.0,-0.024342847934853307,-0.027228958212934917,-0.02167193242889287
Map Academy Charter School (District),Expenditure,Teachers,2024,6336.0,2019,4396.0,2014,,2009,,0.07584943709049652,,
Map Academy Charter School (District),Expenditure,"Insurance, Retirement and Other",2024,1961.0,2019,1846.0,2014,,2009,,0.012160021348036398,,
Map Academy Charter School (District),Expenditure,Pupil Services,2024,2682.0,2019,1123.0,2014,,2009,,0.19018864744096664,,
Map Academy Charter School (District),Expenditure,Other Teaching Services,2024,1610.0,2019,2461.0,2014,,2009,,-0.08136528672887233,,
Map Academy Charter School (District),Expenditure,Operations and Maintenance,2024,763.0,2019,598.0,2014,,2009,,0.04994045755050314,,
Map Academy Charter School (District),Expenditure,Instructional Leadership,2024,624.0,2019,1517.0,2014,,2009,,-0.16277960035671446,,
Map Academy Charter School (District),Expenditure,Administration,2024,2723.0,2019,4926.0,2014,,2009,,-0.11180024965274249,,
Map Academy Charter School (District),Expenditure,"Guidance, Counseling and Testing",2024,3276.0,2019,53.0,2014,,2009,,1.2814639181320406,,
Map Academy Charter School (District),Expenditure,Other,2024,1029.0,2019,387.0,2014,,2009,,0.21602045939263825,,
Map Academy Charter School (District),Expenditure,Total PPE,2024,21004.0,2019,17307.0,2014,,2009,,0.039479773658401385,,
Map Academy Charter School (District),Enrollment,In-District FTE Pupils,2024,278.6,2019,125.7,2014,,2009,,0.17254404908651355,,
Map Academy Charter School (District),Enrollment,Out-of-District FTE Pupils,2024,0.0,2019,0.0,2014,,2009,,,,
Marblehead,Expenditure,Teachers,2024,8518.0,2019,6766.0,2014,5074.0,2009,4471.0,0.04713126888039487,0.05317057652266288,0.04390793247086777
Marblehead,Expenditure,"Insurance, Retirement and Other",2024,3771.0,2019,3113.0,2014,2385.0,2009,2206.0,0.039095543815578226,0.046879787749603,0.03639044801903557
Marblehead,Expenditure,Pupil Services,2024,1503.0,2019,1091.0,2014,606.0,2009,702.0,0.06617095217914515,0.09508703088282777,0.052062299250342337
Marblehead,Expenditure,Other Teaching Services,2024,1708.0,2019,1656.0,2014,1536.0,2009,1236.0,0.006202765851976988,0.010670675940848584,0.021797007330144114
Marblehead,Expenditure,Operations and Maintenance,2024,1908.0,2019,1425.0,2014,1303.0,2009,1001.0,0.06011432052561316,0.038875239561782404,0.043941797285179884
Marblehead,Expenditure,Instructional Leadership,2024,899.0,2019,1029.0,2014,761.0,2009,773.0,-0.026650380604728352,0.016804602828004667,0.010117774420708825
Marblehead,Expenditure,Administration,2024,857.0,2019,421.0,2014,441.0,2009,359.0,0.15276224789364368,0.06869609686505718,0.05972315767435221
Marblehead,Expenditure,"Guidance, Counseling and Testing",2024,894.0,2019,619.0,2014,452.0,2009,344.0,0.07629017042265152,0.07058192902082205,0.06574164937362692
Marblehead,Expenditure,Other,2024,684.0,2019,421.0,2014,464.0,2009,397.0,0.10193201537229823,0.03957017716727629,0.0369338206490637
Marblehead,Expenditure,Total PPE,2024,20742.0,2019,16541.0,2014,13022.0,2009,11489.0,0.046303730250954356,0.04765259700426805,0.04017056545708453
Marblehead,Enrollment,In-District FTE Pupils,2024,2612.0,2019,3057.2,2014,3292.5,2009,3291.9,-0.03098641791932777,-0.022887118112309257,-0.01530491714250204
Marblehead,Enrollment,Out-of-District FTE Pupils,2024,116.5,2019,210.4,2014,207.7,2009,98.9,-0.11150285224402046,-0.05618050664577967,0.010978629964117692
Marblehead,NSS,Ch70 Aid,2024,2390.642212189616,2019,1831.0097239648683,2014,1603.6361431170405,2009,1547.8128156565656,0.05478704375468624,0.04073671248397326,0.02940532315039257
Marblehead,NSS,Req NSS (minus Ch70),2024,10143.942437923251,2019,8156.238393977415,2014,7341.762886597938,2009,6523.309974747474,0.04458400865901857,0.03285805827423216,0.029870418880435734
Marblehead,NSS,Actual NSS (minus Req NSS),2024,7888.012742569598,2019,5985.254681656493,2014,3314.797993469656,2009,2396.2449494949497,0.056761526876692336,0.09056373956734509,0.08266914385135227
Marblehead,NSS,Total Actual NSS per pupil,2024,20422.597392682466,2019,15972.502799598777,2014,12260.197023184634,2009,10467.36773989899,0.05038279759532638,0.05235277992277676,0.04556627434464322
Marblehead,Enrollment,Foundation Enrollment,2024,2658.0,2019,3188.0,2014,3298.0,2009,3168.0,-0.03571073323723195,-0.02134316738538522,-0.011633568172257247
Marblehead Community Charter Public (District),Expenditure,Teachers,2024,7535.0,2019,6332.0,2014,,2009,,0.03540073774996766,,
Marblehead Community Charter Public (District),Expenditure,"Insurance, Retirement and Other",2024,2956.0,2019,4639.0,2014,,2009,,-0.08618977880086032,,
Marblehead Community Charter Public (District),Expenditure,Pupil Services,2024,1582.0,2019,1048.0,2014,,2009,,0.08584800883980637,,
Marblehead Community Charter Public (District),Expenditure,Other Teaching Services,2024,1286.0,2019,704.0,2014,,2009,,0.12806379770757337,,
Marblehead Community Charter Public (District),Expenditure,Operations and Maintenance,2024,1561.0,2019,860.0,2014,,2009,,0.12662890754689138,,
Marblehead Community Charter Public (District),Expenditure,Instructional Leadership,2024,1413.0,2019,678.0,2014,,2009,,0.1581971544674028,,
Marblehead Community Charter Public (District),Expenditure,Administration,2024,2357.0,2019,2211.0,2014,,2009,,0.01287107270329213,,
Marblehead Community Charter Public (District),Expenditure,"Guidance, Counseling and Testing",2024,896.0,2019,244.0,2014,,2009,,0.2971303968204744,,
Marblehead Community Charter Public (District),Expenditure,Other,2024,801.0,2019,669.0,2014,,2009,,0.036671787672691414,,
Marblehead Community Charter Public (District),Expenditure,Total PPE,2024,20387.0,2019,17385.0,2014,,2009,,0.03237083161089083,,
Marblehead Community Charter Public (District),Enrollment,In-District FTE Pupils,2024,174.0,2019,227.4,2014,,2009,,-0.05212349710445907,,
Marblehead Community Charter Public (District),Enrollment,Out-of-District FTE Pupils,2024,0.0,2019,0.0,2014,,2009,,,,
Marion,Expenditure,Teachers,2024,8701.0,2019,6827.0,2014,6018.0,2009,5349.0,0.04970641953338917,0.03755636394142314,0.03296697771965129
Marion,Expenditure,"Insurance, Retirement and Other",2024,4032.0,2019,2532.0,2014,2111.0,2009,1207.0,0.09751727405087696,0.0668496744204019,0.0837294704988798
Marion,Expenditure,Pupil Services,2024,1568.0,2019,920.0,2014,1201.0,2009,803.0,0.1125297832643184,0.027023320288669606,0.04562357764280933
Marion,Expenditure,Other Teaching Services,2024,2170.0,2019,1406.0,2014,1084.0,2009,1595.0,0.09067380484202214,0.07187229360621061,0.020735618622022445
Marion,Expenditure,Operations and Maintenance,2024,1675.0,2019,1022.0,2014,1172.0,2009,1031.0,0.10385691634895866,0.03635541265404796,0.032881288138318476
Marion,Expenditure,Instructional Leadership,2024,1262.0,2019,894.0,2014,848.0,2009,668.0,0.07138205325834379,0.0405581383956819,0.04332318740456298
Marion,Expenditure,Administration,2024,776.0,2019,571.0,2014,494.0,2009,452.0,0.06327382446058172,0.04619701660295594,0.03668835240552859
Marion,Expenditure,"Guidance, Counseling and Testing",2024,1363.0,2019,651.0,2014,602.0,2009,159.0,0.15926566575610912,0.08515040405992425,0.15400205475173512
Marion,Expenditure,Other,2024,853.0,2019,505.0,2014,340.0,2009,419.0,0.11053315923761842,0.0963444221973686,0.04853355653328695
Marion,Expenditure,Total PPE,2024,22400.0,2019,15328.0,2014,13870.0,2009,11683.0,0.07882873448288641,0.049100649076401215,0.0443504128899912
Marion,Enrollment,In-District FTE Pupils,2024,375.8,2019,452.2,2014,452.2,2009,447.8,-0.03633686896106392,-0.01833654899505599,-0.011617958680694151
Marion,Enrollment,Out-of-District FTE Pupils,2024,13.2,2019,12.5,2014,11.4,2009,4.6,0.010957232590283805,0.014768337390565822,0.07280570239896855
Marion,NSS,Ch70 Aid,2024,2879.6758104738155,2019,1873.5486725663716,2014,1069.5325581395348,2009,1163.276,0.089772196891023,0.10411664950134192,0.06229235339967176
Marion,NSS,Req NSS (minus Ch70),2024,9759.269326683292,2019,8056.734513274337,2014,7667.360465116279,2009,7116.7275,0.03908637478316024,0.024417861748226022,0.021274444026530226
Marion,NSS,Actual NSS (minus Req NSS),2024,6798.778553615961,2019,4783.709115044249,2014,5243.648837209303,2009,3803.4190000000003,0.07283572388310922,0.026312762726045325,0.039482338891642765
Marion,NSS,Total Actual NSS per pupil,2024,19437.72369077307,2019,14713.992300884958,2014,13980.541860465117,2009,12083.4225,0.05726285898048489,0.03350394807457624,0.03219962325926051
Marion,Enrollment,Foundation Enrollment,2024,401.0,2019,452.0,2014,430.0,2009,400.0,-0.023659763655727306,-0.006958057972989207,0.0001664725349206364
Marlborough,Expenditure,Teachers,2024,7429.0,2019,6455.0,2014,5752.0,2009,4946.0,0.02850598286704442,0.02591445284103311,0.02749192252864563
Marlborough,Expenditure,"Insurance, Retirement and Other",2024,2805.0,2019,2695.0,2014,2078.0,2009,1999.0,0.00803316099720175,0.030454291415216828,0.022840709404738258
Marlborough,Expenditure,Pupil Services,2024,2004.0,2019,1666.0,2014,1357.0,2009,1042.0,0.03763483683801572,0.03975684219731268,0.04456467115231644
Marlborough,Expenditure,Other Teaching Services,2024,1560.0,2019,1467.0,2014,1579.0,2009,1466.0,0.012369137184389256,-0.0012098589310394203,0.004151809499259196
Marlborough,Expenditure,Operations and Maintenance,2024,2670.0,2019,1315.0,2014,1138.0,2009,1114.0,0.15217142929731486,0.08902261845994519,0.06000619812413932
Marlborough,Expenditure,Instructional Leadership,2024,1797.0,2019,1326.0,2014,906.0,2009,898.0,0.06267609356889281,0.07088291033866745,0.047332987783321734
Marlborough,Expenditure,Administration,2024,602.0,2019,543.0,2014,418.0,2009,446.0,0.020843886632462283,0.03715107289944464,0.020197156753383627
Marlborough,Expenditure,"Guidance, Counseling and Testing",2024,653.0,2019,518.0,2014,450.0,2009,400.0,0.04740992368035313,0.0379347844127671,0.033213834542482834
Marlborough,Expenditure,Other,2024,650.0,2019,401.0,2014,586.0,2009,488.0,0.10142212654464733,0.010419162697717255,0.0192942375160714
Marlborough,Expenditure,Total PPE,2024,20170.0,2019,16386.0,2014,14264.0,2009,12799.0,0.04242925142697662,0.03525290253137636,0.030786346261470143
Marlborough,Enrollment,In-District FTE Pupils,2024,4810.9,2019,4728.4,2014,4576.5,2009,4567.4,0.0034654504182121126,0.0050074619365023665,0.003468672742488188
Marlborough,Enrollment,Out-of-District FTE Pupils,2024,761.0,2019,739.4,2014,579.5,2009,345.4,0.0057754763966713085,0.027621357094357535,0.05407332162626677
Marlborough,NSS,Ch70 Aid,2024,8540.266108007449,2019,5318.487401502008,2014,3900.3656212571145,2009,2488.4501284246576,0.09935170340323052,0.08152511332848267,0.08568248312242432
Marlborough,NSS,Req NSS (minus Ch70),2024,7702.133333333333,2019,6503.92698043773,2014,7014.312173731468,2009,6749.684931506849,0.034396578018810464,0.009398358672822349,0.008838936043355616
Marlborough,NSS,Actual NSS (minus Req NSS),2024,575.5170039340632,2019,3846.66554932213,2014,2902.4593201314647,2009,2713.9213488805603,-0.3160966259628827,-0.14939251148001997,-0.09822665628356786
Marlborough,NSS,Total Actual NSS per pupil,2024,16817.916445274845,2019,15669.079931261867,2014,13817.137115120047,2009,11952.056408812066,0.014251687380490985,0.019847914915000597,0.023030630489711212
Marlborough,Enrollment,Foundation Enrollment,2024,5370.0,2019,5163.0,2014,4789.0,2009,4672.0,0.00789300736116716,0.011516438111474514,0.009325928850009824
Marshfield,Expenditure,Teachers,2024,7942.0,2019,6011.0,2014,5125.0,2009,4525.0,0.057296101714663594,0.04477699504073418,0.03821528860370815
Marshfield,Expenditure,"Insurance, Retirement and Other",2024,2304.0,2019,1902.0,2014,1113.0,2009,920.0,0.03909293608258202,0.07547106656586355,0.06311352463772923
Marshfield,Expenditure,Pupil Services,2024,2001.0,2019,1135.0,2014,977.0,2009,1030.0,0.1200831021847113,0.07432393735060083,0.045267203879413076
Marshfield,Expenditure,Other Teaching Services,2024,1845.0,2019,1281.0,2014,1163.0,2009,962.0,0.07569573857960044,0.047229012849651086,0.044370878228749966
Marshfield,Expenditure,Operations and Maintenance,2024,1857.0,2019,1011.0,2014,788.0,2009,748.0,0.12930733676855333,0.08950334667343673,0.06249612231640511
Marshfield,Expenditure,Instructional Leadership,2024,1366.0,2019,1143.0,2014,791.0,2009,579.0,0.036289013266937786,0.056154421671207766,0.05889153312194817
Marshfield,Expenditure,Administration,2024,487.0,2019,404.0,2014,434.0,2009,332.0,0.03807688157030742,0.011588592336647885,0.025870934099538445
Marshfield,Expenditure,"Guidance, Counseling and Testing",2024,668.0,2019,485.0,2014,402.0,2009,292.0,0.06612209679919467,0.052095204181056065,0.056719140835301385
Marshfield,Expenditure,Other,2024,1111.0,2019,239.0,2014,290.0,2009,399.0,0.35976303764558826,0.14375131423620524,0.07065465824400574
Marshfield,Expenditure,Total PPE,2024,19581.0,2019,13611.0,2014,11083.0,2009,9787.0,0.07544688674231725,0.05856554324830765,0.04731908735070234
Marshfield,Enrollment,In-District FTE Pupils,2024,3668.6,2019,4045.4,2014,4365.3,2009,4739.8,-0.01936412240874197,-0.017237386396746768,-0.016933969036764918
Marshfield,Enrollment,Out-of-District FTE Pupils,2024,100.6,2019,103.3,2014,111.7,2009,89.4,-0.00528301920028007,-0.010411862201851085,0.007899811845631488
Marshfield,NSS,Ch70 Aid,2024,4026.7520486386466,2019,3567.1996566102525,2014,3189.6622928176794,2009,3204.286152497809,0.024531921088385644,0.02357817788298,0.015347973492176425
Marshfield,NSS,Req NSS (minus Ch70),2024,10327.8242135871,2019,8460.15133676723,2014,6839.537753222836,2009,4974.186678352323,0.04070140551899115,0.04207315620940921,0.04991091442778117
Marshfield,NSS,Actual NSS (minus Req NSS),2024,2016.3173922812584,2019,865.3230609970242,2014,456.1415996602745,2009,814.5731814198072,0.1843392534671815,0.16023489076286257,0.06228712847985407
Marshfield,NSS,Total Actual NSS per pupil,2024,16370.893654507005,2019,12892.674054374507,2014,10485.341645700788,2009,8993.046012269939,0.048928478791047336,0.04556004833987237,0.04074509191198028
Marshfield,Enrollment,Foundation Enrollment,2024,3783.0,2019,4077.0,2014,4344.0,2009,4564.0,-0.01485733982986015,-0.013732658491517391,-0.012434187729087554
Martha's Vineyard,Expenditure,Teachers,2024,14235.0,2019,12457.0,2014,9729.0,2009,7859.0,0.027043412637623776,0.03879279040732109,0.04039760916081225
Martha's Vineyard,Expenditure,"Insurance, Retirement and Other",2024,7020.0,2019,6593.0,2014,4412.0,2009,3705.0,0.012630041277803539,0.047538903668303156,0.043525965821408885
Martha's Vineyard,Expenditure,Pupil Services,2024,3655.0,2019,2938.0,2014,2180.0,2009,1796.0,0.044641122606082106,0.05303568518276758,0.0485087761861287
Martha's Vineyard,Expenditure,Other Teaching Services,2024,1586.0,2019,1294.0,2014,1218.0,2009,1489.0,0.04153479054284115,0.026752075616202742,0.004216221323996905
Martha's Vineyard,Expenditure,Operations and Maintenance,2024,2981.0,2019,3499.0,2014,2038.0,2009,1842.0,-0.03153572111058178,0.0387613440450405,0.032614351512648465
Martha's Vineyard,Expenditure,Instructional Leadership,2024,2330.0,2019,2595.0,2014,2206.0,2009,1977.0,-0.021313242952299527,0.005483715500371078,0.011012713257604778
Martha's Vineyard,Expenditure,Administration,2024,760.0,2019,693.0,2014,533.0,2009,446.0,0.018629082820007303,0.03611661569166924,0.036172150791732305
Martha's Vineyard,Expenditure,"Guidance, Counseling and Testing",2024,1562.0,2019,1376.0,2014,1125.0,2009,975.0,0.025681492487501068,0.03336286513354647,0.03191777719722522
Martha's Vineyard,Expenditure,Other,2024,4398.0,2019,2293.0,2014,1753.0,2009,1983.0,0.13912198567101375,0.09634522870282813,0.054537838145528594
Martha's Vineyard,Expenditure,Total PPE,2024,38527.0,2019,33738.0,2014,25194.0,2009,22072.0,0.026902406964273595,0.043390328478943196,0.03783481102577957
Martha's Vineyard,Enrollment,In-District FTE Pupils,2024,734.6,2019,618.1,2014,681.9,2009,707.6,0.03513843908648373,0.007472089157914086,0.002499596869509846
Martha's Vineyard,Enrollment,Out-of-District FTE Pupils,2024,44.2,2019,40.5,2014,48.5,2009,45.7,0.017638312741005358,-0.009240938533684684,-0.0022224273310444964
Martha's Vineyard Charter Public School (District),Expenditure,Teachers,2024,11255.0,2019,9038.0,2014,,2009,,0.044851649014866046,,
Martha's Vineyard Charter Public School (District),Expenditure,"Insurance, Retirement and Other",2024,4980.0,2019,8548.0,2014,,2009,,-0.102420415742978,,
Martha's Vineyard Charter Public School (District),Expenditure,Pupil Services,2024,2799.0,2019,3213.0,2014,,2009,,-0.02721148495477399,,
Martha's Vineyard Charter Public School (District),Expenditure,Other Teaching Services,2024,4887.0,2019,4088.0,2014,,2009,,0.03634961495101341,,
Martha's Vineyard Charter Public School (District),Expenditure,Operations and Maintenance,2024,1833.0,2019,1073.0,2014,,2009,,0.11304455288865434,,
Martha's Vineyard Charter Public School (District),Expenditure,Instructional Leadership,2024,2555.0,2019,1997.0,2014,,2009,,0.050515749782888975,,
Martha's Vineyard Charter Public School (District),Expenditure,Administration,2024,2567.0,2019,1670.0,2014,,2009,,0.08978764383613824,,
Martha's Vineyard Charter Public School (District),Expenditure,"Guidance, Counseling and Testing",2024,1603.0,2019,768.0,2014,,2009,,0.15854914345621318,,
Martha's Vineyard Charter Public School (District),Expenditure,Other,2024,1978.0,2019,653.0,2014,,2009,,0.2481380447134336,,
Martha's Vineyard Charter Public School (District),Expenditure,Total PPE,2024,34457.0,2019,31048.0,2014,,2009,,0.021054130744929234,,
Martha's Vineyard Charter Public School (District),Enrollment,In-District FTE Pupils,2024,177.8,2019,178.2,2014,,2009,,-0.00044933740907615594,,
Martha's Vineyard Charter Public School (District),Enrollment,Out-of-District FTE Pupils,2024,0.0,2019,0.0,2014,,2009,,,,
"Martin Luther King, Jr. Charter School of Excellence (District)",Expenditure,Teachers,2024,6259.0,2019,6787.0,2014,,2009,,-0.016067240352017564,,
"Martin Luther King, Jr. Charter School of Excellence (District)",Expenditure,"Insurance, Retirement and Other",2024,2210.0,2019,4194.0,2014,,2009,,-0.12026317909255424,,
"Martin Luther King, Jr. Charter School of Excellence (District)",Expenditure,Pupil Services,2024,461.0,2019,2456.0,2014,,2009,,-0.28436015564707573,,
"Martin Luther King, Jr. Charter School of Excellence (District)",Expenditure,Other Teaching Services,2024,3783.0,2019,743.0,2014,,2009,,0.38474404289028996,,
"Martin Luther King, Jr. Charter School of Excellence (District)",Expenditure,Operations and Maintenance,2024,1197.0,2019,1174.0,2014,,2009,,0.00388787930445611,,
"Martin Luther King, Jr. Charter School of Excellence (District)",Expenditure,Instructional Leadership,2024,2009.0,2019,882.0,2014,,2009,,0.1789686864191824,,
"Martin Luther King, Jr. Charter School of Excellence (District)",Expenditure,Administration,2024,2501.0,2019,1006.0,2014,,2009,,0.19978421050401285,,
"Martin Luther King, Jr. Charter School of Excellence (District)",Expenditure,"Guidance, Counseling and Testing",2024,667.0,2019,318.0,2014,,2009,,0.15968420690306417,,
"Martin Luther King, Jr. Charter School of Excellence (District)",Expenditure,Other,2024,1361.0,2019,593.0,2014,,2009,,0.1807574280468245,,
"Martin Luther King, Jr. Charter School of Excellence (District)",Expenditure,Total PPE,2024,20448.0,2019,18153.0,2014,,2009,,0.024095565941412822,,
"Martin Luther King, Jr. Charter School of Excellence (District)",Enrollment,In-District FTE Pupils,2024,357.4,2019,369.7,2014,,2009,,-0.006744406353869081,,
"Martin Luther King, Jr. Charter School of Excellence (District)",Enrollment,Out-of-District FTE Pupils,2024,0.0,2019,0.0,2014,,2009,,,,
Masconomet,Expenditure,Teachers,2024,9622.0,2019,7375.0,2014,5479.0,2009,4139.0,0.05463132218642097,0.057928715034472944,0.05785139169447007
Masconomet,Expenditure,"Insurance, Retirement and Other",2024,4457.0,2019,3185.0,2014,2302.0,2009,2088.0,0.06951440781039953,0.06830123751598416,0.05185080256013874
Masconomet,Expenditure,Pupil Services,2024,3105.0,2019,2140.0,2014,1361.0,2009,1233.0,0.07728240390506613,0.08597630119719879,0.06350589580020416
Masconomet,Expenditure,Other Teaching Services,2024,1341.0,2019,984.0,2014,636.0,2009,539.0,0.06386552562985792,0.0774501010512092,0.06264776755422874
Masconomet,Expenditure,Operations and Maintenance,2024,2295.0,2019,1510.0,2014,1081.0,2009,983.0,0.08732944395593978,0.07819099324013057,0.05815335063605209
Masconomet,Expenditure,Instructional Leadership,2024,1567.0,2019,1145.0,2014,911.0,2009,806.0,0.06476238891996533,0.055735345951423376,0.045319206971727866
Masconomet,Expenditure,Administration,2024,1112.0,2019,724.0,2014,465.0,2009,407.0,0.08961542892352647,0.09110157690621445,0.0693027700367026
Masconomet,Expenditure,"Guidance, Counseling and Testing",2024,975.0,2019,752.0,2014,579.0,2009,612.0,0.05331278350489055,0.0534953067526327,0.031533997806447056
Masconomet,Expenditure,Other,2024,608.0,2019,538.0,2014,517.0,2009,452.0,0.024764945020519624,0.016345347895107,0.01996282458047749
Masconomet,Expenditure,Total PPE,2024,25082.0,2019,18353.0,2014,13331.0,2009,11259.0,0.06446410178383433,0.06524607704209773,0.05485028113236101
Masconomet,Enrollment,In-District FTE Pupils,2024,1514.9,2019,1758.5,2014,2016.7,2009,2144.4,-0.02938205008070849,-0.028205880526528837,-0.022901054766602535
Masconomet,Enrollment,Out-of-District FTE Pupils,2024,80.7,2019,54.1,2014,43.5,2009,48.0,0.08326635313279396,0.06374719469568713,0.0352426437270108
Masconomet,NSS,Ch70 Aid,2024,3379.850588964662,2019,2787.8109425785483,2014,2305.496653919694,2009,2364.1867103416002,0.039266280777809914,0.038994624392275634,0.02411261394945341
Masconomet,NSS,Req NSS (minus Ch70),2024,10230.103533787973,2019,8573.283856988082,2014,8327.140057361377,2009,6550.857744501638,0.03596853541815448,0.020794722238243413,0.030161837555293447
Masconomet,NSS,Actual NSS (minus Req NSS),2024,9776.613714188466,2019,5679.842551462622,2014,1579.9952198852773,2009,1517.6906878802058,0.11473190617888118,0.19992269711143273,0.13222744814440834
Masconomet,NSS,Total Actual NSS per pupil,2024,23386.567836941103,2019,17040.937351029253,2014,12212.631931166348,2009,10432.735142723444,0.06535562216269097,0.06712605108994962,0.05528853671768852
Masconomet,Enrollment,Foundation Enrollment,2024,1613.0,2019,1846.0,2014,2092.0,2009,2137.0,-0.026624223540916203,-0.02566732158112095,-0.01857905325240672
Mashpee,Expenditure,Teachers,2024,8192.0,2019,6694.0,2014,5580.0,2009,5554.0,0.041216033524068774,0.03914361746412576,0.02624787584566257
Mashpee,Expenditure,"Insurance, Retirement and Other",2024,4385.0,2019,3302.0,2014,2676.0,2009,2194.0,0.0583723996657155,0.05062649522437557,0.047246373120929386
Mashpee,Expenditure,Pupil Services,2024,2865.0,2019,1818.0,2014,1507.0,2009,1405.0,0.09523206342426671,0.06635334940076754,0.04864837163807367
Mashpee,Expenditure,Other Teaching Services,2024,1735.0,2019,1394.0,2014,1459.0,2009,1141.0,0.04473787874103974,0.017476573401787876,0.028334143124232325
Mashpee,Expenditure,Operations and Maintenance,2024,2552.0,2019,1873.0,2014,1246.0,2009,1176.0,0.06382104757423046,0.07432643650776738,0.05300772334306658
Mashpee,Expenditure,Instructional Leadership,2024,1153.0,2019,962.0,2014,999.0,2009,808.0,0.036885609315830514,0.014440038611613915,0.023987204345809143
Mashpee,Expenditure,Administration,2024,1004.0,2019,822.0,2014,496.0,2009,446.0,0.04081221159375459,0.07306295873150659,0.05558511357817997
Mashpee,Expenditure,"Guidance, Counseling and Testing",2024,959.0,2019,758.0,2014,636.0,2009,635.0,0.0481655467168014,0.04192425750470585,0.02786558548634721
Mashpee,Expenditure,Other,2024,1543.0,2019,701.0,2014,884.0,2009,688.0,0.1709263563109138,0.057283284447731564,0.05532242283093147
Mashpee,Expenditure,Total PPE,2024,24388.0,2019,18324.0,2014,15483.0,2009,14047.0,0.058842051112395044,0.04648283033796874,0.037463533301352436
Mashpee,Enrollment,In-District FTE Pupils,2024,1435.5,2019,1614.6,2014,1681.0,2009,1785.5,-0.023240486831607954,-0.015663593059798253,-0.014440407091574348
Mashpee,Enrollment,Out-of-District FTE Pupils,2024,158.0,2019,177.5,2014,137.3,2009,69.4,-0.023006338988299957,0.014141733496892961,0.056379199259298574
Mashpee,NSS,Ch70 Aid,2024,3416.5021097046415,2019,2780.5911568746214,2014,2408.7672991071427,2009,2202.2689688715955,0.04205084763810918,0.03556814971002553,0.029708004861166648
Mashpee,NSS,Req NSS (minus Ch70),2024,11620.502812939521,2019,8709.529981829195,2014,8435.663504464286,2009,6646.903696498054,0.059366024490488334,0.03254875471869445,0.037943473026676555
Mashpee,NSS,Actual NSS (minus Req NSS),2024,8928.030341932516,2019,5449.331964448338,2014,3186.9710787627723,2009,2350.5549631340045,0.1037798929647955,0.10850524795777083,0.09304745263624992
Mashpee,NSS,Total Actual NSS per pupil,2024,23965.035264576676,2019,16939.453103152155,2014,14031.401882334201,2009,11199.727628503653,0.07185425789690902,0.05498843994023028,0.052021722639790546
Mashpee,Enrollment,Foundation Enrollment,2024,1422.0,2019,1651.0,2014,1792.0,2009,2056.0,-0.029421862227955398,-0.022861423609307874,-0.02428024273282714
Match Charter Public School (District),Expenditure,Teachers,2024,8598.0,2019,6062.0,2014,,2009,,0.07239875656153072,,
Match Charter Public School (District),Expenditure,"Insurance, Retirement and Other",2024,3805.0,2019,4236.0,2014,,2009,,-0.021232045261624588,,
Match Charter Public School (District),Expenditure,Pupil Services,2024,2646.0,2019,2157.0,2014,,2009,,0.04171265219927567,,
Match Charter Public School (District),Expenditure,Other Teaching Services,2024,3280.0,2019,1266.0,2014,,2009,,0.20972882114479074,,
Match Charter Public School (District),Expenditure,Operations and Maintenance,2024,2183.0,2019,1505.0,2014,,2009,,0.07721761658461279,,
Match Charter Public School (District),Expenditure,Instructional Leadership,2024,4990.0,2019,2913.0,2014,,2009,,0.1136584385387438,,
Match Charter Public School (District),Expenditure,Administration,2024,2865.0,2019,1514.0,2014,,2009,,0.1360560274603806,,
Match Charter Public School (District),Expenditure,"Guidance, Counseling and Testing",2024,2388.0,2019,887.0,2014,,2009,,0.21905174513885495,,
Match Charter Public School (District),Expenditure,Other,2024,1683.0,2019,1090.0,2014,,2009,,0.09076582773933106,,
Match Charter Public School (District),Expenditure,Total PPE,2024,32438.0,2019,21630.0,2014,,2009,,0.08442497226034762,,
Match Charter Public School (District),Enrollment,In-District FTE Pupils,2024,1157.6,2019,1220.3,2014,,2009,,-0.01049411525243038,,
Match Charter Public School (District),Enrollment,Out-of-District FTE Pupils,2024,0.0,2019,0.0,2014,,2009,,,,
Mattapoisett,Expenditure,Teachers,2024,9981.0,2019,7478.0,2014,5534.0,2009,4467.0,0.05944330036556611,0.06075109823076352,0.05506011838495484
Mattapoisett,Expenditure,"Insurance, Retirement and Other",2024,4779.0,2019,4401.0,2014,3220.0,2009,2362.0,0.016616449049180915,0.04027489048753763,0.04810262611642657
Mattapoisett,Expenditure,Pupil Services,2024,1779.0,2019,1162.0,2014,928.0,2009,746.0,0.08891495906350233,0.06724172759804348,0.05965007867233152
Mattapoisett,Expenditure,Other Teaching Services,2024,2238.0,2019,1755.0,2014,1398.0,2009,1380.0,0.049824230459710295,0.048178605640715855,0.03275839293857885
Mattapoisett,Expenditure,Operations and Maintenance,2024,2686.0,2019,1465.0,2014,1136.0,2009,1110.0,0.1288953306998053,0.08986515521924665,0.06068282173754613
Mattapoisett,Expenditure,Instructional Leadership,2024,1391.0,2019,1401.0,2014,882.0,2009,838.0,-0.0014316450997120533,0.046612348524965874,0.03436116689167612
Mattapoisett,Expenditure,Administration,2024,803.0,2019,629.0,2014,473.0,2009,404.0,0.05005725520479487,0.05435154909179718,0.046860818116462255
Mattapoisett,Expenditure,"Guidance, Counseling and Testing",2024,1221.0,2019,681.0,2014,496.0,2009,497.0,0.12386387174765989,0.09426724294404898,0.06175411215477178
Mattapoisett,Expenditure,Other,2024,1022.0,2019,282.0,2014,231.0,2009,442.0,0.29372019484487777,0.16033633380023948,0.05747126526801338
Mattapoisett,Expenditure,Total PPE,2024,25900.0,2019,19254.0,2014,14298.0,2009,12246.0,0.06109864346148486,0.06121272052637883,0.05120407056449694
Mattapoisett,Enrollment,In-District FTE Pupils,2024,389.1,2019,443.9,2014,507.5,2009,519.3,-0.026008387107395836,-0.02621626023934498,-0.01905905962850396
Mattapoisett,Enrollment,Out-of-District FTE Pupils,2024,9.6,2019,17.8,2014,13.9,2009,9.6,-0.11616693242805176,-0.03633598199873489,0.0
Mattapoisett,NSS,Ch70 Aid,2024,2428.0700483091787,2019,1848.7807606263982,2014,1253.002462153518,2009,1232.1553145336225,0.056027334503636395,0.0683927412654115,0.04626022934161078
Mattapoisett,NSS,Req NSS (minus Ch70),2024,9953.876811594202,2019,8023.890380313199,2014,7833.356076759062,2009,6924.904555314533,0.04405037801530565,0.024246383814775063,0.024484120699949097
Mattapoisett,NSS,Actual NSS (minus Req NSS),2024,9781.93484299517,2019,8977.673646532441,2014,5797.016727611941,2009,5078.122342733189,0.017307368890639108,0.053712231108298036,0.044675573985895944
Mattapoisett,NSS,Total Actual NSS per pupil,2024,22163.88170289855,2019,18850.344787472037,2014,14883.375266524521,2009,13235.182212581345,0.03291671424329423,0.04062544077352759,0.034969917114390014
Mattapoisett,Enrollment,Foundation Enrollment,2024,414.0,2019,447.0,2014,469.0,2009,461.0,-0.01522148814662505,-0.012396205585102571,-0.00714317002466891
Maynard,Expenditure,Teachers,2024,8419.0,2019,7378.0,2014,4978.0,2009,4577.0,0.02674919665230191,0.05395134334154461,0.04146650373932781
Maynard,Expenditure,"Insurance, Retirement and Other",2024,4421.0,2019,3386.0,2014,2658.0,2009,2144.0,0.05479172062211579,0.05219577557356203,0.04942896996685553
Maynard,Expenditure,Pupil Services,2024,2147.0,2019,1244.0,2014,1080.0,2009,1120.0,0.1153273005332962,0.07112665999750556,0.04433764881028179
Maynard,Expenditure,Other Teaching Services,2024,2331.0,2019,1955.0,2014,1408.0,2009,1247.0,0.035807621771344555,0.05170505625755184,0.04258559783699467
Maynard,Expenditure,Operations and Maintenance,2024,1780.0,2019,1803.0,2014,1145.0,2009,1246.0,-0.0025644222205039036,0.045108672392267124,0.02406328820576542
Maynard,Expenditure,Instructional Leadership,2024,1428.0,2019,1129.0,2014,1092.0,2009,1394.0,0.04810997225356228,0.02718946581592463,0.0016077945565557972
Maynard,Expenditure,Administration,2024,1217.0,2019,871.0,2014,766.0,2009,809.0,0.06918900648264703,0.04738459229524383,0.02759694338266727
Maynard,Expenditure,"Guidance, Counseling and Testing",2024,1215.0,2019,770.0,2014,529.0,2009,426.0,0.09551192801354236,0.08670598915161065,0.07236947984524744
Maynard,Expenditure,Other,2024,945.0,2019,362.0,2014,527.0,2009,466.0,0.21155922181978593,0.06013731045024162,0.04826171861557427
Maynard,Expenditure,Total PPE,2024,23903.0,2019,18898.0,2014,14183.0,2009,13429.0,0.048111083033209434,0.05358221488595505,0.0391875041010985
Maynard,Enrollment,In-District FTE Pupils,2024,1218.4,2019,1348.5,2014,1391.1,2009,1247.8,-0.02008639385626687,-0.013168158925340845,-0.0015883025167406917
Maynard,Enrollment,Out-of-District FTE Pupils,2024,166.4,2019,144.1,2014,94.3,2009,89.0,0.029195475287425943,0.05843492783574766,0.042599600918996394
Maynard,NSS,Ch70 Aid,2024,4567.11129032258,2019,3825.793909348442,2014,3034.701774434377,2009,2440.6604338070306,0.0360578475749449,0.04172373067914026,0.04265896623842025
Maynard,NSS,Req NSS (minus Ch70),2024,9762.624193548387,2019,6950.406515580737,2014,6996.542232277527,2009,6230.869857890801,0.07031416491862008,0.03387566024103261,0.030388950320538344
Maynard,NSS,Actual NSS (minus Req NSS),2024,8325.611884112903,2019,6099.682064145555,2014,3131.9088048801727,2009,2089.915838399831,0.06419641741269277,0.10270845712886634,0.09652656509307445
Maynard,NSS,Total Actual NSS per pupil,2024,22655.34736798387,2019,16875.882489074735,2014,13163.152811592077,2009,10761.446130097662,0.06067137045249593,0.05579859624359984,0.05088051426671214
Maynard,Enrollment,Foundation Enrollment,2024,1240.0,2019,1412.0,2014,1326.0,2009,1337.0,-0.025644597135179747,-0.006683119173864438,-0.005008543109587205
Medfield,Expenditure,Teachers,2024,9100.0,2019,7267.0,2014,5615.0,2009,4407.0,0.046013395930515566,0.049467909146931666,0.04952605055645232
Medfield,Expenditure,"Insurance, Retirement and Other",2024,2252.0,2019,1954.0,2014,1496.0,2009,1068.0,0.028794811599944126,0.041750408107819714,0.05099296472184078
Medfield,Expenditure,Pupil Services,2024,2063.0,2019,1622.0,2014,1145.0,2009,942.0,0.04927584591398326,0.060643351837010195,0.05365044524298468
Medfield,Expenditure,Other Teaching Services,2024,1721.0,2019,1368.0,2014,959.0,2009,783.0,0.046981371645848036,0.06022057079499055,0.053904536406695236
Medfield,Expenditure,Operations and Maintenance,2024,1668.0,2019,1339.0,2014,1062.0,2009,1008.0,0.044920125372788444,0.046181781796399646,0.034147217129496754
Medfield,Expenditure,Instructional Leadership,2024,1428.0,2019,968.0,2014,774.0,2009,615.0,0.0808628000447984,0.06316023548380234,0.05776746823831558
Medfield,Expenditure,Administration,2024,510.0,2019,463.0,2014,549.0,2009,389.0,0.019524899852355615,-0.00734168874505825,0.018219410118604173
Medfield,Expenditure,"Guidance, Counseling and Testing",2024,830.0,2019,593.0,2014,380.0,2009,357.0,0.06955883568841426,0.0812582884002111,0.05785787905856887
Medfield,Expenditure,Other,2024,535.0,2019,438.0,2014,543.0,2009,471.0,0.0408207319930145,-0.0014831563386934477,0.00853008579872605
Medfield,Expenditure,Total PPE,2024,20107.0,2019,16012.0,2014,12523.0,2009,10040.0,0.04659905748130533,0.048489027081663805,0.04738794490952891
Medfield,Enrollment,In-District FTE Pupils,2024,2486.0,2019,2578.1,2014,2656.4,2009,2993.8,-0.007249137415390794,-0.006607755096537993,-0.012314777487429152
Medfield,Enrollment,Out-of-District FTE Pupils,2024,21.3,2019,35.7,2014,31.9,2009,31.8,-0.09813345392021444,-0.03958509358555151,-0.026363531989167077
Medfield,NSS,Ch70 Aid,2024,2741.283065512979,2019,2473.3853503184714,2014,2149.780867630701,2009,2060.615306122449,0.020780628548323188,0.024603815897966008,0.01921028478884157
Medfield,NSS,Req NSS (minus Ch70),2024,9826.535640708695,2019,8153.875796178344,2014,8010.116796440489,2009,6023.869387755102,0.03802369762529767,0.020648398619136143,0.033161765624343253
Medfield,NSS,Actual NSS (minus Req NSS),2024,6026.035393489905,2019,4667.573289616674,2014,1293.0168303184842,2009,1453.400680272109,0.05241760991649813,0.16638721343796137,0.09945237374872451
Medfield,NSS,Total Actual NSS per pupil,2024,18593.854099711578,2019,15294.83443611349,2014,11452.914494389674,2009,9537.88537414966,0.039836188517748505,0.0496520058918124,0.045509109904675604
Medfield,Enrollment,Foundation Enrollment,2024,2427.0,2019,2512.0,2014,2697.0,2009,2940.0,-0.006861019364303389,-0.010492972349921525,-0.01270221412539152
Medford,Expenditure,Teachers,2024,9506.0,2019,7439.0,2014,5887.0,2009,4756.0,0.050259576568870035,0.049084275220125706,0.04725006888728167
Medford,Expenditure,"Insurance, Retirement and Other",2024,3773.0,2019,3296.0,2014,2781.0,2009,2954.0,0.027400849388875548,0.030976062043798658,0.016447817318199887
Medford,Expenditure,Pupil Services,2024,2034.0,2019,1461.0,2014,957.0,2009,821.0,0.06841541789024164,0.07831066617545512,0.06234893315066303
Medford,Expenditure,Other Teaching Services,2024,1486.0,2019,1783.0,2014,915.0,2009,875.0,-0.03578586617695034,0.04968688611746774,0.035938683140606775
Medford,Expenditure,Operations and Maintenance,2024,1614.0,2019,1380.0,2014,1080.0,2009,1183.0,0.0318222502921941,0.040993403452002974,0.020926755890835702
Medford,Expenditure,Instructional Leadership,2024,1666.0,2019,1358.0,2014,1189.0,2009,1124.0,0.04172969815837968,0.03430664353914392,0.026582631793597544
Medford,Expenditure,Administration,2024,512.0,2019,428.0,2014,443.0,2009,389.0,0.03649029114773783,0.014580762705856287,0.0184851253337186
Medford,Expenditure,"Guidance, Counseling and Testing",2024,678.0,2019,549.0,2014,407.0,2009,295.0,0.043113268928052007,0.05235805224124923,0.057045897929211664
Medford,Expenditure,Other,2024,1371.0,2019,372.0,2014,434.0,2009,377.0,0.2980723613321008,0.12190161326801507,0.08988265317465349
Medford,Expenditure,Total PPE,2024,22640.0,2019,18066.0,2014,14093.0,2009,12774.0,0.04617149663486142,0.04854553939135542,0.03889096034743522
Medford,Enrollment,In-District FTE Pupils,2024,4159.7,2019,4243.0,2014,4541.5,2009,4807.9,-0.003957669687019494,-0.008742995539200882,-0.009608041109637755
Medford,Enrollment,Out-of-District FTE Pupils,2024,464.3,2019,502.1,2014,440.0,2009,424.0,-0.015531799525573708,0.0053900913643354365,0.0060715200634180455
Medford,NSS,Ch70 Aid,2024,3818.2276815091027,2019,2573.368917470525,2014,2216.105315351051,2009,2263.384499128076,0.08211135474129128,0.05591058293745843,0.035476464760586746
Medford,NSS,Req NSS (minus Ch70),2024,11950.199166483879,2019,9816.974705251876,2014,8947.418484728283,2009,7006.608796744817,0.04011053271444576,0.029361069785980742,0.036233953129703345
Medford,NSS,Actual NSS (minus Req NSS),2024,3891.574746420268,2019,3709.2812639599542,2014,1452.885697362171,2009,2114.124505565191,0.009641334346604857,0.10354333671403415,0.041516899350925396
Medford,NSS,Total Actual NSS per pupil,2024,19660.00159441325,2019,16099.624886682355,2014,12616.409497441506,2009,11384.117801438084,0.040767107489222854,0.04535735013254216,0.03709596485212585
Medford,Enrollment,Foundation Enrollment,2024,4559.0,2019,4665.0,2014,5042.0,2009,5161.0,-0.004586357009765285,-0.01001942054045546,-0.00823438074806171
Medway,Expenditure,Teachers,2024,6650.0,2019,5896.0,2014,5093.0,2009,4228.0,0.02436052511006226,0.027033942633715613,0.030652935241367363
Medway,Expenditure,"Insurance, Retirement and Other",2024,3187.0,2019,2527.0,2014,1571.0,2009,1350.0,0.047503214354708945,0.07329866171468802,0.0589364226334439
Medway,Expenditure,Pupil Services,2024,1916.0,2019,1286.0,2014,865.0,2009,732.0,0.08300611109144329,0.08277430156491894,0.06624979721442537
Medway,Expenditure,Other Teaching Services,2024,1185.0,2019,1162.0,2014,979.0,2009,820.0,0.003927716571949125,0.01928014821645485,0.024849986816393388
Medway,Expenditure,Operations and Maintenance,2024,1707.0,2019,1446.0,2014,1249.0,2009,1058.0,0.0337441041884492,0.03173249301868375,0.032404424011510224
Medway,Expenditure,Instructional Leadership,2024,1074.0,2019,1297.0,2014,965.0,2009,644.0,-0.037029770362718484,0.010759185570195617,0.03468438335853352
Medway,Expenditure,Administration,2024,526.0,2019,424.0,2014,297.0,2009,270.0,0.04405644229617356,0.05882193435202154,0.04546171138536814
Medway,Expenditure,"Guidance, Counseling and Testing",2024,874.0,2019,638.0,2014,394.0,2009,288.0,0.06497190492589566,0.08293283292502873,0.07681541248471402
Medway,Expenditure,Other,2024,1015.0,2019,335.0,2014,499.0,2009,353.0,0.24820019773032187,0.0735852835540356,0.07294984770814228
Medway,Expenditure,Total PPE,2024,18134.0,2019,15011.0,2014,11912.0,2009,9743.0,0.03852462143944391,0.04291975191958919,0.042285574968944584
Medway,Enrollment,In-District FTE Pupils,2024,2180.4,2019,2216.4,2014,2434.6,2009,2739.4,-0.0032698248014565445,-0.010966833545590027,-0.01510020256195832
Medway,Enrollment,Out-of-District FTE Pupils,2024,102.8,2019,102.1,2014,101.4,2009,80.1,0.0013674596916077864,0.001372166746883341,0.01677308129148747
Medway,NSS,Ch70 Aid,2024,5103.089150943396,2019,4747.4290263876255,2014,4154.675340768277,2009,3419.947017413857,0.0145534568133312,0.02077401565138115,0.02704053642583637
Medway,NSS,Req NSS (minus Ch70),2024,9103.13679245283,2019,7048.548680618745,2014,5818.196199917389,2009,4722.97332345313,0.05249071467443445,0.04577985248643546,0.04471630239188751
Medway,NSS,Actual NSS (minus Req NSS),2024,2915.136893435536,2019,2562.7790349716147,2014,1386.1077951421528,2009,1105.2399407187852,0.026099694379160265,0.07717482492995775,0.06679300382204656
Medway,NSS,Total Actual NSS per pupil,2024,17121.36283683176,2019,14358.756741977984,2014,11358.979335827818,2009,9248.160281585773,0.035820015049341514,0.041885279732587044,0.04191478033807594
Medway,Enrollment,Foundation Enrollment,2024,2120.0,2019,2198.0,2014,2421.0,2009,2699.0,-0.007200306147467028,-0.013188715483019808,-0.015968807781705174
Melrose,Expenditure,Teachers,2024,6202.0,2019,4594.0,2014,4169.0,2009,3604.0,0.06186218307430136,0.040518932409367325,0.03685127321846804
Melrose,Expenditure,"Insurance, Retirement and Other",2024,2848.0,2019,2225.0,2014,2231.0,2009,1816.0,0.05061112176150684,0.02471723660973013,0.030453209021389815
Melrose,Expenditure,Pupil Services,2024,1287.0,2019,941.0,2014,1413.0,2009,665.0,0.06462775644868657,-0.009296634096666923,0.04500201237158086
Melrose,Expenditure,Other Teaching Services,2024,1623.0,2019,1125.0,2014,857.0,2009,814.0,0.07605185243647306,0.06594247928374553,0.04707938118748611
Melrose,Expenditure,Operations and Maintenance,2024,1217.0,2019,896.0,2014,874.0,2009,951.0,0.06315482302487818,0.03366048565100499,0.016577915620272332
Melrose,Expenditure,Instructional Leadership,2024,1126.0,2019,806.0,2014,744.0,2009,699.0,0.06915499613368703,0.04230913853405105,0.032295611297691984
Melrose,Expenditure,Administration,2024,542.0,2019,503.0,2014,417.0,2009,362.0,0.015047253180742626,0.026564692568602055,0.027273411834831895
Melrose,Expenditure,"Guidance, Counseling and Testing",2024,531.0,2019,322.0,2014,271.0,2009,213.0,0.10521744137881783,0.06957815175062443,0.06279049379104884
Melrose,Expenditure,Other,2024,481.0,2019,360.0,2014,396.0,2009,358.0,0.05966481698892312,0.019635597269053617,0.01988405803981963
Melrose,Expenditure,Total PPE,2024,15857.0,2019,11772.0,2014,11372.0,2009,9482.0,0.06138795440488809,0.033804498241129854,0.034875419578080935
Melrose,Enrollment,In-District FTE Pupils,2024,3911.4,2019,3949.0,2014,3672.4,2009,3672.4,-0.0019115738366405344,0.0063249150201907245,0.0042121775126320316
Melrose,Enrollment,Out-of-District FTE Pupils,2024,346.0,2019,287.1,2014,306.2,2009,278.3,0.03802683559734388,0.012294998805797652,0.014621808335537834
Melrose,NSS,Ch70 Aid,2024,3018.3057607090104,2019,2168.441632231405,2014,2092.616275936405,2009,2122.6397410638897,0.06837348019911516,0.03730713075991021,0.02374657725496232
Melrose,NSS,Req NSS (minus Ch70),2024,9618.424667651403,2019,8350.218233471074,2014,7384.223389921854,2009,6171.0410920349,0.028682198555304073,0.02678593757493175,0.03002958913013365
Melrose,NSS,Actual NSS (minus Req NSS),2024,1500.5034465780404,2019,319.61569992495384,2014,392.0122273742382,2009,411.93560328121623,0.36245378143186646,0.14365159074200884,0.09000170649062467
Melrose,NSS,Total Actual NSS per pupil,2024,14137.233874938454,2019,10838.275565627433,2014,9868.851893232497,2009,8705.616436380005,0.054583205406183444,0.036596602618650165,0.03285096816015143
Melrose,Enrollment,Foundation Enrollment,2024,4062.0,2019,3872.0,2014,3711.0,2009,3553.0,0.009626902103437196,0.009078368780414126,0.008965494508494487
Mendon-Upton,Expenditure,Teachers,2024,7080.0,2019,5768.0,2014,4960.0,2009,4037.0,0.04184137613328143,0.03622760608105713,0.03816161497210557
Mendon-Upton,Expenditure,"Insurance, Retirement and Other",2024,3434.0,2019,2728.0,2014,1944.0,2009,1339.0,0.04710729432037386,0.05854762727436369,0.06479984910257275
Mendon-Upton,Expenditure,Pupil Services,2024,2984.0,2019,2094.0,2014,1539.0,2009,1235.0,0.07340701277915462,0.06845446894906848,0.06057680326640513
Mendon-Upton,Expenditure,Other Teaching Services,2024,1689.0,2019,1412.0,2014,832.0,2009,711.0,0.03647538015991447,0.07337291506570254,0.05937731743509467
Mendon-Upton,Expenditure,Operations and Maintenance,2024,2015.0,2019,1537.0,2014,1057.0,2009,904.0,0.055650691679506314,0.06664525644259234,0.05488983632686972
Mendon-Upton,Expenditure,Instructional Leadership,2024,1123.0,2019,806.0,2014,639.0,2009,569.0,0.06858467842134175,0.05800541337663123,0.04636811980290845
Mendon-Upton,Expenditure,Administration,2024,568.0,2019,412.0,2014,382.0,2009,236.0,0.06632655315442126,0.040467447592599015,0.06030079942771627
Mendon-Upton,Expenditure,"Guidance, Counseling and Testing",2024,560.0,2019,396.0,2014,312.0,2009,270.0,0.07176252668612704,0.060237945258657666,0.0498363781032094
Mendon-Upton,Expenditure,Other,2024,872.0,2019,401.0,2014,613.0,2009,727.0,0.1680849341080246,0.035870823992516065,0.01219799243203279
Mendon-Upton,Expenditure,Total PPE,2024,20325.0,2019,15554.0,2014,12278.0,2009,10028.0,0.05496412649984839,0.05169617045072239,0.048224763273206905
Mendon-Upton,Enrollment,In-District FTE Pupils,2024,2073.5,2019,2288.6,2014,2389.6,2009,2848.2,-0.01954688824562112,-0.014088612119218524,-0.020940910236135202
Mendon-Upton,Enrollment,Out-of-District FTE Pupils,2024,87.5,2019,105.8,2014,126.1,2009,88.6,-0.037270062466009946,-0.035883985827531495,-0.000832524209091634
Mendon-Upton,NSS,Ch70 Aid,2024,6300.28938271605,2019,5693.207356321839,2014,4975.085300207039,2009,4720.441685477803,0.020471074833490643,0.023896354296564892,0.01943261517807926
Mendon-Upton,NSS,Req NSS (minus Ch70),2024,9311.807901234568,2019,6797.297471264368,2014,4911.046376811594,2009,3058.6693002257334,0.06497532707238207,0.06607067534009103,0.0770439666814855
Mendon-Upton,NSS,Actual NSS (minus Req NSS),2024,2158.574753283954,2019,2001.9851080459766,2014,857.0144927536232,2009,1231.7355154251318,0.01517578534215569,0.09677588429858819,0.03810984235464354
Mendon-Upton,NSS,Total Actual NSS per pupil,2024,17770.672037234574,2019,14492.489935632184,2014,10743.146169772257,2009,9010.846501128668,0.041626856534141554,0.051616124907515104,0.04631523915804059
Mendon-Upton,Enrollment,Foundation Enrollment,2024,2025.0,2019,2175.0,2014,2415.0,2009,2658.0,-0.014190149921543771,-0.017458757140493497,-0.017970192595076817
Methuen,Expenditure,Teachers,2024,6954.0,2019,5434.0,2014,5055.0,2009,4404.0,0.05056519942888271,0.03240797970750786,0.030922041422094537
Methuen,Expenditure,"Insurance, Retirement and Other",2024,2535.0,2019,1989.0,2014,1583.0,2009,1448.0,0.04970831195077574,0.048213394224688955,0.03803969193602019
Methuen,Expenditure,Pupil Services,2024,2121.0,2019,1630.0,2014,1320.0,2009,1063.0,0.05407281497849348,0.04856817834825122,0.04712973817072941
Methuen,Expenditure,Other Teaching Services,2024,2040.0,2019,952.0,2014,901.0,2009,793.0,0.1646586157796568,0.08515190621754609,0.06501845148240104
Methuen,Expenditure,Operations and Maintenance,2024,1379.0,2019,1012.0,2014,930.0,2009,941.0,0.06384106588009653,0.04017912007500124,0.02580538878859806
Methuen,Expenditure,Instructional Leadership,2024,1064.0,2019,827.0,2014,896.0,2009,730.0,0.0516887389107441,0.017333537754854023,0.02543448343151189
Methuen,Expenditure,Administration,2024,408.0,2019,343.0,2014,346.0,2009,292.0,0.035316674321706376,0.016619431380488825,0.022551415190708246
Methuen,Expenditure,"Guidance, Counseling and Testing",2024,746.0,2019,450.0,2014,380.0,2009,333.0,0.10638241072479548,0.06978258340550059,0.05524419790084423
Methuen,Expenditure,Other,2024,766.0,2019,271.0,2014,240.0,2009,258.0,0.23098254770721427,0.12305688013667648,0.07524460187098314
Methuen,Expenditure,Total PPE,2024,18013.0,2019,12908.0,2014,11651.0,2009,10262.0,0.06892053029499023,0.04453328728924677,0.03822210010493077
Methuen,Enrollment,In-District FTE Pupils,2024,6602.6,2019,7004.1,2014,6909.4,2009,7381.9,-0.011737013716347944,-0.004531630285323884,-0.007410244225461993
Methuen,Enrollment,Out-of-District FTE Pupils,2024,489.4,2019,343.3,2014,243.2,2009,200.0,0.07349007207345726,0.0724326794342498,0.06147294993090058
Methuen,NSS,Ch70 Aid,2024,9547.07217712177,2019,6235.838377538684,2014,5642.302456231842,2009,4995.319877021789,0.08891773486627774,0.05400187705549975,0.04412812321038562
Methuen,NSS,Req NSS (minus Ch70),2024,6585.599409594096,2019,5178.643883386804,2014,5296.4391475042075,2009,3436.748830370271,0.04924244920163412,0.022024089227905552,0.04431095636412241
Methuen,NSS,Actual NSS (minus Req NSS),2024,-98.07620554999232,2019,825.42314216411,2014,-803.7610194518916,2009,180.87432426107853,-0.22376386135548715,-0.18970404389001783,-0.1028155989711496
Methuen,NSS,Total Actual NSS per pupil,2024,16034.595381165875,2019,12239.905403089599,2014,10134.980584284158,2009,8612.943031653138,0.055494534480645896,0.046944135274036514,0.042302458256589626
Methuen,Enrollment,Foundation Enrollment,2024,6775.0,2019,7169.0,2014,7132.0,2009,7481.0,-0.011241696166493731,-0.00512207055380598,-0.006586685800468506
Middleborough,Expenditure,Teachers,2024,7377.0,2019,5640.0,2014,4722.0,2009,3900.0,0.055164413829681846,0.04562360781913499,0.04340843937846994
Middleborough,Expenditure,"Insurance, Retirement and Other",2024,3819.0,2019,2661.0,2014,2572.0,2009,2556.0,0.07493191345145167,0.040322207616932504,0.02713119787513829
Middleborough,Expenditure,Pupil Services,2024,2443.0,2019,1807.0,2014,1335.0,2009,1071.0,0.06216763220740873,0.062292756454363385,0.056514835456055845
Middleborough,Expenditure,Other Teaching Services,2024,1682.0,2019,1169.0,2014,858.0,2009,608.0,0.07547989488397167,0.06963072716025209,0.07019149231058974
Middleborough,Expenditure,Operations and Maintenance,2024,1479.0,2019,1147.0,2014,964.0,2009,856.0,0.05215797471044148,0.043732276886255805,0.03712943589920048
Middleborough,Expenditure,Instructional Leadership,2024,981.0,2019,923.0,2014,798.0,2009,581.0,0.012263229265074838,0.020860997279667837,0.03553836080188422
Middleborough,Expenditure,Administration,2024,422.0,2019,348.0,2014,308.0,2009,218.0,0.039313674409561905,0.031991626434344056,0.04501790239635195
Middleborough,Expenditure,"Guidance, Counseling and Testing",2024,629.0,2019,507.0,2014,397.0,2009,341.0,0.044067404028323987,0.047094826595386996,0.04166103207170457
Middleborough,Expenditure,Other,2024,704.0,2019,503.0,2014,495.0,2009,333.0,0.06954961276519667,0.03584970338353988,0.0511754957592192
Middleborough,Expenditure,Total PPE,2024,19536.0,2019,14705.0,2014,12449.0,2009,10464.0,0.0584592035284619,0.046092571177870134,0.042499513659352894
Middleborough,Enrollment,In-District FTE Pupils,2024,2983.6,2019,2976.9,2014,3192.0,2009,3499.1,0.00044972799586595613,-0.006728963895841322,-0.010568765114928325
Middleborough,Enrollment,Out-of-District FTE Pupils,2024,185.6,2019,147.0,2014,102.9,2009,110.3,0.047736629634014704,0.06075786299859809,0.03530146993680283
Middleborough,NSS,Ch70 Aid,2024,7118.540325151419,2019,5901.358957439789,2014,5151.7370293507265,2009,4824.645704660304,0.03821615777355203,0.03286539311339598,0.026270160134717058
Middleborough,NSS,Req NSS (minus Ch70),2024,7014.010838380618,2019,5326.385351369185,2014,4659.294396679514,2009,3508.628579449747,0.05659066616038122,0.04175268397970511,0.047261815927935436
Middleborough,NSS,Actual NSS (minus Req NSS),2024,2993.2957923083945,2019,1991.5419013788207,2014,794.9703526559399,2009,784.3089257992348,0.08490581600453906,0.14177326664414958,0.09339604467463603
Middleborough,NSS,Total Actual NSS per pupil,2024,17125.846955840432,2019,13219.286210187796,2014,10606.00177868618,2009,9117.583209909286,0.05314655297546533,0.049083451231304975,0.04292118206829554
Middleborough,Enrollment,Foundation Enrollment,2024,3137.0,2019,3031.0,2014,3373.0,2009,3562.0,0.006898552367964772,-0.0072273190927913955,-0.008434578032190165
Middleton,Expenditure,Teachers,2024,8620.0,2019,6933.0,2014,5614.0,2009,4930.0,0.04452108963779633,0.04381488516010257,0.03795220642255126
Middleton,Expenditure,"Insurance, Retirement and Other",2024,3436.0,2019,2415.0,2014,1811.0,2009,1523.0,0.0730679013254103,0.06613811647256562,0.05573977389527296
Middleton,Expenditure,Pupil Services,2024,1854.0,2019,1681.0,2014,1412.0,2009,1143.0,0.019784491921944758,0.027608063150185158,0.03277147267307323
Middleton,Expenditure,Other Teaching Services,2024,2685.0,2019,2117.0,2014,1090.0,2009,711.0,0.04868410739009721,0.09433875393063618,0.09262628990736332
Middleton,Expenditure,Operations and Maintenance,2024,1500.0,2019,1399.0,2014,1257.0,2009,727.0,0.01403911815292802,0.0178308221757546,0.04947103457603674
Middleton,Expenditure,Instructional Leadership,2024,1702.0,2019,1362.0,2014,1238.0,2009,808.0,0.04557812748642642,0.03234270001067974,0.050920538448803176
Middleton,Expenditure,Administration,2024,1132.0,2019,762.0,2014,436.0,2009,294.0,0.08237634196125243,0.10010969938040848,0.0940401820033665
Middleton,Expenditure,"Guidance, Counseling and Testing",2024,543.0,2019,417.0,2014,289.0,2009,13.0,0.054223650386337585,0.06509954383392236,0.28249918702612264
Middleton,Expenditure,Other,2024,925.0,2019,848.0,2014,603.0,2009,403.0,0.017534577282156905,0.043716242430693386,0.056953251491293155
Middleton,Expenditure,Total PPE,2024,22397.0,2019,17934.0,2014,13750.0,2009,10552.0,0.04544824262386382,0.049998588329859484,0.051454146030906145
Middleton,Enrollment,In-District FTE Pupils,2024,725.9,2019,705.6,2014,769.4,2009,877.1,0.005688872444978399,-0.00580296995050833,-0.01253469445012112
Middleton,Enrollment,Out-of-District FTE Pupils,2024,9.5,2019,9.7,2014,3.6,2009,13.5,-0.004158148242112358,0.10189981576547447,-0.023154254997628132
Middleton,NSS,Ch70 Aid,2024,2516.601706970128,2019,2520.75191424196,2014,2050.8045515394915,2009,2021.4374209860935,-0.000329500347826861,0.02067862858917824,0.014713906560073875
Middleton,NSS,Req NSS (minus Ch70),2024,9835.551920341393,2019,7944.0428790199085,2014,7411.085676037484,2009,5847.465233881163,0.043641718212777736,0.028706988305671644,0.03527423497563098
Middleton,NSS,Actual NSS (minus Req NSS),2024,9076.633285917495,2019,7744.797100670516,2014,3142.491298527443,2009,3220.1699115044253,0.03224538283473155,0.11189831108996895,0.07152687181984851
Middleton,NSS,Total Actual NSS per pupil,2024,21428.786913229014,2019,18209.591893932382,2014,12604.381526104418,2009,11089.072566371682,0.033093132838292405,0.05450247785618112,0.044897020306558844
Middleton,Enrollment,Foundation Enrollment,2024,703.0,2019,653.0,2014,747.0,2009,791.0,0.014865359044223814,-0.006052439081335681,-0.007831907926474146
Milford,Expenditure,Teachers,2024,9377.0,2019,6550.0,2014,5387.0,2009,4881.0,0.07439634740202306,0.05699198478438938,0.04448852694879557
Milford,Expenditure,"Insurance, Retirement and Other",2024,3694.0,2019,2856.0,2014,2194.0,2009,1629.0,0.05280451217468585,0.05347934921126685,0.05610002714900575
Milford,Expenditure,Pupil Services,2024,1931.0,2019,1355.0,2014,1094.0,2009,1083.0,0.0734173130751492,0.05846498365466313,0.03930636685749045
Milford,Expenditure,Other Teaching Services,2024,1139.0,2019,949.0,2014,853.0,2009,703.0,0.03717371590632701,0.029336728184361727,0.032692984287444826
Milford,Expenditure,Operations and Maintenance,2024,1192.0,2019,935.0,2014,953.0,2009,854.0,0.04976703032178431,0.022629544090694287,0.022479381141910837
Milford,Expenditure,Instructional Leadership,2024,1439.0,2019,785.0,2014,687.0,2009,752.0,0.12885517287570658,0.07673890577905529,0.04421404479488
Milford,Expenditure,Administration,2024,523.0,2019,369.0,2014,342.0,2009,351.0,0.07224755483319378,0.04339213393521013,0.026942919310706248
Milford,Expenditure,"Guidance, Counseling and Testing",2024,808.0,2019,525.0,2014,414.0,2009,360.0,0.09006002026230875,0.06915606019038756,0.05537610581955188
Milford,Expenditure,Other,2024,878.0,2019,384.0,2014,316.0,2009,249.0,0.17986592390134315,0.10759437970867047,0.08764293860878625
Milford,Expenditure,Total PPE,2024,20981.0,2019,14708.0,2014,12240.0,2009,10862.0,0.0736296890275483,0.055369348388618844,0.04486719071034728
Milford,Enrollment,In-District FTE Pupils,2024,4431.5,2019,4276.6,2014,4151.4,2009,4098.1,0.007141343806825962,0.006550612064985195,0.0052279298847870415
Milford,Enrollment,Out-of-District FTE Pupils,2024,482.9,2019,286.7,2014,254.5,2009,201.2,0.10990524187277972,0.06614663832644063,0.06010434678642618
Milford,NSS,Ch70 Aid,2024,9950.114583333334,2019,5858.346804511279,2014,4663.848826018893,2009,3481.299853372434,0.11175886434226157,0.07871908317520826,0.07252093144227811
Milford,NSS,Req NSS (minus Ch70),2024,6086.771258503401,2019,5641.726503759399,2014,5709.279002876318,2009,5159.765151515152,0.01530141271689911,0.0064230421920057346,0.011076003390114275
Milford,NSS,Actual NSS (minus Req NSS),2024,2006.8345171233202,2019,2199.719043187181,2014,828.5742208326837,2009,1019.4721407624634,-0.018186793565121873,0.09249136876226083,0.04618642389663541
Milford,NSS,Total Actual NSS per pupil,2024,18043.720358960054,2019,13699.792351457858,2014,11201.702049727897,2009,9660.53714565005,0.05662874351699898,0.04882784092722958,0.04252942320653541
Milford,Enrollment,Foundation Enrollment,2024,4704.0,2019,4256.0,2014,4172.0,2009,4092.0,0.020218369075211573,0.012074077549347084,0.009335261760750724
Millbury,Expenditure,Teachers,2024,7309.0,2019,6287.0,2014,5529.0,2009,4568.0,0.03058282448040961,0.028303081368537875,0.0318315216769669
Millbury,Expenditure,"Insurance, Retirement and Other",2024,3529.0,2019,3046.0,2014,2647.0,2009,1929.0,0.029874611109402593,0.02917628824552221,0.04108924988531837
Millbury,Expenditure,Pupil Services,2024,1858.0,2019,1672.0,2014,1182.0,2009,966.0,0.02132011934236666,0.046267712450169585,0.04457085814597628
Millbury,Expenditure,Other Teaching Services,2024,2027.0,2019,1147.0,2014,976.0,2009,804.0,0.12061921813595777,0.07582193056454778,0.06358739084659204
Millbury,Expenditure,Operations and Maintenance,2024,1955.0,2019,1456.0,2014,1387.0,2009,1216.0,0.06071101139947421,0.03492059628641586,0.03216123878998478
Millbury,Expenditure,Instructional Leadership,2024,1055.0,2019,877.0,2014,770.0,2009,579.0,0.03764924222737687,0.031991626434344056,0.0408103279162193
Millbury,Expenditure,Administration,2024,524.0,2019,451.0,2014,391.0,2009,355.0,0.03045955121142363,0.029711238982498944,0.026298109543638537
Millbury,Expenditure,"Guidance, Counseling and Testing",2024,560.0,2019,489.0,2014,428.0,2009,358.0,0.027485811825793016,0.027245921859861744,0.030276198132898946
Millbury,Expenditure,Other,2024,1205.0,2019,752.0,2014,486.0,2009,466.0,0.0988890384439205,0.09505284480779519,0.06538540264887538
Millbury,Expenditure,Total PPE,2024,20022.0,2019,16177.0,2014,13796.0,2009,11241.0,0.04357074146606554,0.037947595452113125,0.03923436794482593
Millbury,Enrollment,In-District FTE Pupils,2024,1658.1,2019,1683.8,2014,1726.8,2009,1920.8,-0.0030714285619537485,-0.004051531925833185,-0.009756717846287621
Millbury,Enrollment,Out-of-District FTE Pupils,2024,88.6,2019,83.7,2014,54.7,2009,43.8,0.011443558253813269,0.04940864976534676,0.048086935327576574
Millbury,NSS,Ch70 Aid,2024,5404.614774114774,2019,4181.222348269995,2014,3745.6645447258466,2009,3595.1731266149873,0.052670121310968154,0.03734587997503325,0.027550075950998343
Millbury,NSS,Req NSS (minus Ch70),2024,8291.721611721612,2019,6319.21667612025,2014,5851.011660188785,2009,4705.008785529716,0.0558355804327364,0.035479189009789636,0.03849788946362476
Millbury,NSS,Actual NSS (minus Req NSS),2024,5084.114625172248,2019,4468.906402813857,2014,2915.1897815654074,2009,1832.139442312879,0.0261310161515933,0.0571943904058525,0.07041073012144694
Millbury,NSS,Total Actual NSS per pupil,2024,18780.451011008634,2019,14969.345427204102,2014,12511.86598648004,2009,10132.321354457583,0.0464070126919125,0.04144992576424911,0.041997005337922166
Millbury,Enrollment,Foundation Enrollment,2024,1638.0,2019,1763.0,2014,1801.0,2009,1935.0,-0.014600546625564537,-0.009441752165443074,-0.0110472816845687
Millis,Expenditure,Teachers,2024,8772.0,2019,6980.0,2014,4914.0,2009,4084.0,0.04676366733561288,0.05965952706480637,0.0522869697152204
Millis,Expenditure,"Insurance, Retirement and Other",2024,3351.0,2019,2452.0,2014,1773.0,2009,1291.0,0.06446354446372093,0.06572847366935863,0.06565480058744977
Millis,Expenditure,Pupil Services,2024,2062.0,2019,1344.0,2014,984.0,2009,885.0,0.08937618895172861,0.0767858906142076,0.05800980545030088
Millis,Expenditure,Other Teaching Services,2024,2086.0,2019,1499.0,2014,1302.0,2009,745.0,0.06832289126691715,0.0482631809990115,0.0710519479868712
Millis,Expenditure,Operations and Maintenance,2024,1466.0,2019,1238.0,2014,851.0,2009,878.0,0.03438607434399121,0.055894289240469464,0.03476714347376375
Millis,Expenditure,Instructional Leadership,2024,1139.0,2019,1213.0,2014,752.0,2009,666.0,-0.01251027675288241,0.042390844767381086,0.036422023548794424
Millis,Expenditure,Administration,2024,877.0,2019,701.0,2014,617.0,2009,458.0,0.0458184881249839,0.03578935393557359,0.04426071700692136
Millis,Expenditure,"Guidance, Counseling and Testing",2024,681.0,2019,413.0,2014,274.0,2009,206.0,0.10519627390247677,0.09531656284501233,0.0829755690285372
Millis,Expenditure,Other,2024,688.0,2019,352.0,2014,471.0,2009,324.0,0.14342887420949846,0.03862017184729427,0.05148454865272245
Millis,Expenditure,Total PPE,2024,21122.0,2019,16192.0,2014,11938.0,2009,9537.0,0.054597915616389825,0.05871812064256687,0.05443921802922258
Millis,Enrollment,In-District FTE Pupils,2024,1180.4,2019,1222.2,2014,1400.6,2009,1390.0,-0.006935666352944514,-0.016959279738443356,-0.010837538308797967
Millis,Enrollment,Out-of-District FTE Pupils,2024,44.9,2019,62.3,2014,62.8,2009,64.5,-0.06340537979279315,-0.03299511116804976,-0.02385925328895755
Millis,NSS,Ch70 Aid,2024,4584.042240587695,2019,4075.558198810535,2014,3430.0011441923275,2009,2740.3235972328976,0.023793345390467957,0.029426715029834405,0.03489538602396092
Millis,NSS,Req NSS (minus Ch70),2024,10144.335169880624,2019,7180.146134239592,2014,6097.512322628828,2009,5427.27517294389,0.07156386820556149,0.052221303389451634,0.04258014490351125
Millis,NSS,Actual NSS (minus Req NSS),2024,6823.042766299359,2019,4209.214468571206,2014,1803.0349956630403,2009,1546.8852624786998,0.10142621215527892,0.14234528560815218,0.10399726994891378
Millis,NSS,Total Actual NSS per pupil,2024,21551.42017676768,2019,15464.918801621334,2014,11330.548462484196,2009,9714.484032655488,0.06862578722830603,0.06640579431873284,0.0545578536196365
Millis,Enrollment,Foundation Enrollment,2024,1089.0,2019,1177.0,2014,1339.0,2009,1301.0,-0.015421646397280941,-0.02045423735538332,-0.01178819206087911
Milton,Expenditure,Teachers,2024,7847.0,2019,5944.0,2014,5366.0,2009,4702.0,0.0571216574032305,0.03873627501075272,0.03473244860393798
Milton,Expenditure,"Insurance, Retirement and Other",2024,2905.0,2019,2443.0,2014,2215.0,2009,1801.0,0.03524831892319402,0.027489140710351023,0.032386130912445354
Milton,Expenditure,Pupil Services,2024,1757.0,2019,1165.0,2014,868.0,2009,653.0,0.0856483264499015,0.07306295873150659,0.06821147431406693
Milton,Expenditure,Other Teaching Services,2024,1628.0,2019,1249.0,2014,789.0,2009,518.0,0.05443155077847028,0.07512197748615002,0.07933180827188457
Milton,Expenditure,Operations and Maintenance,2024,1461.0,2019,1210.0,2014,1083.0,2009,1004.0,0.0384198208197688,0.03039128296314475,0.025323945893889643
Milton,Expenditure,Instructional Leadership,2024,1918.0,2019,1195.0,2014,1031.0,2009,647.0,0.0992491526289232,0.06404254619209904,0.07513488779806488
Milton,Expenditure,Administration,2024,614.0,2019,467.0,2014,462.0,2009,417.0,0.05625869762757252,0.028851368448818082,0.026129455516521682
Milton,Expenditure,"Guidance, Counseling and Testing",2024,501.0,2019,446.0,2014,366.0,2009,348.0,0.02352999277000345,0.03189537052396241,0.024591067812879785
Milton,Expenditure,Other,2024,503.0,2019,387.0,2014,419.0,2009,457.0,0.05383205352262732,0.01843987802176561,0.006414269158710573
Milton,Expenditure,Total PPE,2024,19134.0,2019,14506.0,2014,12599.0,2009,10547.0,0.056943127715889164,0.042670219181724534,0.04050727625499739
Milton,Enrollment,In-District FTE Pupils,2024,4324.6,2019,4280.7,2014,3923.9,2009,3899.8,0.0020427040701798127,0.009770784783232234,0.0069167698374175135
Milton,Enrollment,Out-of-District FTE Pupils,2024,79.5,2019,95.7,2014,69.3,2009,72.4,-0.03641276483864864,0.013825917611581362,0.006256203618064893
Milton,NSS,Ch70 Aid,2024,2719.115510013973,2019,2006.7469358327326,2014,1547.8925744773535,2009,1305.3918734660485,0.06264208000820837,0.05795862629019988,0.05013657208153477
Milton,NSS,Req NSS (minus Ch70),2024,9846.668374476014,2019,8060.749579428022,2014,7852.767405063291,2009,7073.6043086992095,0.040837129884899515,0.022884641447961762,0.02229578451711478
Milton,NSS,Actual NSS (minus Req NSS),2024,4307.972034000933,2019,4116.565496550355,2014,2377.863320988259,2009,1391.8790754680376,0.009131049843097871,0.06122775229799848,0.07823003332214351
Milton,NSS,Total Actual NSS per pupil,2024,16873.75591849092,2019,14184.062011811111,2014,11778.523300528905,2009,9770.875257633295,0.035338176568319835,0.03660211768095478,0.03709502975854684
Milton,Enrollment,Foundation Enrollment,2024,4294.0,2019,4161.0,2014,3792.0,2009,3667.0,0.0063124942319543464,0.012510116452211228,0.010578548708735314
Minuteman Regional Vocational Technical,Expenditure,Teachers,2024,13622.0,2019,15279.0,2014,9055.0,2009,10166.0,-0.022697096547766415,0.04168219764507186,0.019700701416098143
Minuteman Regional Vocational Technical,Expenditure,"Insurance, Retirement and Other",2024,5108.0,2019,5522.0,2014,3893.0,2009,3833.0,-0.015465595223877915,0.027535058452094363,0.019328431655883938
Minuteman Regional Vocational Technical,Expenditure,Pupil Services,2024,4407.0,2019,4447.0,2014,3358.0,2009,4109.0,-0.001805473302371352,0.027557742326242307,0.004678543431707816
Minuteman Regional Vocational Technical,Expenditure,Other Teaching Services,2024,1070.0,2019,1242.0,2014,755.0,2009,643.0,-0.02937284708177712,0.035484691247189115,0.03453420321588796
Minuteman Regional Vocational Technical,Expenditure,Operations and Maintenance,2024,2886.0,2019,3110.0,2014,2527.0,2009,3690.0,-0.01483905297969923,0.013372485686817814,-0.01625018421982094
Minuteman Regional Vocational Technical,Expenditure,Instructional Leadership,2024,2684.0,2019,2916.0,2014,1835.0,2009,2036.0,-0.016444212187587626,0.038758628488300584,0.018592128859732604
Minuteman Regional Vocational Technical,Expenditure,Administration,2024,2603.0,2019,2801.0,2014,2100.0,2009,2004.0,-0.01455540489212992,0.02170492615177344,0.017587499792491634
Minuteman Regional Vocational Technical,Expenditure,"Guidance, Counseling and Testing",2024,1983.0,2019,1154.0,2014,879.0,2009,759.0,0.11435452539185165,0.0847593043606023,0.06611829454027274
Minuteman Regional Vocational Technical,Expenditure,Other,2024,2807.0,2019,2417.0,2014,888.0,2009,1559.0,0.030369874392141893,0.12197439202955196,0.03998343015900674
Minuteman Regional Vocational Technical,Expenditure,Total PPE,2024,37170.0,2019,38888.0,2014,25290.0,2009,28799.0,-0.00899603840481944,0.039260385497586814,0.01715626144243587
Minuteman Regional Vocational Technical,Enrollment,In-District FTE Pupils,2024,667.3,2019,519.3,2014,730.2,2009,646.4,0.05143047464889405,-0.008967425571183796,0.002123665971285993
Minuteman Regional Vocational Technical,Enrollment,Out-of-District FTE Pupils,2024,2.0,2019,5.7,2014,1.0,2009,2.0,-0.18898100128286222,0.07177346253629313,0.0
Mohawk Trail,Expenditure,Teachers,2024,7352.0,2019,6605.0,2014,5532.0,2009,4897.0,0.021660341237077052,0.02885064148177996,0.027460243472554158
Mohawk Trail,Expenditure,"Insurance, Retirement and Other",2024,5913.0,2019,4348.0,2014,3479.0,2009,2552.0,0.06341717131340618,0.05447271108489682,0.05761714028325193
Mohawk Trail,Expenditure,Pupil Services,2024,3305.0,2019,2825.0,2014,2071.0,2009,1883.0,0.0318833438253332,0.047850045272575414,0.03821685756078419
Mohawk Trail,Expenditure,Other Teaching Services,2024,3505.0,2019,2683.0,2014,1686.0,2009,1746.0,0.05490528939050199,0.07592759231816792,0.047553596419278366
Mohawk Trail,Expenditure,Operations and Maintenance,2024,1944.0,2019,1623.0,2014,1853.0,2009,1331.0,0.03675359064138539,0.004805686321675218,0.0255760736369679
Mohawk Trail,Expenditure,Instructional Leadership,2024,1580.0,2019,1301.0,2014,1437.0,2009,1151.0,0.03962318928150266,0.009531865595985956,0.021344177850064705
Mohawk Trail,Expenditure,Administration,2024,1273.0,2019,731.0,2014,607.0,2009,561.0,0.11733191857771064,0.07687171817430793,0.05614699936016154
Mohawk Trail,Expenditure,"Guidance, Counseling and Testing",2024,1023.0,2019,541.0,2014,413.0,2009,418.0,0.13588842429040415,0.09494563901291486,0.0614836035613906
Mohawk Trail,Expenditure,Other,2024,1229.0,2019,439.0,2014,574.0,2009,456.0,0.22861969406356608,0.07910573104743879,0.06833093132982393
Mohawk Trail,Expenditure,Total PPE,2024,27124.0,2019,21096.0,2014,17652.0,2009,14995.0,0.05155192749982729,0.0438929911842616,0.04030451742239438
Mohawk Trail,Enrollment,In-District FTE Pupils,2024,804.8,2019,899.4,2014,948.1,2009,1127.5,-0.021981619345064818,-0.016253087993604254,-0.02222687866598061
Mohawk Trail,Enrollment,Out-of-District FTE Pupils,2024,145.8,2019,206.0,2014,136.0,2009,121.1,-0.0667928432693562,0.006982357159512231,0.012451493571957961
Monomoy Regional School District,Expenditure,Teachers,2024,8664.0,2019,7067.0,2014,6615.0,2009,,0.04158968521733408,0.02735102723061167,
Monomoy Regional School District,Expenditure,"Insurance, Retirement and Other",2024,4844.0,2019,3946.0,2014,2544.0,2009,,0.04186011076991347,0.0665192601955591,
Monomoy Regional School District,Expenditure,Pupil Services,2024,2715.0,2019,1709.0,2014,1350.0,2009,,0.09699728883081349,0.07236740888001991,
Monomoy Regional School District,Expenditure,Other Teaching Services,2024,2443.0,2019,1917.0,2014,1630.0,2009,,0.04968809288250342,0.04129452818278545,
Monomoy Regional School District,Expenditure,Operations and Maintenance,2024,2798.0,2019,1640.0,2014,1487.0,2009,,0.11275812084309056,0.06525522770445158,
Monomoy Regional School District,Expenditure,Instructional Leadership,2024,1632.0,2019,888.0,2014,1028.0,2009,,0.1294355091763042,0.04730385946882354,
Monomoy Regional School District,Expenditure,Administration,2024,670.0,2019,750.0,2014,691.0,2009,,-0.022306545052454108,-0.003081453684098623,
Monomoy Regional School District,Expenditure,"Guidance, Counseling and Testing",2024,825.0,2019,507.0,2014,472.0,2009,,0.1022730717589373,0.057428946991590735,
Monomoy Regional School District,Expenditure,Other,2024,1036.0,2019,684.0,2014,348.0,2009,,0.08657755749114981,0.11526494364519446,
Monomoy Regional School District,Expenditure,Total PPE,2024,25627.0,2019,19108.0,2014,16165.0,2009,,0.06046540971655423,0.047157978370140574,
Monomoy Regional School District,Enrollment,In-District FTE Pupils,2024,1731.4,2019,1888.8,2014,1886.5,2009,,-0.017251730343853966,-0.008542595947631959,
Monomoy Regional School District,Enrollment,Out-of-District FTE Pupils,2024,137.8,2019,269.6,2014,276.4,2009,,-0.1256086232657173,-0.06723741380681192,
Monson,Expenditure,Teachers,2024,7413.0,2019,5706.0,2014,4140.0,2009,3548.0,0.053737526037105354,0.05998413685804471,0.0503499665172209
Monson,Expenditure,"Insurance, Retirement and Other",2024,4124.0,2019,2468.0,2014,1813.0,2009,1493.0,0.10814017496266093,0.08565562094631685,0.07008248737433842
Monson,Expenditure,Pupil Services,2024,2779.0,2019,1983.0,2014,1525.0,2009,1168.0,0.06982604473659992,0.061846818876232224,0.05948882483867024
Monson,Expenditure,Other Teaching Services,2024,2059.0,2019,1884.0,2014,1603.0,2009,1073.0,0.01792338031399643,0.025350346283497638,0.04440860566548377
Monson,Expenditure,Operations and Maintenance,2024,1734.0,2019,1602.0,2014,928.0,2009,841.0,0.015961653618387084,0.06451089745302063,0.04942210152793525
Monson,Expenditure,Instructional Leadership,2024,1513.0,2019,1356.0,2014,951.0,2009,739.0,0.022152858966464795,0.04752848433214818,0.04892949919303646
Monson,Expenditure,Administration,2024,840.0,2019,808.0,2014,466.0,2009,305.0,0.0077982155897833305,0.060692106556536896,0.06987234863445257
Monson,Expenditure,"Guidance, Counseling and Testing",2024,716.0,2019,535.0,2014,572.0,2009,275.0,0.0600146025428705,0.02270810874253204,0.06587274021188194
Monson,Expenditure,Other,2024,1497.0,2019,870.0,2014,545.0,2009,697.0,0.11465510540379431,0.10632449919284315,0.05228311438175681
Monson,Expenditure,Total PPE,2024,22675.0,2019,17212.0,2014,12543.0,2009,10139.0,0.05667928015492696,0.06099805398350999,0.05512394292035139
Monson,Enrollment,In-District FTE Pupils,2024,807.8,2019,908.4,2014,1177.2,2009,1466.2,-0.02320068887308635,-0.03695770809721055,-0.03896167106290227
Monson,Enrollment,Out-of-District FTE Pupils,2024,102.3,2019,104.5,2014,62.4,2009,31.6,-0.004246437965933936,0.0506767073378287,0.08146525241024083
Monson,NSS,Ch70 Aid,2024,9465.783950617284,2019,8043.891862955032,2014,5984.290953545233,2009,5098.306878306878,0.033089798085615296,0.04692215082306572,0.042114345459013824
Monson,NSS,Req NSS (minus Ch70),2024,7895.095061728395,2019,5915.989293361884,2014,4399.107579462103,2009,2829.6858465608466,0.0594147051406706,0.060228020943891236,0.07079896498051341
Monson,NSS,Actual NSS (minus Req NSS),2024,1448.5378360000013,2019,885.6727949102715,2014,418.6564482096446,2009,368.86589783830965,0.10339575235455811,0.13215843323554233,0.09547908194762655
Monson,NSS,Total Actual NSS per pupil,2024,18809.41684834568,2019,14845.553951227186,2014,10802.054981216981,2009,8296.858622706035,0.04846945986722884,0.05702898118823829,0.05608151912240977
Monson,Enrollment,Foundation Enrollment,2024,810.0,2019,934.0,2014,1227.0,2009,1512.0,-0.028086468763889094,-0.04067879208515124,-0.04075646284496548
Montachusett Regional Vocational Technical,Expenditure,Teachers,2024,8223.0,2019,6736.0,2014,5725.0,2009,5384.0,0.04070021037551763,0.036872795287020255,0.028635912362675153
Montachusett Regional Vocational Technical,Expenditure,"Insurance, Retirement and Other",2024,4169.0,2019,3224.0,2014,2811.0,2009,2791.0,0.05275514458174868,0.04020061199206326,0.02711278997391986
Montachusett Regional Vocational Technical,Expenditure,Pupil Services,2024,3875.0,2019,2933.0,2014,2395.0,2009,1956.0,0.05728465425368534,0.049292621361475275,0.046630830977336224
Montachusett Regional Vocational Technical,Expenditure,Other Teaching Services,2024,709.0,2019,568.0,2014,600.0,2009,499.0,0.04534484015645268,0.016832686820673848,0.023692950595861406
Montachusett Regional Vocational Technical,Expenditure,Operations and Maintenance,2024,2980.0,2019,2518.0,2014,2262.0,2009,2165.0,0.03426566551000998,0.027950888729495915,0.02152866436838563
Montachusett Regional Vocational Technical,Expenditure,Instructional Leadership,2024,1202.0,2019,1145.0,2014,1129.0,2009,942.0,0.009763797681755282,0.006285124115318563,0.016381857663192445
Montachusett Regional Vocational Technical,Expenditure,Administration,2024,1183.0,2019,708.0,2014,750.0,2009,719.0,0.10812894073287604,0.04662799775007165,0.033753652308665894
Montachusett Regional Vocational Technical,Expenditure,"Guidance, Counseling and Testing",2024,819.0,2019,787.0,2014,806.0,2009,858.0,0.008003021421988166,0.0016013148722435755,-0.0030965302059335897
Montachusett Regional Vocational Technical,Expenditure,Other,2024,2342.0,2019,1855.0,2014,2139.0,2009,1692.0,0.04772810854039111,0.009107910385258933,0.021909497545339995
Montachusett Regional Vocational Technical,Expenditure,Total PPE,2024,25502.0,2019,20474.0,2014,18617.0,2009,17006.0,0.04489898784224988,0.03196853150542722,0.02738086120478167
Montachusett Regional Vocational Technical,Enrollment,In-District FTE Pupils,2024,1426.8,2019,1414.5,2014,1412.8,2009,1321.4,0.0017331126553750131,0.0009865486828304348,0.005129269484983823
Montachusett Regional Vocational Technical,Enrollment,Out-of-District FTE Pupils,2024,44.2,2019,47.5,2014,37.1,2009,25.7,-0.014297786194805595,0.01766499450167136,0.03681023658044946
Mount Greylock,Expenditure,Teachers,2024,7662.0,2019,6506.0,2014,6880.0,2009,5321.0,0.03325048483795734,0.010823595280143872,0.024605287142249077
Mount Greylock,Expenditure,"Insurance, Retirement and Other",2024,4023.0,2019,3298.0,2014,3733.0,2009,3131.0,0.04054262694767519,0.007509626169291961,0.01685211824848243
Mount Greylock,Expenditure,Pupil Services,2024,2288.0,2019,1852.0,2014,2006.0,2009,1706.0,0.04318902065783625,0.013240426729022037,0.019761158588074146
Mount Greylock,Expenditure,Other Teaching Services,2024,2519.0,2019,1924.0,2014,1177.0,2009,1544.0,0.055369696772803234,0.07905894806343161,0.033170644599623156
Mount Greylock,Expenditure,Operations and Maintenance,2024,1764.0,2019,1487.0,2014,1725.0,2009,1485.0,0.034754973408081424,0.0022381917300917653,0.011544070055740319
Mount Greylock,Expenditure,Instructional Leadership,2024,1128.0,2019,720.0,2014,836.0,2009,605.0,0.09394457937452749,0.03041051583113097,0.04240603006514232
Mount Greylock,Expenditure,Administration,2024,768.0,2019,487.0,2014,519.0,2009,528.0,0.09538414819301533,0.039966587255440666,0.025294166677015006
Mount Greylock,Expenditure,"Guidance, Counseling and Testing",2024,825.0,2019,512.0,2014,650.0,2009,536.0,0.10011173537470275,0.02412757349075134,0.029167217337814133
Mount Greylock,Expenditure,Other,2024,728.0,2019,351.0,2014,921.0,2009,708.0,0.15708390490417856,-0.02324155474750067,0.0018588558346892547
Mount Greylock,Expenditure,Total PPE,2024,21705.0,2019,17137.0,2014,18447.0,2009,15564.0,0.048395139154420175,0.016397069567860356,0.022419768227783132
Mount Greylock,Enrollment,In-District FTE Pupils,2024,1206.9,2019,1187.0,2014,558.8,2009,639.2,0.0033307291952422435,0.08004410041938192,0.04328340997836522
Mount Greylock,Enrollment,Out-of-District FTE Pupils,2024,61.8,2019,64.1,2014,39.0,2009,26.2,-0.0072815599359740135,0.047110192020614505,0.05887772464085894
Mystic Valley Regional Charter (District),Expenditure,Teachers,2024,4915.0,2019,3961.0,2014,,2009,,0.044103943236885934,,
Mystic Valley Regional Charter (District),Expenditure,"Insurance, Retirement and Other",2024,1119.0,2019,2509.0,2014,,2009,,-0.14912476209266012,,
Mystic Valley Regional Charter (District),Expenditure,Pupil Services,2024,1961.0,2019,1321.0,2014,,2009,,0.08221850373099815,,
Mystic Valley Regional Charter (District),Expenditure,Other Teaching Services,2024,1495.0,2019,757.0,2014,,2009,,0.14580064564144068,,
Mystic Valley Regional Charter (District),Expenditure,Operations and Maintenance,2024,2088.0,2019,1644.0,2014,,2009,,0.04897644524547262,,
Mystic Valley Regional Charter (District),Expenditure,Instructional Leadership,2024,974.0,2019,766.0,2014,,2009,,0.049218736539377694,,
Mystic Valley Regional Charter (District),Expenditure,Administration,2024,899.0,2019,1165.0,2014,,2009,,-0.05051796206835979,,
Mystic Valley Regional Charter (District),Expenditure,"Guidance, Counseling and Testing",2024,443.0,2019,309.0,2014,,2009,,0.07470445546235194,,
Mystic Valley Regional Charter (District),Expenditure,Other,2024,706.0,2019,649.0,2014,,2009,,0.016979036888017607,,
Mystic Valley Regional Charter (District),Expenditure,Total PPE,2024,14600.0,2019,13081.0,2014,,2009,,0.02221531190361925,,
Mystic Valley Regional Charter (District),Enrollment,In-District FTE Pupils,2024,1654.4,2019,1572.1,2014,,2009,,0.01025747087373663,,
Mystic Valley Regional Charter (District),Enrollment,Out-of-District FTE Pupils,2024,0.0,2019,0.0,2014,,2009,,,,
Nahant,Expenditure,Teachers,2024,6141.0,2019,4856.0,2014,4681.0,2009,3417.0,0.04807432933105926,0.027519436286161048,0.039855375517583
Nahant,Expenditure,"Insurance, Retirement and Other",2024,2618.0,2019,2535.0,2014,1711.0,2009,1010.0,0.006464209487505368,0.043450768541968054,0.06555666822683848
Nahant,Expenditure,Pupil Services,2024,1461.0,2019,1655.0,2014,444.0,2009,582.0,-0.024627641962380986,0.12648840166266662,0.06328204944264226
Nahant,Expenditure,Other Teaching Services,2024,1940.0,2019,1157.0,2014,1120.0,2009,898.0,0.10890329565093615,0.05647292299454376,0.052692897781854375
Nahant,Expenditure,Operations and Maintenance,2024,3172.0,2019,2593.0,2014,1964.0,2009,1207.0,0.04113280864361535,0.04910551369458949,0.06653487353591614
Nahant,Expenditure,Instructional Leadership,2024,1478.0,2019,1501.0,2014,993.0,2009,753.0,-0.003083581990069195,0.040572917563870936,0.045984616177420445
Nahant,Expenditure,Administration,2024,2856.0,2019,2141.0,2014,1608.0,2009,1231.0,0.05932276921352009,0.059124991352843104,0.05771016151352448
Nahant,Expenditure,"Guidance, Counseling and Testing",2024,1182.0,2019,1023.0,2014,317.0,2009,49.0,0.029315158460903046,0.14065897358830926,0.23640691814867498
Nahant,Expenditure,Other,2024,1557.0,2019,911.0,2014,839.0,2009,497.0,0.11315091368802399,0.06378206789857455,0.07910113233073424
Nahant,Expenditure,Total PPE,2024,22405.0,2019,18372.0,2014,13677.0,2009,9644.0,0.0404895008912165,0.050595194877718574,0.057805570613230994
Nahant,Enrollment,In-District FTE Pupils,2024,152.4,2019,154.3,2014,180.7,2009,247.1,-0.0024749554582870203,-0.01688871475858511,-0.03170546340897451
Nahant,Enrollment,Out-of-District FTE Pupils,2024,118.4,2019,122.8,2014,154.4,2009,176.2,-0.007271095397521687,-0.02619849672482999,-0.026155266661265553
Nahant,NSS,Ch70 Aid,2024,2263.7217741935483,2019,1983.8576923076923,2014,1443.815625,2009,1237.2109375,0.02674478692351623,0.04599866701027011,0.04109881743160826
Nahant,NSS,Req NSS (minus Ch70),2024,9828.120967741936,2019,8062.6461538461535,2014,8440.28125,2009,7150.0,0.04039577193431909,0.015339676496077148,0.021435537023061668
Nahant,NSS,Actual NSS (minus Req NSS),2024,7750.870161290321,2019,5779.230256479616,2014,1659.5724290427984,2009,249.43489583333334,0.06046439762507072,0.16663613788921716,0.25745624876875683
Nahant,NSS,Total Actual NSS per pupil,2024,19842.712903225805,2019,15825.734102633462,2014,11543.669304042798,2009,8636.645833333334,0.046278827038837234,0.0556640135900095,0.05702127653572453
Nahant,Enrollment,Foundation Enrollment,2024,248.0,2019,260.0,2014,320.0,2009,384.0,-0.009406060613033729,-0.02516711723034981,-0.02872689348812263
Nantucket,Expenditure,Teachers,2024,9615.0,2019,8074.0,2014,6777.0,2009,7408.0,0.035552469563919775,0.03559794577907471,0.01753624444848656
Nantucket,Expenditure,"Insurance, Retirement and Other",2024,6653.0,2019,4808.0,2014,3839.0,2009,3948.0,0.06711349683550161,0.05652539687499125,0.03540285611366878
Nantucket,Expenditure,Pupil Services,2024,2150.0,2019,1692.0,2014,1488.0,2009,1627.0,0.049077615000224784,0.037489124411533625,0.0187557206578568
Nantucket,Expenditure,Other Teaching Services,2024,2484.0,2019,1710.0,2014,1631.0,2009,2131.0,0.07753428197887335,0.042965068454624555,0.010270975453097853
Nantucket,Expenditure,Operations and Maintenance,2024,2960.0,2019,2863.0,2014,2433.0,2009,1951.0,0.006686101284431034,0.019799888652674014,0.028179552534276953
Nantucket,Expenditure,Instructional Leadership,2024,1796.0,2019,1354.0,2014,1161.0,2009,1362.0,0.058126359874260514,0.04459372165568931,0.01861159377981636
Nantucket,Expenditure,Administration,2024,730.0,2019,541.0,2014,545.0,2009,841.0,0.06175696600315983,0.0296571409344748,-0.00939209124325957
Nantucket,Expenditure,"Guidance, Counseling and Testing",2024,1193.0,2019,757.0,2014,545.0,2009,554.0,0.09523903224356434,0.0814946966965917,0.052467543977982034
Nantucket,Expenditure,Other,2024,1414.0,2019,912.0,2014,1013.0,2009,1225.0,0.0916688400214174,0.03391300097130223,0.00961134335085756
Nantucket,Expenditure,Total PPE,2024,28995.0,2019,22711.0,2014,19432.0,2009,21047.0,0.05006787248579525,0.04083182060117907,0.021587399195315937
Nantucket,Enrollment,In-District FTE Pupils,2024,1681.2,2019,1649.2,2014,1486.1,2009,1266.9,0.003850896179650398,0.012411651624572917,0.019041340915479932
Nantucket,Enrollment,Out-of-District FTE Pupils,2024,12.2,2019,15.3,2014,8.9,2009,10.7,-0.04427338589012064,0.03204107487223795,0.008784506648635837
Nantucket,NSS,Ch70 Aid,2024,2574.5796847635725,2019,2194.288627935723,2014,1031.5696661828738,2009,1111.3969088098918,0.03248206683059851,0.09577346008820253,0.05760251986425402
Nantucket,NSS,Req NSS (minus Ch70),2024,12137.307063631057,2019,8735.296044499382,2014,8395.37518142235,2009,8829.05486862442,0.06799431828540548,0.03754806078842354,0.021442384664889014
Nantucket,NSS,Actual NSS (minus Req NSS),2024,11736.829305312318,2019,9905.505018541407,2014,9364.978955007256,2009,8943.124995236527,0.03451033380100865,0.02283221550271186,0.018288328219683958
Nantucket,NSS,Total Actual NSS per pupil,2024,26448.716053706947,2019,20835.089690976514,2014,18791.92380261248,2009,18883.576772670836,0.048870435097215115,0.0347688228630596,0.022715149149552305
Nantucket,Enrollment,Foundation Enrollment,2024,1713.0,2019,1618.0,2014,1378.0,2009,1294.0,0.011476434868906704,0.021999808777214636,0.018876484962217388
Narragansett,Expenditure,Teachers,2024,5082.0,2019,4706.0,2014,5224.0,2009,4260.0,0.015492096272659905,-0.0027520568369683307,0.011831830479517302
Narragansett,Expenditure,"Insurance, Retirement and Other",2024,3506.0,2019,2524.0,2014,2205.0,2009,1656.0,0.0679342429426042,0.04746695707696946,0.05127605351891806
Narragansett,Expenditure,Pupil Services,2024,2284.0,2019,1502.0,2014,1310.0,2009,1136.0,0.08743982344924639,0.057164279623358016,0.04766198250953213
Narragansett,Expenditure,Other Teaching Services,2024,2012.0,2019,1443.0,2014,828.0,2009,732.0,0.0687406519200986,0.09284800540781957,0.0697306999254983
Narragansett,Expenditure,Operations and Maintenance,2024,1502.0,2019,1178.0,2014,1348.0,2009,1088.0,0.049796035738497224,0.010876275372596389,0.021729820839377245
Narragansett,Expenditure,Instructional Leadership,2024,815.0,2019,773.0,2014,780.0,2009,597.0,0.010637998319346087,0.004399066967502474,0.020968207379310932
Narragansett,Expenditure,Administration,2024,690.0,2019,403.0,2014,561.0,2009,444.0,0.11354765816695078,0.020912738883999138,0.029827317915709806
Narragansett,Expenditure,"Guidance, Counseling and Testing",2024,684.0,2019,470.0,2014,428.0,2009,281.0,0.077932704821011,0.04799988084788254,0.06110082481653145
Narragansett,Expenditure,Other,2024,433.0,2019,394.0,2014,474.0,2009,416.0,0.01905666765644498,-0.009006158765518135,0.0026737325804193635
Narragansett,Expenditure,Total PPE,2024,17008.0,2019,13393.0,2014,13158.0,2009,10610.0,0.0489506965062545,0.025997580228024342,0.03195919298692984
Narragansett,Enrollment,In-District FTE Pupils,2024,1465.6,2019,1421.7,2014,1335.6,2009,1625.9,0.006100809850233313,0.009331679721626074,-0.006895899653062809
Narragansett,Enrollment,Out-of-District FTE Pupils,2024,106.6,2019,181.8,2014,160.8,2009,118.0,-0.10126290960211504,-0.04027431918111091,-0.006750519696239854
Narragansett,NSS,Ch70 Aid,2024,9223.355007473841,2019,7654.628571428573,2014,7058.620087336245,2009,6408.48948019802,0.037989500567517265,0.027109891617050685,0.024571371338306447
Narragansett,NSS,Req NSS (minus Ch70),2024,5044.755605381166,2019,4288.460231660232,2014,3539.92576419214,2009,1528.0433168316831,0.0330176666934352,0.03605926244513458,0.08287991281418128
Narragansett,NSS,Actual NSS (minus Req NSS),2024,1759.2527785407315,2019,1145.9682702702705,2014,1957.409752547307,2009,2074.2227722772277,0.0895097736659265,-0.010616530881565556,-0.010919765392661263
Narragansett,NSS,Total Actual NSS per pupil,2024,16027.363391395738,2019,13089.057073359076,2014,12555.95560407569,2009,10010.75556930693,0.04133566877621697,0.024710605912958705,0.031873236605769906
Narragansett,Enrollment,Foundation Enrollment,2024,1338.0,2019,1294.9999999999998,2014,1374.0,2009,1616.0,0.006554440252331428,-0.002651501752496843,-0.012506337444586846
Nashoba,Expenditure,Teachers,2024,7768.0,2019,6718.0,2014,5233.0,2009,4867.0,0.029470351314998755,0.04029341207682946,0.03165983967710928
Nashoba,Expenditure,"Insurance, Retirement and Other",2024,3441.0,2019,2717.0,2014,1972.0,2009,1475.0,0.04838067481868946,0.05725020055297403,0.05809869029195802
Nashoba,Expenditure,Pupil Services,2024,2609.0,2019,2051.0,2014,1429.0,2009,1627.0,0.049304858512784655,0.06204809683989154,0.031982743179749695
Nashoba,Expenditure,Other Teaching Services,2024,1940.0,2019,1500.0,2014,1413.0,2009,912.0,0.05279083163057807,0.03220499607148031,0.05160778564611235
Nashoba,Expenditure,Operations and Maintenance,2024,2042.0,2019,1535.0,2014,1107.0,2009,1083.0,0.05874036621981227,0.0631408645305982,0.0431861650947416
Nashoba,Expenditure,Instructional Leadership,2024,1037.0,2019,801.0,2014,736.0,2009,790.0,0.053002126093802504,0.034880239040247396,0.018302424224633684
Nashoba,Expenditure,Administration,2024,470.0,2019,433.0,2014,541.0,2009,535.0,0.01653419487689245,-0.013970157306643083,-0.00859842375582287
Nashoba,Expenditure,"Guidance, Counseling and Testing",2024,884.0,2019,828.0,2014,460.0,2009,266.0,0.013174814699183912,0.0675038336073408,0.0833564547122212
Nashoba,Expenditure,Other,2024,1082.0,2019,507.0,2014,549.0,2009,580.0,0.1637075722567911,0.07020134298906755,0.04244532130149281
Nashoba,Expenditure,Total PPE,2024,21273.0,2019,17090.0,2014,13440.0,2009,12135.0,0.04476192152911396,0.046990996782158234,0.038132045641948276
Nashoba,Enrollment,In-District FTE Pupils,2024,3039.8,2019,3229.4,2014,3402.8,2009,3332.3,-0.012028005750197912,-0.011217301431240778,-0.006106017540263853
Nashoba,Enrollment,Out-of-District FTE Pupils,2024,139.8,2019,136.7,2014,157.7,2009,154.1,0.004494889057846674,-0.011975877865999518,-0.006471562819526211
Nashoba,NSS,Ch70 Aid,2024,3146.776955262311,2019,2209.6298988621998,2014,1973.431845283164,2009,2081.8612669398044,0.07327072780804889,0.04776619639226065,0.027923855520177066
Nashoba,NSS,Req NSS (minus Ch70),2024,9357.592532990022,2019,7867.308786346397,2014,7535.617420744845,2009,6449.023321777498,0.035303272594064516,0.02189089326965199,0.025127802518818854
Nashoba,NSS,Actual NSS (minus Req NSS),2024,3190.8057082070823,2019,3251.370180151702,2014,3017.1671082409975,2009,2798.640781594705,-0.00375354644224124,0.005611195160994065,0.008780968078562656
Nashoba,NSS,Total Actual NSS per pupil,2024,15695.175196459415,2019,13328.308865360299,2014,12526.216374269006,2009,11329.525370312007,0.03323289394815698,0.022809200176695077,0.021967214310946614
Nashoba,Enrollment,Foundation Enrollment,2024,3107.0,2019,3164.0,2014,3249.0,2009,3173.0,-0.0036292820766130607,-0.0044589916729262935,-0.0014003440812665469
Nashoba Valley Regional Vocational Technical,Expenditure,Teachers,2024,8971.0,2019,7740.0,2014,5259.0,2009,4977.0,0.029959100288218243,0.054857435740121696,0.040059569813812645
Nashoba Valley Regional Vocational Technical,Expenditure,"Insurance, Retirement and Other",2024,3355.0,2019,3162.0,2014,2587.0,2009,2273.0,0.01191988865857363,0.026336111054603872,0.026296558514682378
Nashoba Valley Regional Vocational Technical,Expenditure,Pupil Services,2024,3304.0,2019,2698.0,2014,2069.0,2009,1974.0,0.04135694715200522,0.047919579346423324,0.0349344875316957
Nashoba Valley Regional Vocational Technical,Expenditure,Other Teaching Services,2024,662.0,2019,336.0,2014,308.0,2009,264.0,0.14525907661182358,0.07952008571320612,0.06320482173189124
Nashoba Valley Regional Vocational Technical,Expenditure,Operations and Maintenance,2024,2143.0,2019,2177.0,2014,1879.0,2009,2071.0,-0.003143262725530338,0.013233497412425299,0.002280939665829651
Nashoba Valley Regional Vocational Technical,Expenditure,Instructional Leadership,2024,1682.0,2019,1601.0,2014,1176.0,2009,1187.0,0.009919904776640065,0.03643451425095812,0.023509044650449784
Nashoba Valley Regional Vocational Technical,Expenditure,Administration,2024,1052.0,2019,913.0,2014,716.0,2009,754.0,0.028747972882419592,0.039226641542311924,0.02245207254467707
Nashoba Valley Regional Vocational Technical,Expenditure,"Guidance, Counseling and Testing",2024,1127.0,2019,928.0,2014,574.0,2009,427.0,0.039621345770291416,0.06979657306915632,0.06684109399327531
Nashoba Valley Regional Vocational Technical,Expenditure,Other,2024,1783.0,2019,1874.0,2014,1695.0,2009,1260.0,-0.009906176356592411,0.0050742906309735325,0.02341564838900778
Nashoba Valley Regional Vocational Technical,Expenditure,Total PPE,2024,24079.0,2019,21429.0,2014,16263.0,2009,15187.0,0.023593002690359244,0.040024998869885975,0.031203623158387872
Nashoba Valley Regional Vocational Technical,Enrollment,In-District FTE Pupils,2024,760.2,2019,697.1,2014,721.6,2009,644.2,0.017481581868008744,0.00522465996273791,0.011099299842464161
Nashoba Valley Regional Vocational Technical,Enrollment,Out-of-District FTE Pupils,2024,1.4,2019,0.0,2014,6.6,2009,2.5,,-0.14363598429375124,-0.03791701240919754
Natick,Expenditure,Teachers,2024,8661.0,2019,6071.0,2014,4682.0,2009,4579.0,0.07364711425719772,0.06344164349548165,0.04340559135779887
Natick,Expenditure,"Insurance, Retirement and Other",2024,2911.0,2019,2013.0,2014,1993.0,2009,2238.0,0.07656358621036707,0.038612369721975126,0.017682113512316633
Natick,Expenditure,Pupil Services,2024,1773.0,2019,1719.0,2014,1334.0,2009,1087.0,0.0062052333233917345,0.02885764883737174,0.03315451852865792
Natick,Expenditure,Other Teaching Services,2024,1899.0,2019,1355.0,2014,1241.0,2009,873.0,0.0698358179151306,0.04345882954646019,0.05317542038030698
Natick,Expenditure,Operations and Maintenance,2024,1540.0,2019,1145.0,2014,832.0,2009,1074.0,0.06106758387579103,0.0635054980970351,0.02431711506472145
Natick,Expenditure,Instructional Leadership,2024,1015.0,2019,1081.0,2014,802.0,2009,715.0,-0.01252054277430481,0.02383310338776612,0.02363234417121829
Natick,Expenditure,Administration,2024,906.0,2019,702.0,2014,733.0,2009,830.0,0.05234518214266881,0.021415448980002694,0.00585799837435208
Natick,Expenditure,"Guidance, Counseling and Testing",2024,899.0,2019,579.0,2014,407.0,2009,436.0,0.09198387570930233,0.08247164321050593,0.0494253403122471
Natick,Expenditure,Other,2024,635.0,2019,528.0,2014,531.0,2009,287.0,0.03759521565526547,0.01804721556511768,0.054369388516019024
Natick,Expenditure,Total PPE,2024,20239.0,2019,15193.0,2014,12555.0,2009,12119.0,0.059032047418925426,0.04890760283448814,0.03478029739907407
Natick,Enrollment,In-District FTE Pupils,2024,5314.7,2019,5497.2,2014,5266.8,2009,4708.4,-0.00672971446670978,0.0009057698294059335,0.008107920501570831
Natick,Enrollment,Out-of-District FTE Pupils,2024,127.5,2019,154.3,2014,173.5,2009,175.8,-0.0374376916371979,-0.030336450150967087,-0.021187693760504556
Natick,NSS,Ch70 Aid,2024,2479.8898097570163,2019,1777.3491716730384,2014,1620.735426051082,2009,1227.2132717345653,0.06888732105037021,0.04345091902132747,0.04801497762964524
Natick,NSS,Req NSS (minus Ch70),2024,9806.994914296478,2019,8378.9324594939,2014,7694.80853967635,2009,7276.22469550609,0.031975654916702734,0.02455154645452473,0.020098220288965463
Natick,NSS,Actual NSS (minus Req NSS),2024,6732.147257072895,2019,3879.367213284136,2014,2751.4083862063667,2009,2856.492108913551,0.11655094433695501,0.09360340820852175,0.05881813690835669
Natick,NSS,Total Actual NSS per pupil,2024,19019.03198112639,2019,14035.648844451076,2014,12066.9523519338,2009,11359.930076154207,0.06265229112254311,0.0465478289200012,0.03495352969974208
Natick,Enrollment,Foundation Enrollment,2024,5309.0,2019,5493.0,2014,5129.0,2009,4762.0,-0.006791048053056636,0.0034552341261393504,0.007275387666525024
Nauset,Expenditure,Teachers,2024,10442.0,2019,7999.0,2014,6467.0,2009,6218.0,0.05475015631609659,0.049078732332769937,0.03516329603941104
Nauset,Expenditure,"Insurance, Retirement and Other",2024,5579.0,2019,4094.0,2014,2895.0,2009,1678.0,0.06385320090315139,0.06780212140025466,0.0833886804932269
Nauset,Expenditure,Pupil Services,2024,3624.0,2019,2304.0,2014,1882.0,2009,1395.0,0.09481601801011008,0.06771871961396059,0.06571464063287213
Nauset,Expenditure,Other Teaching Services,2024,1778.0,2019,1626.0,2014,1404.0,2009,1477.0,0.018033907156726592,0.023897458222779555,0.012441839186100978
Nauset,Expenditure,Operations and Maintenance,2024,2281.0,2019,1288.0,2014,996.0,2009,1076.0,0.12109362874694529,0.08639208956764355,0.051366659969749096
Nauset,Expenditure,Instructional Leadership,2024,1605.0,2019,898.0,2014,802.0,2009,907.0,0.12315511688464142,0.071840262592193,0.03878224175166989
Nauset,Expenditure,Administration,2024,907.0,2019,555.0,2014,524.0,2009,562.0,0.10322186539443257,0.056398072218143636,0.03242393594058379
Nauset,Expenditure,"Guidance, Counseling and Testing",2024,1404.0,2019,849.0,2014,736.0,2009,626.0,0.10583895219599371,0.06671629496580511,0.05532489925736317
Nauset,Expenditure,Other,2024,1415.0,2019,625.0,2014,1167.0,2009,635.0,0.1775389584200766,0.019456169320484662,0.0548697723158027
Nauset,Expenditure,Total PPE,2024,29035.0,2019,20238.0,2014,16873.0,2009,14574.0,0.074857392567788,0.05577883707422471,0.04702295755893626
Nauset,Enrollment,In-District FTE Pupils,2024,1211.1,2019,1494.1,2014,1574.9,2009,1521.6,-0.04112925697683867,-0.02592431601854872,-0.015100386616963779
Nauset,Enrollment,Out-of-District FTE Pupils,2024,200.5,2019,119.1,2014,134.2,2009,162.4,0.1097892740206241,0.04096514018786901,0.014149288112867309
Nauset,NSS,Ch70 Aid,2024,3112.1318219980117,2019,3035.8860869568302,2014,2512.6080977845686,2009,2322.6786819098857,0.004973251085717445,0.021629260152211893,0.0196972702630418
Nauset,NSS,Req NSS (minus Ch70),2024,11427.599496221663,2019,9153.038260869565,2014,9171.951871657753,2009,8358.215870880967,0.04538904988937609,0.02223165257887838,0.021071360757952462
Nauset,NSS,Actual NSS (minus Req NSS),2024,14287.773111731749,2019,9806.296521738823,2014,5929.682200152788,2009,2270.6616005379965,0.07818157212682308,0.0919262653477364,0.130457246076354
Nauset,NSS,Total Actual NSS per pupil,2024,28827.504429951423,2019,21995.22086956522,2014,17614.24216959511,2009,12951.55615332885,0.05559115865672015,0.050495771148969526,0.054789196559760445
Nauset,Enrollment,Foundation Enrollment,2024,1191.0,2019,1150.0,2014,1309.0,2009,1487.0,0.007030870927402955,-0.009402536752434076,-0.014688875394361145
Needham,Expenditure,Teachers,2024,8205.0,2019,6744.0,2014,5621.0,2009,4785.0,0.03999728312337614,0.038547823733458,0.03660454709285199
Needham,Expenditure,"Insurance, Retirement and Other",2024,4443.0,2019,3082.0,2014,2289.0,2009,1897.0,0.07589214250875775,0.06857018407888416,0.05837750047007906
Needham,Expenditure,Pupil Services,2024,1850.0,2019,1256.0,2014,1096.0,2009,921.0,0.0805289764207191,0.053746432769886,0.047596743857936774
Needham,Expenditure,Other Teaching Services,2024,2183.0,2019,1531.0,2014,1020.0,2009,983.0,0.07353376623015828,0.07905941002801309,0.054629741172118385
Needham,Expenditure,Operations and Maintenance,2024,2072.0,2019,1550.0,2014,1157.0,2009,1194.0,0.05976997376552906,0.05999944826441328,0.03743053911251981
Needham,Expenditure,Instructional Leadership,2024,1955.0,2019,1375.0,2014,1104.0,2009,927.0,0.072923636036196,0.05880935262016118,0.05100424103398349
Needham,Expenditure,Administration,2024,936.0,2019,840.0,2014,661.0,2009,580.0,0.021878619308387304,0.03539827934981954,0.0324202724055922
Needham,Expenditure,"Guidance, Counseling and Testing",2024,768.0,2019,607.0,2014,489.0,2009,410.0,0.04817671033617121,0.046177164227608536,0.04272989333399746
Needham,Expenditure,Other,2024,1258.0,2019,898.0,2014,728.0,2009,543.0,0.06974646713169186,0.056221311812685304,0.05760960767667811
Needham,Expenditure,Total PPE,2024,23670.0,2019,17883.0,2014,14165.0,2009,12240.0,0.05767338561180835,0.052684353572160614,0.0449474632622473
Needham,Enrollment,In-District FTE Pupils,2024,5570.5,2019,5736.2,2014,5528.4,2009,5151.5,-0.005845280219018312,0.0007589252150683734,0.005226737456265784
Needham,Enrollment,Out-of-District FTE Pupils,2024,96.0,2019,96.0,2014,80.2,2009,73.0,0.0,0.018145125766326764,0.018426969381721836
Needham,NSS,Ch70 Aid,2024,2395.188197193235,2019,1797.297907188353,2014,1496.836856304307,2009,1255.9207717569786,0.059116941136183154,0.048133296146816384,0.043979153534545956
Needham,NSS,Req NSS (minus Ch70),2024,10338.464735516372,2019,8472.975796178343,2014,8036.8278082970255,2009,7238.552134646962,0.04060046824223851,0.025503480597534933,0.024047943137299965
Needham,NSS,Actual NSS (minus Req NSS),2024,9620.140701601293,2019,7247.060011801761,2014,4078.3403649624606,2009,3252.5248357963874,0.058288101371330336,0.08960677668124983,0.07497258064985957
Needham,NSS,Total Actual NSS per pupil,2024,22353.7936343109,2019,17517.333715168457,2014,13612.005029563792,2009,11746.997742200329,0.049969410720416274,0.05085528717198984,0.04382643242373874
Needham,Enrollment,Foundation Enrollment,2024,5558.0,2019,5495.0,2014,5279.0,2009,4872.0,0.002282549752351759,0.005163449441990542,0.00882093052272337
Neighborhood House Charter (District),Expenditure,Teachers,2024,7376.0,2019,5844.0,2014,,2009,,0.047664287759746626,,
Neighborhood House Charter (District),Expenditure,"Insurance, Retirement and Other",2024,2207.0,2019,3964.0,2014,,2009,,-0.11052501769171308,,
Neighborhood House Charter (District),Expenditure,Pupil Services,2024,2083.0,2019,1783.0,2014,,2009,,0.03159109697401452,,
Neighborhood House Charter (District),Expenditure,Other Teaching Services,2024,2681.0,2019,1187.0,2014,,2009,,0.17698036832998287,,
Neighborhood House Charter (District),Expenditure,Operations and Maintenance,2024,2406.0,2019,2234.0,2014,,2009,,0.014944958943082565,,
Neighborhood House Charter (District),Expenditure,Instructional Leadership,2024,1310.0,2019,1365.0,2014,,2009,,-0.008191721765588467,,
Neighborhood House Charter (District),Expenditure,Administration,2024,3035.0,2019,2983.0,2014,,2009,,0.0034623639781921067,,
Neighborhood House Charter (District),Expenditure,"Guidance, Counseling and Testing",2024,2572.0,2019,965.0,2014,,2009,,0.21660257177252973,,
Neighborhood House Charter (District),Expenditure,Other,2024,1216.0,2019,986.0,2014,,2009,,0.04282475480942605,,
Neighborhood House Charter (District),Expenditure,Total PPE,2024,24886.0,2019,21311.0,2014,,2009,,0.03150242554877858,,
Neighborhood House Charter (District),Enrollment,In-District FTE Pupils,2024,836.6,2019,642.1,2014,,2009,,0.05434571674739064,,
Neighborhood House Charter (District),Enrollment,Out-of-District FTE Pupils,2024,0.0,2019,0.0,2014,,2009,,,,
New Bedford,Expenditure,Teachers,2024,7226.0,2019,5345.0,2014,4596.0,2009,4769.0,0.062160262400476896,0.04628932347223791,0.028090569961269907
New Bedford,Expenditure,"Insurance, Retirement and Other",2024,3945.0,2019,2750.0,2014,2770.0,2009,2312.0,0.07483763022859757,0.035992768302420375,0.03626447937904098
New Bedford,Expenditure,Pupil Services,2024,3321.0,2019,1951.0,2014,1591.0,2009,1435.0,0.11224976136313214,0.07636574888693293,0.057534306851125594
New Bedford,Expenditure,Other Teaching Services,2024,1460.0,2019,871.0,2014,774.0,2009,822.0,0.10883503654508808,0.0655189783805823,0.03903952693635082
New Bedford,Expenditure,Operations and Maintenance,2024,2382.0,2019,974.0,2014,863.0,2009,1190.0,0.19584959299468063,0.10686102726149316,0.04735277176412933
New Bedford,Expenditure,Instructional Leadership,2024,1286.0,2019,772.0,2014,651.0,2009,774.0,0.10745154573926774,0.07044904242756655,0.03442736397096047
New Bedford,Expenditure,Administration,2024,625.0,2019,357.0,2014,267.0,2009,287.0,0.11851641035341998,0.0887718296008575,0.05325422043892014
New Bedford,Expenditure,"Guidance, Counseling and Testing",2024,1584.0,2019,852.0,2014,632.0,2009,592.0,0.1320435028352056,0.09623536857879289,0.0678138872728784
New Bedford,Expenditure,Other,2024,1344.0,2019,512.0,2014,487.0,2009,729.0,0.21290241716173264,0.1068455688563188,0.041625130777480424
New Bedford,Expenditure,Total PPE,2024,23173.0,2019,14384.0,2014,12631.0,2009,12910.0,0.10007049709759008,0.06256242157075587,0.03976948567734562
New Bedford,Enrollment,In-District FTE Pupils,2024,12612.0,2019,12971.9,2014,12679.5,2009,12521.6,-0.00561154370240835,-0.0005336350033816606,0.00047968758990357685
New Bedford,Enrollment,Out-of-District FTE Pupils,2024,1975.3,2019,1519.5,2014,857.8,2009,566.8,0.05386861688258748,0.08698788121982659,0.08679312261852412
New Heights Charter School of Brockton (District),Expenditure,Teachers,2024,6635.0,2019,3615.0,2014,,2009,,0.12913670451036485,,
New Heights Charter School of Brockton (District),Expenditure,"Insurance, Retirement and Other",2024,2243.0,2019,3039.0,2014,,2009,,-0.05893479799906565,,
New Heights Charter School of Brockton (District),Expenditure,Pupil Services,2024,1682.0,2019,2089.0,2014,,2009,,-0.042414612353498526,,
New Heights Charter School of Brockton (District),Expenditure,Other Teaching Services,2024,1310.0,2019,448.0,2014,,2009,,0.23936337033478128,,
New Heights Charter School of Brockton (District),Expenditure,Operations and Maintenance,2024,1266.0,2019,719.0,2014,,2009,,0.11980128896216335,,
New Heights Charter School of Brockton (District),Expenditure,Instructional Leadership,2024,2633.0,2019,1406.0,2014,,2009,,0.13368684619023719,,
New Heights Charter School of Brockton (District),Expenditure,Administration,2024,2208.0,2019,1398.0,2014,,2009,,0.09571694895715299,,
New Heights Charter School of Brockton (District),Expenditure,"Guidance, Counseling and Testing",2024,1499.0,2019,663.0,2014,,2009,,0.17721997043288984,,
New Heights Charter School of Brockton (District),Expenditure,Other,2024,1206.0,2019,825.0,2014,,2009,,0.07889373658866305,,
New Heights Charter School of Brockton (District),Expenditure,Total PPE,2024,20682.0,2019,14202.0,2014,,2009,,0.0780740815344172,,
New Heights Charter School of Brockton (District),Enrollment,In-District FTE Pupils,2024,731.8,2019,542.8,2014,,2009,,0.0615745865439703,,
New Heights Charter School of Brockton (District),Enrollment,Out-of-District FTE Pupils,2024,0.0,2019,0.0,2014,,2009,,,,
New Salem-Wendell,Expenditure,Teachers,2024,7086.0,2019,5579.0,2014,5573.0,2009,4214.0,0.04898422536341562,0.024309523294510083,0.03525445430440444
New Salem-Wendell,Expenditure,"Insurance, Retirement and Other",2024,5649.0,2019,3986.0,2014,2760.0,2009,2146.0,0.07222728880138751,0.07425219382317083,0.06665209446903653
New Salem-Wendell,Expenditure,Pupil Services,2024,3623.0,2019,1598.0,2014,972.0,2009,682.0,0.17787257990398309,0.1406179633403981,0.11776952287189912
New Salem-Wendell,Expenditure,Other Teaching Services,2024,4085.0,2019,4063.0,2014,2452.0,2009,1968.0,0.0010806056953394094,0.05236685080589365,0.04989160829486328
New Salem-Wendell,Expenditure,Operations and Maintenance,2024,1978.0,2019,1415.0,2014,1482.0,2009,1514.0,0.06928621856609318,0.029290130174317364,0.01798183268030873
New Salem-Wendell,Expenditure,Instructional Leadership,2024,2612.0,2019,1290.0,2014,1816.0,2009,1735.0,0.15153380661269034,0.03701665837333312,0.027649257762390356
New Salem-Wendell,Expenditure,Administration,2024,1054.0,2019,1054.0,2014,940.0,2009,777.0,0.0,0.011512550525142107,0.020535162254188277
New Salem-Wendell,Expenditure,"Guidance, Counseling and Testing",2024,932.0,2019,495.0,2014,421.0,2009,322.0,0.13491188144199517,0.08271307559307628,0.07342243842584817
New Salem-Wendell,Expenditure,Other,2024,534.0,2019,506.0,2014,746.0,2009,721.0,0.010830059013528626,-0.03288027082833589,-0.01981722527731722
New Salem-Wendell,Expenditure,Total PPE,2024,27553.0,2019,19986.0,2014,17162.0,2009,14079.0,0.0663225703855328,0.04847987650133612,0.04577873251606057
New Salem-Wendell,Enrollment,In-District FTE Pupils,2024,137.6,2019,151.2,2014,132.6,2009,141.1,-0.01867394798358668,0.003708243358848895,-0.00167312764938099
New Salem-Wendell,Enrollment,Out-of-District FTE Pupils,2024,10.0,2019,10.0,2014,6.1,2009,9.0,0.0,0.050671656141069166,0.007048760765752782
Newburyport,Expenditure,Teachers,2024,9125.0,2019,7178.0,2014,6255.0,2009,5131.0,0.049170048220607,0.03848578430024219,0.03912722611793229
Newburyport,Expenditure,"Insurance, Retirement and Other",2024,4118.0,2019,3587.0,2014,2507.0,2009,2445.0,0.02799497820977015,0.050880179218274924,0.035365839500463236
Newburyport,Expenditure,Pupil Services,2024,1959.0,2019,1401.0,2014,1071.0,2009,1048.0,0.06934848908640001,0.06224451321343749,0.04258517105173665
Newburyport,Expenditure,Other Teaching Services,2024,1522.0,2019,1138.0,2014,870.0,2009,846.0,0.05987458464041162,0.057522314266919894,0.03992723593072656
Newburyport,Expenditure,Operations and Maintenance,2024,1847.0,2019,1065.0,2014,821.0,2009,940.0,0.1164093306100058,0.08445709346292207,0.046058411686062506
Newburyport,Expenditure,Instructional Leadership,2024,920.0,2019,942.0,2014,960.0,2009,799.0,-0.0047151694274062406,-0.004246917672509176,0.009445175053550248
Newburyport,Expenditure,Administration,2024,928.0,2019,671.0,2014,370.0,2009,390.0,0.06700165048306417,0.0963131546006395,0.05949495063063415
Newburyport,Expenditure,"Guidance, Counseling and Testing",2024,882.0,2019,594.0,2014,363.0,2009,314.0,0.08227201317683464,0.09283902714181047,0.07127901028206951
Newburyport,Expenditure,Other,2024,687.0,2019,568.0,2014,463.0,2009,429.0,0.03877545749078526,0.04024964104380091,0.031889744767438444
Newburyport,Expenditure,Total PPE,2024,21988.0,2019,17144.0,2014,13680.0,2009,12342.0,0.051029035821691604,0.048600264901670576,0.03924995031279299
Newburyport,Enrollment,In-District FTE Pupils,2024,2168.8,2019,2233.7,2014,2327.2,2009,2271.3,-0.00587972320208674,-0.007024393701321685,-0.0030738218126739048
Newburyport,Enrollment,Out-of-District FTE Pupils,2024,161.5,2019,229.1,2014,274.3,2009,236.3,-0.06754155304140852,-0.05159317219458104,-0.02505394342246936
Newburyport,NSS,Ch70 Aid,2024,2535.907258064516,2019,1712.9543933054392,2014,1441.0494896976581,2009,1501.1581745680107,0.08162698389765222,0.058145640650645536,0.0355723847655538
Newburyport,NSS,Req NSS (minus Ch70),2024,9761.676971326166,2019,8075.356485355648,2014,7740.831679073614,2009,7733.188746123173,0.03865794083735308,0.023466615141306546,0.01565073729623978
Newburyport,NSS,Actual NSS (minus Req NSS),2024,7281.94857577594,2019,6142.035971936266,2014,3324.101327735222,2009,2489.0277735185095,0.03463472512111676,0.08157673120892328,0.07419021255972957
Newburyport,NSS,Total Actual NSS per pupil,2024,19579.532805166622,2019,15930.346850597352,2014,12505.982496506494,2009,11723.374694209693,0.042114451695326016,0.045847712444545774,0.034784651971233815
Newburyport,Enrollment,Foundation Enrollment,2024,2232.0,2019,2390.0,2014,2418.0,2009,2257.0,-0.013585931027257914,-0.007972321891407952,-0.0007422879223351053
Newton,Expenditure,Teachers,2024,9394.0,2019,7219.0,2014,6152.0,2009,5773.0,0.054082741794741374,0.04323806012488629,0.03299114787964719
Newton,Expenditure,"Insurance, Retirement and Other",2024,4506.0,2019,3470.0,2014,2779.0,2009,2514.0,0.05364022528073553,0.04951890045450291,0.03966891910546
Newton,Expenditure,Pupil Services,2024,1996.0,2019,1471.0,2014,1152.0,2009,1302.0,0.06294201269319633,0.056503173189396794,0.028892425822266476
Newton,Expenditure,Other Teaching Services,2024,3301.0,2019,2348.0,2014,2064.0,2009,1875.0,0.07050693807583164,0.048077947507009444,0.03842774565256302
Newton,Expenditure,Operations and Maintenance,2024,1843.0,2019,1447.0,2014,1326.0,2009,1323.0,0.04956988425923692,0.03347073019871516,0.022345522795028883
Newton,Expenditure,Instructional Leadership,2024,1680.0,2019,1237.0,2014,1086.0,2009,1029.0,0.06313377701866152,0.04459500700180841,0.033220292451848765
Newton,Expenditure,Administration,2024,694.0,2019,524.0,2014,550.0,2009,502.0,0.05780505162842453,0.023527882678168632,0.02182623826009844
Newton,Expenditure,"Guidance, Counseling and Testing",2024,1146.0,2019,830.0,2014,656.0,2009,560.0,0.06664844619213972,0.05737266234843674,0.04889763464674979
Newton,Expenditure,Other,2024,1088.0,2019,752.0,2014,893.0,2009,676.0,0.07666900532567866,0.019947325865041776,0.03223555304747916
Newton,Expenditure,Total PPE,2024,25648.0,2019,19298.0,2014,16658.0,2009,15554.0,0.05854235657782847,0.044102329516533034,0.03390529781620644
Newton,Enrollment,In-District FTE Pupils,2024,11764.7,2019,12829.4,2014,12456.5,2009,11631.5,-0.0171779256657022,-0.005697611944130654,0.0007593940266670263
Newton,Enrollment,Out-of-District FTE Pupils,2024,153.3,2019,156.3,2014,166.6,2009,146.5,-0.003868587968268611,-0.008285379849629737,0.0030293363551381347
Newton,NSS,Ch70 Aid,2024,2308.271434581405,2019,1855.7005715168366,2014,1405.0035521110842,2009,1229.4344159156606,0.04461388726678628,0.050898919447558866,0.04289063454646613
Newton,NSS,Req NSS (minus Ch70),2024,10881.850904501473,2019,8748.302903923386,2014,8206.051182691532,2009,7835.384033327666,0.044613879491228525,0.0286244780955891,0.022137916651306266
Newton,NSS,Actual NSS (minus Req NSS),2024,10139.430928439211,2019,7192.583581387798,2014,5861.090878116372,2009,4720.883215398929,0.07108942812021568,0.0563394824562955,0.05228332466122931
Newton,NSS,Total Actual NSS per pupil,2024,23329.55326752209,2019,17796.587056828022,2014,15472.145612918986,2009,13785.701664642256,0.05563538613514951,0.04192291090639566,0.03569489708245088
Newton,Enrollment,Foundation Enrollment,2024,11885.0,2019,12948.0,2014,12387.0,2009,11762.0,-0.016986914428639976,-0.0041284977004395484,0.0006937808729876593
Norfolk,Expenditure,Teachers,2024,7830.0,2019,6735.0,2014,5373.0,2009,4762.0,0.030587409356351847,0.038375642389339326,0.03370866816583784
Norfolk,Expenditure,"Insurance, Retirement and Other",2024,2621.0,2019,2283.0,2014,1608.0,2009,1309.0,0.027997886769041802,0.050069629057035714,0.04737408725803882
Norfolk,Expenditure,Pupil Services,2024,1437.0,2019,1359.0,2014,1115.0,2009,929.0,0.011224218504856776,0.025694885756904817,0.029507236379530788
Norfolk,Expenditure,Other Teaching Services,2024,2449.0,2019,1955.0,2014,1701.0,2009,1515.0,0.046088444360932845,0.03711865743304177,0.032535701109034365
Norfolk,Expenditure,Operations and Maintenance,2024,1112.0,2019,1291.0,2014,938.0,2009,806.0,-0.02941023123110864,0.017162158844341358,0.021687271950149745
Norfolk,Expenditure,Instructional Leadership,2024,1153.0,2019,861.0,2014,911.0,2009,705.0,0.060144906650732244,0.023837643012352805,0.03333866363256943
Norfolk,Expenditure,Administration,2024,701.0,2019,605.0,2014,676.0,2009,479.0,0.029894001520568203,0.0036380829156876793,0.025712150832497116
Norfolk,Expenditure,"Guidance, Counseling and Testing",2024,492.0,2019,371.0,2014,256.0,2009,350.0,0.05807935016212573,0.06751138076424024,0.02296271283876905
Norfolk,Expenditure,Other,2024,434.0,2019,689.0,2014,564.0,2009,429.0,-0.08829549344789478,-0.025860704534120038,0.000772806139065052
Norfolk,Expenditure,Total PPE,2024,18229.0,2019,16149.0,2014,13142.0,2009,11284.0,0.02452708010986182,0.03326123975236617,0.03249189501799621
Norfolk,Enrollment,In-District FTE Pupils,2024,1058.1,2019,965.1,2014,921.8,2009,1068.0,0.01856999771233414,0.013885707746553733,-0.0006206668805769366
Norfolk,Enrollment,Out-of-District FTE Pupils,2024,19.8,2019,15.4,2014,14.3,2009,20.4,0.051547496797280434,0.033077529462111066,-0.001988218413352283
Norfolk,NSS,Ch70 Aid,2024,3576.638613861386,2019,3802.7740863787376,2014,3886.103896103896,2009,3500.9789156626507,-0.012186614051091227,-0.008264029797378725,0.0014264033524331587
Norfolk,NSS,Req NSS (minus Ch70),2024,9208.60594059406,2019,7894.704318936877,2014,7316.270365997639,2009,4662.583333333333,0.031268147372458976,0.02327040646388001,0.04641627453579655
Norfolk,NSS,Actual NSS (minus Req NSS),2024,4668.18,2019,3771.889729019017,2014,1726.018004107985,2009,2330.5130648027643,0.0435607138819849,0.10461319624003451,0.04740120718645402
Norfolk,NSS,Total Actual NSS per pupil,2024,17453.424554455447,2019,15469.368134334632,2014,12928.392266209521,2009,10494.075313798749,0.02442841377668903,0.030465872647167824,0.03449667331532158
Norfolk,Enrollment,Foundation Enrollment,2024,1010.0,2019,903.0,2014,847.0,2009,996.0,0.022649298300379206,0.017756292887162184,0.0009309899190399484
Norfolk County Agricultural,Expenditure,Teachers,2024,9307.0,2019,7759.0,2014,6486.0,2009,6624.0,0.037052618518883085,0.03677204111162302,0.02293010308801513
Norfolk County Agricultural,Expenditure,"Insurance, Retirement and Other",2024,5494.0,2019,4890.0,2014,3982.0,2009,3580.0,0.023566254034239842,0.0327108501276927,0.02896446131916619
Norfolk County Agricultural,Expenditure,Pupil Services,2024,2434.0,2019,2076.0,2014,2087.0,2009,2029.0,0.0323302296581649,0.015499730495195818,0.012206763998763304
Norfolk County Agricultural,Expenditure,Other Teaching Services,2024,1074.0,2019,436.0,2014,313.0,2009,519.0,0.19757730835445764,0.13121718565204032,0.04967727466148664
Norfolk County Agricultural,Expenditure,Operations and Maintenance,2024,4180.0,2019,3859.0,2014,3299.0,2009,2619.0,0.016109006025362582,0.023951523770657124,0.03165871729188319
Norfolk County Agricultural,Expenditure,Instructional Leadership,2024,1525.0,2019,1527.0,2014,2195.0,2009,1820.0,-0.00026208888413026266,-0.03576357823470433,-0.011720249204961841
Norfolk County Agricultural,Expenditure,Administration,2024,1671.0,2019,1614.0,2014,1975.0,2009,1505.0,0.006965482863780181,-0.01657570074104253,0.006999674092292851
Norfolk County Agricultural,Expenditure,"Guidance, Counseling and Testing",2024,1278.0,2019,963.0,2014,788.0,2009,491.0,0.05823205668626974,0.049543549097277095,0.0658513119688573
Norfolk County Agricultural,Expenditure,Other,2024,1193.0,2019,1103.0,2014,1089.0,2009,1109.0,0.01581117506404972,0.009162854182975133,0.004879361150733619
Norfolk County Agricultural,Expenditure,Total PPE,2024,28156.0,2019,24227.0,2014,22214.0,2009,20296.0,0.030514871313702896,0.023986942939212552,0.02206229461941067
Norfolk County Agricultural,Enrollment,In-District FTE Pupils,2024,573.7,2019,553.2,2014,459.7,2009,451.6,0.00730394700897663,0.02240045623427367,0.0160819296138508
Norfolk County Agricultural,Enrollment,Out-of-District FTE Pupils,2024,0.0,2019,0.0,2014,0.0,2009,0.0,,,
North Adams,Expenditure,Teachers,2024,7970.0,2019,6203.0,2014,5460.0,2009,5931.0,0.051408074739918375,0.0385479860089768,0.0198947584638709
North Adams,Expenditure,"Insurance, Retirement and Other",2024,5827.0,2019,4052.0,2014,3213.0,2009,2929.0,0.07536306597980724,0.061337304307429896,0.04692372826910818
North Adams,Expenditure,Pupil Services,2024,2989.0,2019,2112.0,2014,1352.0,2009,1407.0,0.07192993727328445,0.082567344066371,0.051514956835870374
North Adams,Expenditure,Other Teaching Services,2024,2001.0,2019,1640.0,2014,1411.0,2009,918.0,0.04059239623770128,0.03555222822957704,0.05331991114347612
North Adams,Expenditure,Operations and Maintenance,2024,2335.0,2019,1408.0,2014,1252.0,2009,1268.0,0.10646287330780524,0.06431027669566602,0.0415445291958505
North Adams,Expenditure,Instructional Leadership,2024,1940.0,2019,1378.0,2014,1488.0,2009,1600.0,0.07080527630792766,0.026880436143835063,0.012928482349627402
North Adams,Expenditure,Administration,2024,853.0,2019,461.0,2014,539.0,2009,503.0,0.13096618786367098,0.04697431297615928,0.035838549897924565
North Adams,Expenditure,"Guidance, Counseling and Testing",2024,602.0,2019,441.0,2014,353.0,2009,388.0,0.06422040175268462,0.05482928517814578,0.029716450651354087
North Adams,Expenditure,Other,2024,1783.0,2019,700.0,2014,366.0,2009,172.0,0.20562060175069075,0.17156671821612957,0.16871385632140967
North Adams,Expenditure,Total PPE,2024,26300.0,2019,18395.0,2014,15434.0,2009,15116.0,0.07411601334301077,0.05474560707298326,0.037611056959357514
North Adams,Enrollment,In-District FTE Pupils,2024,1196.0,2019,1365.4,2014,1497.7,2009,1558.1,-0.026145094499218313,-0.022243672863716646,-0.017477758969907442
North Adams,Enrollment,Out-of-District FTE Pupils,2024,251.4,2019,221.9,2014,195.9,2009,196.4,0.025277895333799538,0.025257804058956168,0.016595663178456066
North Andover,Expenditure,Teachers,2024,7011.0,2019,5181.0,2014,4532.0,2009,3911.0,0.06236382753021186,0.04459755886232686,0.03967949027776929
North Andover,Expenditure,"Insurance, Retirement and Other",2024,2911.0,2019,1969.0,2014,2146.0,2009,1876.0,0.08133260390530328,0.030958654657357254,0.02972350138387947
North Andover,Expenditure,Pupil Services,2024,2272.0,2019,1635.0,2014,1207.0,2009,1067.0,0.06801687321316963,0.06529553239613284,0.05167833452878412
North Andover,Expenditure,Other Teaching Services,2024,2270.0,2019,1346.0,2014,814.0,2009,805.0,0.11018705600967116,0.10800098182383122,0.07155713348058734
North Andover,Expenditure,Operations and Maintenance,2024,1066.0,2019,973.0,2014,884.0,2009,1002.0,0.018424580650481248,0.018897493723776915,0.004136218843592276
North Andover,Expenditure,Instructional Leadership,2024,1059.0,2019,750.0,2014,545.0,2009,524.0,0.07143773896128303,0.06868557109255669,0.04802339670728917
North Andover,Expenditure,Administration,2024,552.0,2019,472.0,2014,336.0,2009,300.0,0.031809247352788894,0.05089658325849622,0.041488602291686716
North Andover,Expenditure,"Guidance, Counseling and Testing",2024,637.0,2019,449.0,2014,260.0,2009,237.0,0.07245386391488196,0.09374632912519698,0.06813481904205809
North Andover,Expenditure,Other,2024,341.0,2019,397.0,2014,188.0,2009,266.0,-0.02995300546178703,0.0613525140620359,0.016696939332088823
North Andover,Expenditure,Total PPE,2024,18119.0,2019,13172.0,2014,10912.0,2009,9988.0,0.06585100881780748,0.05201755457566004,0.0405039009294339
North Andover,Enrollment,In-District FTE Pupils,2024,4533.8,2019,4775.8,2014,4789.0,2009,4631.0,-0.010346316641990483,-0.005461151537963338,-0.0014131597178599353
North Andover,Enrollment,Out-of-District FTE Pupils,2024,118.9,2019,98.3,2014,97.2,2009,100.5,0.038784994125338645,0.020355615542366312,0.011271387175271874
North Attleborough,Expenditure,Teachers,2024,7227.0,2019,5451.0,2014,4482.0,2009,4026.0,0.05802608362679895,0.04893510486508812,0.039773997046328224
North Attleborough,Expenditure,"Insurance, Retirement and Other",2024,3193.0,2019,2638.0,2014,1880.0,2009,1346.0,0.03892650350107041,0.05439686730103643,0.05927874311344894
North Attleborough,Expenditure,Pupil Services,2024,1731.0,2019,1159.0,2014,969.0,2009,824.0,0.0835344562520195,0.05973512447624496,0.050730463357139266
North Attleborough,Expenditure,Other Teaching Services,2024,1322.0,2019,1106.0,2014,929.0,2009,916.0,0.03632330712354803,0.035908923361688494,0.024760551543189235
North Attleborough,Expenditure,Operations and Maintenance,2024,1004.0,2019,993.0,2014,759.0,2009,674.0,0.002205756350479815,0.02836951443474689,0.026923883302316653
North Attleborough,Expenditure,Instructional Leadership,2024,991.0,2019,806.0,2014,623.0,2009,598.0,0.04219196974621742,0.04751092416221492,0.0342483372713005
North Attleborough,Expenditure,Administration,2024,381.0,2019,397.0,2014,319.0,2009,345.0,-0.008193628839813782,0.01791948865365911,0.006638937899508646
North Attleborough,Expenditure,"Guidance, Counseling and Testing",2024,333.0,2019,302.0,2014,287.0,2009,294.0,0.01973531091866554,0.014977076411123003,0.008338756865131192
North Attleborough,Expenditure,Other,2024,414.0,2019,554.0,2014,238.0,2009,219.0,-0.056595126809824925,0.056920541032314365,0.043366964386380324
North Attleborough,Expenditure,Total PPE,2024,16596.0,2019,13406.0,2014,10486.0,2009,9242.0,0.04361627259191758,0.0469823424348772,0.03979844622873996
North Attleborough,Enrollment,In-District FTE Pupils,2024,3988.4,2019,4176.4,2014,4586.0,2009,4744.5,-0.009169597157889564,-0.013864789687227375,-0.011506350030270007
North Attleborough,Enrollment,Out-of-District FTE Pupils,2024,161.3,2019,209.7,2014,138.6,2009,137.2,-0.05112896999942662,0.015282998448887364,0.010846822813571633
North Brookfield,Expenditure,Teachers,2024,7015.0,2019,5017.0,2014,5303.0,2009,4693.0,0.06934222196226392,0.028372855874281955,0.02716088958678453
North Brookfield,Expenditure,"Insurance, Retirement and Other",2024,4156.0,2019,2594.0,2014,2567.0,2009,2406.0,0.09885683385561905,0.04936111506106888,0.037111208102674986
North Brookfield,Expenditure,Pupil Services,2024,3341.0,2019,1426.0,2014,1289.0,2009,1118.0,0.18563603415264418,0.09992318323348903,0.07571108706786678
North Brookfield,Expenditure,Other Teaching Services,2024,2712.0,2019,1450.0,2014,768.0,2009,654.0,0.1334029445495415,0.1344695576364896,0.09946344827344133
North Brookfield,Expenditure,Operations and Maintenance,2024,2502.0,2019,1309.0,2014,1299.0,2009,1058.0,0.13833353899460965,0.067745661416168,0.05905888763717848
North Brookfield,Expenditure,Instructional Leadership,2024,1503.0,2019,845.0,2014,749.0,2009,638.0,0.12207130018022605,0.07213066115135924,0.05878851108325267
North Brookfield,Expenditure,Administration,2024,695.0,2019,782.0,2014,707.0,2009,542.0,-0.023312543157364973,-0.001710417598895786,0.016714540245203136
North Brookfield,Expenditure,"Guidance, Counseling and Testing",2024,873.0,2019,418.0,2014,379.0,2009,318.0,0.15869088992170255,0.08701992156268346,0.0696437098101137
North Brookfield,Expenditure,Other,2024,452.0,2019,483.0,2014,504.0,2009,382.0,-0.013179277413780888,-0.010830333836652883,0.011280589451564405
North Brookfield,Expenditure,Total PPE,2024,23249.0,2019,14324.0,2014,13565.0,2009,11809.0,0.10171177974787216,0.055354698386433476,0.04619524945518472
North Brookfield,Enrollment,In-District FTE Pupils,2024,404.5,2019,584.5,2014,565.6,2009,664.9,-0.07097628113290788,-0.03296785085390641,-0.03258946418342101
North Brookfield,Enrollment,Out-of-District FTE Pupils,2024,214.4,2019,110.3,2014,133.2,2009,124.3,0.14216764574583785,0.0487501974898763,0.037011510208677434
North Middlesex,Expenditure,Teachers,2024,6655.0,2019,5860.0,2014,4908.0,2009,4165.0,0.025770225231635635,0.03091854129460536,0.031736678918937944
North Middlesex,Expenditure,"Insurance, Retirement and Other",2024,3888.0,2019,2898.0,2014,2285.0,2009,1803.0,0.060536390109472205,0.05459086521139134,0.05256446014440841
North Middlesex,Expenditure,Pupil Services,2024,2292.0,2019,1579.0,2014,1341.0,2009,1072.0,0.07737401498920904,0.05506346282497043,0.05196507568556252
North Middlesex,Expenditure,Other Teaching Services,2024,1701.0,2019,1475.0,2014,1142.0,2009,450.0,0.028922012856220647,0.04064792109127069,0.09269625173313933
North Middlesex,Expenditure,Operations and Maintenance,2024,1616.0,2019,1513.0,2014,1109.0,2009,845.0,0.013259036743105579,0.038367247517004266,0.044172641052094175
North Middlesex,Expenditure,Instructional Leadership,2024,1021.0,2019,720.0,2014,720.0,2009,723.0,0.07235516802320863,0.035545830962207425,0.023275312117485125
North Middlesex,Expenditure,Administration,2024,495.0,2019,384.0,2014,352.0,2009,326.0,0.05209460817395262,0.0346804744311946,0.028235293338545242
North Middlesex,Expenditure,"Guidance, Counseling and Testing",2024,550.0,2019,422.0,2014,304.0,2009,226.0,0.05441129065156214,0.061081910292861474,0.06108526428780303
North Middlesex,Expenditure,Other,2024,445.0,2019,341.0,2014,330.0,2009,388.0,0.05468100995585812,0.03034960066187553,0.009179807843911147
North Middlesex,Expenditure,Total PPE,2024,18663.0,2019,15192.0,2014,12491.0,2009,9998.0,0.04201339271098825,0.0409705060655583,0.04248837694368324
North Middlesex,Enrollment,In-District FTE Pupils,2024,2987.3,2019,3057.9,2014,3386.5,2009,4205.0,-0.004660791932175834,-0.012464365241241948,-0.022535809546679775
North Middlesex,Enrollment,Out-of-District FTE Pupils,2024,208.0,2019,225.1,2014,239.1,2009,191.1,-0.01567714753228755,-0.013837745376719779,0.005665403270074032
North Reading,Expenditure,Teachers,2024,8295.0,2019,6780.0,2014,5243.0,2009,4223.0,0.04115967531286557,0.04694448441915777,0.04603533190003661
North Reading,Expenditure,"Insurance, Retirement and Other",2024,3705.0,2019,2857.0,2014,2268.0,2009,1923.0,0.053357021137874217,0.050302782922324374,0.04468957737410739
North Reading,Expenditure,Pupil Services,2024,1850.0,2019,1456.0,2014,1097.0,2009,898.0,0.04906420962805402,0.05365033623939741,0.04936447951045442
North Reading,Expenditure,Other Teaching Services,2024,1656.0,2019,1364.0,2014,1081.0,2009,798.0,0.03955911907769427,0.04357451293822123,0.049873956812563014
North Reading,Expenditure,Operations and Maintenance,2024,1588.0,2019,1305.0,2014,908.0,2009,792.0,0.04003510189941051,0.057490476602146234,0.047470227524769815
North Reading,Expenditure,Instructional Leadership,2024,1274.0,2019,1119.0,2014,762.0,2009,588.0,0.02628473276648924,0.052740777934229044,0.0528976106233876
North Reading,Expenditure,Administration,2024,596.0,2019,480.0,2014,432.0,2009,379.0,0.04424163375056023,0.03270493237999328,0.03064033904392094
North Reading,Expenditure,"Guidance, Counseling and Testing",2024,785.0,2019,453.0,2014,309.0,2009,245.0,0.11623154323935658,0.09771883930326108,0.08072095262255918
North Reading,Expenditure,Other,2024,467.0,2019,397.0,2014,457.0,2009,487.0,0.03301178169956809,0.0021669310864651514,-0.002791753482401904
North Reading,Expenditure,Total PPE,2024,20216.0,2019,16211.0,2014,12557.0,2009,10333.0,0.04514629327720354,0.04877163625935399,0.04575813894713732
North Reading,Enrollment,In-District FTE Pupils,2024,2323.8,2019,2405.2,2014,2592.9,2009,2790.0,-0.006862203494161223,-0.010897503638468975,-0.012115200706347529
North Reading,Enrollment,Out-of-District FTE Pupils,2024,55.2,2019,47.5,2014,47.3,2009,50.9,0.030502604179958093,0.015565160368631314,0.005421311058367406
North Shore Regional Vocational Technical,Expenditure,Teachers,2014,8386.0,2009,8388.0,2004,,1999,,-4.7691720934217585e-05,,
North Shore Regional Vocational Technical,Expenditure,"Insurance, Retirement and Other",2014,3566.0,2009,2847.0,2004,,1999,,0.046065247944198084,,
North Shore Regional Vocational Technical,Expenditure,Pupil Services,2014,3855.0,2009,3010.0,2004,,1999,,0.05073107694865975,,
North Shore Regional Vocational Technical,Expenditure,Other Teaching Services,2014,1049.0,2009,862.0,2004,,1999,,0.0400486257056929,,
North Shore Regional Vocational Technical,Expenditure,Operations and Maintenance,2014,1695.0,2009,1671.0,2004,,1999,,0.0028561693455015913,,
North Shore Regional Vocational Technical,Expenditure,Instructional Leadership,2014,1890.0,2009,1958.0,2004,,1999,,-0.007044413980613062,,
North Shore Regional Vocational Technical,Expenditure,Administration,2014,2186.0,2009,1382.0,2004,,1999,,0.09604509514182014,,
North Shore Regional Vocational Technical,Expenditure,"Guidance, Counseling and Testing",2014,1152.0,2009,907.0,2004,,1999,,0.04898442122154689,,
North Shore Regional Vocational Technical,Expenditure,Other,2014,1637.0,2009,1870.0,2004,,1999,,-0.026263578555314915,,
North Shore Regional Vocational Technical,Expenditure,Total PPE,2014,25416.0,2009,22895.0,2004,,1999,,0.021111837264585098,,
North Shore Regional Vocational Technical,Enrollment,In-District FTE Pupils,2014,450.8,2009,443.6,2004,,1999,,0.003225295446478871,,
North Shore Regional Vocational Technical,Enrollment,Out-of-District FTE Pupils,2014,15.6,2009,3.1,2004,,1999,,0.38150538118996846,,
Northampton,Expenditure,Teachers,2024,7490.0,2019,5576.0,2014,4454.0,2009,4068.0,0.06079584630222734,0.05335111789888369,0.04153385579640512
Northampton,Expenditure,"Insurance, Retirement and Other",2024,3687.0,2019,2776.0,2014,2572.0,2009,1980.0,0.05840220306494204,0.036669251872556874,0.04231870098223389
Northampton,Expenditure,Pupil Services,2024,1902.0,2019,1341.0,2014,1101.0,2009,906.0,0.07239886817362029,0.056190651982271245,0.05068408596429275
Northampton,Expenditure,Other Teaching Services,2024,2663.0,2019,1509.0,2014,1268.0,2009,1169.0,0.12030528651399841,0.07702352937631751,0.056421205874383595
Northampton,Expenditure,Operations and Maintenance,2024,1577.0,2019,1328.0,2014,966.0,2009,1073.0,0.03496752704080697,0.05023250739981133,0.026003395593910072
Northampton,Expenditure,Instructional Leadership,2024,1085.0,2019,904.0,2014,753.0,2009,815.0,0.03717552904213273,0.03720231206149682,0.01925959539888855
Northampton,Expenditure,Administration,2024,756.0,2019,513.0,2014,529.0,2009,494.0,0.08063961960040023,0.03635038325406015,0.02877323381671082
Northampton,Expenditure,"Guidance, Counseling and Testing",2024,968.0,2019,650.0,2014,442.0,2009,360.0,0.08291008967015356,0.08154678033050122,0.06816462336661533
Northampton,Expenditure,Other,2024,1139.0,2019,551.0,2014,589.0,2009,389.0,0.15631038212444293,0.06817114729931872,0.07424895903322049
Northampton,Expenditure,Total PPE,2024,21267.0,2019,15148.0,2014,12674.0,2009,11254.0,0.07021291333073498,0.05312337598285244,0.04334183418856563
Northampton,Enrollment,In-District FTE Pupils,2024,2562.4,2019,2647.9,2014,2732.1,2009,2788.2,-0.0065430114089751745,-0.006392105510381274,-0.005614307671612084
Northampton,Enrollment,Out-of-District FTE Pupils,2024,283.8,2019,295.5,2014,307.4,2009,268.1,-0.008047260459146166,-0.007956187293578054,0.00380118755657044
Northampton,NSS,Ch70 Aid,2024,2983.0168665667165,2019,2756.1035753778106,2014,2532.7908402452217,2009,2608.3304809052333,0.015949298748752172,0.0164959162397309,0.00898847627675492
Northampton,NSS,Req NSS (minus Ch70),2024,10523.613568215893,2019,8689.960560265388,2014,7798.113234763794,2009,6369.864214992928,0.039033182464684346,0.030427725167635256,0.034035973422568366
Northampton,NSS,Actual NSS (minus Req NSS),2024,4749.564266996143,2019,2825.0797092287885,2014,1408.452801648987,2009,680.3694396496012,0.10949311751895796,0.1292527245371522,0.13831012295294354
Northampton,NSS,Total Actual NSS per pupil,2024,18256.194701778753,2019,14271.143844871987,2014,11739.356876658003,2009,9658.564135547762,0.05048606332790162,0.045145115807477154,0.04335758923199373
Northampton,Enrollment,Foundation Enrollment,2024,2668.0,2019,2713.0,2014,2773.0,2009,2828.0,-0.0033395922399857003,-0.003852623388174048,-0.0038751800341426668
Northampton-Smith Vocational Agricultural,Expenditure,Teachers,2024,9045.0,2019,7845.0,2014,6603.0,2009,6004.0,0.028876208128144842,0.031969180506846495,0.02769566793454259
Northampton-Smith Vocational Agricultural,Expenditure,"Insurance, Retirement and Other",2024,3475.0,2019,3298.0,2014,3935.0,2009,2450.0,0.010510502296607216,-0.012354686661841252,0.023574006001759518
Northampton-Smith Vocational Agricultural,Expenditure,Pupil Services,2024,1936.0,2019,1686.0,2014,1679.0,2009,998.0,0.028038919605706702,0.014344469586856645,0.04516531188994577
Northampton-Smith Vocational Agricultural,Expenditure,Other Teaching Services,2024,1065.0,2019,1010.0,2014,787.0,2009,709.0,0.01066132485227489,0.030712368383510213,0.027496201050974056
Northampton-Smith Vocational Agricultural,Expenditure,Operations and Maintenance,2024,6995.0,2019,2735.0,2014,2178.0,2009,2214.0,0.20660765882631726,0.12375848609419182,0.07971053808657902
Northampton-Smith Vocational Agricultural,Expenditure,Instructional Leadership,2024,2054.0,2019,2057.0,2014,2240.0,2009,1556.0,-0.0002918572342794912,-0.008631210803554779,0.018683776757265624
Northampton-Smith Vocational Agricultural,Expenditure,Administration,2024,1359.0,2019,1419.0,2014,1744.0,2009,1214.0,-0.008603429451012112,-0.02463470735827844,0.007550256693479529
Northampton-Smith Vocational Agricultural,Expenditure,"Guidance, Counseling and Testing",2024,1045.0,2019,1042.0,2014,796.0,2009,930.0,0.0005751537546472285,0.027591071840858516,0.0078027895463028685
Northampton-Smith Vocational Agricultural,Expenditure,Other,2024,4440.0,2019,1776.0,2014,2144.0,2009,1519.0,0.20112443398143132,0.07551338317281964,0.07412546567351419
Northampton-Smith Vocational Agricultural,Expenditure,Total PPE,2024,31414.0,2019,22868.0,2014,22106.0,2009,17594.0,0.06556270380004703,0.03576518097246861,0.03940286630240264
Northampton-Smith Vocational Agricultural,Enrollment,In-District FTE Pupils,2024,561.4,2019,481.8,2014,411.9,2009,464.2,0.0310533140941478,0.03144971840562194,0.012755207140260794
Northampton-Smith Vocational Agricultural,Enrollment,Out-of-District FTE Pupils,2024,0.0,2019,0.0,2014,0.0,2009,0.0,,,
Northboro-Southboro,Expenditure,Teachers,2024,9235.0,2019,7257.0,2014,5775.0,2009,5545.0,0.0493876658452399,0.04806565907385063,0.03459177937969149
Northboro-Southboro,Expenditure,"Insurance, Retirement and Other",2024,3983.0,2019,2748.0,2014,2113.0,2009,2218.0,0.07705706936571532,0.0654451111158656,0.039800250297854944
Northboro-Southboro,Expenditure,Pupil Services,2024,3244.0,2019,2216.0,2014,1867.0,2009,1792.0,0.07920069884937053,0.0568020638725788,0.0403581075986863
Northboro-Southboro,Expenditure,Other Teaching Services,2024,2096.0,2019,1297.0,2014,826.0,2009,627.0,0.10075396994037611,0.0975924805904338,0.08378112344348021
Northboro-Southboro,Expenditure,Operations and Maintenance,2024,1953.0,2019,1284.0,2014,1274.0,2009,1259.0,0.0874954383218769,0.04364616486952855,0.02970250091257287
Northboro-Southboro,Expenditure,Instructional Leadership,2024,1195.0,2019,878.0,2014,727.0,2009,665.0,0.06359105916004659,0.05095313357957321,0.03984773617850301
Northboro-Southboro,Expenditure,Administration,2024,622.0,2019,428.0,2014,399.0,2009,382.0,0.07762913149665285,0.04539820221487956,0.0330352349961347
Northboro-Southboro,Expenditure,"Guidance, Counseling and Testing",2024,1219.0,2019,756.0,2014,520.0,2009,473.0,0.10026267930045796,0.08893018409554299,0.06514689163255105
Northboro-Southboro,Expenditure,Other,2024,629.0,2019,409.0,2014,286.0,2009,336.0,0.08989702590499071,0.0820029908293316,0.04268731768477929
Northboro-Southboro,Expenditure,Total PPE,2024,24176.0,2019,17273.0,2014,13787.0,2009,13297.0,0.06955552327545922,0.05777053960589473,0.0406596566402011
Northboro-Southboro,Enrollment,In-District FTE Pupils,2024,1193.4,2019,1423.9,2014,1454.3,2009,1386.2,-0.03470221711029553,-0.01957765013644608,-0.009934313076081724
Northboro-Southboro,Enrollment,Out-of-District FTE Pupils,2024,34.2,2019,36.3,2014,34.6,2009,27.9,-0.011847676406768204,-0.0011621280051379301,0.013665798619296732
Northboro-Southboro,NSS,Ch70 Aid,2024,2700.5815261044177,2019,2071.29575596817,2014,1890.2192154237844,2009,2028.18125,0.05449138364556427,0.036321508467558994,0.019271862032375076
Northboro-Southboro,NSS,Req NSS (minus Ch70),2024,10709.155823293173,2019,8868.667108753316,2014,8175.9881734559785,2009,6749.319444444444,0.038435142068947936,0.027357269527045203,0.031255672113423616
Northboro-Southboro,NSS,Actual NSS (minus Req NSS),2024,6318.033567710843,2019,3230.3953116710895,2014,1381.0725059954011,2009,1690.8444444444444,0.14357657720846606,0.1642239922273636,0.09185563113848261
Northboro-Southboro,NSS,Total Actual NSS per pupil,2024,19727.770917108435,2019,14170.358176392574,2014,11447.279894875162,2009,10468.34513888889,0.0684136740139758,0.05593593900980243,0.04314976740555476
Northboro-Southboro,Enrollment,Foundation Enrollment,2024,1245.0,2019,1508.0,2014,1522.0,2009,1440.0,-0.037604459378002386,-0.01988853398342949,-0.009653607441565848
Northborough,Expenditure,Teachers,2024,8376.0,2019,7694.0,2014,6134.0,2009,5108.0,0.017131015104774994,0.03164265317041992,0.0335203968958242
Northborough,Expenditure,"Insurance, Retirement and Other",2024,3225.0,2019,3179.0,2014,2176.0,2009,1974.0,0.0028773854133627985,0.0401287068945162,0.03326607701915174
Northborough,Expenditure,Pupil Services,2024,1651.0,2019,1062.0,2014,972.0,2009,750.0,0.0922561816874572,0.05440651534737739,0.05401240112793615
Northborough,Expenditure,Other Teaching Services,2024,2858.0,2019,2210.0,2014,1573.0,2009,801.0,0.052771186528697056,0.061532634601618064,0.08850053598003393
Northborough,Expenditure,Operations and Maintenance,2024,1329.0,2019,1377.0,2014,920.0,2009,798.0,-0.0070709702183948675,0.03746562377922924,0.03458967353334774
Northborough,Expenditure,Instructional Leadership,2024,1259.0,2019,863.0,2014,719.0,2009,595.0,0.07845738040423256,0.05762007081247367,0.05123686954363449
Northborough,Expenditure,Administration,2024,618.0,2019,515.0,2014,432.0,2009,331.0,0.03713728933664817,0.03645505214428124,0.042503124844107676
Northborough,Expenditure,"Guidance, Counseling and Testing",2024,698.0,2019,652.0,2014,336.0,2009,190.0,0.013728287450827104,0.07584972830766579,0.09061999291373346
Northborough,Expenditure,Other,2024,530.0,2019,334.0,2014,456.0,2009,379.0,0.0967455490133482,0.015152065707554119,0.022607822681812717
Northborough,Expenditure,Total PPE,2024,20544.0,2019,17886.0,2014,13718.0,2009,10926.0,0.028097625246139124,0.04121261390701214,0.042993465086901494
Northborough,Enrollment,In-District FTE Pupils,2024,1637.3,2019,1595.5,2014,1798.1,2009,1902.3,0.0051856746934373366,-0.009324455936114084,-0.009951165324706635
Northborough,Enrollment,Out-of-District FTE Pupils,2024,78.8,2019,76.4,2014,52.3,2009,46.2,0.0062052333233917345,0.04184341922237467,0.036236652271690595
Northborough,NSS,Ch70 Aid,2024,2616.1866501854142,2019,2454.7699243880597,2014,1989.2001292928417,2009,1874.2857782754759,0.012818408570715922,0.027777307648892524,0.02248166182361766
Northborough,NSS,Req NSS (minus Ch70),2024,9711.776885043264,2019,7804.478855721393,2014,6899.220173535792,2009,5782.107502799552,0.044698467521149476,0.03478439127174737,0.03517593901395388
Northborough,NSS,Actual NSS (minus Req NSS),2024,8422.779004416972,2019,7336.353975592245,2014,4046.716078116321,2009,3452.3070693024783,0.028004523420306127,0.07605697540051604,0.06126310431717541
Northborough,NSS,Total Actual NSS per pupil,2024,20750.742539645653,2019,17595.6027557017,2014,12935.136380944954,2009,11108.700350377507,0.0335366905170591,0.04839819122496247,0.04253671708461737
Northborough,Enrollment,Foundation Enrollment,2024,1618.0,2019,1608.0,2014,1844.0,2009,1786.0,0.0012406986063966396,-0.012989528961296792,-0.006564205112327803
Northbridge,Expenditure,Teachers,2024,7015.0,2019,5759.0,2014,4504.0,2009,4282.0,0.04024615537320253,0.0453047631452288,0.03345618199591138
Northbridge,Expenditure,"Insurance, Retirement and Other",2024,2843.0,2019,2519.0,2014,2308.0,2009,1996.0,0.02449475289618741,0.02106668289086766,0.023861206583732475
Northbridge,Expenditure,Pupil Services,2024,1907.0,2019,1375.0,2014,928.0,2009,1148.0,0.06760254148003852,0.074682734456051,0.03441288191773739
Northbridge,Expenditure,Other Teaching Services,2024,1926.0,2019,1321.0,2014,960.0,2009,527.0,0.07832753006346493,0.07210792167920754,0.09024234121730479
Northbridge,Expenditure,Operations and Maintenance,2024,1458.0,2019,1365.0,2014,1065.0,2009,997.0,0.013269509773095267,0.03190755384828936,0.025661745360902488
Northbridge,Expenditure,Instructional Leadership,2024,1238.0,2019,955.0,2014,805.0,2009,678.0,0.053279070812943585,0.04398071553763616,0.040956856358386196
Northbridge,Expenditure,Administration,2024,523.0,2019,457.0,2014,387.0,2009,365.0,0.02734685970842765,0.03057374084392861,0.024268747279462044
Northbridge,Expenditure,"Guidance, Counseling and Testing",2024,655.0,2019,427.0,2014,283.0,2009,193.0,0.08933807864489762,0.08754061868616358,0.08487307991733073
Northbridge,Expenditure,Other,2024,405.0,2019,357.0,2014,400.0,2009,406.0,0.02555123375749746,0.0012430239144756161,-0.0001643926523930972
Northbridge,Expenditure,Total PPE,2024,17970.0,2019,14535.0,2014,11640.0,2009,10592.0,0.04334180259784359,0.044382316375574105,0.035868612040632186
Northbridge,Enrollment,In-District FTE Pupils,2024,1875.3,2019,2046.7,2014,2533.6,2009,2443.5,-0.017339921437663497,-0.029639140886124737,-0.017489438888529163
Northbridge,Enrollment,Out-of-District FTE Pupils,2024,222.6,2019,226.0,2014,143.2,2009,160.9,-0.0030271210877819144,0.045100881869514886,0.021875392283642103
Northbridge,NSS,Ch70 Aid,2024,7964.887831747621,2019,6968.583408071749,2014,5938.869462955704,2009,5680.031075697211,0.027086526973708835,0.029787434988658434,0.022795001268463455
Northbridge,NSS,Req NSS (minus Ch70),2024,7247.298948422634,2019,5296.174439461884,2014,3664.9921599372797,2009,2565.1509960159365,0.06473806112058433,0.0705582746785749,0.07169420603581611
Northbridge,NSS,Actual NSS (minus Req NSS),2024,19.01087557505788,2019,484.6333213763153,2014,739.499392028143,2009,816.1640994320991,-0.4767397195247136,-0.3065639276034926,-0.22169770907799846
Northbridge,NSS,Total Actual NSS per pupil,2024,15231.19765574531,2019,12749.391168909948,2014,10343.361014921127,2009,9061.346171145247,0.03621272580597057,0.03945869655095091,0.03522818800008598
Northbridge,Enrollment,Foundation Enrollment,2024,1997.0,2019,2230.0,2014,2551.0,2009,2510.0,-0.02182932142911642,-0.02418663815440969,-0.015126868467999044
Northeast Metropolitan Regional Vocational Technical,Expenditure,Teachers,2024,9479.0,2019,8696.0,2014,7548.0,2009,6968.0,0.017392656152372066,0.02304105670584633,0.020728620115498364
Northeast Metropolitan Regional Vocational Technical,Expenditure,"Insurance, Retirement and Other",2024,4602.0,2019,3913.0,2014,3848.0,2009,4434.0,0.03296915460481209,0.018054798127004723,0.002482334597902369
Northeast Metropolitan Regional Vocational Technical,Expenditure,Pupil Services,2024,3249.0,2019,3433.0,2014,2246.0,2009,1305.0,-0.010956981716561565,0.037609635215948733,0.06269657279551977
Northeast Metropolitan Regional Vocational Technical,Expenditure,Other Teaching Services,2024,1216.0,2019,609.0,2014,419.0,2009,669.0,0.1483208661363249,0.1124281116851451,0.040639956635830865
Northeast Metropolitan Regional Vocational Technical,Expenditure,Operations and Maintenance,2024,2050.0,2019,1705.0,2014,2180.0,2009,1514.0,0.03754250035673312,-0.006129644967896142,0.020411158397066975
Northeast Metropolitan Regional Vocational Technical,Expenditure,Instructional Leadership,2024,1180.0,2019,1370.0,2014,867.0,2009,877.0,-0.029417876599955095,0.03130302349555003,0.01998118563737039
Northeast Metropolitan Regional Vocational Technical,Expenditure,Administration,2024,2092.0,2019,1374.0,2014,1182.0,2009,1131.0,0.08771467900520613,0.0587524306151328,0.041853380013982644
Northeast Metropolitan Regional Vocational Technical,Expenditure,"Guidance, Counseling and Testing",2024,951.0,2019,857.0,2014,730.0,2009,704.0,0.021033376634272072,0.026799777005193315,0.02025137916336539
Northeast Metropolitan Regional Vocational Technical,Expenditure,Other,2024,2550.0,2019,1632.0,2014,1464.0,2009,988.0,0.09336207394327811,0.057060660301651245,0.0652516503885825
Northeast Metropolitan Regional Vocational Technical,Expenditure,Total PPE,2024,27369.0,2019,23589.0,2014,20484.0,2009,18590.0,0.03017232788248747,0.029400598088364926,0.026121142393179086
Northeast Metropolitan Regional Vocational Technical,Enrollment,In-District FTE Pupils,2024,1327.0,2019,1231.8,2014,1234.8,2009,1214.5,0.015000239257962011,0.0072271649757851275,0.005923359852230359
Northeast Metropolitan Regional Vocational Technical,Enrollment,Out-of-District FTE Pupils,2024,1.0,2019,0.0,2014,0.0,2009,0.0,,,
Northern Berkshire Regional Vocational Technical,Expenditure,Teachers,2024,10714.0,2019,8557.0,2014,7529.0,2009,6205.0,0.04598636188259375,0.03590859031629701,0.03708413453782522
Northern Berkshire Regional Vocational Technical,Expenditure,"Insurance, Retirement and Other",2024,3842.0,2019,3767.0,2014,3315.0,2009,2853.0,0.003950610296037826,0.014862914808908556,0.02003961639103924
Northern Berkshire Regional Vocational Technical,Expenditure,Pupil Services,2024,2776.0,2019,2347.0,2014,1668.0,2009,1635.0,0.03414461404907376,0.05225825514645699,0.03592134162905336
Northern Berkshire Regional Vocational Technical,Expenditure,Other Teaching Services,2024,791.0,2019,796.0,2014,514.0,2009,559.0,-0.0012594498418451172,0.04405009312646091,0.02341311555405401
Northern Berkshire Regional Vocational Technical,Expenditure,Operations and Maintenance,2024,2330.0,2019,2201.0,2014,2195.0,2009,1645.0,0.01145642084667764,0.005986469821052776,0.02347993902154477
Northern Berkshire Regional Vocational Technical,Expenditure,Instructional Leadership,2024,1482.0,2019,1222.0,2014,1011.0,2009,923.0,0.03933463380769542,0.038986021976584295,0.032071455777516134
Northern Berkshire Regional Vocational Technical,Expenditure,Administration,2024,1274.0,2019,1189.0,2014,959.0,2009,723.0,0.013905583473317051,0.028809775316850805,0.03848941766711511
Northern Berkshire Regional Vocational Technical,Expenditure,"Guidance, Counseling and Testing",2024,949.0,2019,734.0,2014,584.0,2009,454.0,0.05272280354377323,0.04974867836138763,0.050382209208772455
Northern Berkshire Regional Vocational Technical,Expenditure,Other,2024,3378.0,2019,1543.0,2014,1955.0,2009,1069.0,0.16965759133768454,0.05621246450535233,0.07972244466102962
Northern Berkshire Regional Vocational Technical,Expenditure,Total PPE,2024,27536.0,2019,22356.0,2014,19730.0,2009,16066.0,0.042560701247837285,0.0338972419027217,0.03657215730591257
Northern Berkshire Regional Vocational Technical,Enrollment,In-District FTE Pupils,2024,491.2,2019,466.5,2014,492.1,2009,518.3,0.010372092384630438,-0.00018304034997063123,-0.003573788652516119
Northern Berkshire Regional Vocational Technical,Enrollment,Out-of-District FTE Pupils,2024,5.0,2019,5.0,2014,2.0,2009,0.0,0.0,0.09595822638521723,
Norton,Expenditure,Teachers,2024,7827.0,2019,5754.0,2014,4568.0,2009,4153.0,0.06346963780674497,0.05532669473364438,0.04315511883778278
Norton,Expenditure,"Insurance, Retirement and Other",2024,3406.0,2019,2630.0,2014,2289.0,2009,2417.0,0.05307130531757642,0.04054264813412001,0.0231308961751997
Norton,Expenditure,Pupil Services,2024,2062.0,2019,1268.0,2014,919.0,2009,813.0,0.10213268348118287,0.08416982320701716,0.06401203683318424
Norton,Expenditure,Other Teaching Services,2024,2036.0,2019,1089.0,2014,750.0,2009,724.0,0.13331328256998543,0.10502384852679025,0.07136128161171928
Norton,Expenditure,Operations and Maintenance,2024,1154.0,2019,1317.0,2014,935.0,2009,950.0,-0.026078380076079766,0.021267284379574702,0.013052953154673919
Norton,Expenditure,Instructional Leadership,2024,972.0,2019,780.0,2014,532.0,2009,491.0,0.04499528866844282,0.0621245891385962,0.046579727716654196
Norton,Expenditure,Administration,2024,569.0,2019,487.0,2014,357.0,2009,305.0,0.0316126549043203,0.04771799949172206,0.042447427158043505
Norton,Expenditure,"Guidance, Counseling and Testing",2024,818.0,2019,757.0,2014,478.0,2009,339.0,0.015620561827058621,0.05519455306127674,0.06048266477623376
Norton,Expenditure,Other,2024,613.0,2019,406.0,2014,248.0,2009,266.0,0.0858926365654924,0.09471452222094934,0.05723595041070606
Norton,Expenditure,Total PPE,2024,19457.0,2019,14488.0,2014,11076.0,2009,10458.0,0.06075109393223288,0.05796011021829872,0.04225778911367373
Norton,Enrollment,In-District FTE Pupils,2024,2395.5,2019,2455.2,2014,2657.9,2009,2868.3,-0.004911150068307002,-0.01034060053834518,-0.011936688507253712
Norton,Enrollment,Out-of-District FTE Pupils,2024,101.3,2019,155.3,2014,237.3,2009,258.7,-0.08190505132412018,-0.08160148946163226,-0.06059211508787754
Norton,NSS,Ch70 Aid,2024,6012.124257651896,2019,5053.24881141046,2014,4489.684996358339,2009,4248.740103828683,0.03536016832534328,0.029630046675699795,0.023413603552146833
Norton,NSS,Req NSS (minus Ch70),2024,9569.787117405207,2019,6551.068145800317,2014,5726.454843408595,2009,3714.9584685269306,0.0787431027767993,0.05269277844006859,0.06511513089824783
Norton,NSS,Actual NSS (minus Req NSS),2024,3180.9480777589247,2019,2085.7934726865583,2014,392.652527706585,2009,983.232860911229,0.0880705487630058,0.2326926834405696,0.08141738324189718
Norton,NSS,Total Actual NSS per pupil,2024,18762.85945281603,2019,13690.110429897335,2014,10608.792367473518,2009,8946.931433266842,0.06507064449193423,0.05867658448502189,0.050610316583716175
Norton,Enrollment,Foundation Enrollment,2024,2189.0,2019,2524.0,2014,2746.0,2009,3082.0,-0.02807829213289792,-0.022415014174131054,-0.0225507707820386
Norwell,Expenditure,Teachers,2024,7887.0,2019,6436.0,2014,5261.0,2009,4049.0,0.04149972852082673,0.041320345756485466,0.04545241682785317
Norwell,Expenditure,"Insurance, Retirement and Other",2024,3204.0,2019,2803.0,2014,2394.0,2009,1898.0,0.02710272614791709,0.029572268001991642,0.03552300914956574
Norwell,Expenditure,Pupil Services,2024,2205.0,2019,1541.0,2014,1272.0,2009,986.0,0.0742891537305197,0.05655509402788894,0.05512062359340297
Norwell,Expenditure,Other Teaching Services,2024,1399.0,2019,1116.0,2014,949.0,2009,710.0,0.04623851592427686,0.03957338015646106,0.046254384655093794
Norwell,Expenditure,Operations and Maintenance,2024,1762.0,2019,1202.0,2014,1104.0,2009,1113.0,0.07949413542434347,0.04786101514311758,0.031099831730966754
Norwell,Expenditure,Instructional Leadership,2024,1277.0,2019,1100.0,2014,793.0,2009,620.0,0.03029037444694782,0.048797807981360686,0.04934898598378368
Norwell,Expenditure,Administration,2024,616.0,2019,520.0,2014,430.0,2009,410.0,0.0344642195274274,0.03660005049395032,0.027510945879581694
Norwell,Expenditure,"Guidance, Counseling and Testing",2024,663.0,2019,498.0,2014,383.0,2009,256.0,0.05890460535456743,0.05640749905070419,0.0654953798143667
Norwell,Expenditure,Other,2024,514.0,2019,548.0,2014,695.0,2009,322.0,-0.012728700328516918,-0.029718320119642927,0.03166924293990592
Norwell,Expenditure,Total PPE,2024,19527.0,2019,15764.0,2014,13281.0,2009,10364.0,0.043743586804490864,0.03929891754029069,0.04313505779360827
Norwell,Enrollment,In-District FTE Pupils,2024,2150.6,2019,2181.5,2014,2241.9,2009,2326.5,-0.0028491017055918277,-0.004149053559577953,-0.0052274967896190905
Norwell,Enrollment,Out-of-District FTE Pupils,2024,49.6,2019,46.2,2014,31.9,2009,30.6,0.014303537609516193,0.04512707656711612,0.03272339775957511
Norwell,NSS,Ch70 Aid,2024,2386.727619047619,2019,1748.5137401024685,2014,1446.0088442026747,2009,1248.3517520215632,0.06420859431630643,0.05138842379359154,0.044153604993968365
Norwell,NSS,Req NSS (minus Ch70),2024,9973.352857142858,2019,8242.992547741034,2014,7758.036363636364,2009,6920.425876010781,0.03884619994241567,0.025436890670593293,0.024661827846944817
Norwell,NSS,Actual NSS (minus Req NSS),2024,6151.385613809526,2019,4945.857561599322,2014,2722.8525954762345,2009,1697.6528566143436,0.04459097561867642,0.08491292253186011,0.08961967754211209
Norwell,NSS,Total Actual NSS per pupil,2024,18511.46609,2019,14937.363849442823,2014,11926.897803315274,2009,9866.43048464669,0.043838644829846674,0.04493994615366104,0.04284248784506506
Norwell,Enrollment,Foundation Enrollment,2024,2100.0,2019,2147.0,2014,2255.0,2009,2226.0,-0.00441705084282662,-0.0070959667127984405,-0.003877058600463168
Norwood,Expenditure,Teachers,2024,8488.0,2019,6684.0,2014,5627.0,2009,4541.0,0.04894758141764588,0.04196431498164399,0.042582084735372394
Norwood,Expenditure,"Insurance, Retirement and Other",2024,3419.0,2019,2901.0,2014,2531.0,2009,2138.0,0.03340432399504856,0.030530133869231424,0.03179343437676274
Norwood,Expenditure,Pupil Services,2024,2084.0,2019,1420.0,2014,1240.0,2009,1100.0,0.07974667178040029,0.05328913165065474,0.04351893837926202
Norwood,Expenditure,Other Teaching Services,2024,1953.0,2019,1357.0,2014,1028.0,2009,925.0,0.07553483007513306,0.06627913958446041,0.05108386017906508
Norwood,Expenditure,Operations and Maintenance,2024,1774.0,2019,1590.0,2014,1359.0,2009,1289.0,0.022142151433132584,0.02700702873545513,0.02151962189574741
Norwood,Expenditure,Instructional Leadership,2024,1158.0,2019,807.0,2014,743.0,2009,600.0,0.07489738152068814,0.04537467449323773,0.04480959895716907
Norwood,Expenditure,Administration,2024,732.0,2019,598.0,2014,721.0,2009,599.0,0.041266699184134614,0.0015152845528487724,0.013457677947790625
Norwood,Expenditure,"Guidance, Counseling and Testing",2024,753.0,2019,433.0,2014,348.0,2009,312.0,0.11702120071868283,0.08024327975609391,0.06049679126070906
Norwood,Expenditure,Other,2024,723.0,2019,240.0,2014,444.0,2009,527.0,0.2467673228628815,0.049966717420884654,0.021304343229694878
Norwood,Expenditure,Total PPE,2024,21084.0,2019,16030.0,2014,14041.0,2009,12031.0,0.05634041758647501,0.041490941142339643,0.03811010551569005
Norwood,Enrollment,In-District FTE Pupils,2024,3596.0,2019,3452.2,2014,3411.6,2009,3445.3,0.008195482126176934,0.005277952289103993,0.002858152298252925
Norwood,Enrollment,Out-of-District FTE Pupils,2024,168.0,2019,147.9,2014,85.7,2009,83.4,0.025813054377212596,0.06962820419898197,0.04779474356094582
Norwood,NSS,Ch70 Aid,2024,4607.115026783197,2019,1941.4086272223842,2014,1511.1643849487693,2009,1473.020744529696,0.18867306016638352,0.1179225964527173,0.07898319209940352
Norwood,NSS,Req NSS (minus Ch70),2024,10471.436989004793,2019,9152.354124162051,2014,9010.138396624472,2009,7936.094344984371,0.027293862922464385,0.015143602910227205,0.018653849612676465
Norwood,NSS,Actual NSS (minus Req NSS),2024,5405.21155597809,2019,4826.8561397375925,2014,1844.897204138257,2009,1608.5158851946571,0.022891732080644545,0.11348418328330578,0.08415777701642368
Norwood,NSS,Total Actual NSS per pupil,2024,20483.76357176608,2019,15920.618891122029,2014,12366.199985711499,2009,11017.630974708725,0.05169536916271933,0.05176169271965847,0.04220887913044491
Norwood,Enrollment,Foundation Enrollment,2024,3547.0,2019,3431.0,2014,3555.0,2009,3519.0,0.006672243277574541,-0.00022526337076800296,0.0005284941006253874
Oak Bluffs,Expenditure,Teachers,2024,12763.0,2019,9723.0,2014,9279.0,2009,7411.0,0.05591873774980982,0.03239325731502829,0.03690363526025009
Oak Bluffs,Expenditure,"Insurance, Retirement and Other",2024,6743.0,2019,5047.0,2014,3737.0,2009,3242.0,0.05965372950664061,0.060798766794673,0.050032343570959315
Oak Bluffs,Expenditure,Pupil Services,2024,1894.0,2019,1365.0,2014,1050.0,2009,902.0,0.06770054561968797,0.060764721147316125,0.05069878279939388
Oak Bluffs,Expenditure,Other Teaching Services,2024,3335.0,2019,2366.0,2014,2221.0,2009,2067.0,0.07106596631018447,0.04148909735036166,0.032405613912788844
Oak Bluffs,Expenditure,Operations and Maintenance,2024,2405.0,2019,1672.0,2014,1367.0,2009,1422.0,0.07541418718505799,0.05811935034322269,0.035653233883329305
Oak Bluffs,Expenditure,Instructional Leadership,2024,1827.0,2019,1305.0,2014,1314.0,2009,1129.0,0.06961037572506878,0.033509131626388466,0.03260995364265362
Oak Bluffs,Expenditure,Administration,2024,783.0,2019,552.0,2014,533.0,2009,510.0,0.07241909163858051,0.03921033053927303,0.0289938340785445
Oak Bluffs,Expenditure,"Guidance, Counseling and Testing",2024,447.0,2019,599.0,2014,606.0,2009,458.0,-0.05686005252010817,-0.029973743355679816,-0.0016193933320198806
Oak Bluffs,Expenditure,Other,2024,617.0,2019,551.0,2014,681.0,2009,745.0,0.022884771658581826,-0.009820786228161293,-0.012489036146078547
Oak Bluffs,Expenditure,Total PPE,2024,30814.0,2019,23180.0,2014,20788.0,2009,17886.0,0.05858790917159351,0.04014416475311222,0.03692892711414997
Oak Bluffs,Enrollment,In-District FTE Pupils,2024,418.4,2019,446.9,2014,383.7,2009,419.0,-0.013092920776653139,0.008695277752880592,-9.552924821909503e-05
Oak Bluffs,Enrollment,Out-of-District FTE Pupils,2024,39.8,2019,53.2,2014,66.6,2009,59.6,-0.056386190655313806,-0.0501809312994097,-0.026560150656828263
Old Colony Regional Vocational Technical,Expenditure,Teachers,2024,9646.0,2019,7894.0,2014,7709.0,2009,6546.0,0.04090244126928755,0.022668599079039398,0.02618284568352336
Old Colony Regional Vocational Technical,Expenditure,"Insurance, Retirement and Other",2024,4117.0,2019,3775.0,2014,2754.0,2009,2221.0,0.017496167779407656,0.04102627997623842,0.04200264306468404
Old Colony Regional Vocational Technical,Expenditure,Pupil Services,2024,4583.0,2019,3088.0,2014,1929.0,2009,1926.0,0.0821675652707492,0.0903897565689864,0.05949661040059828
Old Colony Regional Vocational Technical,Expenditure,Other Teaching Services,2024,650.0,2019,502.0,2014,456.0,2009,664.0,0.05303287042163363,0.03608372409713634,-0.0014196437901434766
Old Colony Regional Vocational Technical,Expenditure,Operations and Maintenance,2024,1990.0,2019,1678.0,2014,1690.0,2009,1917.0,0.03469469873796993,0.01647484894378559,0.0024946514558226163
Old Colony Regional Vocational Technical,Expenditure,Instructional Leadership,2024,1393.0,2019,1265.0,2014,1040.0,2009,567.0,0.019464525576540437,0.029655106556914834,0.06175554354453516
Old Colony Regional Vocational Technical,Expenditure,Administration,2024,1319.0,2019,1116.0,2014,1233.0,2009,1364.0,0.0339894800020355,0.006765145868188549,-0.0022340132487211894
Old Colony Regional Vocational Technical,Expenditure,"Guidance, Counseling and Testing",2024,989.0,2019,937.0,2014,692.0,2009,600.0,0.010860764395438594,0.036356127934658033,0.03387889364658192
Old Colony Regional Vocational Technical,Expenditure,Other,2024,1668.0,2019,1846.0,2014,1011.0,2009,1037.0,-0.02007492706461067,0.051343149170784974,0.03219357792631272
Old Colony Regional Vocational Technical,Expenditure,Total PPE,2024,26355.0,2019,22101.0,2014,18514.0,2009,16842.0,0.035834136159436314,0.03594399217235633,0.030302192080020163
Old Colony Regional Vocational Technical,Enrollment,In-District FTE Pupils,2024,545.4,2019,539.7,2014,565.7,2009,559.2,0.002103417242216521,-0.00364777384296211,-0.001664461279185958
Old Colony Regional Vocational Technical,Enrollment,Out-of-District FTE Pupils,2024,5.0,2019,3.0,2014,0.0,2009,0.0,0.10756634324829006,,
Old Rochester,Expenditure,Teachers,2024,8250.0,2019,6352.0,2014,5446.0,2009,5121.0,0.05367989101967141,0.04240774900212063,0.032301626254016114
Old Rochester,Expenditure,"Insurance, Retirement and Other",2024,4344.0,2019,3294.0,2014,2727.0,2009,2540.0,0.05689840951685321,0.04766025363523152,0.03642307439104853
Old Rochester,Expenditure,Pupil Services,2024,2132.0,2019,1940.0,2014,1436.0,2009,1970.0,0.01905375611865101,0.04031120458344706,0.005282366999300292
Old Rochester,Expenditure,Other Teaching Services,2024,1522.0,2019,1152.0,2014,955.0,2009,923.0,0.057285885854803986,0.04771009402763848,0.033905542391656995
Old Rochester,Expenditure,Operations and Maintenance,2024,1892.0,2019,1412.0,2014,1230.0,2009,1474.0,0.06027198656771504,0.04400265245667856,0.016782922205561768
Old Rochester,Expenditure,Instructional Leadership,2024,1326.0,2019,1005.0,2014,851.0,2009,795.0,0.05700122946339903,0.04534921248246926,0.034693592582142996
Old Rochester,Expenditure,Administration,2024,582.0,2019,475.0,2014,410.0,2009,377.0,0.041467867117519264,0.035652154034015116,0.02937142677360982
Old Rochester,Expenditure,"Guidance, Counseling and Testing",2024,1101.0,2019,735.0,2014,601.0,2009,606.0,0.08417651611139587,0.062407883545836595,0.04060916443406115
Old Rochester,Expenditure,Other,2024,552.0,2019,388.0,2014,320.0,2009,582.0,0.07305373469844723,0.05603645350024089,-0.003521943453374976
Old Rochester,Expenditure,Total PPE,2024,21701.0,2019,16753.0,2014,13976.0,2009,14388.0,0.05311895990936688,0.04498410728375091,0.02777635285250102
Old Rochester,Enrollment,In-District FTE Pupils,2024,1039.9,2019,1208.8,2014,1218.2,2009,1140.0,-0.029652200396579786,-0.015700423373568917,-0.006108182585972899
Old Rochester,Enrollment,Out-of-District FTE Pupils,2024,23.8,2019,12.0,2014,5.6,2009,8.9,0.1467774439855729,0.1556834473676476,0.06777347957153057
Old Sturbridge Academy Charter Public School (District),Expenditure,Teachers,2024,5306.0,2019,4305.0,2014,,2009,,0.04269866613079909,,
Old Sturbridge Academy Charter Public School (District),Expenditure,"Insurance, Retirement and Other",2024,1243.0,2019,2035.0,2014,,2009,,-0.09388912448676723,,
Old Sturbridge Academy Charter Public School (District),Expenditure,Pupil Services,2024,2727.0,2019,2398.0,2014,,2009,,0.026046851002990756,,
Old Sturbridge Academy Charter Public School (District),Expenditure,Other Teaching Services,2024,2365.0,2019,1297.0,2014,,2009,,0.12766015124338792,,
Old Sturbridge Academy Charter Public School (District),Expenditure,Operations and Maintenance,2024,848.0,2019,652.0,2014,,2009,,0.053973402280791616,,
Old Sturbridge Academy Charter Public School (District),Expenditure,Instructional Leadership,2024,1155.0,2019,1032.0,2014,,2009,,0.02277583249112536,,
Old Sturbridge Academy Charter Public School (District),Expenditure,Administration,2024,2798.0,2019,1662.0,2014,,2009,,0.1097964675703118,,
Old Sturbridge Academy Charter Public School (District),Expenditure,"Guidance, Counseling and Testing",2024,0.0,2019,399.0,2014,,2009,,,,
Old Sturbridge Academy Charter Public School (District),Expenditure,Other,2024,1284.0,2019,618.0,2014,,2009,,0.15748483497441468,,
Old Sturbridge Academy Charter Public School (District),Expenditure,Total PPE,2024,17726.0,2019,14398.0,2014,,2009,,0.04246555778989203,,
Old Sturbridge Academy Charter Public School (District),Enrollment,In-District FTE Pupils,2024,349.4,2019,199.4,2014,,2009,,0.11871522691245429,,
Old Sturbridge Academy Charter Public School (District),Enrollment,Out-of-District FTE Pupils,2024,0.0,2019,0.0,2014,,2009,,,,
Orange,Expenditure,Teachers,2024,6833.0,2019,5383.0,2014,4232.0,2009,4157.0,0.048859722235638836,0.049075092950545685,0.03368629851057281
Orange,Expenditure,"Insurance, Retirement and Other",2024,3454.0,2019,2623.0,2014,2493.0,2009,2720.0,0.056585894505150724,0.033141972239584705,0.016054246505811776
Orange,Expenditure,Pupil Services,2024,2515.0,2019,1608.0,2014,1447.0,2009,1147.0,0.09357957188647803,0.05683441140998502,0.05373556445416594
Orange,Expenditure,Other Teaching Services,2024,3380.0,2019,2200.0,2014,966.0,2009,970.0,0.08967955831920404,0.13342805276002156,0.08678340385234651
Orange,Expenditure,Operations and Maintenance,2024,1130.0,2019,738.0,2014,1091.0,2009,749.0,0.08894116669851515,0.003518467914676693,0.027794860639366314
Orange,Expenditure,Instructional Leadership,2024,1111.0,2019,925.0,2014,864.0,2009,702.0,0.03732409361557876,0.025463086308252114,0.031078655247115616
Orange,Expenditure,Administration,2024,821.0,2019,618.0,2014,690.0,2009,352.0,0.05845143587042401,0.01753511743239855,0.058083721604809124
Orange,Expenditure,"Guidance, Counseling and Testing",2024,671.0,2019,599.0,2014,401.0,2009,193.0,0.022961148017985655,0.052828941214518865,0.08661996617139334
Orange,Expenditure,Other,2024,1894.0,2019,294.0,2014,527.0,2009,186.0,0.45146486947877085,0.13646727860172714,0.16732324933672627
Orange,Expenditure,Total PPE,2024,21809.0,2019,14988.0,2014,12711.0,2009,11176.0,0.07789985527607235,0.055469294395849245,0.04557845087743706
Orange,Enrollment,In-District FTE Pupils,2024,520.9,2019,585.8,2014,656.4,2009,823.6,-0.023210465127960656,-0.022855980081490146,-0.03008010434476438
Orange,Enrollment,Out-of-District FTE Pupils,2024,72.0,2019,93.2,2014,49.5,2009,23.6,-0.05030682528120789,0.03818017112287686,0.0771959194057188
Orange,NSS,Ch70 Aid,2024,11800.861063464838,2019,8565.193811074918,2014,8360.136142625608,2009,7694.20920502092,0.06619170786932238,0.03507074685674283,0.028924038791415585
Orange,NSS,Req NSS (minus Ch70),2024,4001.0257289879933,2019,3076.171009771987,2014,3200.606158833063,2009,1326.2440725244073,0.05397952412940321,0.022572033024430116,0.07639050768995026
Orange,NSS,Actual NSS (minus Req NSS),2024,147.25859423670568,2019,1147.8064297075484,2014,-103.80776831685344,2009,897.6610878661088,-0.33680323453206085,0.241857008029714,-0.11352896452916583
Orange,NSS,Total Actual NSS per pupil,2024,15949.145386689537,2019,12789.171250554455,2014,11456.934533141817,2009,9918.114365411437,0.04515090954777312,0.033634266868242335,0.032176309695002514
Orange,Enrollment,Foundation Enrollment,2024,583.0,2019,614.0,2014,617.0,2009,717.0,-0.010308052443397608,-0.00565214991051044,-0.01369789516229647
Orleans,Expenditure,Teachers,2024,15876.0,2019,9535.0,2014,8047.0,2009,7325.0,0.10734788008008267,0.07031277450005802,0.052920458172734275
Orleans,Expenditure,"Insurance, Retirement and Other",2024,8166.0,2019,5529.0,2014,4088.0,2009,3285.0,0.08111665316749894,0.07164230257851734,0.06258806462081634
Orleans,Expenditure,Pupil Services,2024,3060.0,2019,1539.0,2014,1339.0,2009,1196.0,0.1473516943706279,0.08616070015594568,0.0646315931187793
Orleans,Expenditure,Other Teaching Services,2024,4174.0,2019,2923.0,2014,2709.0,2009,2267.0,0.07385273077933796,0.04417753173181227,0.04153386397500136
Orleans,Expenditure,Operations and Maintenance,2024,2454.0,2019,1271.0,2014,2569.0,2009,2480.0,0.14063265707276318,-0.00456926617848219,-0.0007023674836121874
Orleans,Expenditure,Instructional Leadership,2024,2396.0,2019,1336.0,2014,1252.0,2009,893.0,0.1239217381059623,0.06705854622940888,0.06801091290031613
Orleans,Expenditure,Administration,2024,2704.0,2019,1539.0,2014,1755.0,2009,2095.0,0.11931832393237718,0.044174196186238746,0.017157433533584232
Orleans,Expenditure,"Guidance, Counseling and Testing",2024,1333.0,2019,641.0,2014,484.0,2009,429.0,0.15769571006036953,0.10661990776294195,0.07851169089871934
Orleans,Expenditure,Other,2024,1664.0,2019,438.0,2014,1383.0,2009,993.0,0.30597794360504516,0.018669056803208184,0.035015701522842946
Orleans,Expenditure,Total PPE,2024,41827.0,2019,24751.0,2014,23626.0,2009,20963.0,0.110638676797441,0.05878224934410614,0.04712907560417978
Orleans,Enrollment,In-District FTE Pupils,2024,144.0,2019,212.9,2014,207.2,2009,194.0,-0.07522226281296096,-0.035733066837513205,-0.01967355662403436
Orleans,Enrollment,Out-of-District FTE Pupils,2024,10.1,2019,11.8,2014,13.6,2009,1.5,-0.030633798466615292,-0.029315160881398628,0.13557374004487643
Orleans,NSS,Ch70 Aid,2024,3050.6979865771814,2019,1793.9737991266375,2014,1264.0,2009,1369.8524064171122,0.11203030787225887,0.0921070587626256,0.054828112802022266
Orleans,NSS,Req NSS (minus Ch70),2024,11705.302013422819,2019,8448.441048034934,2014,8654.712121212122,2009,8420.12834224599,0.06738527961294327,0.03065425293955415,0.022204042586208894
Orleans,NSS,Actual NSS (minus Req NSS),2024,22555.974765100673,2019,11959.06462882096,2014,12284.227272727272,2009,11465.062032085561,0.1353058545447725,0.0626527628957314,0.04614611378832989
Orleans,NSS,Total Actual NSS per pupil,2024,37311.97476510068,2019,22201.47947598253,2014,22202.939393939392,2009,21255.042780748663,0.10941303363871335,0.053279850622406144,0.03822723398319017
Orleans,Enrollment,Foundation Enrollment,2024,149.0,2019,229.0,2014,198.0,2009,187.0,-0.08236460414047686,-0.0280316846940889,-0.015030058048170147
Oxford,Expenditure,Teachers,2024,6659.0,2019,5267.0,2014,4762.0,2009,4264.0,0.048018959148163676,0.03409862909204553,0.03016341234294062
Oxford,Expenditure,"Insurance, Retirement and Other",2024,2854.0,2019,2548.0,2014,2477.0,2009,1879.0,0.02294176155113714,0.01426816918400342,0.028257326423705598
Oxford,Expenditure,Pupil Services,2024,2271.0,2019,1505.0,2014,1171.0,2009,872.0,0.0857657223728665,0.06847908119054269,0.06589242698521369
Oxford,Expenditure,Other Teaching Services,2024,1404.0,2019,1083.0,2014,1210.0,2009,1005.0,0.05328944035872252,0.014981610503922438,0.022539444043903067
Oxford,Expenditure,Operations and Maintenance,2024,1383.0,2019,958.0,2014,958.0,2009,994.0,0.07619590255451603,0.03739862278418116,0.02226239799603169
Oxford,Expenditure,Instructional Leadership,2024,1503.0,2019,1055.0,2014,795.0,2009,720.0,0.07334986051882164,0.06575943283159513,0.050288069573099614
Oxford,Expenditure,Administration,2024,694.0,2019,545.0,2014,709.0,2009,630.0,0.04952453013489344,-0.0021360719468122014,0.006470989709979058
Oxford,Expenditure,"Guidance, Counseling and Testing",2024,720.0,2019,513.0,2014,384.0,2009,281.0,0.07014598459437504,0.0648786680336062,0.06473552626724466
Oxford,Expenditure,Other,2024,690.0,2019,462.0,2014,476.0,2009,435.0,0.08353120449915608,0.03782520471588424,0.03123423481747145
Oxford,Expenditure,Total PPE,2024,18178.0,2019,13936.0,2014,12942.0,2009,11080.0,0.05458500601793159,0.034557111462045764,0.033555389386856316
Oxford,Enrollment,In-District FTE Pupils,2024,1487.0,2019,1627.4,2014,1869.1,2009,2022.1,-0.017882767472484296,-0.022610108477651103,-0.020283198550114734
Oxford,Enrollment,Out-of-District FTE Pupils,2024,144.6,2019,149.9,2014,110.2,2009,120.9,-0.007173565340422461,0.027539840967311546,0.012005329146985266
Oxford,NSS,Ch70 Aid,2024,7178.935779816514,2019,5950.6247877758915,2014,5203.669215086647,2009,4638.681773399015,0.03824416794932439,0.032702048878753276,0.029542705533647906
Oxford,NSS,Req NSS (minus Ch70),2024,7205.157929226737,2019,5335.68986983588,2014,4662.381753312946,2009,3581.4073891625617,0.06191702874100047,0.04448827085632967,0.04770572879240276
Oxford,NSS,Actual NSS (minus Req NSS),2024,1237.7818333551795,2019,711.0937914975646,2014,902.3517519910074,2009,707.6491297208544,0.11723219843290811,0.03211199139435128,0.03797862088845538
Oxford,NSS,Total Actual NSS per pupil,2024,15621.87554239843,2019,11997.408449109336,2014,10768.402720390599,2009,8927.73829228243,0.054214889468849226,0.03790639644245819,0.03800500643249216
Oxford,Enrollment,Foundation Enrollment,2024,1526.0,2019,1767.0,2014,1962.0,2009,2030.0,-0.028900798936489114,-0.02481827703981776,-0.018845877302997582
Palmer,Expenditure,Teachers,2024,7734.0,2019,6285.0,2014,5239.0,2009,4655.0,0.04236489610333738,0.03971803403789931,0.034424898674761506
Palmer,Expenditure,"Insurance, Retirement and Other",2024,4735.0,2019,3106.0,2014,2585.0,2009,1899.0,0.08798700059769038,0.062394817761142196,0.06280356189196135
Palmer,Expenditure,Pupil Services,2024,2761.0,2019,1820.0,2014,1291.0,2009,1221.0,0.08692356292666958,0.07898154476094077,0.05590144168210753
Palmer,Expenditure,Other Teaching Services,2024,1835.0,2019,1288.0,2014,836.0,2009,659.0,0.07335662478699922,0.08179004130357592,0.0706562180630983
Palmer,Expenditure,Operations and Maintenance,2024,1726.0,2019,990.0,2014,753.0,2009,682.0,0.11758642877763048,0.0864871181738216,0.06385823853850403
Palmer,Expenditure,Instructional Leadership,2024,1883.0,2019,764.0,2014,736.0,2009,620.0,0.1977092186447087,0.09849289069610956,0.07687156305964571
Palmer,Expenditure,Administration,2024,860.0,2019,589.0,2014,409.0,2009,300.0,0.07864027265381202,0.07715329509109714,0.07273342551469342
Palmer,Expenditure,"Guidance, Counseling and Testing",2024,786.0,2019,514.0,2014,386.0,2009,236.0,0.08865904549828563,0.07370141174300926,0.08351277508129984
Palmer,Expenditure,Other,2024,834.0,2019,466.0,2014,528.0,2009,272.0,0.12345589338308649,0.04677468888236236,0.07755590151262592
Palmer,Expenditure,Total PPE,2024,23154.0,2019,15822.0,2014,12763.0,2009,10544.0,0.07912792169530691,0.06137126592046216,0.05384007271017577
Palmer,Enrollment,In-District FTE Pupils,2024,1061.5,2019,1317.6,2014,1444.4,2009,1824.0,-0.042304862316233094,-0.030331579855349733,-0.035446448826921606
Palmer,Enrollment,Out-of-District FTE Pupils,2024,172.4,2019,142.0,2014,92.1,2009,81.9,0.0395605337286975,0.0647012479977902,0.05087297603566454
Palmer,NSS,Ch70 Aid,2024,9421.760450160771,2019,7391.658735554045,2014,6535.135301353013,2009,5810.472049689441,0.04973101774726496,0.0372602794218615,0.03274882477618668
Palmer,NSS,Req NSS (minus Ch70),2024,5852.65996784566,2019,4581.345343303875,2014,4700.710947109471,2009,2417.2080745341614,0.050200093274522795,0.02216021850012151,0.06072454165533281
Palmer,NSS,Actual NSS (minus Req NSS),2024,2677.0072608279734,2019,1793.2307741379454,2014,-590.3833034122534,2009,309.14778377586885,0.08343453086982389,0.5534354622421749,0.15477904415039734
Palmer,NSS,Total Actual NSS per pupil,2024,17951.427678834403,2019,13766.234852995865,2014,10645.46294505023,2009,8536.82790799947,0.05452471762560562,0.0536428978697403,0.050800242826076536
Palmer,Enrollment,Foundation Enrollment,2024,1244.0,2019,1471.0,2014,1626.0,2009,1932.0,-0.03296645025389111,-0.026423720863648414,-0.02892177186622602
Pathfinder Regional Vocational Technical,Expenditure,Teachers,2024,9208.0,2019,8725.0,2014,8740.0,2009,7648.0,0.010834311313297373,0.005229876483635376,0.012452123091203804
Pathfinder Regional Vocational Technical,Expenditure,"Insurance, Retirement and Other",2024,4278.0,2019,3928.0,2014,4334.0,2009,3374.0,0.017217586998651502,-0.001299683923731143,0.015951665911010604
Pathfinder Regional Vocational Technical,Expenditure,Pupil Services,2024,4353.0,2019,2485.0,2014,2416.0,2009,2156.0,0.11864543532148164,0.060642862394199026,0.04795506419343942
Pathfinder Regional Vocational Technical,Expenditure,Other Teaching Services,2024,1082.0,2019,1000.0,2014,712.0,2009,528.0,0.015887115391018947,0.04273686216741002,0.048993722417294716
Pathfinder Regional Vocational Technical,Expenditure,Operations and Maintenance,2024,1928.0,2019,1858.0,2014,2133.0,2009,1873.0,0.00742393291475385,-0.010053744132961895,0.0019313141044006166
Pathfinder Regional Vocational Technical,Expenditure,Instructional Leadership,2024,1959.0,2019,1177.0,2014,1480.0,2009,1395.0,0.10726505683741272,0.028436003586593372,0.022894119465504792
Pathfinder Regional Vocational Technical,Expenditure,Administration,2024,1467.0,2019,1304.0,2014,1029.0,2009,865.0,0.023836255539609663,0.03609952334782096,0.03584379082742206
Pathfinder Regional Vocational Technical,Expenditure,"Guidance, Counseling and Testing",2024,851.0,2019,726.0,2014,674.0,2009,558.0,0.032282554546128495,0.023592196576872393,0.028536458539048404
Pathfinder Regional Vocational Technical,Expenditure,Other,2024,2244.0,2019,2025.0,2014,1524.0,2009,1891.0,0.02075041463163463,0.039450442731591595,0.01147562540939262
Pathfinder Regional Vocational Technical,Expenditure,Total PPE,2024,27370.0,2019,23228.0,2014,23042.0,2009,20288.0,0.03336225909993207,0.01736188396254179,0.020161753228332024
Pathfinder Regional Vocational Technical,Enrollment,In-District FTE Pupils,2024,631.9,2019,639.2,2014,605.6,2009,619.1,-0.0022946114794387684,0.004260194101462611,0.0013652206166365755
Pathfinder Regional Vocational Technical,Enrollment,Out-of-District FTE Pupils,2024,15.7,2019,14.0,2014,14.9,2009,2.0,0.02318537373199958,0.005243650001605982,0.14724976423267133
Paulo Freire Social Justice Charter School (District),Expenditure,Teachers,2023,8412.0,2018,,2013,,2008,,,,
Paulo Freire Social Justice Charter School (District),Expenditure,"Insurance, Retirement and Other",2023,2986.0,2018,,2013,,2008,,,,
Paulo Freire Social Justice Charter School (District),Expenditure,Pupil Services,2023,3134.0,2018,,2013,,2008,,,,
Paulo Freire Social Justice Charter School (District),Expenditure,Other Teaching Services,2023,520.0,2018,,2013,,2008,,,,
Paulo Freire Social Justice Charter School (District),Expenditure,Operations and Maintenance,2023,1799.0,2018,,2013,,2008,,,,
Paulo Freire Social Justice Charter School (District),Expenditure,Instructional Leadership,2023,4593.0,2018,,2013,,2008,,,,
Paulo Freire Social Justice Charter School (District),Expenditure,Administration,2023,3464.0,2018,,2013,,2008,,,,
Paulo Freire Social Justice Charter School (District),Expenditure,"Guidance, Counseling and Testing",2023,1656.0,2018,,2013,,2008,,,,
Paulo Freire Social Justice Charter School (District),Expenditure,Other,2023,1801.0,2018,,2013,,2008,,,,
Paulo Freire Social Justice Charter School (District),Expenditure,Total PPE,2023,28365.0,2018,,2013,,2008,,,,
Paulo Freire Social Justice Charter School (District),Enrollment,In-District FTE Pupils,2023,222.1,2018,,2013,,2008,,,,
Paulo Freire Social Justice Charter School (District),Enrollment,Out-of-District FTE Pupils,2023,0.0,2018,,2013,,2008,,,,
Peabody,Expenditure,Teachers,2024,7540.0,2019,6154.0,2014,5129.0,2009,4756.0,0.04146042302825648,0.039283098779997694,0.03119777354183295
Peabody,Expenditure,"Insurance, Retirement and Other",2024,3422.0,2019,2783.0,2014,2560.0,2009,2817.0,0.04220549771566673,0.02944702762928353,0.013054656712861767
Peabody,Expenditure,Pupil Services,2024,2056.0,2019,1414.0,2014,1062.0,2009,967.0,0.07774183217173736,0.0682917127030267,0.05157384514163721
Peabody,Expenditure,Other Teaching Services,2024,1340.0,2019,786.0,2014,642.0,2009,564.0,0.11259332602671646,0.07635857990762651,0.059387992794725175
Peabody,Expenditure,Operations and Maintenance,2024,1258.0,2019,1178.0,2014,1178.0,2009,977.0,0.013227737200175227,0.0065921404422821794,0.016995594990741214
Peabody,Expenditure,Instructional Leadership,2024,1215.0,2019,994.0,2014,677.0,2009,533.0,0.04096943688727106,0.060226758422964544,0.056468626676992484
Peabody,Expenditure,Administration,2024,769.0,2019,410.0,2014,329.0,2009,288.0,0.13404032196464088,0.08861181666044593,0.06766643604969702
Peabody,Expenditure,"Guidance, Counseling and Testing",2024,765.0,2019,492.0,2014,393.0,2009,288.0,0.09229329176881662,0.06887492379108062,0.06729529888285635
Peabody,Expenditure,Other,2024,782.0,2019,109.0,2014,501.0,2009,562.0,0.4830508803893414,0.045530972412962445,0.02226783410501465
Peabody,Expenditure,Total PPE,2024,19147.0,2019,14320.0,2014,12471.0,2009,11752.0,0.059818616287264925,0.043806377030061405,0.03307677227630923
Peabody,Enrollment,In-District FTE Pupils,2024,5905.6,2019,5966.5,2014,6132.6,2009,6234.2,-0.0020497838247106603,-0.003764670819933924,-0.0036034392849166874
Peabody,Enrollment,Out-of-District FTE Pupils,2024,347.1,2019,211.9,2014,254.8,2009,228.8,0.10373478886543186,0.03139618102398467,0.028173894592038895
Peabody,NSS,Ch70 Aid,2024,5933.609498237959,2019,3302.2223733424007,2014,3125.478517546737,2009,3184.7541554535383,0.12435260161703932,0.06620384483582553,0.042356318237200874
Peabody,NSS,Req NSS (minus Ch70),2024,9367.204228897466,2019,7951.6314178850735,2014,7466.942768120695,2009,5989.8366313123315,0.033310278990723585,0.02293188682878111,0.030258803199233686
Peabody,NSS,Actual NSS (minus Req NSS),2024,1560.8808764363143,2019,2387.712846739816,2014,496.98701432542055,2009,502.04176688321536,-0.08150344288985101,0.1212500407817454,0.07855424886195506
Peabody,NSS,Total Actual NSS per pupil,2024,16861.694603571737,2019,13641.56663796729,2014,11089.408299992852,2009,9676.632553649086,0.04329564389419627,0.04279582687716266,0.03771588449330254
Peabody,Enrollment,Foundation Enrollment,2024,5959.0,2019,5882.0,2014,6098.0,2009,6317.0,0.002604554300131845,-0.0023031603269210166,-0.0038818945682228545
Pelham,Expenditure,Teachers,2024,7127.0,2019,6129.0,2014,6090.0,2009,5889.0,0.03063153673042085,0.01584850692336781,0.012801525847863982
Pelham,Expenditure,"Insurance, Retirement and Other",2024,4670.0,2019,3791.0,2014,3283.0,2009,2615.0,0.04258775335603926,0.03586843581461907,0.03941667351506051
Pelham,Expenditure,Pupil Services,2024,1755.0,2019,1233.0,2014,951.0,2009,594.0,0.0731558784115589,0.06318700662560861,0.0748950057814195
Pelham,Expenditure,Other Teaching Services,2024,3010.0,2019,2273.0,2014,2063.0,2009,2184.0,0.05777527646528191,0.03850054015840332,0.021615775998320652
Pelham,Expenditure,Operations and Maintenance,2024,1614.0,2019,1229.0,2014,947.0,2009,920.0,0.05601558938761886,0.05476413748074482,0.038184116535108226
Pelham,Expenditure,Instructional Leadership,2024,1885.0,2019,1194.0,2014,1252.0,2009,1123.0,0.09562366826046031,0.04176725517088298,0.03513129768982948
Pelham,Expenditure,Administration,2024,917.0,2019,489.0,2014,796.0,2009,390.0,0.13399749528112603,0.01425142556668968,0.058653039059317846
Pelham,Expenditure,"Guidance, Counseling and Testing",2024,1855.0,2019,499.0,2014,664.0,2009,438.0,0.3003153030384098,0.10819856499873115,0.10101014382080842
Pelham,Expenditure,Other,2024,207.0,2019,466.0,2014,639.0,2009,580.0,-0.14980825124840003,-0.10659794164610603,-0.06638141122452446
Pelham,Expenditure,Total PPE,2024,23040.0,2019,17303.0,2014,16685.0,2009,14733.0,0.058942096703533675,0.03279856628057298,0.030258213979079684
Pelham,Enrollment,In-District FTE Pupils,2024,126.5,2019,134.5,2014,128.5,2009,117.6,-0.012189477206152377,-0.0015674299133526803,0.004875397777384327
Pelham,Enrollment,Out-of-District FTE Pupils,2024,9.0,2019,10.3,2014,6.6,2009,2.6,-0.026623051783011165,0.03150148464027125,0.08630374668740703
Pelham,NSS,Ch70 Aid,2024,3940.6825396825398,2019,2808.0843373493976,2014,3291.134328358209,2009,2743.1623529411763,0.07011945696909772,0.01817536299998812,0.024443463706459445
Pelham,NSS,Req NSS (minus Ch70),2024,10030.666666666666,2019,8053.168674698795,2014,8454.880597014926,2009,5482.658823529412,0.044894878659486936,0.017237195746998557,0.041092309733713694
Pelham,NSS,Actual NSS (minus Req NSS),2024,20252.190476190477,2019,11170.93198796436,2014,10168.08370861392,2009,7694.437647058823,0.1263581845177688,0.0713300557532448,0.06664444168835804
Pelham,NSS,Total Actual NSS per pupil,2024,34223.53968253968,2019,22032.185000012556,2014,21914.098633987058,2009,15920.258823529412,0.09207752965702998,0.04558689514903613,0.05234543176027029
Pelham,Enrollment,Foundation Enrollment,2024,63.0,2019,83.0,2014,67.0,2009,85.0,-0.05364846386810629,-0.006136881246882053,-0.019769733080378327
Pembroke,Expenditure,Teachers,2024,7430.0,2019,5927.0,2014,4379.0,2009,3654.0,0.046238692571148876,0.05429315496921627,0.04845070980191002
Pembroke,Expenditure,"Insurance, Retirement and Other",2024,3496.0,2019,2400.0,2014,1507.0,2009,1472.0,0.07813224809733321,0.08779189136034882,0.059361635269657764
Pembroke,Expenditure,Pupil Services,2024,2347.0,2019,1523.0,2014,1197.0,2009,1030.0,0.09034173842160542,0.06965048869005863,0.056440537875157126
Pembroke,Expenditure,Other Teaching Services,2024,1236.0,2019,958.0,2014,671.0,2009,582.0,0.05227824628448019,0.06299101847964961,0.051492951319798586
Pembroke,Expenditure,Operations and Maintenance,2024,1314.0,2019,1111.0,2014,850.0,2009,803.0,0.03413267670318221,0.0445221258167785,0.03337667518746934
Pembroke,Expenditure,Instructional Leadership,2024,1511.0,2019,1174.0,2014,896.0,2009,740.0,0.0517663536705637,0.053648238581784025,0.048742455605269575
Pembroke,Expenditure,Administration,2024,602.0,2019,457.0,2014,533.0,2009,441.0,0.05666192399999148,0.012248002006892023,0.020964230376499637
Pembroke,Expenditure,"Guidance, Counseling and Testing",2024,603.0,2019,433.0,2014,276.0,2009,204.0,0.06847873489028333,0.08128660508091978,0.07492742412517894
Pembroke,Expenditure,Other,2024,339.0,2019,236.0,2014,317.0,2009,417.0,0.0751214806716538,0.006732394714882295,-0.013710878768873225
Pembroke,Expenditure,Total PPE,2024,18878.0,2019,14219.0,2014,10626.0,2009,9343.0,0.05832093103172875,0.05915279598924328,0.048008106982717624
Pembroke,Enrollment,In-District FTE Pupils,2024,2425.9,2019,2802.9,2014,3283.7,2009,3456.5,-0.028477063606111575,-0.029823072453563415,-0.0233272091101272
Pembroke,Enrollment,Out-of-District FTE Pupils,2024,137.1,2019,157.1,2014,96.6,2009,84.9,-0.026866879573514857,0.03563336305391185,0.032464951037061374
Pembroke,NSS,Ch70 Aid,2024,5390.108503270489,2019,4659.459682977257,2014,3970.0220573639667,2009,3713.9546539379476,0.029561727419420203,0.031051738337234625,0.02514207983308059
Pembroke,NSS,Req NSS (minus Ch70),2024,9189.831088880339,2019,6853.588904203997,2014,5490.270896888346,2009,4437.219570405728,0.060419964648285696,0.05286181616949359,0.049735232933343365
Pembroke,NSS,Actual NSS (minus Req NSS),2024,2174.6497718902874,2019,1709.3161399502906,2014,266.5403775208783,2009,445.76990156163527,0.049333132984785255,0.23356668404017622,0.11143799386394915
Pembroke,NSS,Total Actual NSS per pupil,2024,16754.589364041116,2019,13222.364727131546,2014,9726.83333177319,2009,8596.94412590531,0.048491541244972236,0.05588405446540601,0.04548862560809863
Pembroke,Enrollment,Foundation Enrollment,2024,2599.0,2019,2902.0,2014,3278.0,2009,3352.0,-0.021813253428200063,-0.02294337683898917,-0.0168189831805321
Pentucket,Expenditure,Teachers,2024,6924.0,2019,6304.0,2014,5420.0,2009,4472.0,0.018938966490489095,0.024792119918679134,0.029572698250425633
Pentucket,Expenditure,"Insurance, Retirement and Other",2024,3535.0,2019,2668.0,2014,2029.0,2009,1458.0,0.05789050353714842,0.05708701261049898,0.06082104358262819
Pentucket,Expenditure,Pupil Services,2024,2194.0,2019,1540.0,2014,1187.0,2009,945.0,0.07335449774042235,0.0633557661751476,0.05775962938172596
Pentucket,Expenditure,Other Teaching Services,2024,1841.0,2019,1434.0,2014,976.0,2009,805.0,0.05123770014175899,0.06551703420524357,0.05669712837528351
Pentucket,Expenditure,Operations and Maintenance,2024,1664.0,2019,1273.0,2014,913.0,2009,785.0,0.05503042414541737,0.06186242814824405,0.05136192336587175
Pentucket,Expenditure,Instructional Leadership,2024,1077.0,2019,899.0,2014,713.0,2009,638.0,0.0367909611351771,0.04210772997003387,0.03552280651797535
Pentucket,Expenditure,Administration,2024,1048.0,2019,561.0,2014,396.0,2009,327.0,0.13312986037411423,0.1022157427200141,0.08073919439127031
Pentucket,Expenditure,"Guidance, Counseling and Testing",2024,548.0,2019,411.0,2014,346.0,2009,271.0,0.059223841048812176,0.04705729267525216,0.0480630689716568
Pentucket,Expenditure,Other,2024,580.0,2019,308.0,2014,267.0,2009,420.0,0.13494667121219872,0.08066646119807053,0.021751412763074685
Pentucket,Expenditure,Total PPE,2024,19411.0,2019,15398.0,2014,12247.0,2009,10121.0,0.04741000701567266,0.04713293427748799,0.04437138904273508
Pentucket,Enrollment,In-District FTE Pupils,2024,2230.3,2019,2404.6,2014,2799.0,2009,3272.6,-0.014936815136045833,-0.022456620885131007,-0.02523927142977711
Pentucket,Enrollment,Out-of-District FTE Pupils,2024,139.5,2019,108.5,2014,110.1,2009,127.1,0.051547496797280434,0.023949855063056136,0.006225325496630463
Pentucket,NSS,Ch70 Aid,2024,5910.158216783217,2019,5525.196797303295,2014,4632.996717724289,2009,4327.324142353318,0.013561886472728046,0.02464567552218533,0.020998988825676523
Pentucket,NSS,Req NSS (minus Ch70),2024,8981.204545454546,2019,6949.818373367046,2014,5704.098832968636,2009,3693.263866623918,0.05262147624616498,0.04644101786899091,0.06103151439664933
Pentucket,NSS,Actual NSS (minus Req NSS),2024,2761.5731038492745,2019,1941.8422039609263,2014,1121.3690736688548,2009,1257.6659185636422,0.07297232813959109,0.09431108116731424,0.05383531997384172
Pentucket,NSS,Total Actual NSS per pupil,2024,17652.93586608704,2019,14416.857374631267,2014,11458.464624361779,2009,9278.253927540878,0.04133212915731077,0.044164807110833815,0.0438146292675019
Pentucket,Enrollment,Foundation Enrollment,2024,2288.0,2019,2373.0,2014,2742.0,2009,3119.0,-0.007268834092110543,-0.017938112542114304,-0.02044375811685417
Petersham,Expenditure,Teachers,2024,6546.0,2019,4874.0,2014,5575.0,2009,4419.0,0.06076234622054688,0.016185779087563912,0.02654218233693162
Petersham,Expenditure,"Insurance, Retirement and Other",2024,2844.0,2019,2348.0,2014,2874.0,2009,1893.0,0.0390735740680328,-0.0010487772199241352,0.02750812611109943
Petersham,Expenditure,Pupil Services,2024,2718.0,2019,2594.0,2014,1733.0,2009,1757.0,0.009382790929417073,0.046032285138466245,0.029513026293638278
Petersham,Expenditure,Other Teaching Services,2024,2090.0,2019,1828.0,2014,1278.0,2009,1722.0,0.027150351113383486,0.05041651976617367,0.012995561784764798
Petersham,Expenditure,Operations and Maintenance,2024,1900.0,2019,2091.0,2014,1732.0,2009,1943.0,-0.01897536426739166,0.00930069272374312,-0.0014908398740104412
Petersham,Expenditure,Instructional Leadership,2024,1475.0,2019,1493.0,2014,1508.0,2009,962.0,-0.002422965621667106,-0.0022101819225144315,0.02890307038717399
Petersham,Expenditure,Administration,2024,763.0,2019,661.0,2014,567.0,2009,637.0,0.02911667611057367,0.030135011477368412,0.012105240837504194
Petersham,Expenditure,"Guidance, Counseling and Testing",2024,506.0,2019,368.0,2014,720.0,2009,622.0,0.06576275663547415,-0.03465666588472949,-0.01366598903578331
Petersham,Expenditure,Other,2024,749.0,2019,703.0,2014,434.0,2009,269.0,0.01275710470988689,0.056085813684986,0.0706527475672285
Petersham,Expenditure,Total PPE,2024,19591.0,2019,16960.0,2014,16421.0,2009,14224.0,0.029262503076148194,0.01780762557651938,0.021572023001552365
Petersham,Enrollment,In-District FTE Pupils,2024,133.8,2019,120.3,2014,110.7,2009,102.5,0.021499356115206147,0.01913296428612843,0.017924302786523683
Petersham,Enrollment,Out-of-District FTE Pupils,2024,7.0,2019,14.9,2014,6.5,2009,17.9,-0.14022986709263285,0.007438325132309798,-0.060674020735975054
Petersham,NSS,Ch70 Aid,2024,6444.2467532467535,2019,6191.757142857143,2014,7048.05,2009,4218.476635514019,0.008025803894465389,-0.008916334244532864,0.028650324807695693
Petersham,NSS,Req NSS (minus Ch70),2024,8280.987012987012,2019,8306.985714285714,2014,7314.083333333333,2009,3674.6355140186915,-0.0006267329958813406,0.012493444330553105,0.055661109268171804
Petersham,NSS,Actual NSS (minus Req NSS),2024,9335.425974025975,2019,9037.620285714285,2014,7054.1,2009,2433.0560747663553,0.006505169471912264,0.02841701354966708,0.09378543197918598
Petersham,NSS,Total Actual NSS per pupil,2024,24060.65974025974,2019,23536.363142857143,2014,21416.233333333334,2009,10326.168224299066,0.004416029608405703,0.011710935226953545,0.058013532019227654
Petersham,Enrollment,Foundation Enrollment,2024,77.0,2019,70.0,2014,60.0,2009,107.0,0.019244876491456564,0.025259843137373394,-0.021696073736832577
"Phoenix Academy Charter Public High School, Chelsea (District)",Expenditure,Teachers,2024,5222.0,2019,3501.0,2014,,2009,,0.08325063264309951,,
"Phoenix Academy Charter Public High School, Chelsea (District)",Expenditure,"Insurance, Retirement and Other",2024,2823.0,2019,4241.0,2014,,2009,,-0.07817491706454172,,
"Phoenix Academy Charter Public High School, Chelsea (District)",Expenditure,Pupil Services,2024,1697.0,2019,1445.0,2014,,2009,,0.032672944897347955,,
"Phoenix Academy Charter Public High School, Chelsea (District)",Expenditure,Other Teaching Services,2024,425.0,2019,2703.0,2014,,2009,,-0.3092695895937728,,
"Phoenix Academy Charter Public High School, Chelsea (District)",Expenditure,Operations and Maintenance,2024,1301.0,2019,1009.0,2014,,2009,,0.05214894988042018,,
"Phoenix Academy Charter Public High School, Chelsea (District)",Expenditure,Instructional Leadership,2024,10117.0,2019,4536.0,2014,,2009,,0.17402066346675515,,
"Phoenix Academy Charter Public High School, Chelsea (District)",Expenditure,Administration,2024,8606.0,2019,5264.0,2014,,2009,,0.10330882565698207,,
"Phoenix Academy Charter Public High School, Chelsea (District)",Expenditure,"Guidance, Counseling and Testing",2024,1725.0,2019,198.0,2014,,2009,,0.541788428389091,,
"Phoenix Academy Charter Public High School, Chelsea (District)",Expenditure,Other,2024,982.0,2019,1139.0,2014,,2009,,-0.029227304228918394,,
"Phoenix Academy Charter Public High School, Chelsea (District)",Expenditure,Total PPE,2024,32898.0,2019,24036.0,2014,,2009,,0.06478386173334094,,
"Phoenix Academy Charter Public High School, Chelsea (District)",Enrollment,In-District FTE Pupils,2024,190.0,2019,195.4,2014,,2009,,-0.005589255155610595,,
"Phoenix Academy Charter Public High School, Chelsea (District)",Enrollment,Out-of-District FTE Pupils,2024,0.0,2019,0.0,2014,,2009,,,,
"Phoenix Academy Public Charter High School, Lawrence (District)",Expenditure,Teachers,2024,11468.0,2019,4828.0,2014,,2009,,0.18889659865090214,,
"Phoenix Academy Public Charter High School, Lawrence (District)",Expenditure,"Insurance, Retirement and Other",2024,2765.0,2019,1357.0,2014,,2009,,0.15298340791599618,,
"Phoenix Academy Public Charter High School, Lawrence (District)",Expenditure,Pupil Services,2024,4789.0,2019,395.0,2014,,2009,,0.647136337538085,,
"Phoenix Academy Public Charter High School, Lawrence (District)",Expenditure,Other Teaching Services,2024,427.0,2019,1629.0,2014,,2009,,-0.23492967331571968,,
"Phoenix Academy Public Charter High School, Lawrence (District)",Expenditure,Operations and Maintenance,2024,2159.0,2019,517.0,2014,,2009,,0.33092143576900446,,
"Phoenix Academy Public Charter High School, Lawrence (District)",Expenditure,Instructional Leadership,2024,3751.0,2019,2562.0,2014,,2009,,0.0792289527489971,,
"Phoenix Academy Public Charter High School, Lawrence (District)",Expenditure,Administration,2024,5117.0,2019,2325.0,2014,,2009,,0.17089645719471203,,
"Phoenix Academy Public Charter High School, Lawrence (District)",Expenditure,"Guidance, Counseling and Testing",2024,1353.0,2019,326.0,2014,,2009,,0.32927868015224293,,
"Phoenix Academy Public Charter High School, Lawrence (District)",Expenditure,Other,2024,616.0,2019,1618.0,2014,,2009,,-0.17563330249142595,,
"Phoenix Academy Public Charter High School, Lawrence (District)",Expenditure,Total PPE,2024,32445.0,2019,15557.0,2014,,2009,,0.15836222211567597,,
"Phoenix Academy Public Charter High School, Lawrence (District)",Enrollment,In-District FTE Pupils,2024,104.4,2019,128.3,2014,,2009,,-0.040389992488622184,,
"Phoenix Academy Public Charter High School, Lawrence (District)",Enrollment,Out-of-District FTE Pupils,2024,0.0,2019,0.0,2014,,2009,,,,
"Phoenix Academy Public Charter High School, Springfield (District)",Expenditure,Teachers,2024,6051.0,2019,3974.0,2014,,2009,,0.08772687259615042,,
"Phoenix Academy Public Charter High School, Springfield (District)",Expenditure,"Insurance, Retirement and Other",2024,2790.0,2019,2909.0,2014,,2009,,-0.008318762732853924,,
"Phoenix Academy Public Charter High School, Springfield (District)",Expenditure,Pupil Services,2024,2869.0,2019,869.0,2014,,2009,,0.26981997460503315,,
"Phoenix Academy Public Charter High School, Springfield (District)",Expenditure,Other Teaching Services,2024,1691.0,2019,1403.0,2014,,2009,,0.03804740552059038,,
"Phoenix Academy Public Charter High School, Springfield (District)",Expenditure,Operations and Maintenance,2024,1785.0,2019,877.0,2014,,2009,,0.15273034377849015,,
"Phoenix Academy Public Charter High School, Springfield (District)",Expenditure,Instructional Leadership,2024,6785.0,2019,2426.0,2014,,2009,,0.22837738164029875,,
"Phoenix Academy Public Charter High School, Springfield (District)",Expenditure,Administration,2024,4211.0,2019,2083.0,2014,,2009,,0.1511692873021897,,
"Phoenix Academy Public Charter High School, Springfield (District)",Expenditure,"Guidance, Counseling and Testing",2024,1430.0,2019,555.0,2014,,2009,,0.20839414093107034,,
"Phoenix Academy Public Charter High School, Springfield (District)",Expenditure,Other,2024,1118.0,2019,615.0,2014,,2009,,0.1269725490081477,,
"Phoenix Academy Public Charter High School, Springfield (District)",Expenditure,Total PPE,2024,28730.0,2019,15711.0,2014,,2009,,0.1283046019421512,,
"Phoenix Academy Public Charter High School, Springfield (District)",Enrollment,In-District FTE Pupils,2024,157.9,2019,188.2,2014,,2009,,-0.0344995018640194,,
"Phoenix Academy Public Charter High School, Springfield (District)",Enrollment,Out-of-District FTE Pupils,2024,0.0,2019,0.0,2014,,2009,,,,
Pioneer Charter School of Science (District),Expenditure,Teachers,2024,7713.0,2019,4867.0,2014,,2009,,0.09645900081604686,,
Pioneer Charter School of Science (District),Expenditure,"Insurance, Retirement and Other",2024,2179.0,2019,3177.0,2014,,2009,,-0.07264076096821726,,
Pioneer Charter School of Science (District),Expenditure,Pupil Services,2024,1915.0,2019,1364.0,2014,,2009,,0.07021462518258592,,
Pioneer Charter School of Science (District),Expenditure,Other Teaching Services,2024,632.0,2019,560.0,2014,,2009,,0.02448548640749415,,
Pioneer Charter School of Science (District),Expenditure,Operations and Maintenance,2024,1299.0,2019,1080.0,2014,,2009,,0.037617001516574655,,
Pioneer Charter School of Science (District),Expenditure,Instructional Leadership,2024,1556.0,2019,500.0,2014,,2009,,0.2548965278585156,,
Pioneer Charter School of Science (District),Expenditure,Administration,2024,1709.0,2019,1701.0,2014,,2009,,0.0009388585960175,,
Pioneer Charter School of Science (District),Expenditure,"Guidance, Counseling and Testing",2024,869.0,2019,284.0,2014,,2009,,0.25066295837667174,,
Pioneer Charter School of Science (District),Expenditure,Other,2024,811.0,2019,582.0,2014,,2009,,0.06861083644464472,,
Pioneer Charter School of Science (District),Expenditure,Total PPE,2024,18683.0,2019,14115.0,2014,,2009,,0.05767720914021557,,
Pioneer Charter School of Science (District),Enrollment,In-District FTE Pupils,2024,780.0,2019,784.0,2014,,2009,,-0.0010224970266555777,,
Pioneer Charter School of Science (District),Enrollment,Out-of-District FTE Pupils,2024,0.0,2019,0.0,2014,,2009,,,,
Pioneer Charter School of Science II (District),Expenditure,Teachers,2024,7186.0,2019,4989.0,2014,,2009,,0.07570885036532515,,
Pioneer Charter School of Science II (District),Expenditure,"Insurance, Retirement and Other",2024,1655.0,2019,3389.0,2014,,2009,,-0.13354644916217606,,
Pioneer Charter School of Science II (District),Expenditure,Pupil Services,2024,1940.0,2019,1391.0,2014,,2009,,0.06879624662311845,,
Pioneer Charter School of Science II (District),Expenditure,Other Teaching Services,2024,779.0,2019,452.0,2014,,2009,,0.11501267572166829,,
Pioneer Charter School of Science II (District),Expenditure,Operations and Maintenance,2024,1045.0,2019,942.0,2014,,2009,,0.02097022683051586,,
Pioneer Charter School of Science II (District),Expenditure,Instructional Leadership,2024,1689.0,2019,864.0,2014,,2009,,0.14346580428108924,,
Pioneer Charter School of Science II (District),Expenditure,Administration,2024,1652.0,2019,1912.0,2014,,2009,,-0.028809487829036473,,
Pioneer Charter School of Science II (District),Expenditure,"Guidance, Counseling and Testing",2024,200.0,2019,355.0,2014,,2009,,-0.10841997795995584,,
Pioneer Charter School of Science II (District),Expenditure,Other,2024,1346.0,2019,558.0,2014,,2009,,0.1925653099861535,,
Pioneer Charter School of Science II (District),Expenditure,Total PPE,2024,17492.0,2019,14852.0,2014,,2009,,0.033263065567566086,,
Pioneer Charter School of Science II (District),Enrollment,In-District FTE Pupils,2024,565.2,2019,360.2,2014,,2009,,0.09428813147417237,,
Pioneer Charter School of Science II (District),Enrollment,Out-of-District FTE Pupils,2024,0.0,2019,0.0,2014,,2009,,,,
Pioneer Valley,Expenditure,Teachers,2024,7543.0,2019,5533.0,2014,5981.0,2009,4389.0,0.06393889886429771,0.023474509191936388,0.036760800779533476
Pioneer Valley,Expenditure,"Insurance, Retirement and Other",2024,5580.0,2019,4588.0,2014,3033.0,2009,2475.0,0.039925333043306255,0.06286028358231022,0.05569208721821095
Pioneer Valley,Expenditure,Pupil Services,2024,3481.0,2019,2369.0,2014,2392.0,2009,1489.0,0.08001003928861516,0.03823169970240925,0.05824759063868612
Pioneer Valley,Expenditure,Other Teaching Services,2024,2972.0,2019,2003.0,2014,1437.0,2009,1327.0,0.08211538371788474,0.07537318693700845,0.05522529240534668
Pioneer Valley,Expenditure,Operations and Maintenance,2024,2990.0,2019,1449.0,2014,1290.0,2009,1053.0,0.15590079005182322,0.08769754374257221,0.0720528304995689
Pioneer Valley,Expenditure,Instructional Leadership,2024,1998.0,2019,1002.0,2014,1026.0,2009,702.0,0.1480096864233018,0.06891903840090796,0.07221996948302367
Pioneer Valley,Expenditure,Administration,2024,1061.0,2019,1042.0,2014,440.0,2009,463.0,0.003620521571713331,0.09200913335961514,0.05683931165773548
Pioneer Valley,Expenditure,"Guidance, Counseling and Testing",2024,1085.0,2019,712.0,2014,305.0,2009,360.0,0.08790243523164598,0.13530614851576694,0.0763210049315377
Pioneer Valley,Expenditure,Other,2024,780.0,2019,427.0,2014,381.0,2009,627.0,0.12806297598457483,0.07427869444156743,0.014662953607724072
Pioneer Valley,Expenditure,Total PPE,2024,27490.0,2019,19125.0,2014,16285.0,2009,12885.0,0.07526289427230792,0.05375269339999922,0.051814986537159324
Pioneer Valley,Enrollment,In-District FTE Pupils,2024,580.7,2019,738.0,2014,942.2,2009,1101.7,-0.0468108441963091,-0.04724579851627264,-0.04179323699869908
Pioneer Valley,Enrollment,Out-of-District FTE Pupils,2024,83.8,2019,99.3,2014,50.4,2009,46.8,-0.03337292819144322,0.05215893651456405,0.039600654794793355
Pioneer Valley Chinese Immersion Charter (District),Expenditure,Teachers,2024,9018.0,2019,6532.0,2014,,2009,,0.06662758454592654,,
Pioneer Valley Chinese Immersion Charter (District),Expenditure,"Insurance, Retirement and Other",2024,4601.0,2019,4190.0,2014,,2009,,0.018890802889463876,,
Pioneer Valley Chinese Immersion Charter (District),Expenditure,Pupil Services,2024,1477.0,2019,978.0,2014,,2009,,0.08594624540291051,,
Pioneer Valley Chinese Immersion Charter (District),Expenditure,Other Teaching Services,2024,405.0,2019,982.0,2014,,2009,,-0.1623382069835505,,
Pioneer Valley Chinese Immersion Charter (District),Expenditure,Operations and Maintenance,2024,1031.0,2019,673.0,2014,,2009,,0.08905225901369018,,
Pioneer Valley Chinese Immersion Charter (District),Expenditure,Instructional Leadership,2024,1186.0,2019,928.0,2014,,2009,,0.0502854342336001,,
Pioneer Valley Chinese Immersion Charter (District),Expenditure,Administration,2024,1633.0,2019,1468.0,2014,,2009,,0.021532117980475718,,
Pioneer Valley Chinese Immersion Charter (District),Expenditure,"Guidance, Counseling and Testing",2024,643.0,2019,519.0,2014,,2009,,0.04377940392821,,
Pioneer Valley Chinese Immersion Charter (District),Expenditure,Other,2024,303.0,2019,585.0,2014,,2009,,-0.12328718952822115,,
Pioneer Valley Chinese Immersion Charter (District),Expenditure,Total PPE,2024,20297.0,2019,16855.0,2014,,2009,,0.03786440857893614,,
Pioneer Valley Chinese Immersion Charter (District),Enrollment,In-District FTE Pupils,2024,547.9,2019,517.8,2014,,2009,,0.01136483886707107,,
Pioneer Valley Chinese Immersion Charter (District),Enrollment,Out-of-District FTE Pupils,2024,0.0,2019,0.0,2014,,2009,,,,
Pioneer Valley Performing Arts Charter Public (District),Expenditure,Teachers,2024,6228.0,2019,5900.0,2014,,2009,,0.010879334821398245,,
Pioneer Valley Performing Arts Charter Public (District),Expenditure,"Insurance, Retirement and Other",2024,2436.0,2019,4820.0,2014,,2009,,-0.12757912408043137,,
Pioneer Valley Performing Arts Charter Public (District),Expenditure,Pupil Services,2024,1316.0,2019,1126.0,2014,,2009,,0.031676408915015886,,
Pioneer Valley Performing Arts Charter Public (District),Expenditure,Other Teaching Services,2024,1722.0,2019,957.0,2014,,2009,,0.12466775000379182,,
Pioneer Valley Performing Arts Charter Public (District),Expenditure,Operations and Maintenance,2024,1726.0,2019,990.0,2014,,2009,,0.11758642877763048,,
Pioneer Valley Performing Arts Charter Public (District),Expenditure,Instructional Leadership,2024,1696.0,2019,1110.0,2014,,2009,,0.08848030128529749,,
Pioneer Valley Performing Arts Charter Public (District),Expenditure,Administration,2024,1749.0,2019,1924.0,2014,,2009,,-0.018891703222736034,,
Pioneer Valley Performing Arts Charter Public (District),Expenditure,"Guidance, Counseling and Testing",2024,784.0,2019,719.0,2014,,2009,,0.017460210617609384,,
Pioneer Valley Performing Arts Charter Public (District),Expenditure,Other,2024,734.0,2019,423.0,2014,,2009,,0.11653190736370211,,
Pioneer Valley Performing Arts Charter Public (District),Expenditure,Total PPE,2024,18391.0,2019,17969.0,2014,,2009,,0.004653466617193569,,
Pioneer Valley Performing Arts Charter Public (District),Enrollment,In-District FTE Pupils,2024,404.6,2019,392.3,2014,,2009,,0.006193515291859741,,
Pioneer Valley Performing Arts Charter Public (District),Enrollment,Out-of-District FTE Pupils,2024,0.0,2019,0.0,2014,,2009,,,,
Pittsfield,Expenditure,Teachers,2024,7695.0,2019,5926.0,2014,5200.0,2009,4406.0,0.05363307532100947,0.039969321510241684,0.03787314669662378
Pittsfield,Expenditure,"Insurance, Retirement and Other",2024,5333.0,2019,4028.0,2014,3076.0,2009,2567.0,0.057733901944301724,0.05657060817355508,0.04995265077078592
Pittsfield,Expenditure,Pupil Services,2024,2366.0,2019,1468.0,2014,1019.0,2009,850.0,0.10016477833583459,0.0878876727340605,0.07063077022823183
Pittsfield,Expenditure,Other Teaching Services,2024,1939.0,2019,1321.0,2014,1286.0,2009,1042.0,0.07977930188148674,0.04191834344497747,0.04227104436890494
Pittsfield,Expenditure,Operations and Maintenance,2024,1918.0,2019,1415.0,2014,1140.0,2009,1143.0,0.0627189690207206,0.05340257381574354,0.03511076409779079
Pittsfield,Expenditure,Instructional Leadership,2024,1548.0,2019,775.0,2014,739.0,2009,1157.0,0.14840176359291024,0.07674447452949051,0.019598465445965108
Pittsfield,Expenditure,Administration,2024,529.0,2019,351.0,2014,317.0,2009,251.0,0.0854997083720812,0.05254249999099936,0.05095824910488589
Pittsfield,Expenditure,"Guidance, Counseling and Testing",2024,927.0,2019,570.0,2014,423.0,2009,387.0,0.10215068700033392,0.081618076223827,0.05996433164792414
Pittsfield,Expenditure,Other,2024,1484.0,2019,897.0,2014,813.0,2009,587.0,0.1059316615236856,0.06202401060271501,0.06378301862578706
Pittsfield,Expenditure,Total PPE,2024,23739.0,2019,16751.0,2014,14013.0,2009,12390.0,0.07222106791991734,0.054127467285796316,0.044301914698209766
Pittsfield,Enrollment,In-District FTE Pupils,2024,4930.8,2019,5420.4,2014,5916.6,2009,6200.5,-0.018755557262944755,-0.018060980955825756,-0.015159171025531992
Pittsfield,Enrollment,Out-of-District FTE Pupils,2024,874.7,2019,781.2,2014,580.1,2009,422.8,0.022867496645359475,0.041923002654653985,0.049659103122577264
Pittsfield,NSS,Ch70 Aid,2024,10910.441097364173,2019,7100.246463637876,2014,6228.667981517002,2009,5611.4783427495295,0.08971712759172568,0.05765667043704181,0.04532419146336397
Pittsfield,NSS,Req NSS (minus Ch70),2024,5750.134480903712,2019,4679.747378931603,2014,4558.938966391884,2009,3489.5706214689267,0.042056143691240555,0.023484859239478295,0.03385682873976825
Pittsfield,NSS,Actual NSS (minus Req NSS),2024,2541.7990592709416,2019,2487.4149189853574,2014,1211.363885529878,2009,545.2866518385042,0.0043349960927685505,0.07692797659831241,0.10807142785287871
Pittsfield,NSS,Total Actual NSS per pupil,2024,19202.37463753883,2019,14267.408761554836,2014,11998.970833438763,2009,9646.33561605696,0.06121154707630838,0.04814434146399349,0.046966626204192785
Pittsfield,Enrollment,Foundation Enrollment,2024,5577.0,2019,6009.0,2014,6308.0,2009,6372.0,-0.014810696113631283,-0.012241226250620074,-0.008844812105896604
Plainville,Expenditure,Teachers,2024,7270.0,2019,5717.0,2014,4588.0,2009,4098.0,0.049236146446204554,0.04710708985072287,0.03895681728481981
Plainville,Expenditure,"Insurance, Retirement and Other",2024,3638.0,2019,3093.0,2014,2137.0,2009,1763.0,0.03299104097560468,0.0546438324720282,0.049479658963176076
Plainville,Expenditure,Pupil Services,2024,1829.0,2019,1295.0,2014,973.0,2009,803.0,0.07149164117533124,0.0651483195209992,0.05641171996602501
Plainville,Expenditure,Other Teaching Services,2024,2597.0,2019,2026.0,2014,1567.0,2009,1138.0,0.050912364417150524,0.05181726518370944,0.05654657336839852
Plainville,Expenditure,Operations and Maintenance,2024,2060.0,2019,2026.0,2014,1137.0,2009,1080.0,0.003334061053596571,0.06123282716112666,0.04398974099360853
Plainville,Expenditure,Instructional Leadership,2024,967.0,2019,742.0,2014,1082.0,2009,695.0,0.05439785502685335,-0.01117389940602398,0.0222633197282196
Plainville,Expenditure,Administration,2024,789.0,2019,709.0,2014,552.0,2009,458.0,0.02161239527728709,0.0363675174022402,0.036925214119989835
Plainville,Expenditure,"Guidance, Counseling and Testing",2024,195.0,2019,264.0,2014,198.0,2009,170.0,-0.058790857880074654,-0.0015255823274565872,0.009188700706297404
Plainville,Expenditure,Other,2024,727.0,2019,1189.0,2014,523.0,2009,660.0,-0.09370306501989678,0.03348284528998824,0.006466594889640964
Plainville,Expenditure,Total PPE,2024,20072.0,2019,17061.0,2014,12757.0,2009,10865.0,0.03304022608910406,0.04636742097920599,0.0417673158033105
Plainville,Enrollment,In-District FTE Pupils,2024,649.1,2019,719.0,2014,754.9,2009,795.6,-0.020247131321041834,-0.014986419120935346,-0.013475696033314222
Plainville,Enrollment,Out-of-District FTE Pupils,2024,40.7,2019,46.4,2014,19.7,2009,18.0,-0.02587366207572217,0.0752583364334718,0.0558967673387587
Plainville,NSS,Ch70 Aid,2024,4621.436641221374,2019,4200.492774566474,2014,3597.7491561419356,2009,3372.259723964868,0.01928434090236264,0.025355847110483554,0.02123039554397055
Plainville,NSS,Req NSS (minus Ch70),2024,9347.459541984734,2019,6945.50289017341,2014,5379.433548387096,2009,4323.355081555835,0.061201803884019856,0.05680705703337163,0.05274902014754579
Plainville,NSS,Actual NSS (minus Req NSS),2024,3793.58708836641,2019,5447.331048268076,2014,2489.3808414318796,2009,2079.8527543190808,-0.06980659119854227,0.043027770360433815,0.0408812001063068
Plainville,NSS,Total Actual NSS per pupil,2024,17762.483271572517,2019,16593.32671300796,2014,11466.563545960911,2009,9775.467559839784,0.013710730134555593,0.04473715441745729,0.04061738278490834
Plainville,Enrollment,Foundation Enrollment,2024,655.0,2019,692.0,2014,775.0,2009,797.0,-0.01092997299500642,-0.01668206658391469,-0.01299610791739969
Plymouth,Expenditure,Teachers,2024,7647.0,2019,6306.0,2014,5059.0,2009,4541.0,0.0393155490582604,0.042179775661416175,0.035355049406520234
Plymouth,Expenditure,"Insurance, Retirement and Other",2024,4819.0,2019,4062.0,2014,2788.0,2009,2224.0,0.03476898085543256,0.05624925511876233,0.05290246610956473
Plymouth,Expenditure,Pupil Services,2024,2796.0,2019,2077.0,2014,1597.0,2009,1332.0,0.06125594010041269,0.05760434187845509,0.0506761228731607
Plymouth,Expenditure,Other Teaching Services,2024,1723.0,2019,1327.0,2014,782.0,2009,725.0,0.05361724651134625,0.082200804477222,0.05940776400018333
Plymouth,Expenditure,Operations and Maintenance,2024,1700.0,2019,1296.0,2014,992.0,2009,975.0,0.055768703615719284,0.05534322130973823,0.03775847082677464
Plymouth,Expenditure,Instructional Leadership,2024,1398.0,2019,1130.0,2014,982.0,2009,760.0,0.04348388293550487,0.03595184535965679,0.04146873906415127
Plymouth,Expenditure,Administration,2024,691.0,2019,588.0,2014,486.0,2009,425.0,0.03280931034512857,0.0358197269771634,0.03293408312137047
Plymouth,Expenditure,"Guidance, Counseling and Testing",2024,668.0,2019,501.0,2014,371.0,2009,300.0,0.059223841048812176,0.06057223955288471,0.05481674096389133
Plymouth,Expenditure,Other,2024,685.0,2019,562.0,2014,542.0,2009,403.0,0.0403772603103445,0.02369157369245589,0.035998281536851584
Plymouth,Expenditure,Total PPE,2024,22127.0,2019,17849.0,2014,13599.0,2009,11685.0,0.043906806434092394,0.04988457774101973,0.04348510597139299
Plymouth,Enrollment,In-District FTE Pupils,2024,7011.0,2019,7410.3,2014,7764.4,2009,8262.1,-0.011016979658282522,-0.010154970493955306,-0.01088686761486024
Plymouth,Enrollment,Out-of-District FTE Pupils,2024,628.4,2019,706.6,2014,657.8,2009,441.1,-0.02318457574036048,-0.004561965218192854,0.023874219566331734
Plymouth,NSS,Ch70 Aid,2024,3675.2415810687817,2019,3222.918095473048,2014,2844.277385456033,2009,2564.922966162707,0.02661433577471528,0.02596228068724371,0.02426917821539276
Plymouth,NSS,Req NSS (minus Ch70),2024,10880.715641659082,2019,8012.271370420624,2014,7421.869825375505,2009,6417.278017758579,0.06311528448217452,0.03899728515051004,0.035826713420377576
Plymouth,NSS,Actual NSS (minus Req NSS),2024,4435.6342241536495,2019,4483.0864118074805,2014,1934.1074883797467,2009,1756.709168010202,-0.002125963047248103,0.086544485366429,0.06369485154974264
Plymouth,NSS,Total Actual NSS per pupil,2024,18991.591446881514,2019,15718.275877701153,2014,12200.254699211284,2009,10738.910151931488,0.03855927929619307,0.04524776157144661,0.03873973094399874
Plymouth,Enrollment,Foundation Enrollment,2024,7691.0,2019,8107.0,2014,8189.0,2009,8334.0,-0.010480111292048178,-0.006254456568926869,-0.005338546966221047
Plympton,Expenditure,Teachers,2023,7105.0,2018,6580.0,2013,4818.0,2008,,0.015471262979341871,0.0396082772766293,
Plympton,Expenditure,"Insurance, Retirement and Other",2023,1645.0,2018,1696.0,2013,1313.0,2008,,-0.006087824275023523,0.022798582865323658,
Plympton,Expenditure,Pupil Services,2023,1103.0,2018,1002.0,2013,637.0,2008,,0.01939279143822148,0.05643701154553771,
Plympton,Expenditure,Other Teaching Services,2023,1375.0,2018,1437.0,2013,1090.0,2008,,-0.008781986291330424,0.023499465086841642,
Plympton,Expenditure,Operations and Maintenance,2023,1514.0,2018,2159.0,2013,1528.0,2008,,-0.06851761483657204,-0.0009200300854607102,
Plympton,Expenditure,Instructional Leadership,2023,849.0,2018,881.0,2013,645.0,2008,,-0.007372377638323768,0.02786196934389573,
Plympton,Expenditure,Administration,2023,783.0,2018,684.0,2013,415.0,2008,,0.02740371572479905,0.06554394747455228,
Plympton,Expenditure,"Guidance, Counseling and Testing",2023,989.0,2018,914.0,2013,406.0,2008,,0.015897798464137525,0.0931179498161625,
Plympton,Expenditure,Other,2023,613.0,2018,748.0,2013,527.0,2008,,-0.03902569525484556,0.015231269983105866,
Plympton,Expenditure,Total PPE,2023,15976.0,2018,16101.0,2013,11379.0,2008,,-0.001557542918910415,0.034514055092210505,
Plympton,Enrollment,In-District FTE Pupils,2023,240.5,2018,204.5,2013,239.2,2008,,0.03296202005158322,0.0005421536591321274,
Plympton,Enrollment,Out-of-District FTE Pupils,2023,20.7,2018,18.6,2013,12.4,2008,,0.021624925478871626,0.052579399586458075,
Plympton,NSS,Ch70 Aid,2024,3787.0,2019,3383.2730823963134,2014,2587.3780114285714,2009,2529.0893617021275,0.022802192526095277,0.038827749701715764,0.027279784883869285
Plympton,NSS,Req NSS (minus Ch70),2024,8749.808764940239,2019,7456.258064516129,2014,6338.734126984127,2009,5381.544680851064,0.0325129945048972,0.03276046054514481,0.032934478493373165
Plympton,NSS,Actual NSS (minus Req NSS),2024,5804.094621513944,2019,6508.798773451764,2014,4280.335204958696,2009,2238.5251063829783,-0.022657627868765018,0.03092167397823009,0.06557699119422833
Plympton,NSS,Total Actual NSS per pupil,2024,18340.90338645418,2019,17348.329920364205,2014,13206.447343371394,2009,10149.15914893617,0.011189636812031889,0.03338813758350434,0.04023799076640633
Plympton,Enrollment,Foundation Enrollment,2024,251.0,2019,217.0,2014,252.0,2009,235.0,0.029538987524935223,-0.0003975357996601758,0.004400816943685104
Prospect Hill Academy Charter (District),Expenditure,Teachers,2024,8247.0,2019,6390.0,2014,,2009,,0.05234714528277862,,
Prospect Hill Academy Charter (District),Expenditure,"Insurance, Retirement and Other",2024,2532.0,2019,4998.0,2014,,2009,,-0.12716231269732947,,
Prospect Hill Academy Charter (District),Expenditure,Pupil Services,2024,1430.0,2019,668.0,2014,,2009,,0.16442605613335792,,
Prospect Hill Academy Charter (District),Expenditure,Other Teaching Services,2024,2785.0,2019,1665.0,2014,,2009,,0.10836344111813712,,
Prospect Hill Academy Charter (District),Expenditure,Operations and Maintenance,2024,1631.0,2019,986.0,2014,,2009,,0.10589885705791535,,
Prospect Hill Academy Charter (District),Expenditure,Instructional Leadership,2024,2814.0,2019,2128.0,2014,,2009,,0.05747593739452639,,
Prospect Hill Academy Charter (District),Expenditure,Administration,2024,3556.0,2019,2232.0,2014,,2009,,0.09762379253467968,,
Prospect Hill Academy Charter (District),Expenditure,"Guidance, Counseling and Testing",2024,650.0,2019,512.0,2014,,2009,,0.04888694293837159,,
Prospect Hill Academy Charter (District),Expenditure,Other,2024,1511.0,2019,1159.0,2014,,2009,,0.054474800756321384,,
Prospect Hill Academy Charter (District),Expenditure,Total PPE,2024,25156.0,2019,20738.0,2014,,2009,,0.03938140583751326,,
Prospect Hill Academy Charter (District),Enrollment,In-District FTE Pupils,2024,911.2,2019,1118.2,2014,,2009,,-0.0401157966364496,,
Prospect Hill Academy Charter (District),Enrollment,Out-of-District FTE Pupils,2024,0.0,2019,0.0,2014,,2009,,,,
Provincetown,Expenditure,Teachers,2024,22268.0,2019,13477.0,2014,12708.0,2009,10351.0,0.1056498131292194,0.05769487655541883,0.052397788850963245
Provincetown,Expenditure,"Insurance, Retirement and Other",2024,11418.0,2019,18663.0,2014,11073.0,2009,5743.0,-0.09359620223354992,0.003072846024527065,0.04687962686206126
Provincetown,Expenditure,Pupil Services,2024,3218.0,2019,921.0,2014,1326.0,2009,2444.0,0.28429644945806487,0.09270832431437759,0.018510840767313796
Provincetown,Expenditure,Other Teaching Services,2024,2818.0,2019,2595.0,2014,2834.0,2009,1776.0,0.016624859570472328,-0.0005660125336357513,0.03125611113033977
Provincetown,Expenditure,Operations and Maintenance,2024,2983.0,2019,2606.0,2014,3440.0,2009,3767.0,0.027391027051174577,-0.014153086509539614,-0.01543624891157036
Provincetown,Expenditure,Instructional Leadership,2024,2630.0,2019,1205.0,2014,2202.0,2009,1237.0,0.16894409199418825,0.017920459296068003,0.051572136101206256
Provincetown,Expenditure,Administration,2024,2809.0,2019,3896.0,2014,3013.0,2009,1875.0,-0.06333011326373139,-0.006986253076627591,0.027314373404031977
Provincetown,Expenditure,"Guidance, Counseling and Testing",2024,758.0,2019,672.0,2014,403.0,2009,1001.0,0.024377395511818056,0.06521289689326037,-0.01836731936727809
Provincetown,Expenditure,Other,2024,4160.0,2019,825.0,2014,2260.0,2009,1428.0,0.3820631146705613,0.06291488553139124,0.07388474944857704
Provincetown,Expenditure,Total PPE,2024,53062.0,2019,44860.0,2014,39259.0,2009,29622.0,0.03415317397021478,0.030586473953347904,0.03962795562836119
Provincetown,Enrollment,In-District FTE Pupils,2024,139.7,2019,127.1,2014,109.3,2009,177.0,0.019084441275495356,0.024843673302818114,-0.015653028812091963
Provincetown,Enrollment,Out-of-District FTE Pupils,2024,20.2,2019,57.9,2014,65.1,2009,49.9,-0.18990759375161725,-0.11043632962804062,-0.058507810342563804
Provincetown,NSS,Ch70 Aid,2024,3116.8469387755104,2019,2375.876033057851,2014,2127.728,2009,2001.084892086331,0.055791934086416806,0.038914808541850254,0.029982859646362714
Provincetown,NSS,Req NSS (minus Ch70),2024,14385.285714285714,2019,9111.173553719009,2014,9723.568,2009,11021.561151079137,0.09564241004409202,0.039942395779871465,0.017915416394100214
Provincetown,NSS,Actual NSS (minus Req NSS),2024,45835.96579591836,2019,38760.01915522349,2014,24151.47495818986,2009,18293.388540231645,0.03410462555396743,0.06616954498259187,0.06314903307707431
Provincetown,NSS,Total Actual NSS per pupil,2024,63338.09844897958,2019,50247.06874200035,2014,36002.77095818986,2009,31316.03458339711,0.04739587184207239,0.05811509321591446,0.048077064192260544
Provincetown,Enrollment,Foundation Enrollment,2024,98.0,2019,121.0,2014,125.0,2009,139.0,-0.041288049237287905,-0.02404092603698149,-0.023031071386663493
Quabbin,Expenditure,Teachers,2024,5809.0,2019,4897.0,2014,4660.0,2009,4096.0,0.034747187151155545,0.022283958507546053,0.023566574663981932
Quabbin,Expenditure,"Insurance, Retirement and Other",2024,3195.0,2019,2716.0,2014,1827.0,2009,1332.0,0.033018785781062654,0.05748260332170396,0.06006161562290968
Quabbin,Expenditure,Pupil Services,2024,2591.0,2019,2168.0,2014,1539.0,2009,1213.0,0.036290762869695126,0.053471714336893905,0.05189835063413306
Quabbin,Expenditure,Other Teaching Services,2024,1998.0,2019,1509.0,2014,1080.0,2009,769.0,0.05774565209592408,0.06345023813903006,0.06572366491498127
Quabbin,Expenditure,Operations and Maintenance,2024,2139.0,2019,1779.0,2014,1187.0,2009,1045.0,0.037545060807634645,0.060659549829118475,0.04891339837769926
Quabbin,Expenditure,Instructional Leadership,2024,1087.0,2019,961.0,2014,751.0,2009,682.0,0.02494658150782403,0.03766928236234657,0.031564396928073224
Quabbin,Expenditure,Administration,2024,559.0,2019,508.0,2014,550.0,2009,345.0,0.019317825595875027,0.00162443746428087,0.03269683861378292
Quabbin,Expenditure,"Guidance, Counseling and Testing",2024,1168.0,2019,698.0,2014,335.0,2009,257.0,0.10845351275825355,0.13302581129213387,0.10620083332410313
Quabbin,Expenditure,Other,2024,1036.0,2019,1026.0,2014,871.0,2009,533.0,0.0019417622010811098,0.017499395871845236,0.04530293487939119
Quabbin,Expenditure,Total PPE,2024,19582.0,2019,16262.0,2014,12800.0,2009,10272.0,0.03785484697678365,0.04343333611336053,0.04395105063776339
Quabbin,Enrollment,In-District FTE Pupils,2024,2151.7,2019,2118.8,2014,2481.1,2009,3104.2,0.003086420555955316,-0.014143407120829288,-0.024137112988383724
Quabbin,Enrollment,Out-of-District FTE Pupils,2024,109.6,2019,189.2,2014,140.2,2009,122.9,-0.10344304397957238,-0.02432258050081959,-0.007606499179239723
Quabbin,NSS,Ch70 Aid,2024,8681.977447463445,2019,8005.510617840673,2014,6842.290472175379,2009,6062.177396780966,0.016356158563546108,0.02409846367997215,0.024234343818986925
Quabbin,NSS,Req NSS (minus Ch70),2024,6263.782675551,2019,4882.777509701337,2014,4152.929173693086,2009,1848.3687893631911,0.05107558740883844,0.04195320694871607,0.08476717995756355
Quabbin,NSS,Actual NSS (minus Req NSS),2024,2976.3415547533773,2019,2189.1664575508503,2014,817.4881956155143,2009,1362.2830650804758,0.06336116774448608,0.1379420020579225,0.0534833934316179
Quabbin,NSS,Total Actual NSS per pupil,2024,17922.101677767823,2019,15077.454585092863,2014,11812.707841483982,2009,9272.829251224633,0.035171201909314886,0.042566935566843656,0.0449089400507785
Quabbin,Enrollment,Foundation Enrollment,2024,1951.0,2019,2071.99999997928,2014,2372.0,2009,2858.0,-0.01196232814101883,-0.019349490135252778,-0.025130829598234983
Quaboag Regional,Expenditure,Teachers,2024,6911.0,2019,5243.0,2014,4559.0,2009,4504.0,0.05679854592641287,0.04247855567965608,0.028954491868773857
Quaboag Regional,Expenditure,"Insurance, Retirement and Other",2024,3136.0,2019,2420.0,2014,1860.0,2009,1453.0,0.05320312150395301,0.05362559228576269,0.05262584577608709
Quaboag Regional,Expenditure,Pupil Services,2024,3317.0,2019,2033.0,2014,1700.0,2009,1257.0,0.10286313147852999,0.06912788019612304,0.06682703522165778
Quaboag Regional,Expenditure,Other Teaching Services,2024,2190.0,2019,1224.0,2014,798.0,2009,762.0,0.12339513662258916,0.10622666411928794,0.0729165461922161
Quaboag Regional,Expenditure,Operations and Maintenance,2024,1611.0,2019,1012.0,2014,880.0,2009,1002.0,0.09744561001462482,0.06233450275410379,0.03216355713949848
Quaboag Regional,Expenditure,Instructional Leadership,2024,1314.0,2019,944.0,2014,867.0,2009,604.0,0.06837735478204165,0.042455744245233795,0.05318313289198473
Quaboag Regional,Expenditure,Administration,2024,686.0,2019,512.0,2014,470.0,2009,456.0,0.060256224920660184,0.0385385591492482,0.027599659138808352
Quaboag Regional,Expenditure,"Guidance, Counseling and Testing",2024,600.0,2019,479.0,2014,372.0,2009,295.0,0.046075781175542785,0.048964597560874124,0.048468246901485657
Quaboag Regional,Expenditure,Other,2024,1326.0,2019,520.0,2014,318.0,2009,550.0,0.20589095060661244,0.15348417427876604,0.06042198309948876
Quaboag Regional,Expenditure,Total PPE,2024,21091.0,2019,14387.0,2014,11824.0,2009,10883.0,0.07950680805769017,0.05957883584995738,0.0450969240114949
Quaboag Regional,Enrollment,In-District FTE Pupils,2024,1116.3,2019,1310.0,2014,1383.2,2009,1439.2,-0.03149486916378064,-0.021209840434983085,-0.01679521165102349
Quaboag Regional,Enrollment,Out-of-District FTE Pupils,2024,133.9,2019,96.2,2014,107.4,2009,103.6,0.0683685646636889,0.022298278735929378,0.01725083444216291
Quincy,Expenditure,Teachers,2024,7359.0,2019,6037.0,2014,5532.0,2009,5200.0,0.0403980401313615,0.028948558655848666,0.02342109368700407
Quincy,Expenditure,"Insurance, Retirement and Other",2024,5295.0,2019,3997.0,2014,3805.0,2009,2738.0,0.05785553618534478,0.03359673871577007,0.04494997850574545
Quincy,Expenditure,Pupil Services,2024,1706.0,2019,1156.0,2014,992.0,2009,894.0,0.08094659679158633,0.0557151051303435,0.04402147954456992
Quincy,Expenditure,Other Teaching Services,2024,1190.0,2019,754.0,2014,563.0,2009,581.0,0.0955573657886315,0.07771482405506358,0.04895789314879262
Quincy,Expenditure,Operations and Maintenance,2024,1462.0,2019,1216.0,2014,1251.0,2009,1189.0,0.037535008365911615,0.01570831152839869,0.01387489134595321
Quincy,Expenditure,Instructional Leadership,2024,1083.0,2019,940.0,2014,871.0,2009,901.0,0.028726957634780392,0.022023848886728148,0.012341197740178389
Quincy,Expenditure,Administration,2024,646.0,2019,309.0,2014,321.0,2009,448.0,0.15892360241948733,0.07243936926186012,0.024700544390094503
Quincy,Expenditure,"Guidance, Counseling and Testing",2024,637.0,2019,477.0,2014,437.0,2009,351.0,0.05955672101431908,0.03840267812009324,0.04053211236025622
Quincy,Expenditure,Other,2024,879.0,2019,518.0,2014,501.0,2009,405.0,0.11155721778362948,0.057828137865115536,0.05301750334320632
Quincy,Expenditure,Total PPE,2024,20257.0,2019,15404.0,2014,14273.0,2009,12707.0,0.05630253885054559,0.035633251913291364,0.03157816227241317
Quincy,Enrollment,In-District FTE Pupils,2024,9787.7,2019,9500.8,2014,9150.1,2009,8905.7,0.005967834943940709,0.006758907728347863,0.00631552429657245
Quincy,Enrollment,Out-of-District FTE Pupils,2024,306.1,2019,241.1,2014,198.5,2009,156.4,0.04889791916007846,0.04426394102610831,0.04578346786364218
Quincy,NSS,Ch70 Aid,2024,4643.109315491508,2019,3006.2653397493227,2014,2672.710974364185,2009,1816.0661036036036,0.09082810711186773,0.056782690513458745,0.0645804432209991
Quincy,NSS,Req NSS (minus Ch70),2024,12245.052187339166,2019,9584.946369899311,2014,8785.229541778976,2009,8070.534009009009,0.05020526360442501,0.03376244938555795,0.028183328936264074
Quincy,NSS,Actual NSS (minus Req NSS),2024,2425.358119426661,2019,2735.0232641593325,2014,2242.4785791685545,2009,1570.1660844206508,-0.023745677387295605,0.007870554139611352,0.02941071734726619
Quincy,NSS,Total Actual NSS per pupil,2024,19313.519622257336,2019,15326.234973807967,2014,13700.419095311714,2009,11456.766197033265,0.04733396786465183,0.034934244274752224,0.03542812717819288
Quincy,Enrollment,Foundation Enrollment,2024,9715.0,2019,9435.0,2014,9275.0,2009,8880.0,0.005866119488310728,0.004645604952355109,0.0060092854672582074
Ralph C Mahar,Expenditure,Teachers,2024,9061.0,2019,5372.0,2014,4653.0,2009,4094.0,0.11021738902321632,0.0689177966276533,0.054391475597721284
Ralph C Mahar,Expenditure,"Insurance, Retirement and Other",2024,4394.0,2019,2841.0,2014,2270.0,2009,2417.0,0.09113318362607137,0.0682758719448151,0.04065208847628288
Ralph C Mahar,Expenditure,Pupil Services,2024,4375.0,2019,2210.0,2014,2133.0,2009,2044.0,0.1463497925902819,0.07448095028488044,0.0520421602872978
Ralph C Mahar,Expenditure,Other Teaching Services,2024,1571.0,2019,1759.0,2014,538.0,2009,698.0,-0.022353006353727722,0.11311334870064482,0.05557245981070058
Ralph C Mahar,Expenditure,Operations and Maintenance,2024,4325.0,2019,1460.0,2014,1380.0,2009,1435.0,0.2425865579803741,0.12101313823224569,0.07632215707264467
Ralph C Mahar,Expenditure,Instructional Leadership,2024,1683.0,2019,1038.0,2014,784.0,2009,894.0,0.10148186817349214,0.07938606091445988,0.04307716946956508
Ralph C Mahar,Expenditure,Administration,2024,1009.0,2019,563.0,2014,824.0,2009,591.0,0.1237677235191923,0.020460962311755537,0.0363033745317749
Ralph C Mahar,Expenditure,"Guidance, Counseling and Testing",2024,1269.0,2019,667.0,2014,522.0,2009,561.0,0.13727936063917134,0.09289669319854821,0.055925433751076614
Ralph C Mahar,Expenditure,Other,2024,1353.0,2019,537.0,2014,521.0,2009,544.0,0.2029974372997605,0.10013506501255187,0.06262474865266698
Ralph C Mahar,Expenditure,Total PPE,2024,29040.0,2019,16447.0,2014,13625.0,2009,13278.0,0.12042291872861943,0.07861389355737214,0.05355593149964566
Ralph C Mahar,Enrollment,In-District FTE Pupils,2024,500.0,2019,763.5,2014,810.0,2009,761.2,-0.0811762919713338,-0.04709742935480532,-0.027630305274665368
Ralph C Mahar,Enrollment,Out-of-District FTE Pupils,2024,121.8,2019,102.2,2014,96.1,2009,148.6,0.03571264482305292,0.02398215932355896,-0.013171011475824668
Randolph,Expenditure,Teachers,2024,8500.0,2019,6196.0,2014,5829.0,2009,5160.0,0.06527443156568724,0.038442578881995315,0.03383512066446692
Randolph,Expenditure,"Insurance, Retirement and Other",2024,4322.0,2019,3550.0,2014,2741.0,2009,1580.0,0.0401387637334083,0.046592390325110866,0.06938768472208956
Randolph,Expenditure,Pupil Services,2024,2388.0,2019,1757.0,2014,1402.0,2009,1070.0,0.0632919163883614,0.054699234700849475,0.05497791859832635
Randolph,Expenditure,Other Teaching Services,2024,2013.0,2019,1459.0,2014,1416.0,2009,1282.0,0.06649223216928135,0.03580511700028621,0.030537302572165803
Randolph,Expenditure,Operations and Maintenance,2024,2480.0,2019,1241.0,2014,1113.0,2009,1247.0,0.14851317066450087,0.08341701443948235,0.046901161943188274
Randolph,Expenditure,Instructional Leadership,2024,1911.0,2019,1793.0,2014,1038.0,2009,971.0,0.012828887209214379,0.06293408402299505,0.0461712087373598
Randolph,Expenditure,Administration,2024,890.0,2019,750.0,2014,497.0,2009,635.0,0.034822227649000004,0.05999388968893005,0.022761611443682828
Randolph,Expenditure,"Guidance, Counseling and Testing",2024,818.0,2019,835.0,2014,883.0,2009,588.0,-0.004105427246909432,-0.007617127917631583,0.022253011196162964
Randolph,Expenditure,Other,2024,733.0,2019,471.0,2014,374.0,2009,688.0,0.09248784446080816,0.069604539008703,0.0042327237074313295
Randolph,Expenditure,Total PPE,2024,24055.0,2019,18052.0,2014,15293.0,2009,13221.0,0.05909765702963554,0.046336239619062525,0.04070922381342412
Randolph,Enrollment,In-District FTE Pupils,2024,2770.7,2019,2798.4,2014,2969.2,2009,2969.9,-0.0019875880110967747,-0.006895373104316094,-0.0046178571826737125
Randolph,Enrollment,Out-of-District FTE Pupils,2024,524.5,2019,592.3,2014,454.4,2009,339.1,-0.024020373319140087,0.01445016468178828,0.029503546044674867
Randolph,NSS,Ch70 Aid,2024,7935.293770491803,2019,5256.556492919554,2014,4372.47169971498,2009,3693.721733858745,0.08585624801139335,0.061411039226442865,0.05230085265945106
Randolph,NSS,Req NSS (minus Ch70),2024,8657.66131147541,2019,6588.379331123832,2014,6428.305547135496,2009,5778.405577447711,0.056147071654045755,0.03022102326610221,0.02732101316467994
Randolph,NSS,Actual NSS (minus Req NSS),2024,4658.236061579258,2019,4220.328656234685,2014,3401.307725959757,2009,2231.1384289411385,0.019940985894291607,0.031947389503357515,0.05029911234011797
Randolph,NSS,Total Actual NSS per pupil,2024,21251.191143546468,2019,16065.26448027807,2014,14202.084972810235,2009,11703.265740247594,0.05754554377351484,0.04112558011290024,0.040571069887109124
Randolph,Enrollment,Foundation Enrollment,2024,3050.0,2019,3319.0,2014,3299.0,2009,3299.0,-0.016762310953793103,-0.007817066732569877,-0.0052181911333728515
Reading,Expenditure,Teachers,2024,7393.0,2019,5842.0,2014,4696.0,2009,4020.0,0.04821852514480507,0.04642778300468997,0.041452923747589354
Reading,Expenditure,"Insurance, Retirement and Other",2024,2939.0,2019,2281.0,2014,1733.0,2009,1363.0,0.05199786918813798,0.05424148593857825,0.052560130067703215
Reading,Expenditure,Pupil Services,2024,1507.0,2019,995.0,2014,778.0,2009,707.0,0.08657081122825172,0.06834953552206513,0.05175097324800726
Reading,Expenditure,Other Teaching Services,2024,1682.0,2019,1226.0,2014,961.0,2009,900.0,0.06528817009277055,0.05757277036667707,0.04257081990620426
Reading,Expenditure,Operations and Maintenance,2024,1583.0,2019,1150.0,2014,946.0,2009,1020.0,0.06599855233150542,0.05283176081675056,0.0297347830567678
Reading,Expenditure,Instructional Leadership,2024,1506.0,2019,958.0,2014,680.0,2009,641.0,0.09469186963792353,0.08275851034706694,0.05859814708555189
Reading,Expenditure,Administration,2024,564.0,2019,419.0,2014,346.0,2009,304.0,0.061238546703463737,0.050074955323585524,0.042062341260111547
Reading,Expenditure,"Guidance, Counseling and Testing",2024,850.0,2019,443.0,2014,339.0,2009,227.0,0.13920803618696365,0.09628108954944103,0.09200896697022842
Reading,Expenditure,Other,2024,949.0,2019,587.0,2014,683.0,2009,579.0,0.10084360086487032,0.03343829544742105,0.03348896358400677
Reading,Expenditure,Total PPE,2024,18973.0,2019,13901.0,2014,11162.0,2009,9761.0,0.06418710622801216,0.05448255387931411,0.04530440269728264
Reading,Enrollment,In-District FTE Pupils,2024,3842.4,2019,4182.3,2014,4390.6,2009,4396.8,-0.01680994195506158,-0.013248330047299306,-0.008945074777502615
Reading,Enrollment,Out-of-District FTE Pupils,2024,91.2,2019,85.9,2014,67.8,2009,82.3,0.012046191519920368,0.030093186226125557,0.006869070541373645
Reading,NSS,Ch70 Aid,2024,3072.890776699029,2019,2627.8167770419427,2014,2323.3759572986773,2009,2168.5896535580523,0.03178784790991829,0.028354287973175518,0.02350817580644815
Reading,NSS,Req NSS (minus Ch70),2024,10055.199568500539,2019,8224.15894039735,2014,6732.015084706429,2009,5886.556647940075,0.041021837830499175,0.0409372771961074,0.036339276219947925
Reading,NSS,Actual NSS (minus Req NSS),2024,4212.006534519958,2019,3344.3040260928906,2014,1486.7216620841416,2009,1303.436750936329,0.04721693537673266,0.1097520007970465,0.08133419848501
Reading,NSS,Total Actual NSS per pupil,2024,17340.096879719524,2019,14196.279743532183,2014,10542.112704089248,2009,9358.583052434456,0.04081943752365458,0.05102340289011953,0.04197211038824311
Reading,Enrollment,Foundation Enrollment,2024,3708.0,2019,4077.0,2014,4309.0,2009,4272.0,-0.018794886589351467,-0.014909063836317182,-0.009394886610927022
Revere,Expenditure,Teachers,2024,8208.0,2019,6315.0,2014,5806.0,2009,4833.0,0.05383543749997077,0.0352280517307999,0.03594024096187853
Revere,Expenditure,"Insurance, Retirement and Other",2024,3296.0,2019,2096.0,2014,2045.0,2009,1774.0,0.09476066556440466,0.04888865753974647,0.0421628132836096
Revere,Expenditure,Pupil Services,2024,2505.0,2019,1328.0,2014,1170.0,2009,1230.0,0.1353295221666595,0.07910122821631105,0.04856053478078004
Revere,Expenditure,Other Teaching Services,2024,810.0,2019,474.0,2014,518.0,2009,400.0,0.1131183325486993,0.045720268914094975,0.04816181754854454
Revere,Expenditure,Operations and Maintenance,2024,1390.0,2019,1045.0,2014,1113.0,2009,1192.0,0.05871654970442686,0.022473270716849347,0.010297402301538305
Revere,Expenditure,Instructional Leadership,2024,1261.0,2019,939.0,2014,989.0,2009,1012.0,0.06074232682853742,0.024594167902471264,0.014773159231383559
Revere,Expenditure,Administration,2024,619.0,2019,428.0,2014,398.0,2009,384.0,0.07658760654910446,0.0451551326965538,0.03234286768129646
Revere,Expenditure,"Guidance, Counseling and Testing",2024,612.0,2019,316.0,2014,279.0,2009,163.0,0.14133429681731924,0.08171965727990349,0.09220523679604109
Revere,Expenditure,Other,2024,1622.0,2019,756.0,2014,751.0,2009,421.0,0.16494604390345535,0.08004311138782971,0.09408546960850095
Revere,Expenditure,Total PPE,2024,20323.0,2019,13697.0,2014,13069.0,2009,11409.0,0.08211264568454024,0.0451401838025578,0.03924038661717244
Revere,Enrollment,In-District FTE Pupils,2024,7365.1,2019,7530.2,2014,6798.8,2009,6053.3,-0.0044239801082647245,0.008032740879961642,0.013162475988013567
Revere,Enrollment,Out-of-District FTE Pupils,2024,810.7,2019,623.8,2014,247.9,2009,257.7,0.053811565277083195,0.12579253512354227,0.07940158213525428
Revere,NSS,Ch70 Aid,2024,12371.864487743558,2019,8287.53683460107,2014,7063.034310065839,2009,5636.028859060402,0.08343269323978464,0.057655869442681196,0.05381440239825519
Revere,NSS,Req NSS (minus Ch70),2024,6226.974428795484,2019,4194.483435270133,2014,4241.093864940413,2009,4339.316248119286,0.08223037650399667,0.039154014614410926,0.02437047380589341
Revere,NSS,Actual NSS (minus Req NSS),2024,-891.1268673875622,2019,330.03260594944754,2014,585.3899036979077,2009,-413.227018558149,-0.7400235318107083,-0.25222791882099677,0.0525677398644353
Revere,NSS,Total Actual NSS per pupil,2024,17707.712049151476,2019,12812.05287582065,2014,11889.518078704159,2009,9562.118088621539,0.06686322647034837,0.04063833398587757,0.041934831453928734
Revere,Enrollment,Foundation Enrollment,2024,7955.0,2019,7848.0,2014,6797.0,2009,5960.0,0.002712058901272796,0.015856330676083052,0.019435128915558986
Richmond,Expenditure,Teachers,2024,12193.0,2019,8429.0,2014,7151.0,2009,7221.0,0.07663105817015325,0.05481034284379005,0.035541596270306064
Richmond,Expenditure,"Insurance, Retirement and Other",2024,3937.0,2019,2900.0,2014,3180.0,2009,1567.0,0.06304948979097236,0.021583405040409787,0.06334230979431577
Richmond,Expenditure,Pupil Services,2024,2643.0,2019,1823.0,2014,1262.0,2009,887.0,0.07711506185221961,0.07672248098860845,0.07550285985939897
Richmond,Expenditure,Other Teaching Services,2024,1672.0,2019,1101.0,2014,1089.0,2009,1045.0,0.0871508026273371,0.04380852458656914,0.03182963934979388
Richmond,Expenditure,Operations and Maintenance,2024,2620.0,2019,1732.0,2014,1771.0,2009,1375.0,0.08630225414977644,0.03993997578594066,0.04391844901974573
Richmond,Expenditure,Instructional Leadership,2024,1821.0,2019,1284.0,2014,976.0,2009,640.0,0.07238068808998999,0.06435379455809653,0.07219883610640121
Richmond,Expenditure,Administration,2024,818.0,2019,784.0,2014,473.0,2009,316.0,0.008526811165847858,0.05630471001428172,0.06546146757599125
Richmond,Expenditure,"Guidance, Counseling and Testing",2024,76.0,2019,0.0,2014,658.0,2009,0.0,,-0.19414153940935686,
Richmond,Expenditure,Other,2024,851.0,2019,296.0,2014,600.0,2009,384.0,0.2351723745192793,0.03556611410736088,0.05448374408934886
Richmond,Expenditure,Total PPE,2024,26631.0,2019,18349.0,2014,17160.0,2009,13435.0,0.0773455317671412,0.04492956963756445,0.046670507236046266
Richmond,Enrollment,In-District FTE Pupils,2024,157.6,2019,179.3,2014,147.7,2009,183.0,-0.025470063487751715,0.006508789491804334,-0.009912277996388164
Richmond,Enrollment,Out-of-District FTE Pupils,2024,52.5,2019,37.4,2014,82.0,2009,86.2,0.07018174911502828,-0.04361106009827309,-0.03251671805554712
Richmond,NSS,Ch70 Aid,2024,4353.791666666667,2019,3034.0252100840335,2014,2364.715277777778,2009,1680.5481132075472,0.07490403150156189,0.06294031365144082,0.06551879036699226
Richmond,NSS,Req NSS (minus Ch70),2024,11367.491666666667,2019,8858.680672268907,2014,9313.458333333334,2009,8494.844339622643,0.05113650621767274,0.020129641464196713,0.019609675345944932
Richmond,NSS,Actual NSS (minus Req NSS),2024,16580.229723999997,2019,14790.255648316965,2014,9485.187757096994,2009,3318.763207547169,0.023111514809440292,0.057436899521533746,0.11320278741029988
Richmond,NSS,Total Actual NSS per pupil,2024,32301.51305733333,2019,26682.961530669905,2014,21163.361368208105,2009,13494.155660377359,0.03895746330473604,0.043190976557753835,0.05991688325201272
Richmond,Enrollment,Foundation Enrollment,2024,120.0,2019,119.0,2014,144.0,2009,212.0,0.0016750512678258556,-0.01806695543808734,-0.03722894363028817
Rising Tide Charter Public (District),Expenditure,Teachers,2024,6033.0,2019,5083.0,2014,,2009,,0.03486248400967762,,
Rising Tide Charter Public (District),Expenditure,"Insurance, Retirement and Other",2024,2748.0,2019,4169.0,2014,,2009,,-0.07998063928745447,,
Rising Tide Charter Public (District),Expenditure,Pupil Services,2024,2204.0,2019,1717.0,2014,,2009,,0.05120703583849773,,
Rising Tide Charter Public (District),Expenditure,Other Teaching Services,2024,1904.0,2019,763.0,2014,,2009,,0.20068333050804732,,
Rising Tide Charter Public (District),Expenditure,Operations and Maintenance,2024,1346.0,2019,946.0,2014,,2009,,0.0730767486211572,,
Rising Tide Charter Public (District),Expenditure,Instructional Leadership,2024,1192.0,2019,1233.0,2014,,2009,,-0.006740709910897702,,
Rising Tide Charter Public (District),Expenditure,Administration,2024,1447.0,2019,1115.0,2014,,2009,,0.05351017083870824,,
Rising Tide Charter Public (District),Expenditure,"Guidance, Counseling and Testing",2024,572.0,2019,498.0,2014,,2009,,0.028095213490591853,,
Rising Tide Charter Public (District),Expenditure,Other,2024,484.0,2019,397.0,2014,,2009,,0.040425459537819286,,
Rising Tide Charter Public (District),Expenditure,Total PPE,2024,17930.0,2019,15921.0,2014,,2009,,0.02405195129879445,,
Rising Tide Charter Public (District),Enrollment,In-District FTE Pupils,2024,617.2,2019,654.7,2014,,2009,,-0.011727489569208993,,
Rising Tide Charter Public (District),Enrollment,Out-of-District FTE Pupils,2024,0.0,2019,0.0,2014,,2009,,,,
River Valley Charter (District),Expenditure,Teachers,2024,8180.0,2019,5237.0,2014,,2009,,0.09328690409935447,,
River Valley Charter (District),Expenditure,"Insurance, Retirement and Other",2024,2064.0,2019,3567.0,2014,,2009,,-0.10364237603593929,,
River Valley Charter (District),Expenditure,Pupil Services,2024,751.0,2019,809.0,2014,,2009,,-0.014768512823177704,,
River Valley Charter (District),Expenditure,Other Teaching Services,2024,1416.0,2019,2163.0,2014,,2009,,-0.08124154919278337,,
River Valley Charter (District),Expenditure,Operations and Maintenance,2024,791.0,2019,628.0,2014,,2009,,0.04723311785331252,,
River Valley Charter (District),Expenditure,Instructional Leadership,2024,1458.0,2019,1668.0,2014,,2009,,-0.026553034738104775,,
River Valley Charter (District),Expenditure,Administration,2024,2089.0,2019,1051.0,2014,,2009,,0.14727398218467513,,
River Valley Charter (District),Expenditure,"Guidance, Counseling and Testing",2024,600.0,2019,310.0,2014,,2009,,0.14118987895911772,,
River Valley Charter (District),Expenditure,Other,2024,724.0,2019,983.0,2014,,2009,,-0.059330615098863615,,
River Valley Charter (District),Expenditure,Total PPE,2024,18073.0,2019,16416.0,2014,,2009,,0.019418665027293613,,
River Valley Charter (District),Enrollment,In-District FTE Pupils,2024,287.5,2019,287.9,2014,,2009,,-0.00027802881896754617,,
River Valley Charter (District),Enrollment,Out-of-District FTE Pupils,2024,0.0,2019,0.0,2014,,2009,,,,
Rochester,Expenditure,Teachers,2024,7220.0,2019,6608.0,2014,6008.0,2009,4909.0,0.017872620752594326,0.01854618712923828,0.026052566514011888
Rochester,Expenditure,"Insurance, Retirement and Other",2024,2267.0,2019,2102.0,2014,1541.0,2009,1028.0,0.01522840812596793,0.039357341744240104,0.05413741209996226
Rochester,Expenditure,Pupil Services,2024,1343.0,2019,1019.0,2014,1051.0,2009,743.0,0.05676973202664537,0.024819380139402325,0.0402534063799167
Rochester,Expenditure,Other Teaching Services,2024,1614.0,2019,887.0,2014,1337.0,2009,1369.0,0.12718702792083292,0.01900710544269213,0.011036121853217784
Rochester,Expenditure,Operations and Maintenance,2024,1650.0,2019,893.0,2014,880.0,2009,545.0,0.1306456002160996,0.0648786680336062,0.07664492135876544
Rochester,Expenditure,Instructional Leadership,2024,1085.0,2019,869.0,2014,748.0,2009,580.0,0.045398788220221364,0.03789355238896208,0.04263776102539474
Rochester,Expenditure,Administration,2024,604.0,2019,467.0,2014,466.0,2009,392.0,0.05279547977528498,0.02627819619190963,0.02924016269002072
Rochester,Expenditure,"Guidance, Counseling and Testing",2024,909.0,2019,671.0,2014,551.0,2009,285.0,0.06259623458416907,0.05133525583446952,0.0803917724153973
Rochester,Expenditure,Other,2024,734.0,2019,560.0,2014,242.0,2009,295.0,0.05560540820103599,0.11734700543620624,0.06265331883372482
Rochester,Expenditure,Total PPE,2024,17426.0,2019,14076.0,2014,12824.0,2009,10146.0,0.04362311661124019,0.031139491173152845,0.0367169283752351
Rochester,Enrollment,In-District FTE Pupils,2024,483.4,2019,513.7,2014,489.6,2009,609.7,-0.012085371966560454,-0.0012736145565547252,-0.015355717588983131
Rochester,Enrollment,Out-of-District FTE Pupils,2024,15.5,2019,11.8,2014,16.6,2009,13.0,0.056063270241561325,-0.006832816569231848,0.011795064001603794
Rochester,NSS,Ch70 Aid,2024,4838.240480961924,2019,3740.3870967741937,2014,3497.529175050302,2009,2998.510091743119,0.05282013011066655,0.032981658943801895,0.03240982543120019
Rochester,NSS,Req NSS (minus Ch70),2024,7695.53507014028,2019,5914.372983870968,2014,5668.734406438632,2009,4542.062385321101,0.05406167380320981,0.031039422608110767,0.035775693217788174
Rochester,NSS,Actual NSS (minus Req NSS),2024,2434.7081412825646,2019,4089.053387058499,2014,2483.2595573440644,2009,2633.565137614679,-0.09850187987044623,-0.0019725664607671556,-0.0052204328874359
Rochester,NSS,Total Actual NSS per pupil,2024,14968.483692384769,2019,13743.81346770366,2014,11649.523138832998,2009,10174.137614678899,0.017218174978500755,0.02538501419489103,0.02607399299288571
Rochester,Enrollment,Foundation Enrollment,2024,499.0,2019,496.0,2014,497.0,2009,545.0,0.0012067613565425184,0.00040168762036318917,-0.005861401161042945
Rockland,Expenditure,Teachers,2024,7638.0,2019,5552.0,2014,4565.0,2009,3842.0,0.06587441914058534,0.052819420008651585,0.046874977944964424
Rockland,Expenditure,"Insurance, Retirement and Other",2024,4704.0,2019,3668.0,2014,3057.0,2009,2438.0,0.051011812618616315,0.044040118880707135,0.04478976006545854
Rockland,Expenditure,Pupil Services,2024,1980.0,2019,1535.0,2014,1121.0,2009,968.0,0.05223165319725265,0.05853679247870902,0.04886434476308943
Rockland,Expenditure,Other Teaching Services,2024,1639.0,2019,1054.0,2014,1323.0,2009,607.0,0.09231442398352208,0.02164946270376822,0.06846266377391497
Rockland,Expenditure,Operations and Maintenance,2024,1480.0,2019,1402.0,2014,901.0,2009,948.0,0.010887299794166694,0.05088136878592664,0.030141520108502462
Rockland,Expenditure,Instructional Leadership,2024,1745.0,2019,1243.0,2014,1000.0,2009,766.0,0.07019978781156988,0.057254501986225836,0.056422828577624484
Rockland,Expenditure,Administration,2024,678.0,2019,538.0,2014,413.0,2009,319.0,0.04734432451588777,0.050819114928513986,0.05154840115044723
Rockland,Expenditure,"Guidance, Counseling and Testing",2024,733.0,2019,495.0,2014,427.0,2009,224.0,0.08168237947711798,0.05552277852640608,0.08224037089895342
Rockland,Expenditure,Other,2024,561.0,2019,360.0,2014,246.0,2009,224.0,0.09277832450524226,0.08593236108220825,0.06311682042906819
Rockland,Expenditure,Total PPE,2024,21158.0,2019,15847.0,2014,13053.0,2009,10336.0,0.059511100010087414,0.04948546341030968,0.0489178452793122
Rockland,Enrollment,In-District FTE Pupils,2024,2138.6,2019,2255.9,2014,2273.3,2009,2371.6,-0.010622695809728522,-0.006089494511026694,-0.0068705175627891135
Rockland,Enrollment,Out-of-District FTE Pupils,2024,162.1,2019,180.1,2014,136.8,2009,103.6,-0.02083955639773538,0.01711413952335694,0.030294901358967286
Rockland,NSS,Ch70 Aid,2024,8376.654315408947,2019,6041.620614035088,2014,4732.024176361334,2009,4228.360408163266,0.06753821040744468,0.05877179600517213,0.04663014645695407
Rockland,NSS,Req NSS (minus Ch70),2024,7370.7347492092185,2019,5853.255701754386,2014,5641.428246013667,2009,4279.4971428571425,0.047183178147334415,0.027098680729583657,0.03691033410084965
Rockland,NSS,Actual NSS (minus Req NSS),2024,2566.4262387838116,2019,2939.5497766229078,2014,1531.5638868458925,2009,622.7906111150342,-0.02678320815609081,0.05297816831968083,0.0990036007473285
Rockland,NSS,Total Actual NSS per pupil,2024,18313.815303401978,2019,14834.426092412381,2014,11905.016309220893,2009,9130.648162135443,0.043041567007565895,0.04401054081489297,0.04749465306899525
Rockland,Enrollment,Foundation Enrollment,2024,2213.0,2019,2280.0,2014,2195.0,2009,2450.0,-0.005947519444232663,0.0008170350456191411,-0.0067596476669348204
Rockport,Expenditure,Teachers,2024,11337.0,2019,7571.0,2014,6278.0,2009,5166.0,0.0840990905464516,0.06088347234481328,0.05379528154842772
Rockport,Expenditure,"Insurance, Retirement and Other",2024,5730.0,2019,4616.0,2014,2980.0,2009,2082.0,0.044185755444310804,0.06756379239705956,0.06982216889692916
Rockport,Expenditure,Pupil Services,2024,2356.0,2019,1352.0,2014,1028.0,2009,777.0,0.1174798964990118,0.08647119635554712,0.07675513396503897
Rockport,Expenditure,Other Teaching Services,2024,2010.0,2019,1501.0,2014,1118.0,2009,721.0,0.06013963850234538,0.06041393300639397,0.07074006356234386
Rockport,Expenditure,Operations and Maintenance,2024,2116.0,2019,1452.0,2014,925.0,2009,782.0,0.07822602319208904,0.08626901817620669,0.06861334649198136
Rockport,Expenditure,Instructional Leadership,2024,2072.0,2019,1353.0,2014,902.0,2009,751.0,0.08897620679791207,0.0867216551529113,0.06999887468216359
Rockport,Expenditure,Administration,2024,1156.0,2019,682.0,2014,536.0,2009,489.0,0.11130864268961838,0.07988946515127116,0.05903406931708366
Rockport,Expenditure,"Guidance, Counseling and Testing",2024,838.0,2019,414.0,2014,434.0,2009,348.0,0.15145968099413065,0.06801027004435478,0.06033798179001182
Rockport,Expenditure,Other,2024,617.0,2019,420.0,2014,373.0,2009,321.0,0.07995876788772116,0.05161708501346651,0.044524606659704924
Rockport,Expenditure,Total PPE,2024,28232.0,2019,19361.0,2014,14574.0,2009,11437.0,0.07835752203221902,0.06835672475625176,0.06209158589257413
Rockport,Enrollment,In-District FTE Pupils,2024,662.2,2019,894.7,2014,961.0,2009,1006.8,-0.05840889360729218,-0.036555772758800065,-0.027544512627623807
Rockport,Enrollment,Out-of-District FTE Pupils,2024,61.2,2019,51.0,2014,53.8,2009,45.4,0.03713728933664817,0.012970772300754385,0.0201085116734665
Rockport,NSS,Ch70 Aid,2024,2709.959114139693,2019,2156.850072780204,2014,1651.0822942643392,2009,1419.163354037267,0.04671526113280189,0.050798397599908895,0.044067771382827914
Rockport,NSS,Req NSS (minus Ch70),2024,11425.730834752982,2019,8827.457059679768,2014,8901.834164588528,2009,7559.500000000001,0.05295466986869246,0.02527519156841085,0.027920185534838327
Rockport,NSS,Actual NSS (minus Req NSS),2024,16446.86498571266,2019,12188.225618631732,2014,6038.224594414989,2009,2346.6958592132496,0.061765301440963594,0.1053947216266955,0.13861024715919168
Rockport,NSS,Total Actual NSS per pupil,2024,30582.554934605334,2019,23172.532751091705,2014,16591.141053267856,2009,11325.359213250518,0.0570610049606437,0.06306483128502371,0.06846783294136083
Rockport,Enrollment,Foundation Enrollment,2024,587.0,2019,687.0,2014,802.0,2009,966.0,-0.03097211893736429,-0.0307264240375561,-0.032663893723835935
Rowe,Expenditure,Teachers,2024,11161.0,2019,9379.0,2014,8437.0,2009,6891.0,0.035402750796072135,0.028374989553819674,0.032669595754091674
Rowe,Expenditure,"Insurance, Retirement and Other",2024,7749.0,2019,8320.0,2014,6272.0,2009,4774.0,-0.014119068116491884,0.021372031123183532,0.03281899451036918
Rowe,Expenditure,Pupil Services,2024,2430.0,2019,2636.0,2014,3976.0,2009,2656.0,-0.01614256136073222,-0.04804594141510021,-0.005911125096490943
Rowe,Expenditure,Other Teaching Services,2024,3971.0,2019,2551.0,2014,1611.0,2009,1406.0,0.09254135694450127,0.09441096256042014,0.0716697476012047
Rowe,Expenditure,Operations and Maintenance,2024,2108.0,2019,2020.0,2014,683.0,2009,2061.0,0.008564894465129314,0.11929609935370644,0.0015043523224655964
Rowe,Expenditure,Instructional Leadership,2024,3203.0,2019,2304.0,2014,2506.0,2009,1983.0,0.06810732339418424,0.024843585481171937,0.03248150694065899
Rowe,Expenditure,Administration,2024,2224.0,2019,903.0,2014,2161.0,2009,1790.0,0.19753828479207858,0.0028777627185156973,0.014578021585877066
Rowe,Expenditure,"Guidance, Counseling and Testing",2024,229.0,2019,413.0,2014,207.0,2009,198.0,-0.11125517252476536,0.010151501439055854,0.009744166417723132
Rowe,Expenditure,Other,2024,1222.0,2019,1221.0,2014,479.0,2009,857.0,0.00016374652916684163,0.09818009900562497,0.023935716791090522
Rowe,Expenditure,Total PPE,2024,34297.0,2019,29747.0,2014,26332.0,2009,22616.0,0.028874946223946596,0.026779593275218172,0.028148917332418533
Rowe,Enrollment,In-District FTE Pupils,2024,59.9,2019,66.0,2014,55.2,2009,63.5,-0.019208762016924452,0.008204831827663295,-0.003883333667345834
Rowe,Enrollment,Out-of-District FTE Pupils,2024,26.0,2019,28.2,2014,33.1,2009,19.4,-0.016113848171171008,-0.023854547465034903,0.019713356534897697
Rowe,NSS,Ch70 Aid,2024,3565.0,2019,2561.759259259259,2014,1574.171875,2009,1488.2408163265306,0.06832709689697314,0.08517739503012156,0.05996718783764354
Rowe,NSS,Req NSS (minus Ch70),2024,15118.975609756097,2019,9146.018518518518,2014,8244.953125,2009,10323.081632653062,0.10575282606761682,0.06251095750029334,0.025764190281401422
Rowe,NSS,Actual NSS (minus Req NSS),2024,34082.380731707315,2019,26052.93196707578,2014,13463.637421780066,2009,16198.2,0.0551997111247442,0.0973287342145408,0.05084229550072439
Rowe,NSS,Total Actual NSS per pupil,2024,52766.35634146341,2019,37760.70974485356,2014,23282.762421780066,2009,28009.522448979595,0.06921093442102344,0.08525616082859,0.04312597537698504
Rowe,Enrollment,Foundation Enrollment,2024,41.0,2019,54.0,2014,64.0,2009,49.0,-0.05359283539745785,-0.04355414742798591,-0.011812888866838622
Roxbury Preparatory Charter (District),Expenditure,Teachers,2024,7399.0,2019,4462.0,2014,,2009,,0.10644210000494048,,
Roxbury Preparatory Charter (District),Expenditure,"Insurance, Retirement and Other",2024,2500.0,2019,3589.0,2014,,2009,,-0.06976364136771274,,
Roxbury Preparatory Charter (District),Expenditure,Pupil Services,2024,2418.0,2019,1634.0,2014,,2009,,0.08153567358462888,,
Roxbury Preparatory Charter (District),Expenditure,Other Teaching Services,2024,1678.0,2019,548.0,2014,,2009,,0.2508414939948238,,
Roxbury Preparatory Charter (District),Expenditure,Operations and Maintenance,2024,4747.0,2019,1268.0,2014,,2009,,0.3021469427989427,,
Roxbury Preparatory Charter (District),Expenditure,Instructional Leadership,2024,2322.0,2019,2055.0,2014,,2009,,0.024731479515468502,,
Roxbury Preparatory Charter (District),Expenditure,Administration,2024,5404.0,2019,2313.0,2014,,2009,,0.18497159918776873,,
Roxbury Preparatory Charter (District),Expenditure,"Guidance, Counseling and Testing",2024,1003.0,2019,297.0,2014,,2009,,0.27558351129033043,,
Roxbury Preparatory Charter (District),Expenditure,Other,2024,1706.0,2019,1818.0,2014,,2009,,-0.012636588593999187,,
Roxbury Preparatory Charter (District),Expenditure,Total PPE,2024,29177.0,2019,17984.0,2014,,2009,,0.10161760630683148,,
Roxbury Preparatory Charter (District),Enrollment,In-District FTE Pupils,2024,1105.4,2019,1509.9,2014,,2009,,-0.06046220548631165,,
Roxbury Preparatory Charter (District),Enrollment,Out-of-District FTE Pupils,2024,0.0,2019,0.0,2014,,2009,,,,
Salem,Expenditure,Teachers,2024,8848.0,2019,8740.0,2014,7359.0,2009,5894.0,0.002459270078396747,0.018597559045351764,0.0274538696859441
Salem,Expenditure,"Insurance, Retirement and Other",2024,3365.0,2019,3154.0,2014,2822.0,2009,2844.0,0.013035526172944234,0.017753971843946337,0.011277547519410014
Salem,Expenditure,Pupil Services,2024,3334.0,2019,1626.0,2014,1092.0,2009,1242.0,0.15443373917568204,0.11808364738090882,0.06804511987667006
Salem,Expenditure,Other Teaching Services,2024,2094.0,2019,1055.0,2014,871.0,2009,1016.0,0.1469509449565094,0.0916812525646804,0.0493946955926825
Salem,Expenditure,Operations and Maintenance,2024,1777.0,2019,1099.0,2014,859.0,2009,906.0,0.10087484214193365,0.07539850005850424,0.04593320021270286
Salem,Expenditure,Instructional Leadership,2024,1731.0,2019,1392.0,2014,1082.0,2009,642.0,0.04455561153973875,0.048110280216621115,0.06835963074739815
Salem,Expenditure,Administration,2024,1144.0,2019,837.0,2014,617.0,2009,441.0,0.0644863903891999,0.06368757449075835,0.06561214680335659
Salem,Expenditure,"Guidance, Counseling and Testing",2024,1100.0,2019,690.0,2014,768.0,2009,358.0,0.09776332871918925,0.03658076688476708,0.07770685154091517
Salem,Expenditure,Other,2024,2429.0,2019,1142.0,2014,705.0,2009,698.0,0.16292654051877986,0.13168051866428132,0.08668783699283811
Salem,Expenditure,Total PPE,2024,25822.0,2019,19735.0,2014,16175.0,2009,14041.0,0.05523830878863745,0.04788725618603906,0.04145247360923676
Salem,Enrollment,In-District FTE Pupils,2024,3841.6,2019,3742.6,2014,4277.3,2009,4435.6,0.005235334604609454,-0.010685799129114049,-0.009539140812430458
Salem,Enrollment,Out-of-District FTE Pupils,2024,647.4,2019,1002.0,2014,511.7,2009,407.0,-0.08365082179356598,0.02380142055088652,0.03142713418943366
Salem,NSS,Ch70 Aid,2024,6534.00285578296,2019,4825.22876682109,2014,4354.423188980762,2009,3037.6634960896217,0.0625081801514118,0.041417493504978475,0.05238821770373914
Salem,NSS,Req NSS (minus Ch70),2024,10109.415040456925,2019,7406.562982572248,2014,6636.8552659019815,2009,6136.649122807017,0.06419658589548516,0.04298093047369478,0.03383916918046004
Salem,NSS,Actual NSS (minus Req NSS),2024,4046.21637260167,2019,4197.910126450439,2014,2528.318320027205,2009,2418.4771852167623,-0.007333894192166013,0.04814588865015512,0.034904973071741896
Salem,NSS,Total Actual NSS per pupil,2024,20689.634268841553,2019,16429.701875843777,2014,13519.596774909949,2009,11592.7898041134,0.04718792586354614,0.04346745308617561,0.039371945223606764
Salem,Enrollment,Foundation Enrollment,2024,4202.0,2019,4533.0,2014,4795.0,2009,4731.0,-0.015050269272890882,-0.013114555470634892,-0.007873903414197025
Salem Academy Charter (District),Expenditure,Teachers,2024,7872.0,2019,5802.0,2014,,2009,,0.0629221864118974,,
Salem Academy Charter (District),Expenditure,"Insurance, Retirement and Other",2024,1986.0,2019,4019.0,2014,,2009,,-0.1314951508624812,,
Salem Academy Charter (District),Expenditure,Pupil Services,2024,1431.0,2019,1031.0,2014,,2009,,0.06776626021423038,,
Salem Academy Charter (District),Expenditure,Other Teaching Services,2024,340.0,2019,1126.0,2014,,2009,,-0.2129757660499224,,
Salem Academy Charter (District),Expenditure,Operations and Maintenance,2024,1040.0,2019,938.0,2014,,2009,,0.020859795129046566,,
Salem Academy Charter (District),Expenditure,Instructional Leadership,2024,2615.0,2019,1034.0,2014,,2009,,0.20389949114442718,,
Salem Academy Charter (District),Expenditure,Administration,2024,2772.0,2019,1571.0,2014,,2009,,0.12027181117368535,,
Salem Academy Charter (District),Expenditure,"Guidance, Counseling and Testing",2024,1412.0,2019,837.0,2014,,2009,,0.11025272491508575,,
Salem Academy Charter (District),Expenditure,Other,2024,1326.0,2019,304.0,2014,,2009,,0.3425608790123076,,
Salem Academy Charter (District),Expenditure,Total PPE,2024,20794.0,2019,16662.0,2014,,2009,,0.045302964102967636,,
Salem Academy Charter (District),Enrollment,In-District FTE Pupils,2024,483.3,2019,486.6,2014,,2009,,-0.0013600445995962662,,
Salem Academy Charter (District),Enrollment,Out-of-District FTE Pupils,2024,0.0,2019,0.0,2014,,2009,,,,
Sandwich,Expenditure,Teachers,2024,7994.0,2019,6370.0,2014,5651.0,2009,4337.0,0.04646556573214822,0.03529444477546617,0.04160961806446517
Sandwich,Expenditure,"Insurance, Retirement and Other",2024,5634.0,2019,4246.0,2014,2631.0,2009,1898.0,0.05819905793440805,0.07911964665334525,0.0752300062017992
Sandwich,Expenditure,Pupil Services,2024,2485.0,2019,1819.0,2014,1263.0,2009,843.0,0.06438498342419674,0.07002100767052633,0.07473135931182529
Sandwich,Expenditure,Other Teaching Services,2024,2677.0,2019,1532.0,2014,901.0,2009,642.0,0.11809298111884359,0.11504490605647821,0.0998688176256155
Sandwich,Expenditure,Operations and Maintenance,2024,3214.0,2019,1790.0,2014,1062.0,2009,848.0,0.12418702445358787,0.11710021543822036,0.09289054317708345
Sandwich,Expenditure,Instructional Leadership,2024,1529.0,2019,1174.0,2014,843.0,2009,642.0,0.054260360654485584,0.06134845264241107,0.059558233228004465
Sandwich,Expenditure,Administration,2024,977.0,2019,624.0,2014,573.0,2009,412.0,0.09381026514693169,0.05480940678611712,0.05925329390720013
Sandwich,Expenditure,"Guidance, Counseling and Testing",2024,765.0,2019,427.0,2014,222.0,2009,144.0,0.12369050723359787,0.13169877573401534,0.11777209383409959
Sandwich,Expenditure,Other,2024,1169.0,2019,541.0,2014,357.0,2009,337.0,0.16660396783233855,0.12593839625670378,0.0864564119723179
Sandwich,Expenditure,Total PPE,2024,26444.0,2019,18523.0,2014,13503.0,2009,10103.0,0.07379941827954917,0.06952191546552466,0.06624854866907515
Sandwich,Enrollment,In-District FTE Pupils,2024,2119.2,2019,2513.2,2014,3017.0,2009,3577.0,-0.03352866227338147,-0.03470587382543977,-0.03429710425807986
Sandwich,Enrollment,Out-of-District FTE Pupils,2024,273.0,2019,329.3,2014,293.2,2009,141.8,-0.03680508030013596,-0.007112900209326423,0.044637858785767426
Sandwich,NSS,Ch70 Aid,2024,3298.7996485061512,2019,2580.8861313868615,2014,2072.434098773199,2009,1916.708867819298,0.05030980343045588,0.04758077811250816,0.03685967828702186
Sandwich,NSS,Req NSS (minus Ch70),2024,10603.189367311072,2019,8353.120802919708,2014,7848.732934885184,2009,6435.3837144450645,0.04886006740738491,0.030537254988801887,0.033849855470938994
Sandwich,NSS,Actual NSS (minus Req NSS),2024,9335.692130021653,2019,5664.188962741247,2014,2245.0130614998716,2009,1669.8158465585875,0.10510045460054762,0.15316848471489397,0.12158414887523872
Sandwich,NSS,Total Actual NSS per pupil,2024,23237.681145838877,2019,16598.195897047815,2014,12166.180095158255,2009,10021.90842882295,0.06961228032855615,0.06685121149396811,0.05766830604798345
Sandwich,Enrollment,Foundation Enrollment,2024,2276.0,2019,2740.0,2014,3179.0,2009,3586.0,-0.03642762850754422,-0.032862611488420956,-0.02985317917284991
Saugus,Expenditure,Teachers,2024,6066.0,2019,6199.0,2014,5308.0,2009,4071.0,-0.004328321589283202,0.013437917293255719,0.02694398042717072
Saugus,Expenditure,"Insurance, Retirement and Other",2024,4140.0,2019,4641.0,2014,2736.0,2009,2176.0,-0.022587802302523996,0.042289649016534536,0.04381314886175014
Saugus,Expenditure,Pupil Services,2024,1942.0,2019,1402.0,2014,1046.0,2009,787.0,0.06733374996157382,0.06382882628187314,0.06206631038624266
Saugus,Expenditure,Other Teaching Services,2024,1389.0,2019,1071.0,2014,795.0,2009,555.0,0.053373903806865464,0.0573858922535726,0.0630669525846157
Saugus,Expenditure,Operations and Maintenance,2024,990.0,2019,1151.0,2014,1078.0,2009,990.0,-0.02968672248674009,-0.008479624278982745,0.0
Saugus,Expenditure,Instructional Leadership,2024,1102.0,2019,800.0,2014,900.0,2009,633.0,0.06615002518126989,0.020455118755159818,0.03765231415478598
Saugus,Expenditure,Administration,2024,649.0,2019,463.0,2014,297.0,2009,348.0,0.06987426532129914,0.08130652763401747,0.0424239083785114
Saugus,Expenditure,"Guidance, Counseling and Testing",2024,562.0,2019,463.0,2014,325.0,2009,136.0,0.03951572863295394,0.05629517368064185,0.09920786494105527
Saugus,Expenditure,Other,2024,529.0,2019,404.0,2014,470.0,2009,574.0,0.05539458453485935,0.011895772252020098,-0.005427946139346829
Saugus,Expenditure,Total PPE,2024,17369.0,2019,16594.0,2014,12955.0,2009,10270.0,0.009170962687165218,0.029754597917876158,0.035651467195380926
Saugus,Enrollment,In-District FTE Pupils,2024,2671.8,2019,2615.5,2014,2775.5,2009,2941.3,0.004268507987640557,-0.003800610186754372,-0.006386138578709621
Saugus,Enrollment,Out-of-District FTE Pupils,2024,412.4,2019,287.4,2014,224.1,2009,143.6,0.07489583122631105,0.06288843100889707,0.07286303248121495
Saugus,NSS,Ch70 Aid,2024,4236.554770318021,2019,2104.1720737495716,2014,1703.3355486632722,2009,1390.190182421227,0.15023430123574277,0.09539627947648555,0.07711623988114957
Saugus,NSS,Req NSS (minus Ch70),2024,10634.63038869258,2019,8850.616387337057,2014,8252.26508545518,2009,7401.399004975125,0.037408439128659765,0.025687169806493326,0.024457403971241964
Saugus,NSS,Actual NSS (minus Req NSS),2024,1524.5033092537085,2019,5394.941413062296,2014,2337.216472765078,2009,908.5786880512303,-0.2233446687864622,-0.041829174471178954,0.03510495702200611
Saugus,NSS,Total Actual NSS per pupil,2024,16395.68846826431,2019,16349.729874148925,2014,12292.817106883529,2009,9700.167875447582,0.0005615628657760219,0.029219068266605586,0.03561109316182143
Saugus,Enrollment,Foundation Enrollment,2024,2830.0,2019,2685.0,2014,2867.0,2009,3015.0,0.01057471799778531,-0.0012981042574322643,-0.004212643055481968
Savoy,Expenditure,Teachers,2024,8590.0,2019,3696.0,2014,6495.0,2009,4763.0,0.1837288713462628,0.028351061848050474,0.04009778656715279
Savoy,Expenditure,"Insurance, Retirement and Other",2024,4603.0,2019,4186.0,2014,5560.0,2009,2770.0,0.019174033485950703,-0.018711705438918758,0.034437081663665214
Savoy,Expenditure,Pupil Services,2024,2074.0,2019,1167.0,2014,1601.0,2009,1281.0,0.12188303108993792,0.02622299540219153,0.03264403685036088
Savoy,Expenditure,Other Teaching Services,2024,2637.0,2019,1543.0,2014,3179.0,2009,1067.0,0.11313756918486173,-0.018518856583474186,0.062175746707330504
Savoy,Expenditure,Operations and Maintenance,2024,1726.0,2019,1596.0,2014,1150.0,2009,790.0,0.015784498341598452,0.041440098089767785,0.05348311690235796
Savoy,Expenditure,Instructional Leadership,2024,1386.0,2019,1516.0,2014,1274.0,2009,1059.0,-0.017770879217754998,0.008461633305033356,0.01810167356659309
Savoy,Expenditure,Administration,2024,1376.0,2019,649.0,2014,1415.0,2009,701.0,0.16218361274567772,-0.0027909771197385247,0.04598798130713866
Savoy,Expenditure,"Guidance, Counseling and Testing",2024,349.0,2019,254.0,2014,158.0,2009,123.0,0.06561013415225059,0.08247240528666211,0.07199975895016819
Savoy,Expenditure,Other,2024,358.0,2019,988.0,2014,91.0,2009,218.0,-0.18374619943151838,0.1467907028857134,0.03362205814954722
Savoy,Expenditure,Total PPE,2024,23099.0,2019,15595.0,2014,20923.0,2009,12772.0,0.08173668933709521,0.009943137152265802,0.040292860464615554
Savoy,Enrollment,In-District FTE Pupils,2024,47.0,2019,62.4,2014,34.6,2009,52.9,-0.05510695211350569,0.0311032978991026,-0.007852720828151694
Savoy,Enrollment,Out-of-District FTE Pupils,2024,15.5,2019,30.5,2014,48.3,2009,63.1,-0.12661370703811636,-0.10743786943542266,-0.08934581188419777
Savoy,NSS,Ch70 Aid,2024,13057.475,2019,8862.913793103447,2014,7749.292307692308,2009,5272.77,0.08057903083077056,0.053561073169155815,0.06231837040630084
Savoy,NSS,Req NSS (minus Ch70),2024,10748.1,2019,6165.396551724138,2014,4487.307692307692,2009,2814.49,0.11756846006227284,0.09127595178703274,0.09344128098087312
Savoy,NSS,Actual NSS (minus Req NSS),2024,1275.0474999999976,2019,2160.4167554498777,2014,2737.3090838197404,2009,2254.9,-0.10009271940040765,-0.07355369711036419,-0.037294901545377845
Savoy,NSS,Total Actual NSS per pupil,2024,25080.622499999998,2019,17188.72710027746,2014,14973.90908381974,2009,10342.16,0.0784969443963941,0.05293196916556209,0.06083654055994048
Savoy,Enrollment,Foundation Enrollment,2024,40.0,2019,58.0,2014,65.0,2009,100.0,-0.07161866687692386,-0.047391036908989714,-0.059257713443878535
Scituate,Expenditure,Teachers,2024,9290.0,2019,7395.0,2014,6225.0,2009,4922.0,0.04668381129138477,0.04084877597773895,0.04325771962746017
Scituate,Expenditure,"Insurance, Retirement and Other",2024,2927.0,2019,2311.0,2014,1756.0,2009,1426.0,0.04839406902547627,0.052421764978584307,0.04910803469517111
Scituate,Expenditure,Pupil Services,2024,2005.0,2019,1147.0,2014,919.0,2009,854.0,0.11817606508659817,0.08113489892739945,0.05854770216989569
Scituate,Expenditure,Other Teaching Services,2024,1165.0,2019,870.0,2014,687.0,2009,707.0,0.060135394757345084,0.05423375806835384,0.03385690835583599
Scituate,Expenditure,Operations and Maintenance,2024,1438.0,2019,955.0,2014,886.0,2009,744.0,0.08530324840567727,0.04962101274040709,0.04491042798538625
Scituate,Expenditure,Instructional Leadership,2024,1527.0,2019,1123.0,2014,1079.0,2009,807.0,0.063388247376585,0.03533705840482959,0.04343251722297192
Scituate,Expenditure,Administration,2024,990.0,2019,609.0,2014,626.0,2009,566.0,0.10205578944917404,0.046902136578180764,0.037977447533884545
Scituate,Expenditure,"Guidance, Counseling and Testing",2024,710.0,2019,548.0,2014,402.0,2009,313.0,0.05316291535076889,0.05853014285613933,0.056122432713365145
Scituate,Expenditure,Other,2024,381.0,2019,193.0,2014,167.0,2009,277.0,0.14570691240350442,0.08597755778043426,0.021479559295323636
Scituate,Expenditure,Total PPE,2024,20433.0,2019,15151.0,2014,12747.0,2009,10616.0,0.06164218550365419,0.04831648426579638,0.044619387161762836
Scituate,Enrollment,In-District FTE Pupils,2024,2743.8,2019,2972.3,2014,3101.5,2009,3267.4,-0.01587115316403387,-0.01217942744463929,-0.011575860847900521
Scituate,Enrollment,Out-of-District FTE Pupils,2024,50.1,2019,55.2,2014,53.3,2009,59.1,-0.019201643072305208,-0.006172404269586651,-0.010953562454127597
Scituate,NSS,Ch70 Aid,2024,2367.2917119073472,2019,1904.560538116592,2014,1629.3935275080905,2009,1662.532716246409,0.04445900642453071,0.038060292956029196,0.023840029056450662
Scituate,NSS,Req NSS (minus Ch70),2024,10045.158523344191,2019,8307.507416350465,2014,7776.333009708738,2009,6467.172039578679,0.03871693286483202,0.025931098247875317,0.029791948726526574
Scituate,NSS,Actual NSS (minus Req NSS),2024,6681.774919652549,2019,4639.793956464986,2014,2157.0695554479835,2009,1831.727939864488,0.07566894223397735,0.11970281298995133,0.09010598689823524
Scituate,NSS,Total Actual NSS per pupil,2024,19094.22515490409,2019,14851.861910932043,2014,11562.796092664812,2009,9961.432695689577,0.05153619788504327,0.05143860147894408,0.04433223230690664
Scituate,Enrollment,Foundation Enrollment,2024,2763.0,2019,2899.0,2014,3090.0,2009,3133.0,-0.009563734599915663,-0.011123080449621847,-0.008343264558910657
Seekonk,Expenditure,Teachers,2024,7839.0,2019,6190.0,2014,5319.0,2009,4299.0,0.04836859589462472,0.0395444579007167,0.0408613475625661
Seekonk,Expenditure,"Insurance, Retirement and Other",2024,3178.0,2019,2851.0,2014,2025.0,2009,1644.0,0.021953970008707913,0.04609923989148812,0.04492103513623391
Seekonk,Expenditure,Pupil Services,2024,1896.0,2019,1351.0,2014,1008.0,2009,988.0,0.07013014184573607,0.0652162427842029,0.04441257586492697
Seekonk,Expenditure,Other Teaching Services,2024,1630.0,2019,1279.0,2014,971.0,2009,817.0,0.04969568509606992,0.05316601790323028,0.04712301022447729
Seekonk,Expenditure,Operations and Maintenance,2024,1389.0,2019,1444.0,2014,1202.0,2009,1085.0,-0.0077365132669071635,0.014564770265703686,0.016603265752759944
Seekonk,Expenditure,Instructional Leadership,2024,875.0,2019,687.0,2014,631.0,2009,572.0,0.04956723160000953,0.033232050507912225,0.028744362454520056
Seekonk,Expenditure,Administration,2024,822.0,2019,690.0,2014,515.0,2009,385.0,0.03562981597221637,0.0478677125402589,0.051866779371246396
Seekonk,Expenditure,"Guidance, Counseling and Testing",2024,713.0,2019,627.0,2014,543.0,2009,389.0,0.026040249956579054,0.027611533635896635,0.04122038444675824
Seekonk,Expenditure,Other,2024,337.0,2019,346.0,2014,379.0,2009,597.0,-0.0052573007080362055,-0.011676620373158864,-0.037404771361713385
Seekonk,Expenditure,Total PPE,2024,18679.0,2019,15465.0,2014,12593.0,2009,10776.0,0.038486223427225186,0.04021339480250541,0.037352606774885055
Seekonk,Enrollment,In-District FTE Pupils,2024,2059.8,2019,2083.6,2014,2039.6,2009,2144.2,-0.0022950176465525995,0.0009860038335538501,-0.0026735950103708994
Seekonk,Enrollment,Out-of-District FTE Pupils,2024,58.7,2019,56.8,2014,44.9,2009,40.4,0.006602380472165548,0.02716254820552555,0.02522010841875999
Seekonk,NSS,Ch70 Aid,2024,3751.7532656023222,2019,2721.6062874251497,2014,2345.67857607628,2009,2168.104143126177,0.06630585510210452,0.04808517208658114,0.03723447219544651
Seekonk,NSS,Req NSS (minus Ch70),2024,8761.809869375908,2019,7347.130239520958,2014,7262.15923566879,2009,6437.588983050848,0.035846057101105444,0.018949840684083563,0.020762496297646482
Seekonk,NSS,Actual NSS (minus Req NSS),2024,5114.670565346602,2019,5311.108541625788,2014,2569.4713504303345,2009,1785.2597928436915,-0.007509181482765803,0.07126616580968936,0.07269045484022074
Seekonk,NSS,Total Actual NSS per pupil,2024,17628.233700324832,2019,15379.845068571896,2014,12177.309162175405,2009,10390.952919020716,0.027664531709227225,0.03768549644948482,0.0358659593022832
Seekonk,Enrollment,Foundation Enrollment,2024,2067.0,2019,2004.0,2014,2041.0,2009,2124.0,0.006209820982855829,0.001266641200409202,-0.0018118780754861064
Sharon,Expenditure,Teachers,2024,7859.0,2019,6625.0,2014,5508.0,2009,4870.0,0.034752016062968405,0.03618508266464571,0.03241876244747588
Sharon,Expenditure,"Insurance, Retirement and Other",2024,4489.0,2019,3099.0,2014,2430.0,2009,2160.0,0.0769253643587069,0.06329637475908068,0.04997684954457182
Sharon,Expenditure,Pupil Services,2024,2257.0,2019,1948.0,2014,1411.0,2009,1349.0,0.029884498446418606,0.048094530297399185,0.03490695905182739
Sharon,Expenditure,Other Teaching Services,2024,1800.0,2019,1362.0,2014,1303.0,2009,1162.0,0.057350754450265606,0.03283942905518611,0.029606064154270362
Sharon,Expenditure,Operations and Maintenance,2024,1062.0,2019,975.0,2014,1028.0,2009,922.0,0.0172412906084336,0.0032591751783384026,0.009468813438564982
Sharon,Expenditure,Instructional Leadership,2024,1139.0,2019,887.0,2014,1019.0,2009,1042.0,0.051283917995688766,0.011195094288343865,0.005951556630851229
Sharon,Expenditure,Administration,2024,536.0,2019,476.0,2014,463.0,2009,385.0,0.024027376750527463,0.01474841086376455,0.022304495749326803
Sharon,Expenditure,"Guidance, Counseling and Testing",2024,736.0,2019,521.0,2014,451.0,2009,349.0,0.07153908845821366,0.050195437627098105,0.05100187905685005
Sharon,Expenditure,Other,2024,664.0,2019,386.0,2014,559.0,2009,443.0,0.11459259891229179,0.01736226963276577,0.027348103478240793
Sharon,Expenditure,Total PPE,2024,20542.0,2019,16279.0,2014,14172.0,2009,12682.0,0.04761811711223296,0.03781790264292195,0.03267500414582125
Sharon,Enrollment,In-District FTE Pupils,2024,3568.5,2019,3640.9,2014,3496.0,2009,3391.7,-0.004009055076364065,0.002054696164693448,0.0033933490043192016
Sharon,Enrollment,Out-of-District FTE Pupils,2024,80.1,2019,51.7,2014,60.2,2009,83.1,0.09151169821843963,0.02897210760847524,-0.002448254643168224
Sharon,NSS,Ch70 Aid,2024,3003.8609442060088,2019,2123.853961827646,2014,2001.3730814639905,2009,2081.9976083707024,0.07179329214185848,0.041442212902943254,0.02473909775025196
Sharon,NSS,Req NSS (minus Ch70),2024,9636.944492131617,2019,8217.616830537883,2014,7361.286304604487,2009,6151.474140508221,0.032377888072842254,0.027303020005908563,0.030379818146048843
Sharon,NSS,Actual NSS (minus Req NSS),2024,6495.934309012874,2019,5163.395261109444,2014,3754.4120586142144,2009,3365.6080819231042,0.04698690659085458,0.056355186193012496,0.04481293070282688
Sharon,NSS,Total Actual NSS per pupil,2024,19136.7397453505,2019,15504.866053474972,2014,13117.071444682691,2009,11599.07983080203,0.04298962024050179,0.03849188367645229,0.03394227842010911
Sharon,Enrollment,Foundation Enrollment,2024,3495.0,2019,3458.0,2014,3388.0,2009,3345.0,0.0021308647572633177,0.003114198963231951,0.0029287258359147472
Shawsheen Valley Regional Vocational Technical,Expenditure,Teachers,2024,11734.0,2019,9605.0,2014,7639.0,2009,7118.0,0.04085382598958631,0.043856878595008864,0.033885727402505283
Shawsheen Valley Regional Vocational Technical,Expenditure,"Insurance, Retirement and Other",2024,5495.0,2019,5127.0,2014,4093.0,2009,4519.0,0.013960124059687162,0.029894159335133397,0.013121869773419892
Shawsheen Valley Regional Vocational Technical,Expenditure,Pupil Services,2024,2746.0,2019,2801.0,2014,2000.0,2009,2039.0,-0.0039583826538885925,0.032207603157559994,0.020043956576252242
Shawsheen Valley Regional Vocational Technical,Expenditure,Other Teaching Services,2024,635.0,2019,736.0,2014,585.0,2009,516.0,-0.02908953496318889,0.008235038079014378,0.013930689106179228
Shawsheen Valley Regional Vocational Technical,Expenditure,Operations and Maintenance,2024,16.0,2019,1613.0,2014,1096.0,2009,1157.0,-0.6025366185132209,-0.34471391946617724,-0.24828634113476944
Shawsheen Valley Regional Vocational Technical,Expenditure,Instructional Leadership,2024,2314.0,2019,1091.0,2014,688.0,2009,658.0,0.16227185375458686,0.12895723633848388,0.08744966562692458
Shawsheen Valley Regional Vocational Technical,Expenditure,Administration,2024,3216.0,2019,1198.0,2014,1069.0,2009,894.0,0.21834937376103403,0.11643600364028495,0.08909367224811371
Shawsheen Valley Regional Vocational Technical,Expenditure,"Guidance, Counseling and Testing",2024,1510.0,2019,936.0,2014,679.0,2009,590.0,0.1003737454272422,0.08320515284789964,0.06465360513494578
Shawsheen Valley Regional Vocational Technical,Expenditure,Other,2024,2662.0,2019,1402.0,2014,1054.0,2009,1110.0,0.13682079052434415,0.09707607486213465,0.06004834295276984
Shawsheen Valley Regional Vocational Technical,Expenditure,Total PPE,2024,30328.0,2019,24509.0,2014,18903.0,2009,18601.0,0.043526869115279254,0.048410359702018235,0.033127286074113416
Shawsheen Valley Regional Vocational Technical,Enrollment,In-District FTE Pupils,2024,1272.1,2019,1264.5,2014,1344.5,2009,1254.8,0.0011991766484473754,-0.0055200202436330725,0.0009132755053784525
Shawsheen Valley Regional Vocational Technical,Enrollment,Out-of-District FTE Pupils,2024,1.8,2019,10.6,2014,25.4,2009,7.6,-0.2985554779003551,-0.23256097652057295,-0.0915578826400405
Sherborn,Expenditure,Teachers,2024,8672.0,2019,7674.0,2014,8490.0,2009,6022.0,0.024753699530635886,0.0021232954433694218,0.02460994732911259
Sherborn,Expenditure,"Insurance, Retirement and Other",2024,3112.0,2019,2895.0,2014,2170.0,2009,1672.0,0.014561093786213286,0.0367116655629125,0.04228595998048057
Sherborn,Expenditure,Pupil Services,2024,1521.0,2019,995.0,2014,1143.0,2009,892.0,0.08858219500637987,0.028983233604973346,0.03621758299184519
Sherborn,Expenditure,Other Teaching Services,2024,3042.0,2019,2729.0,2014,986.0,2009,609.0,0.021953498668706883,0.11925290298315172,0.11319042244431832
Sherborn,Expenditure,Operations and Maintenance,2024,1591.0,2019,1424.0,2014,1135.0,2009,978.0,0.022426360502817655,0.03434979285623574,0.03297248856278201
Sherborn,Expenditure,Instructional Leadership,2024,1527.0,2019,1299.0,2014,1111.0,2009,857.0,0.0328707462890685,0.03231561785554682,0.039259207751566993
Sherborn,Expenditure,Administration,2024,939.0,2019,775.0,2014,1075.0,2009,689.0,0.039136926211917666,-0.013434980222950421,0.020852722555694925
Sherborn,Expenditure,"Guidance, Counseling and Testing",2024,644.0,2019,468.0,2014,347.0,2009,212.0,0.06592832488280598,0.06378935278723263,0.07688666814250245
Sherborn,Expenditure,Other,2024,576.0,2019,686.0,2014,472.0,2009,461.0,-0.03435015850416323,0.020112451217360272,0.01495807664897919
Sherborn,Expenditure,Total PPE,2024,21624.0,2019,18945.0,2014,16929.0,2009,12392.0,0.02680573252321139,0.024779603128482375,0.03781427929823744
Sherborn,Enrollment,In-District FTE Pupils,2024,414.5,2019,416.9,2014,391.0,2009,484.4,-0.001154015673461628,0.005853607252682247,-0.010335421119150201
Sherborn,Enrollment,Out-of-District FTE Pupils,2024,8.0,2019,5.5,2014,5.6,2009,9.5,0.07781806771272581,0.036311209910314224,-0.011391305902784699
Sherborn,NSS,Ch70 Aid,2024,2112.1122194513714,2019,1687.5321782178219,2014,1333.1421319796955,2009,1097.3568228105905,0.045906796823248275,0.047090100174503435,0.04461904974027697
Sherborn,NSS,Req NSS (minus Ch70),2024,9639.967581047382,2019,7875.804455445545,2014,7940.637055837564,2009,7077.525458248472,0.04125267405702071,0.019581678430144578,0.02081319606650145
Sherborn,NSS,Actual NSS (minus Req NSS),2024,10263.821533890274,2019,9750.615643564353,2014,6241.2639593908625,2009,4267.912016293279,0.010311766301064562,0.051002270285538165,0.060245022527184666
Sherborn,NSS,Total Actual NSS per pupil,2024,22015.901334389026,2019,19313.95227722772,2014,15515.043147208122,2009,12442.794297352342,0.02653334991799139,0.03561503830027801,0.03877439625305312
Sherborn,Enrollment,Foundation Enrollment,2024,401.0,2019,404.0,2014,394.0,2009,491.0,-0.0014895796042685427,0.0017626033632465177,-0.013408145845745678
Shirley,Expenditure,Teachers,2011,3039.0,2006,,2001,,1996,,,,
Shirley,Expenditure,"Insurance, Retirement and Other",2011,1857.0,2006,,2001,,1996,,,,
Shirley,Expenditure,Pupil Services,2011,669.0,2006,,2001,,1996,,,,
Shirley,Expenditure,Other Teaching Services,2011,1254.0,2006,,2001,,1996,,,,
Shirley,Expenditure,Operations and Maintenance,2011,907.0,2006,,2001,,1996,,,,
Shirley,Expenditure,Instructional Leadership,2011,624.0,2006,,2001,,1996,,,,
Shirley,Expenditure,Administration,2011,756.0,2006,,2001,,1996,,,,
Shirley,Expenditure,"Guidance, Counseling and Testing",2011,110.0,2006,,2001,,1996,,,,
Shirley,Expenditure,Other,2011,250.0,2006,,2001,,1996,,,,
Shirley,Expenditure,Total PPE,2011,9466.0,2006,,2001,,1996,,,,
Shirley,Enrollment,In-District FTE Pupils,2011,777.8,2006,,2001,,1996,,,,
Shirley,Enrollment,Out-of-District FTE Pupils,2011,345.8,2006,,2001,,1996,,,,
Shirley,NSS,Ch70 Aid,2011,5003.790810157195,2006,4434.205327413984,2001,3578.1090512540895,1996,2759.1371794871793,0.024463923094976803,0.03410480777213931,0.04048316274483632
Shirley,NSS,Req NSS (minus Ch70),2011,4580.458282950423,2006,3172.564927857936,2001,2716.9945474372958,1996,1983.3525641025642,0.07621659046182616,0.05361517372145386,0.05738692043646165
Shirley,NSS,Actual NSS (minus Req NSS),2011,958.9446191051986,2006,480.56161555916395,2001,270.01635768811343,1996,140.73846153846154,0.14817712314886666,0.13511626106464836,0.1364719344582137
Shirley,NSS,Total Actual NSS per pupil,2011,10543.193712212817,2006,8087.331870831084,2001,6565.119956379498,1996,4883.228205128205,0.054467950106594554,0.04851090578531614,0.052650847302510906
Shirley,Enrollment,Foundation Enrollment,2024,0.0,2019,0.0,2014,0.0,2009,874.0,,,
Shrewsbury,Expenditure,Teachers,2024,7015.0,2019,5323.0,2014,4315.0,2009,3951.0,0.05675483084644428,0.049795453395165445,0.039013944884459306
Shrewsbury,Expenditure,"Insurance, Retirement and Other",2024,2404.0,2019,1946.0,2014,1545.0,2009,1134.0,0.04317777422606195,0.04520288054172794,0.05136801481810549
Shrewsbury,Expenditure,Pupil Services,2024,2130.0,2019,1587.0,2014,1088.0,2009,1066.0,0.06062176576587652,0.0694859186155321,0.04722859731231477
Shrewsbury,Expenditure,Other Teaching Services,2024,2305.0,2019,1681.0,2014,1327.0,2009,1095.0,0.0651742112308984,0.056768843758957965,0.0508735327049159
Shrewsbury,Expenditure,Operations and Maintenance,2024,1043.0,2019,841.0,2014,708.0,2009,712.0,0.0439931822273647,0.03950146342448835,0.02577856811564705
Shrewsbury,Expenditure,Instructional Leadership,2024,1082.0,2019,778.0,2014,677.0,2009,642.0,0.06819252062018455,0.0480062175410354,0.03541109771353934
Shrewsbury,Expenditure,Administration,2024,559.0,2019,352.0,2014,310.0,2009,277.0,0.09691715573379578,0.060730389530956774,0.04792162500094754
Shrewsbury,Expenditure,"Guidance, Counseling and Testing",2024,700.0,2019,383.0,2014,322.0,2009,268.0,0.12818378432736632,0.08074744336385131,0.0660990337526548
Shrewsbury,Expenditure,Other,2024,912.0,2019,649.0,2014,470.0,2009,358.0,0.07040968104346867,0.06853732737450358,0.06432465037461821
Shrewsbury,Expenditure,Total PPE,2024,18150.0,2019,13540.0,2014,10762.0,2009,9503.0,0.06035574323422854,0.053654834476840385,0.04408148254764499
Shrewsbury,Enrollment,In-District FTE Pupils,2024,5927.8,2019,6192.0,2014,5925.8,2009,5865.9,-0.008683079819429507,3.374559229896157e-05,0.0007000600086921605
Shrewsbury,Enrollment,Out-of-District FTE Pupils,2024,201.1,2019,229.8,2014,357.8,2009,307.4,-0.026328609543674664,-0.055988742348632936,-0.02789342514695914
Shrewsbury,NSS,Ch70 Aid,2024,3511.6322839919626,2019,3290.429847782925,2014,3175.4726936649304,2009,3223.9936773752565,0.01309758337509459,0.010113243292537044,0.005713600977651723
Shrewsbury,NSS,Req NSS (minus Ch70),2024,9710.956798392499,2019,7799.1171409662475,2014,6142.452865064695,2009,4838.1746411483255,0.04482442289069399,0.046868227028733056,0.047543417213716355
Shrewsbury,NSS,Actual NSS (minus Req NSS),2024,3267.705746836027,2019,1805.9594606221028,2014,1094.6916592123716,2009,677.9081537391245,0.12591858772018716,0.11556559884347584,0.1105500575516567
Shrewsbury,NSS,Total Actual NSS per pupil,2024,16490.29482922049,2019,12895.506449371276,2014,10412.617217941995,2009,8740.076472262706,0.050407958328372304,0.04704862715395941,0.04323194977693645
Shrewsbury,Enrollment,Foundation Enrollment,2024,5972.0,2019,6044.0,2014,5951.0,2009,5852.0,-0.0023939628361390186,0.0003523227525097372,0.001354142458645402
Shutesbury,Expenditure,Teachers,2024,9669.0,2019,7914.0,2014,6012.0,2009,4821.0,0.04087146533375963,0.04866375766212383,0.04748938007044834
Shutesbury,Expenditure,"Insurance, Retirement and Other",2024,3501.0,2019,2970.0,2014,2484.0,2009,2332.0,0.033444438148156896,0.03491349942520805,0.027458377685291913
Shutesbury,Expenditure,Pupil Services,2024,2136.0,2019,1664.0,2014,1074.0,2009,990.0,0.05121024608748015,0.07117319581163106,0.05260251556882278
Shutesbury,Expenditure,Other Teaching Services,2024,4359.0,2019,3545.0,2014,2591.0,2009,2185.0,0.04220733623988959,0.05339668084767091,0.047118168741516975
Shutesbury,Expenditure,Operations and Maintenance,2024,2754.0,2019,1663.0,2014,1338.0,2009,1180.0,0.10615079891190038,0.07485723043282189,0.05812943378229618
Shutesbury,Expenditure,Instructional Leadership,2024,2103.0,2019,1517.0,2014,1003.0,2009,969.0,0.06750701686089022,0.07684658215417794,0.05301453617104346
Shutesbury,Expenditure,Administration,2024,1015.0,2019,856.0,2014,726.0,2009,652.0,0.03466189625798122,0.03407715125070587,0.029946255722464343
Shutesbury,Expenditure,"Guidance, Counseling and Testing",2024,826.0,2019,542.0,2014,344.0,2009,302.0,0.08791797440113536,0.09154629652524493,0.06937872650612609
Shutesbury,Expenditure,Other,2024,545.0,2019,385.0,2014,515.0,2009,580.0,0.07198116451066405,0.005677948189130255,-0.0041408900316990405
Shutesbury,Expenditure,Total PPE,2024,26908.0,2019,21056.0,2014,16087.0,2009,14011.0,0.050270360277407944,0.05278729613550359,0.04446562778055663
Shutesbury,Enrollment,In-District FTE Pupils,2024,110.2,2019,126.9,2014,157.0,2009,161.9,-0.027826016919218932,-0.03477581722076539,-0.02531941254140757
Shutesbury,Enrollment,Out-of-District FTE Pupils,2024,18.5,2019,18.0,2014,13.0,2009,7.0,0.005494836375650625,0.035911937138487726,0.06693569727877513
Shutesbury,NSS,Ch70 Aid,2024,5819.693693693694,2019,5312.5084745762715,2014,4456.6246985454545,2009,3951.6230769230765,0.01840400428332445,0.027044843442174615,0.02614399409499124
Shutesbury,NSS,Req NSS (minus Ch70),2024,7391.0,2019,5670.881355932203,2014,4981.969696969698,2009,4279.775641025641,0.05441245725055732,0.040232005981367225,0.03709565156641492
Shutesbury,NSS,Actual NSS (minus Req NSS),2024,10450.082232612613,2019,10001.876310734922,2014,7163.602574181817,2009,4330.9794871794875,0.008805974679978457,0.038481639164198,0.06047940502465954
Shutesbury,NSS,Total Actual NSS per pupil,2024,23660.775926306305,2019,20985.266141243395,2014,16602.196969696968,2009,12562.378205128205,0.024289923275169656,0.036063423822339846,0.043110878318123325
Shutesbury,Enrollment,Foundation Enrollment,2024,111.0,2019,118.0,2014,132.0,2009,156.0,-0.012156391376670461,-0.01717791996303686,-0.022432941141122487
Silver Lake,Expenditure,Teachers,2023,8327.0,2018,6152.0,2013,5267.0,2008,,0.06241562086892438,0.046869445970116885,
Silver Lake,Expenditure,"Insurance, Retirement and Other",2023,3044.0,2018,2268.0,2013,1799.0,2008,,0.06062123883996562,0.0540017900981864,
Silver Lake,Expenditure,Pupil Services,2023,1912.0,2018,1108.0,2013,1034.0,2008,,0.11529466691857682,0.06340019329019064,
Silver Lake,Expenditure,Other Teaching Services,2023,1813.0,2018,1201.0,2013,1089.0,2008,,0.08585280943403562,0.052293753584217395,
Silver Lake,Expenditure,Operations and Maintenance,2023,2865.0,2018,1801.0,2013,1359.0,2008,,0.09729192366027228,0.07743360488376827,
Silver Lake,Expenditure,Instructional Leadership,2023,1633.0,2018,1077.0,2013,820.0,2008,,0.08681117735288835,0.0713151172047195,
Silver Lake,Expenditure,Administration,2023,843.0,2018,626.0,2013,550.0,2008,,0.06133050813815255,0.04362984080891863,
Silver Lake,Expenditure,"Guidance, Counseling and Testing",2023,910.0,2018,577.0,2013,452.0,2008,,0.0954009565399283,0.07248270087306574,
Silver Lake,Expenditure,Other,2023,1460.0,2018,723.0,2013,546.0,2008,,0.15091410265844551,0.10335691532163405,
Silver Lake,Expenditure,Total PPE,2023,22807.0,2018,15533.0,2013,12916.0,2008,,0.0798478403824614,0.058507678128590035,
Silver Lake,Enrollment,In-District FTE Pupils,2023,1566.9,2018,1854.3,2013,1910.3,2008,,-0.03312071343699963,-0.019621066547825805,
Silver Lake,Enrollment,Out-of-District FTE Pupils,2023,89.5,2018,74.8,2013,26.1,2008,,0.03653575485663252,0.1311449287951063,
Sizer School: A North Central Charter Essential (District),Expenditure,Teachers,2024,6648.0,2019,5597.0,2014,,2009,,0.03501618422638786,,
Sizer School: A North Central Charter Essential (District),Expenditure,"Insurance, Retirement and Other",2024,1746.0,2019,3838.0,2014,,2009,,-0.14574436197144502,,
Sizer School: A North Central Charter Essential (District),Expenditure,Pupil Services,2024,1624.0,2019,1625.0,2014,,2009,,-0.000123107230125874,,
Sizer School: A North Central Charter Essential (District),Expenditure,Other Teaching Services,2024,967.0,2019,807.0,2014,,2009,,0.036837241302229096,,
Sizer School: A North Central Charter Essential (District),Expenditure,Operations and Maintenance,2024,1725.0,2019,957.0,2014,,2009,,0.1250593475047168,,
Sizer School: A North Central Charter Essential (District),Expenditure,Instructional Leadership,2024,1284.0,2019,921.0,2014,,2009,,0.06871296666941751,,
Sizer School: A North Central Charter Essential (District),Expenditure,Administration,2024,2170.0,2019,1745.0,2014,,2009,,0.04455872382208148,,
Sizer School: A North Central Charter Essential (District),Expenditure,"Guidance, Counseling and Testing",2024,2220.0,2019,1073.0,2014,,2009,,0.15651335043291614,,
Sizer School: A North Central Charter Essential (District),Expenditure,Other,2024,442.0,2019,236.0,2014,,2009,,0.13371019809570495,,
Sizer School: A North Central Charter Essential (District),Expenditure,Total PPE,2024,18826.0,2019,16799.0,2014,,2009,,0.023045442147419548,,
Sizer School: A North Central Charter Essential (District),Enrollment,In-District FTE Pupils,2024,309.6,2019,364.0,2014,,2009,,-0.031856099472464705,,
Sizer School: A North Central Charter Essential (District),Enrollment,Out-of-District FTE Pupils,2024,0.0,2019,0.0,2014,,2009,,,,
Somerset,Expenditure,Teachers,2024,7737.0,2019,5778.0,2014,5126.0,2009,4683.0,0.06012972499287872,0.0420280254163623,0.0340381514485395
Somerset,Expenditure,"Insurance, Retirement and Other",2024,4274.0,2019,3687.0,2014,2944.0,2009,2067.0,0.02998826351293582,0.037981638834387654,0.049622027002519165
Somerset,Expenditure,Pupil Services,2024,1670.0,2019,1257.0,2014,1068.0,2009,1168.0,0.058464358546017614,0.04571785126220518,0.02412171596581758
Somerset,Expenditure,Other Teaching Services,2024,1590.0,2019,1095.0,2014,1254.0,2009,754.0,0.07744869885702954,0.024023583795236503,0.050997586120911986
Somerset,Expenditure,Operations and Maintenance,2024,1386.0,2019,1217.0,2014,890.0,2009,1038.0,0.02634774015571817,0.04529126775272263,0.019462037961721634
Somerset,Expenditure,Instructional Leadership,2024,1258.0,2019,868.0,2014,696.0,2009,837.0,0.07704086898978835,0.06097986035360181,0.027535919010185594
Somerset,Expenditure,Administration,2024,618.0,2019,357.0,2014,299.0,2009,375.0,0.11599963303302441,0.07530515714294816,0.033864953956996846
Somerset,Expenditure,"Guidance, Counseling and Testing",2024,465.0,2019,140.0,2014,113.0,2009,252.0,0.27134957864314835,0.1519601373583992,0.041686000198311035
Somerset,Expenditure,Other,2024,704.0,2019,546.0,2014,269.0,2009,565.0,0.052145987507506986,0.10098661182790103,0.014771544992012497
Somerset,Expenditure,Total PPE,2024,19702.0,2019,14945.0,2014,12659.0,2009,11739.0,0.056824515205290194,0.045228135295486416,0.035122973638605615
Somerset,Enrollment,In-District FTE Pupils,2024,1609.3,2019,1793.3,2014,1832.1,2009,2725.1,-0.021418925059158767,-0.012882653785058484,-0.03450438761748342
Somerset,Enrollment,Out-of-District FTE Pupils,2024,54.4,2019,54.1,2014,51.5,2009,43.8,0.0011066054383574997,0.0054932675853274215,0.014553575957345632
Somerset,NSS,Ch70 Aid,2024,6531.89742014742,2019,4562.268415178572,2014,2821.393739451339,2009,2089.585064177363,0.07441411348508775,0.08757086753586774,0.07894329387273213
Somerset,NSS,Req NSS (minus Ch70),2024,6456.222972972973,2019,5333.193080357143,2014,6133.394809497515,2009,6188.645274212368,0.03895860110474825,0.005142785809123307,0.0028258694033262977
Somerset,NSS,Actual NSS (minus Req NSS),2024,4949.303194871008,2019,4213.694294310734,2014,3316.301450197667,2009,3267.5168416958386,0.03270482726078017,0.04085205950305726,0.02806777975847119
Somerset,NSS,Total Actual NSS per pupil,2024,17937.4235879914,2019,14109.155789846449,2014,12271.089999146521,2009,11545.74718008557,0.04918435761638662,0.03869416582836127,0.029807067508262897
Somerset,Enrollment,Foundation Enrollment,2024,1628.0,2019,1792.0,2014,1811.0,2009,2571.0,-0.019012939282793018,-0.010596152160079919,-0.030003527458905555
Somerset Berkley Regional School District,Expenditure,Teachers,2024,7588.0,2019,5781.0,2014,5413.0,2009,,0.05590505879116847,0.034353359904081726,
Somerset Berkley Regional School District,Expenditure,"Insurance, Retirement and Other",2024,3082.0,2019,2352.0,2014,2083.0,2009,,0.055550615674816006,0.039954495076529595,
Somerset Berkley Regional School District,Expenditure,Pupil Services,2024,2446.0,2019,1894.0,2014,1791.0,2009,,0.05248349895627746,0.03165879915527925,
Somerset Berkley Regional School District,Expenditure,Other Teaching Services,2024,836.0,2019,656.0,2014,438.0,2009,,0.04968861687192305,0.0667759513401025,
Somerset Berkley Regional School District,Expenditure,Operations and Maintenance,2024,1736.0,2019,1253.0,2014,947.0,2009,,0.06738164423708626,0.06247806851252502,
Somerset Berkley Regional School District,Expenditure,Instructional Leadership,2024,1914.0,2019,1687.0,2014,1380.0,2009,,0.025570145945788436,0.033252071644004344,
Somerset Berkley Regional School District,Expenditure,Administration,2024,596.0,2019,373.0,2014,435.0,2009,,0.09826586500638146,0.03199050207122811,
Somerset Berkley Regional School District,Expenditure,"Guidance, Counseling and Testing",2024,409.0,2019,302.0,2014,656.0,2009,,0.06253506936571873,-0.046145908632422294,
Somerset Berkley Regional School District,Expenditure,Other,2024,904.0,2019,652.0,2014,452.0,2009,,0.0675400251389413,0.07177346253629313,
Somerset Berkley Regional School District,Expenditure,Total PPE,2024,19511.0,2019,14950.0,2014,13595.0,2009,,0.054696894492926695,0.03678816653461858,
Somerset Berkley Regional School District,Enrollment,In-District FTE Pupils,2024,940.3,2019,1012.7,2014,933.4,2009,,-0.014725766989573175,0.0007367852697501842,
Somerset Berkley Regional School District,Enrollment,Out-of-District FTE Pupils,2024,50.9,2019,55.0,2014,34.4,2009,,-0.015374637044068717,0.03995832051021342,
Somerville,Expenditure,Teachers,2024,9216.0,2019,7468.0,2014,6025.0,2009,5106.0,0.04295994918951984,0.043418521402867505,0.040153521419946436
Somerville,Expenditure,"Insurance, Retirement and Other",2024,4163.0,2019,2968.0,2014,2776.0,2009,3814.0,0.07001164177859875,0.0413547321695924,0.005854233507367246
Somerville,Expenditure,Pupil Services,2024,2932.0,2019,1872.0,2014,1555.0,2009,1379.0,0.09388489230633201,0.06547522877975909,0.0515743396682935
Somerville,Expenditure,Other Teaching Services,2024,2476.0,2019,1278.0,2014,1234.0,2009,963.0,0.14141600328544301,0.07212037122337822,0.06498042083554867
Somerville,Expenditure,Operations and Maintenance,2024,2463.0,2019,1932.0,2014,1843.0,2009,1739.0,0.049763474769281446,0.029423095680410016,0.02347598160113229
Somerville,Expenditure,Instructional Leadership,2024,2294.0,2019,1723.0,2014,1220.0,2009,1019.0,0.05891628471324939,0.0651808702860508,0.05558841518862523
Somerville,Expenditure,Administration,2024,1126.0,2019,733.0,2014,489.0,2009,470.0,0.08964964870007153,0.0869835035777371,0.059976008382448986
Somerville,Expenditure,"Guidance, Counseling and Testing",2024,1484.0,2019,673.0,2014,658.0,2009,584.0,0.17134213912213614,0.08472787516985636,0.06414645741500147
Somerville,Expenditure,Other,2024,1258.0,2019,705.0,2014,979.0,2009,773.0,0.12278940237200597,0.025391693376450197,0.032999417154736754
Somerville,Expenditure,Total PPE,2024,27412.0,2019,19352.0,2014,16779.0,2009,15847.0,0.07211895296908444,0.05030991411733288,0.03720892310644541
Somerville,Enrollment,In-District FTE Pupils,2024,4974.7,2019,4961.5,2014,4829.2,2009,4908.7,0.0005315317955176813,0.002972834615458275,0.0008907916073266353
Somerville,Enrollment,Out-of-District FTE Pupils,2024,380.9,2019,505.1,2014,566.1,2009,456.0,-0.054880506371227766,-0.038848646673452,-0.011925384576307319
Somerville,NSS,Ch70 Aid,2024,4165.69568627451,2019,3851.6536566881396,2014,3688.35824009103,2009,4008.8098092643054,0.015799658480882828,0.012244543605258507,0.0025625378081051142
Somerville,NSS,Req NSS (minus Ch70),2024,14097.447647058823,2019,10316.184160666919,2014,9823.817940451356,2009,7778.9283768003115,0.06444758456478161,0.03677858592457395,0.04043442783855178
Somerville,NSS,Actual NSS (minus Req NSS),2024,7317.037016371395,2019,4667.514864097466,2014,1774.0088252580056,2009,2348.022067975164,0.09408208936132922,0.15222673423390698,0.07872035024908919
Somerville,NSS,Total Actual NSS per pupil,2024,25580.18034970473,2019,18835.352681452525,2014,15286.185005800391,2009,14135.76025403978,0.06312901010314209,0.05283532739679697,0.04033280985994825
Somerville,Enrollment,Foundation Enrollment,2024,5100.0,2019,5278.0,2014,5273.0,2009,5138.0,-0.006837854423252576,-0.0033303341757238147,-0.0004947681590078412
South Hadley,Expenditure,Teachers,2024,7270.0,2019,5635.0,2014,5083.0,2009,4556.0,0.05227220285886536,0.03643347170266176,0.031644450578649286
South Hadley,Expenditure,"Insurance, Retirement and Other",2024,3115.0,2019,2358.0,2014,2022.0,2009,1638.0,0.05726255243836542,0.04416153360203667,0.04378153627382786
South Hadley,Expenditure,Pupil Services,2024,2342.0,2019,1596.0,2014,1200.0,2009,934.0,0.07971914158645133,0.06915473697007224,0.06320252897839596
South Hadley,Expenditure,Other Teaching Services,2024,2275.0,2019,1418.0,2014,1120.0,2009,1037.0,0.09916030022094957,0.07343644893448187,0.05377245692659005
South Hadley,Expenditure,Operations and Maintenance,2024,1646.0,2019,1109.0,2014,1085.0,2009,986.0,0.08218038265231686,0.04255748173559759,0.034753397568145106
South Hadley,Expenditure,Instructional Leadership,2024,1102.0,2019,667.0,2014,717.0,2009,600.0,0.10563340590814718,0.04391765821809379,0.04136271218092169
South Hadley,Expenditure,Administration,2024,656.0,2019,567.0,2014,602.0,2009,431.0,0.02958962142020427,0.008627337165352689,0.028399297445103944
South Hadley,Expenditure,"Guidance, Counseling and Testing",2024,643.0,2019,466.0,2014,399.0,2009,319.0,0.06651019482154585,0.048875177812310655,0.04783930731782049
South Hadley,Expenditure,Other,2024,761.0,2019,837.0,2014,1212.0,2009,593.0,-0.01885806170236881,-0.045473030279161275,0.01676829975224159
South Hadley,Expenditure,Total PPE,2024,19810.0,2019,14653.0,2014,13440.0,2009,11094.0,0.06216401816462103,0.0395575111441826,0.039408875487961126
South Hadley,Enrollment,In-District FTE Pupils,2024,1642.9,2019,1919.5,2014,1911.3,2009,2200.9,-0.030641098717408388,-0.015018152178849498,-0.019304788807237405
South Hadley,Enrollment,Out-of-District FTE Pupils,2024,307.1,2019,251.8,2014,208.4,2009,147.2,0.04050654925615338,0.039532831505201704,0.05024704216000209
South Middlesex Regional Vocational Technical,Expenditure,Teachers,2024,9907.0,2019,9212.0,2014,8423.0,2009,10150.0,0.014653240559491687,0.016359933693809836,-0.0016141709888368716
South Middlesex Regional Vocational Technical,Expenditure,"Insurance, Retirement and Other",2024,4738.0,2019,4221.0,2014,3953.0,2009,3265.0,0.023377680297107295,0.01827908631511077,0.02513436267282798
South Middlesex Regional Vocational Technical,Expenditure,Pupil Services,2024,3449.0,2019,2738.0,2014,2763.0,2009,2321.0,0.04725381259668149,0.02242446035399337,0.026757467843059768
South Middlesex Regional Vocational Technical,Expenditure,Other Teaching Services,2024,1276.0,2019,1140.0,2014,939.0,2009,873.0,0.022796338452456544,0.031142074819567878,0.02562617366656239
South Middlesex Regional Vocational Technical,Expenditure,Operations and Maintenance,2024,3625.0,2019,3637.0,2014,3605.0,2009,4140.0,-0.0006607571434316117,0.0005534048289537186,-0.008817000224259686
South Middlesex Regional Vocational Technical,Expenditure,Instructional Leadership,2024,2486.0,2019,1596.0,2014,1574.0,2009,1937.0,0.09268164412466962,0.04676607652050557,0.016774783351861
South Middlesex Regional Vocational Technical,Expenditure,Administration,2024,1204.0,2019,1275.0,2014,1449.0,2009,1719.0,-0.011393957891125517,-0.018351945636041034,-0.023459991945040337
South Middlesex Regional Vocational Technical,Expenditure,"Guidance, Counseling and Testing",2024,1533.0,2019,1424.0,2014,1272.0,2009,915.0,0.014860695619859365,0.01883886732361839,0.035002512488754745
South Middlesex Regional Vocational Technical,Expenditure,Other,2024,3514.0,2019,1413.0,2014,1881.0,2009,2539.0,0.19986371224215782,0.06448928968634626,0.021902050103907333
South Middlesex Regional Vocational Technical,Expenditure,Total PPE,2024,31732.0,2019,26656.0,2014,25859.0,2009,27859.0,0.035477086748409326,0.020677572234933272,0.008715733509713663
South Middlesex Regional Vocational Technical,Enrollment,In-District FTE Pupils,2024,853.0,2019,739.4,2014,674.0,2009,598.6,0.028996546008745572,0.023832504749653927,0.023892011433231053
South Middlesex Regional Vocational Technical,Enrollment,Out-of-District FTE Pupils,2024,0.0,2019,0.0,2014,0.0,2009,0.0,,,
South Shore Charter Public (District),Expenditure,Teachers,2024,7569.0,2019,6259.0,2014,,2009,,0.03873965294786963,,
South Shore Charter Public (District),Expenditure,"Insurance, Retirement and Other",2024,2090.0,2019,3845.0,2014,,2009,,-0.1147825052574184,,
South Shore Charter Public (District),Expenditure,Pupil Services,2024,2303.0,2019,518.0,2014,,2009,,0.34769878130140297,,
South Shore Charter Public (District),Expenditure,Other Teaching Services,2024,1708.0,2019,1142.0,2014,,2009,,0.08383794740325334,,
South Shore Charter Public (District),Expenditure,Operations and Maintenance,2024,790.0,2019,830.0,2014,,2009,,-0.009829918451996655,,
South Shore Charter Public (District),Expenditure,Instructional Leadership,2024,1203.0,2019,971.0,2014,,2009,,0.043780741346919116,,
South Shore Charter Public (District),Expenditure,Administration,2024,1122.0,2019,1090.0,2014,,2009,,0.005803799332352755,,
South Shore Charter Public (District),Expenditure,"Guidance, Counseling and Testing",2024,696.0,2019,503.0,2014,,2009,,0.06710769318546528,,
South Shore Charter Public (District),Expenditure,Other,2024,611.0,2019,561.0,2014,,2009,,0.017221825444116545,,
South Shore Charter Public (District),Expenditure,Total PPE,2024,18092.0,2019,15719.0,2014,,2009,,0.0285190334562353,,
South Shore Charter Public (District),Enrollment,In-District FTE Pupils,2024,1060.2,2019,946.3,2014,,2009,,0.02299095062132306,,
South Shore Charter Public (District),Enrollment,Out-of-District FTE Pupils,2024,0.0,2019,0.0,2014,,2009,,,,
South Shore Regional Vocational Technical,Expenditure,Teachers,2024,10615.0,2019,8163.0,2014,7758.0,2009,7309.0,0.05393551742837022,0.031851078238152475,0.02518946763048202
South Shore Regional Vocational Technical,Expenditure,"Insurance, Retirement and Other",2024,3543.0,2019,2835.0,2014,2612.0,2009,2336.0,0.0455952889686877,0.030955210633779373,0.02815806752279748
South Shore Regional Vocational Technical,Expenditure,Pupil Services,2024,3905.0,2019,3146.0,2014,1732.0,2009,1406.0,0.04417301168073928,0.0846941928041196,0.0704729919246716
South Shore Regional Vocational Technical,Expenditure,Other Teaching Services,2024,1437.0,2019,861.0,2014,802.0,2009,333.0,0.10787490057247062,0.06005461228590403,0.10238721788866045
South Shore Regional Vocational Technical,Expenditure,Operations and Maintenance,2024,2288.0,2019,1923.0,2014,1793.0,2009,1641.0,0.03536945190190388,0.024678380150327417,0.022405465887194165
South Shore Regional Vocational Technical,Expenditure,Instructional Leadership,2024,1239.0,2019,1247.0,2014,1111.0,2009,662.0,-0.001286384707122501,0.01096407895953977,0.04267162389585777
South Shore Regional Vocational Technical,Expenditure,Administration,2024,3230.0,2019,1293.0,2014,1266.0,2009,1042.0,0.20093858770392914,0.09818847498808037,0.07833984681933326
South Shore Regional Vocational Technical,Expenditure,"Guidance, Counseling and Testing",2024,557.0,2019,424.0,2014,760.0,2009,956.0,0.05608255249426586,-0.03059744442988721,-0.035372097121231905
South Shore Regional Vocational Technical,Expenditure,Other,2024,3206.0,2019,1266.0,2014,2423.0,2009,2026.0,0.20422035120599413,0.02839749566979899,0.031070287235534844
South Shore Regional Vocational Technical,Expenditure,Total PPE,2024,30020.0,2019,21158.0,2014,20257.0,2009,17711.0,0.07247509309416356,0.04012026026405069,0.03580461177967087
South Shore Regional Vocational Technical,Enrollment,In-District FTE Pupils,2024,659.9,2019,629.6,2014,594.6,2009,579.6,0.00944504783531852,0.01047441640503477,0.008687525939023777
South Shore Regional Vocational Technical,Enrollment,Out-of-District FTE Pupils,2024,0.0,2019,0.0,2014,2.0,2009,0.0,,,
Southampton,Expenditure,Teachers,2023,6043.0,2018,5263.0,2013,4621.0,2008,,0.028025399283073682,0.027192080930294793,
Southampton,Expenditure,"Insurance, Retirement and Other",2023,2388.0,2018,1988.0,2013,1305.0,2008,,0.03734588494671165,0.06228825811428207,
Southampton,Expenditure,Pupil Services,2023,981.0,2018,928.0,2013,715.0,2008,,0.011170069878918554,0.0321345037802403,
Southampton,Expenditure,Other Teaching Services,2023,1269.0,2018,1095.0,2013,857.0,2008,,0.029934249835423143,0.04003530002778377,
Southampton,Expenditure,Operations and Maintenance,2023,1257.0,2018,794.0,2013,571.0,2008,,0.09623321080150249,0.08210627868483544,
Southampton,Expenditure,Instructional Leadership,2023,780.0,2018,699.0,2013,622.0,2008,,0.02217083514665097,0.022893506869921643,
Southampton,Expenditure,Administration,2023,648.0,2018,565.0,2013,395.0,2008,,0.027792186144409037,0.0507461103850082,
Southampton,Expenditure,"Guidance, Counseling and Testing",2023,128.0,2018,244.0,2013,219.0,2008,,-0.12105028701095,-0.05228755101035876,
Southampton,Expenditure,Other,2023,514.0,2018,240.0,2013,401.0,2008,,0.16452918050020005,0.025136919649159317,
Southampton,Expenditure,Total PPE,2023,14008.0,2018,11816.0,2013,9706.0,2008,,0.034620621194301426,0.037369761750379205,
Southampton,Enrollment,In-District FTE Pupils,2023,484.5,2018,514.3,2013,553.0,2008,,-0.011866890693233545,-0.013137003333931307,
Southampton,Enrollment,Out-of-District FTE Pupils,2023,84.6,2018,63.5,2013,39.3,2008,,0.05905698158226791,0.07968677375896771,
Southampton,NSS,Ch70 Aid,2024,5331.80081300813,2019,5285.720833333334,2014,5074.9504132231405,2009,4904.482176360225,0.0017375162133910216,0.004949437261882794,0.005584839248525153
Southampton,NSS,Req NSS (minus Ch70),2024,8758.884146341463,2019,6872.429166666667,2014,5550.3822314049585,2009,3859.7429643527203,0.04970605400602923,0.046676778337066294,0.05615102902855007
Southampton,NSS,Actual NSS (minus Req NSS),2024,-14090.684959349594,2019,1179.7087299478474,2014,168.22353237859852,2009,511.8968105065666,-2.5888413472997724,-8.476167567113944,-1.9017611193169486
Southampton,NSS,Total Actual NSS per pupil,2024,0.0,2019,13337.85872994785,2014,10793.556177006698,2009,9276.121951219511,,,
Southampton,Enrollment,Foundation Enrollment,2024,492.0,2019,480.0,2014,484.0,2009,533.0,0.0049507371194885685,0.0016407254971886331,-0.005321968391060583
Southborough,Expenditure,Teachers,2024,8451.0,2019,8218.0,2014,6136.0,2009,4810.0,0.005607243489920144,0.032529039983710595,0.03828728357030675
Southborough,Expenditure,"Insurance, Retirement and Other",2024,4143.0,2019,3423.0,2014,2517.0,2009,1842.0,0.03891880386029234,0.051097908152301974,0.05552458644672842
Southborough,Expenditure,Pupil Services,2024,2019.0,2019,1225.0,2014,889.0,2009,820.0,0.10509609950582277,0.08548407359970556,0.061911109771988215
Southborough,Expenditure,Other Teaching Services,2024,3162.0,2019,2309.0,2014,2042.0,2009,984.0,0.06489695827060915,0.04469763798105464,0.08093053291019481
Southborough,Expenditure,Operations and Maintenance,2024,1753.0,2019,1719.0,2014,1233.0,2009,1091.0,0.003924858068739656,0.03581425598755428,0.03212067490688719
Southborough,Expenditure,Instructional Leadership,2024,1501.0,2019,950.0,2014,1023.0,2009,790.0,0.0958003060411996,0.03908363710080187,0.043718961314666016
Southborough,Expenditure,Administration,2024,629.0,2019,532.0,2014,470.0,2009,351.0,0.03406491385416932,0.02956857595484008,0.03965577093885764
Southborough,Expenditure,"Guidance, Counseling and Testing",2024,499.0,2019,540.0,2014,434.0,2009,321.0,-0.015668559395154213,0.014053997947775176,0.029847773061376648
Southborough,Expenditure,Other,2024,420.0,2019,364.0,2014,445.0,2009,319.0,0.029033661071187877,-0.0057652737446075575,0.018506739655553384
Southborough,Expenditure,Total PPE,2024,22577.0,2019,19280.0,2014,15189.0,2009,11328.0,0.03207638413463698,0.04043200958199944,0.047050269329502736
Southborough,Enrollment,In-District FTE Pupils,2024,1303.8,2019,1267.2,2014,1375.5,2009,1592.4,0.005710912525482836,-0.005339118358342998,-0.0132421564935854
Southborough,Enrollment,Out-of-District FTE Pupils,2024,29.3,2019,22.1,2014,31.9,2009,47.2,0.05802290389936471,-0.00846581085903264,-0.03128719294714444
Southborough,NSS,Ch70 Aid,2024,2635.9758333333334,2019,2432.7460840890353,2014,2015.187958883994,2009,1876.4052459016393,0.01617598803157483,0.027217918452285605,0.022918388378933452
Southborough,NSS,Req NSS (minus Ch70),2024,9513.7,2019,7942.316570486398,2014,7843.983847283407,2009,6147.9960655737705,0.036765296757800936,0.019486023324134294,0.029534864060468458
Southborough,NSS,Actual NSS (minus Req NSS),2024,11466.400242333331,2019,9320.465067025409,2014,5048.894429953911,2009,3818.4406933329974,0.042312396063689084,0.08548313611137015,0.07605896432421666
Southborough,NSS,Total Actual NSS per pupil,2024,23616.076075666664,2019,19695.52772160084,2014,14908.066236121313,2009,11842.842004808408,0.03697437247401014,0.04707705431796749,0.047088653704215666
Southborough,Enrollment,Foundation Enrollment,2024,1200.0,2019,1213.0,2014,1362.0,2009,1525.0,-0.002152694256670862,-0.012583423326424259,-0.015851216108043853
Southbridge,Expenditure,Teachers,2024,6814.0,2019,5943.0,2014,4677.0,2009,6099.0,0.027730581643703678,0.03834930351934096,0.007417675389896017
Southbridge,Expenditure,"Insurance, Retirement and Other",2024,3107.0,2019,2579.0,2014,1895.0,2009,1442.0,0.03795370203761794,0.05068662517327294,0.05250717757854706
Southbridge,Expenditure,Pupil Services,2024,3917.0,2019,2618.0,2014,1934.0,2009,1527.0,0.08391889210767944,0.07312351167930808,0.06481534792241761
Southbridge,Expenditure,Other Teaching Services,2024,2650.0,2019,1836.0,2014,1698.0,2009,1227.0,0.07615453311053821,0.04551632594907118,0.05267284701637487
Southbridge,Expenditure,Operations and Maintenance,2024,1777.0,2019,1228.0,2014,1071.0,2009,1100.0,0.07670768341242651,0.051937156927936545,0.03249109861993915
Southbridge,Expenditure,Instructional Leadership,2024,2888.0,2019,1595.0,2014,832.0,2009,805.0,0.12607495720847361,0.13252392719645245,0.08889688118042427
Southbridge,Expenditure,Administration,2024,934.0,2019,857.0,2014,607.0,2009,449.0,0.017356609344028495,0.044036828017328,0.05004207699921781
Southbridge,Expenditure,"Guidance, Counseling and Testing",2024,951.0,2019,235.0,2014,328.0,2009,298.0,0.3225817659973935,0.11232235945718116,0.0804324436022883
Southbridge,Expenditure,Other,2024,1547.0,2019,783.0,2014,444.0,2009,495.0,0.1458973374656971,0.13294997549276744,0.07892769459473503
Southbridge,Expenditure,Total PPE,2024,24585.0,2019,17674.0,2014,13486.0,2009,13442.0,0.06823566205713583,0.061887982150135246,0.04107117371694269
Southbridge,Enrollment,In-District FTE Pupils,2024,1888.6,2019,2005.1,2014,2225.1,2009,2090.5,-0.011900249410951358,-0.016262911838281657,-0.0067482911884660934
Southbridge,Enrollment,Out-of-District FTE Pupils,2024,417.7,2019,362.8,2014,267.1,2009,219.1,0.02858323014445796,0.0457287754627238,0.04395426565822014
Southbridge,NSS,Ch70 Aid,2024,13389.139030023094,2019,9186.395419187555,2014,7694.6122973057845,2009,7204.700884955752,0.07825505584049486,0.05695522716539836,0.0421793085126676
Southbridge,NSS,Req NSS (minus Ch70),2024,4206.806004618938,2019,3245.599827139153,2014,3196.8280991735537,2009,1925.7238938053097,0.05325008467876402,0.02783480560233409,0.0534741847419804
Southbridge,NSS,Actual NSS (minus Req NSS),2024,404.8239504603639,2019,665.1027704464045,2014,398.8210865342497,2009,1303.0424778761062,-0.09452703421652053,0.0014950535528708286,-0.07497420892773088
Southbridge,NSS,Total Actual NSS per pupil,2024,18000.768985102393,2019,13097.098016773112,2014,11290.261483013588,2009,10433.467256637168,0.06567111926589364,0.047752500109311535,0.03702882172577948
Southbridge,Enrollment,Foundation Enrollment,2024,2165.0,2019,2314.0,2014,2420.0,2009,2260.0,-0.013223247882018452,-0.011072956345310803,-0.00285886908372035
Southeastern Regional Vocational Technical,Expenditure,Teachers,2024,8028.0,2019,7641.0,2014,7392.0,2009,6464.0,0.009930371384751613,0.00828786542696891,0.01455065223701224
Southeastern Regional Vocational Technical,Expenditure,"Insurance, Retirement and Other",2024,3397.0,2019,3349.0,2014,2386.0,2009,2035.0,0.0028502332863606927,0.035958864067351826,0.03474993761032441
Southeastern Regional Vocational Technical,Expenditure,Pupil Services,2024,2729.0,2019,2205.0,2014,2309.0,2009,2508.0,0.04356375878596097,0.01685249898560337,0.005645852687780728
Southeastern Regional Vocational Technical,Expenditure,Other Teaching Services,2024,1011.0,2019,627.0,2014,952.0,2009,464.0,0.10026354302588336,0.006031132907563963,0.05329222484117069
Southeastern Regional Vocational Technical,Expenditure,Operations and Maintenance,2024,2933.0,2019,1680.0,2014,2404.0,2009,2367.0,0.117893822526135,0.020088284857250338,0.014396137777485718
Southeastern Regional Vocational Technical,Expenditure,Instructional Leadership,2024,3188.0,2019,2537.0,2014,2617.0,2009,2064.0,0.04674180413141649,0.01993256639981489,0.029407294337834733
Southeastern Regional Vocational Technical,Expenditure,Administration,2024,871.0,2019,655.0,2014,703.0,2009,781.0,0.05865723772222475,0.021659747742869495,0.007297620593357035
Southeastern Regional Vocational Technical,Expenditure,"Guidance, Counseling and Testing",2024,922.0,2019,734.0,2014,597.0,2009,494.0,0.04666324170299729,0.044421152628671745,0.04247807895791755
Southeastern Regional Vocational Technical,Expenditure,Other,2024,2142.0,2019,1423.0,2014,1464.0,2009,1642.0,0.0852328047688855,0.03879018841640036,0.01787962448249547
Southeastern Regional Vocational Technical,Expenditure,Total PPE,2024,25221.0,2019,20851.0,2014,20824.0,2009,18819.0,0.03878837964588944,0.019341755583433873,0.019712439546949234
Southeastern Regional Vocational Technical,Enrollment,In-District FTE Pupils,2024,1564.8,2019,1495.3,2014,1316.9,2009,1295.9,0.009127638063178178,0.017397354407258314,0.012649509083020982
Southeastern Regional Vocational Technical,Enrollment,Out-of-District FTE Pupils,2024,1.0,2019,2.0,2014,4.9,2009,1.0,-0.12944943670387588,-0.14693840181107776,0.0
Southern Berkshire,Expenditure,Teachers,2024,7733.0,2019,7984.0,2014,6517.0,2009,5397.0,-0.006368167401229807,0.017255458504906285,0.024266666753296917
Southern Berkshire,Expenditure,"Insurance, Retirement and Other",2024,6202.0,2019,5531.0,2014,4329.0,2009,2977.0,0.02316487071999873,0.036607669259952846,0.05014723964983303
Southern Berkshire,Expenditure,Pupil Services,2024,6705.0,2019,3512.0,2014,2426.0,2009,1798.0,0.1380696847048235,0.10700809983204196,0.09170996116187036
Southern Berkshire,Expenditure,Other Teaching Services,2024,3514.0,2019,1986.0,2014,1790.0,2009,1376.0,0.12089389198983613,0.06978098113223141,0.06449972819648053
Southern Berkshire,Expenditure,Operations and Maintenance,2024,3683.0,2019,1853.0,2014,1616.0,2009,1141.0,0.1472690029071022,0.085865503129124,0.08125402785287794
Southern Berkshire,Expenditure,Instructional Leadership,2024,1945.0,2019,1623.0,2014,1227.0,2009,999.0,0.036860230593306564,0.04714664182861372,0.045418724532944044
Southern Berkshire,Expenditure,Administration,2024,1260.0,2019,1069.0,2014,677.0,2009,585.0,0.03342405877570176,0.06408957318820252,0.05248111509861397
Southern Berkshire,Expenditure,"Guidance, Counseling and Testing",2024,1197.0,2019,721.0,2014,536.0,2009,248.0,0.10670475811858315,0.08365973316742603,0.11064729864855916
Southern Berkshire,Expenditure,Other,2024,923.0,2019,893.0,2014,542.0,2009,529.0,0.006630415246059673,0.054678860865957635,0.03780653701015346
Southern Berkshire,Expenditure,Total PPE,2024,33162.0,2019,25172.0,2014,19660.0,2009,15050.0,0.05668270282700494,0.05367268119296886,0.05408009995335439
Southern Berkshire,Enrollment,In-District FTE Pupils,2024,613.6,2019,677.8,2014,752.1,2009,894.6,-0.019705068245264967,-0.020146888109880412,-0.024822294684304524
Southern Berkshire,Enrollment,Out-of-District FTE Pupils,2024,144.0,2019,116.5,2014,157.2,2009,157.0,0.04329544999318813,-0.008732208894097093,-0.00574559760749993
Southern Worcester County Regional Vocational School District,Expenditure,Teachers,2024,9537.0,2019,7846.0,2014,7084.0,2009,6446.0,0.039806901793567606,0.030180495323845147,0.02645858669638912
Southern Worcester County Regional Vocational School District,Expenditure,"Insurance, Retirement and Other",2024,3275.0,2019,2983.0,2014,3378.0,2009,2390.0,0.018853191497720134,-0.0030918054247540683,0.021223719848943112
Southern Worcester County Regional Vocational School District,Expenditure,Pupil Services,2024,3049.0,2019,2456.0,2014,2005.0,2009,1663.0,0.04420510568051861,0.04280788114464551,0.041240403211688426
Southern Worcester County Regional Vocational School District,Expenditure,Other Teaching Services,2024,699.0,2019,619.0,2014,586.0,2009,488.0,0.0246069687246937,0.017789476097149537,0.02424493166218533
Southern Worcester County Regional Vocational School District,Expenditure,Operations and Maintenance,2024,1715.0,2019,1395.0,2014,1040.0,2009,1240.0,0.04216859854511412,0.05129131960608202,0.021855521507467612
Southern Worcester County Regional Vocational School District,Expenditure,Instructional Leadership,2024,1262.0,2019,1596.0,2014,1217.0,2009,951.0,-0.0458749600395425,0.003637494695824639,0.019041621357924754
Southern Worcester County Regional Vocational School District,Expenditure,Administration,2024,984.0,2019,681.0,2014,599.0,2009,520.0,0.07638985854058844,0.05088895510352476,0.04343672216210015
Southern Worcester County Regional Vocational School District,Expenditure,"Guidance, Counseling and Testing",2024,964.0,2019,589.0,2014,512.0,2009,421.0,0.10355084546037685,0.06532153773093818,0.05678424305604768
Southern Worcester County Regional Vocational School District,Expenditure,Other,2024,3031.0,2019,1361.0,2014,1334.0,2009,1571.0,0.17366880670479157,0.08553295055084598,0.04478593330463965
Southern Worcester County Regional Vocational School District,Expenditure,Total PPE,2024,24516.0,2019,19526.0,2014,17755.0,2009,15690.0,0.046567551725020584,0.032792067478430775,0.030200551269667697
Southern Worcester County Regional Vocational School District,Enrollment,In-District FTE Pupils,2024,1159.6,2019,1106.2,2014,1067.0,2009,1085.7,0.009473471825899082,0.008357142138961438,0.00439966207237541
Southern Worcester County Regional Vocational School District,Enrollment,Out-of-District FTE Pupils,2024,54.4,2019,30.6,2014,28.5,2009,25.5,0.12195514544619956,0.06678132405112924,0.05180988479980453
Southwick-Tolland-Granville Regional School District,Expenditure,Teachers,2024,7242.0,2019,5966.0,2014,4963.0,2009,4299.0,0.03952527755258317,0.03851177368640624,0.03537912596275139
Southwick-Tolland-Granville Regional School District,Expenditure,"Insurance, Retirement and Other",2024,2687.0,2019,2047.0,2014,1528.0,2009,909.0,0.055917444415118256,0.05807007413955234,0.07493016960476351
Southwick-Tolland-Granville Regional School District,Expenditure,Pupil Services,2024,2844.0,2019,1688.0,2014,1488.0,2009,1125.0,0.10997048308287649,0.06692198939592875,0.06377996006857956
Southwick-Tolland-Granville Regional School District,Expenditure,Other Teaching Services,2024,1558.0,2019,1104.0,2014,871.0,2009,716.0,0.07132114299157655,0.059875687133919664,0.05319865400211743
Southwick-Tolland-Granville Regional School District,Expenditure,Operations and Maintenance,2024,1623.0,2019,1144.0,2014,786.0,2009,707.0,0.07245356957887394,0.07520084588360176,0.056963378987697766
Southwick-Tolland-Granville Regional School District,Expenditure,Instructional Leadership,2024,1168.0,2019,940.0,2014,978.0,2009,692.0,0.04439070465367356,0.01791238573921161,0.03551354304568499
Southwick-Tolland-Granville Regional School District,Expenditure,Administration,2024,700.0,2019,523.0,2014,342.0,2009,395.0,0.0600327185409677,0.07425452918194986,0.03888321523272653
Southwick-Tolland-Granville Regional School District,Expenditure,"Guidance, Counseling and Testing",2024,810.0,2019,655.0,2014,544.0,2009,412.0,0.043394982092881174,0.04061147809669463,0.0460983574710907
Southwick-Tolland-Granville Regional School District,Expenditure,Other,2024,1679.0,2019,691.0,2014,518.0,2009,499.0,0.1943030179637617,0.12479167584440565,0.08425144605260781
Southwick-Tolland-Granville Regional School District,Expenditure,Total PPE,2024,20311.0,2019,14758.0,2014,12018.0,2009,9754.0,0.06595963643005942,0.0538769615467547,0.05011429461674877
Southwick-Tolland-Granville Regional School District,Enrollment,In-District FTE Pupils,2024,1312.8,2019,1518.2,2014,1689.3,2009,1809.6,-0.028654089242798553,-0.024899950244757107,-0.021168962045818862
Southwick-Tolland-Granville Regional School District,Enrollment,Out-of-District FTE Pupils,2024,119.1,2019,102.1,2014,114.1,2009,70.8,0.03128144491237861,0.004298032108382532,0.03528177051614101
Spencer-E Brookfield,Expenditure,Teachers,2024,6062.0,2019,5326.0,2014,4060.0,2009,4228.0,0.026225859255399442,0.040899955202695404,0.024311535302872445
Spencer-E Brookfield,Expenditure,"Insurance, Retirement and Other",2024,3083.0,2019,2907.0,2014,2329.0,2009,2183.0,0.011825682430257167,0.02844341933783867,0.023280392714555287
Spencer-E Brookfield,Expenditure,Pupil Services,2024,2604.0,2019,1950.0,2014,1386.0,2009,1240.0,0.059549555698669154,0.06509359971710427,0.05070617911765907
Spencer-E Brookfield,Expenditure,Other Teaching Services,2024,1880.0,2019,1499.0,2014,946.0,2009,587.0,0.046336181825452405,0.07109174280278374,0.08069045717951351
Spencer-E Brookfield,Expenditure,Operations and Maintenance,2024,1518.0,2019,1424.0,2014,969.0,2009,1094.0,0.012866847805034443,0.0459111659085214,0.02207703433062491
Spencer-E Brookfield,Expenditure,Instructional Leadership,2024,1410.0,2019,1021.0,2014,750.0,2009,679.0,0.06669110631084596,0.06516229549163888,0.049921000501058854
Spencer-E Brookfield,Expenditure,Administration,2024,805.0,2019,775.0,2014,744.0,2009,338.0,0.007624771260500873,0.007911254153133873,0.05955932667122288
Spencer-E Brookfield,Expenditure,"Guidance, Counseling and Testing",2024,624.0,2019,462.0,2014,280.0,2009,218.0,0.06196089006149608,0.08343448763927852,0.07262654303675298
Spencer-E Brookfield,Expenditure,Other,2024,1147.0,2019,435.0,2014,201.0,2009,447.0,0.21398922527680386,0.190246014828926,0.06483845424510948
Spencer-E Brookfield,Expenditure,Total PPE,2024,19133.0,2019,15799.0,2014,11665.0,2009,11014.0,0.03903623792360156,0.050726856267115705,0.03750261486447193
Spencer-E Brookfield,Enrollment,In-District FTE Pupils,2024,1403.1,2019,1407.7,2014,1813.8,2009,2034.5,-0.0006544042708580555,-0.025347227088900026,-0.02446678237551292
Spencer-E Brookfield,Enrollment,Out-of-District FTE Pupils,2024,274.3,2019,287.8,2014,195.7,2009,145.4,-0.009562663444787622,0.03434042428774875,0.043223656566221624
Springfield,Expenditure,Teachers,2024,7737.0,2019,5510.0,2014,4823.0,2009,5839.0,0.07024744471437083,0.0483964301840889,0.01894077422505025
Springfield,Expenditure,"Insurance, Retirement and Other",2024,3906.0,2019,2765.0,2014,2496.0,2009,2050.0,0.07153761412959914,0.04580030895324905,0.043915209582256365
Springfield,Expenditure,Pupil Services,2024,3204.0,2019,2499.0,2014,1852.0,2009,1651.0,0.05095773338812526,0.056343471285028146,0.04519268671264087
Springfield,Expenditure,Other Teaching Services,2024,2014.0,2019,1357.0,2014,1086.0,2009,1143.0,0.08217108017384689,0.06370931911969269,0.038486564975936055
Springfield,Expenditure,Operations and Maintenance,2024,3806.0,2019,1337.0,2014,997.0,2009,1150.0,0.232728609543003,0.1433451729310764,0.08305720601960442
Springfield,Expenditure,Instructional Leadership,2024,1571.0,2019,983.0,2014,1245.0,2009,719.0,0.09830897733169386,0.023530251848733252,0.053488549683308406
Springfield,Expenditure,Administration,2024,609.0,2019,416.0,2014,677.0,2009,533.0,0.07920709638745183,-0.010529473382665744,0.008926058008039028
Springfield,Expenditure,"Guidance, Counseling and Testing",2024,697.0,2019,469.0,2014,405.0,2009,380.0,0.08246032446983587,0.05579056220165968,0.041269814520482395
Springfield,Expenditure,Other,2024,3071.0,2019,1673.0,2014,1734.0,2009,1143.0,0.12916335409522328,0.058822282616117993,0.0681089948599718
Springfield,Expenditure,Total PPE,2024,26615.0,2019,17009.0,2014,15315.0,2009,14608.0,0.09367815555065051,0.05681981350333043,0.04080422701168662
Springfield,Enrollment,In-District FTE Pupils,2024,23722.9,2019,25293.6,2014,25248.9,2009,25137.2,-0.012740261496021477,-0.006214784247550731,-0.0038530906770313234
Springfield,Enrollment,Out-of-District FTE Pupils,2024,5745.0,2019,5150.4,2014,3613.1,2009,3570.8,0.02209158978161474,0.0474685810802109,0.032210566340747926
Springfield,NSS,Ch70 Aid,2024,16865.6982277766,2019,11642.981631277384,2014,10403.488570021806,2009,9305.291765539225,0.07693135730691925,0.049500217932958,0.04044299052016642
Springfield,NSS,Req NSS (minus Ch70),2024,1695.4771874039632,2019,1394.8221607918586,2014,1378.9451285932876,2009,247.43537219371842,0.03981151460568966,0.0208795320257269,0.1368993314219613
Springfield,NSS,Actual NSS (minus Req NSS),2024,-0.00018199118005348146,2019,-6.317230318787526e-05,2014,4.550710654823876e-05,2009,-150.18947189120735,0.2356763253562706,-0.4999181531362929,-0.5967626765450165
Springfield,NSS,Total Actual NSS per pupil,2024,18561.17523318938,2019,13037.803728896939,2014,11782.4337441222,2009,9402.537665841735,0.07319886920093,0.046494731985888604,0.04638304169082308
Springfield,Enrollment,Foundation Enrollment,2024,28326.0,2019,29670.0,2014,28434.0,2009,28235.0,-0.009228419040910651,-0.00038047774210903107,0.00021454085509176046
Springfield International Charter (District),Expenditure,Teachers,2024,5022.0,2019,3324.0,2014,,2009,,0.08603329209733634,,
Springfield International Charter (District),Expenditure,"Insurance, Retirement and Other",2024,2482.0,2019,2756.0,2014,,2009,,-0.020725348870450522,,
Springfield International Charter (District),Expenditure,Pupil Services,2024,826.0,2019,2443.0,2014,,2009,,-0.19497138816848392,,
Springfield International Charter (District),Expenditure,Other Teaching Services,2024,1939.0,2019,871.0,2014,,2009,,0.17357792224659097,,
Springfield International Charter (District),Expenditure,Operations and Maintenance,2024,2979.0,2019,815.0,2014,,2009,,0.295933089201182,,
Springfield International Charter (District),Expenditure,Instructional Leadership,2024,976.0,2019,1038.0,2014,,2009,,-0.012242143179957976,,
Springfield International Charter (District),Expenditure,Administration,2024,1444.0,2019,1188.0,2014,,2009,,0.039800807861026355,,
Springfield International Charter (District),Expenditure,"Guidance, Counseling and Testing",2024,591.0,2019,642.0,2014,,2009,,-0.016418185235249183,,
Springfield International Charter (District),Expenditure,Other,2024,802.0,2019,719.0,2014,,2009,,0.02208989728257338,,
Springfield International Charter (District),Expenditure,Total PPE,2024,17061.0,2019,13796.0,2014,,2009,,0.04339862352413082,,
Springfield International Charter (District),Enrollment,In-District FTE Pupils,2024,1481.3,2019,1572.0,2014,,2009,,-0.01181536649897108,,
Springfield International Charter (District),Enrollment,Out-of-District FTE Pupils,2024,0.0,2019,0.0,2014,,2009,,,,
Springfield Preparatory Charter School (District),Expenditure,Teachers,2024,7245.0,2019,5564.0,2014,,2009,,0.05421757882964262,,
Springfield Preparatory Charter School (District),Expenditure,"Insurance, Retirement and Other",2024,1717.0,2019,2557.0,2014,,2009,,-0.07656163559849172,,
Springfield Preparatory Charter School (District),Expenditure,Pupil Services,2024,1908.0,2019,2588.0,2014,,2009,,-0.05914473473560511,,
Springfield Preparatory Charter School (District),Expenditure,Other Teaching Services,2024,2170.0,2019,317.0,2014,,2009,,0.4691972078880613,,
Springfield Preparatory Charter School (District),Expenditure,Operations and Maintenance,2024,1177.0,2019,808.0,2014,,2009,,0.07813469078116464,,
Springfield Preparatory Charter School (District),Expenditure,Instructional Leadership,2024,1491.0,2019,1121.0,2014,,2009,,0.058703639786491735,,
Springfield Preparatory Charter School (District),Expenditure,Administration,2024,2758.0,2019,1575.0,2014,,2009,,0.11856890113004304,,
Springfield Preparatory Charter School (District),Expenditure,"Guidance, Counseling and Testing",2024,209.0,2019,424.0,2014,,2009,,-0.13192732481359148,,
Springfield Preparatory Charter School (District),Expenditure,Other,2024,1048.0,2019,954.0,2014,,2009,,0.018972777214063097,,
Springfield Preparatory Charter School (District),Expenditure,Total PPE,2024,19723.0,2019,15908.0,2014,,2009,,0.04393024074187912,,
Springfield Preparatory Charter School (District),Enrollment,In-District FTE Pupils,2024,485.1,2019,269.7,2014,,2009,,0.12457924923546226,,
Springfield Preparatory Charter School (District),Enrollment,Out-of-District FTE Pupils,2024,0.0,2019,0.0,2014,,2009,,,,
Stoneham,Expenditure,Teachers,2024,7448.0,2019,6024.0,2014,5398.0,2009,4336.0,0.04335221158943803,0.03271546050495755,0.03672449444404635
Stoneham,Expenditure,"Insurance, Retirement and Other",2024,4817.0,2019,3519.0,2014,2696.0,2009,2035.0,0.06480841808967797,0.05975549186042217,0.059125640820679504
Stoneham,Expenditure,Pupil Services,2024,1684.0,2019,1039.0,2014,804.0,2009,638.0,0.10140059794401579,0.07673443850178496,0.06684524832655248
Stoneham,Expenditure,Other Teaching Services,2024,2261.0,2019,1304.0,2014,1118.0,2009,706.0,0.11636084103461997,0.07296579138221437,0.08068649456784227
Stoneham,Expenditure,Operations and Maintenance,2024,1624.0,2019,1611.0,2014,1273.0,2009,1137.0,0.0016087201130243756,0.024650513711060862,0.024051278268968135
Stoneham,Expenditure,Instructional Leadership,2024,1124.0,2019,1286.0,2014,1029.0,2009,648.0,-0.02656923353838403,0.008869734492896297,0.0373996258495799
Stoneham,Expenditure,Administration,2024,828.0,2019,421.0,2014,375.0,2009,407.0,0.14485279353243818,0.08243021558205954,0.04848541885969104
Stoneham,Expenditure,"Guidance, Counseling and Testing",2024,600.0,2019,554.0,2014,421.0,2009,301.0,0.01608092207253975,0.036064791721425626,0.04706180359149803
Stoneham,Expenditure,Other,2024,726.0,2019,474.0,2014,345.0,2009,299.0,0.08900946854236902,0.07723821738998349,0.06092421526140912
Stoneham,Expenditure,Total PPE,2024,21112.0,2019,16232.0,2014,13459.0,2009,10507.0,0.05397781270754387,0.046048108269893584,0.04761902408051388
Stoneham,Enrollment,In-District FTE Pupils,2024,2293.2,2019,2384.5,2014,2307.4,2009,2714.0,-0.00777784216605093,-0.0006171222475840343,-0.01116884935479412
Stoneham,Enrollment,Out-of-District FTE Pupils,2024,245.0,2019,172.7,2014,179.6,2009,122.4,0.07244431001552898,0.03153976709110018,0.0473511432475211
Stoneham,NSS,Ch70 Aid,2024,2993.661443298969,2019,1839.313227953411,2014,1527.2224800878805,2009,1340.989445709947,0.10232434236134558,0.06962128739423945,0.054998450099688956
Stoneham,NSS,Req NSS (minus Ch70),2024,10270.503505154638,2019,8671.048252911814,2014,8536.10647359455,2009,7351.813591495824,0.034436953133770265,0.01866923735378978,0.02253884793822647
Stoneham,NSS,Actual NSS (minus Req NSS),2024,5934.611165628867,2019,4665.602496959889,2014,2474.7243724365826,2009,1168.1502858873855,0.049293317228956246,0.09140651868851357,0.1144473862338431
Stoneham,NSS,Total Actual NSS per pupil,2024,19198.776114082473,2019,15175.963977825115,2014,12538.053326119014,2009,9860.953323093156,0.04815003077428903,0.04352856845647235,0.04541880856279512
Stoneham,Enrollment,Foundation Enrollment,2024,2425.0,2019,2404.0,2014,2348.0,2009,2634.0,0.0017410153537378292,0.0032319738436692447,-0.005496311632002704
Stoughton,Expenditure,Teachers,2024,8124.0,2019,7241.0,2014,5966.0,2009,4786.0,0.02327949936374929,0.031356159343821854,0.035904726684582444
Stoughton,Expenditure,"Insurance, Retirement and Other",2024,3121.0,2019,2013.0,2014,1690.0,2009,1292.0,0.09166653884024956,0.06326301243483279,0.06056042424539321
Stoughton,Expenditure,Pupil Services,2024,1974.0,2019,1297.0,2014,922.0,2009,978.0,0.08763064177712443,0.07909982654130654,0.047933891553613384
Stoughton,Expenditure,Other Teaching Services,2024,1544.0,2019,807.0,2014,590.0,2009,558.0,0.13855693318765394,0.1009802500295176,0.07020639016739616
Stoughton,Expenditure,Operations and Maintenance,2024,1142.0,2019,1203.0,2014,1155.0,2009,927.0,-0.010353494879814518,-0.001131282890489138,0.014002653108460272
Stoughton,Expenditure,Instructional Leadership,2024,1665.0,2019,1025.0,2014,952.0,2009,804.0,0.10188957569715096,0.05749355437104686,0.04972904191568994
Stoughton,Expenditure,Administration,2024,502.0,2019,348.0,2014,312.0,2009,230.0,0.07603127573292334,0.04870880002469535,0.053412317110310026
Stoughton,Expenditure,"Guidance, Counseling and Testing",2024,658.0,2019,494.0,2014,378.0,2009,355.0,0.05900933640564965,0.05699615959035009,0.04199708184017492
Stoughton,Expenditure,Other,2024,402.0,2019,683.0,2014,757.0,2009,578.0,-0.10058304574081722,-0.06132982844826784,-0.023917452384113247
Stoughton,Expenditure,Total PPE,2024,19132.0,2019,15111.0,2014,12722.0,2009,10508.0,0.048318942533760234,0.04164683376785816,0.04075703185810631
Stoughton,Enrollment,In-District FTE Pupils,2024,3807.4,2019,3486.9,2014,3621.0,2009,3902.1,0.017742246840393383,0.005032250524813264,-0.0016365479436433183
Stoughton,Enrollment,Out-of-District FTE Pupils,2024,208.4,2019,214.6,2014,130.8,2009,80.0,-0.005846148442124721,0.04768082905573867,0.06590994734576872
Stoughton,NSS,Ch70 Aid,2024,7159.31925264013,2019,4266.560312331718,2014,3822.801749985735,2009,3255.8772646083185,0.10906951496730488,0.06475330132723456,0.05393440079570877
Stoughton,NSS,Req NSS (minus Ch70),2024,8271.77200108313,2019,6821.735056542811,2014,6390.085515766969,2009,5374.667006889513,0.0392995551747497,0.026146075463547414,0.029160555868903648
Stoughton,NSS,Actual NSS (minus Req NSS),2024,3208.74972250203,2019,3124.095836735341,2014,1500.976899014731,2009,794.5604393246961,0.005361613808943844,0.07893724090818255,0.09752375022725523
Stoughton,NSS,Total Actual NSS per pupil,2024,18639.840976225292,2019,14212.39120560987,2014,11713.864164767436,2009,9425.104710822527,0.055735219505087086,0.047548651024314825,0.046510848156849915
Stoughton,Enrollment,Foundation Enrollment,2024,3693.0,2019,3714.0,2014,3742.0,2009,3919.0,-0.0011334226028570926,-0.0013172408737753827,-0.003951995785504203
Sturbridge,Expenditure,Teachers,2024,7481.0,2019,6410.0,2014,4980.0,2009,4938.0,0.031383846088884004,0.04153299156236523,0.02808077494753447
Sturbridge,Expenditure,"Insurance, Retirement and Other",2024,2377.0,2019,2093.0,2014,1369.0,2009,701.0,0.0257747174290317,0.056726438692459746,0.08481099322115648
Sturbridge,Expenditure,Pupil Services,2024,1864.0,2019,1139.0,2014,812.0,2009,726.0,0.10353074354652625,0.086648257382967,0.06487987427823994
Sturbridge,Expenditure,Other Teaching Services,2024,2703.0,2019,2177.0,2014,1709.0,2009,1785.0,0.044233263535489176,0.04691253143964347,0.02804909479042106
Sturbridge,Expenditure,Operations and Maintenance,2024,1040.0,2019,850.0,2014,697.0,2009,639.0,0.04117296495987799,0.04083061029624235,0.0330043858308644
Sturbridge,Expenditure,Instructional Leadership,2024,618.0,2019,522.0,2014,596.0,2009,531.0,0.03434065345712578,0.003631356495649829,0.010166426253719774
Sturbridge,Expenditure,Administration,2024,595.0,2019,466.0,2014,356.0,2009,505.0,0.0500892434126432,0.052705026858955284,0.010993521242619098
Sturbridge,Expenditure,"Guidance, Counseling and Testing",2024,535.0,2019,400.0,2014,284.0,2009,312.0,0.059885029979053206,0.06537755798246137,0.03660495202172287
Sturbridge,Expenditure,Other,2024,812.0,2019,395.0,2014,271.0,2009,532.0,0.15502606988971102,0.11598581346366155,0.02859156794479034
Sturbridge,Expenditure,Total PPE,2024,18025.0,2019,14452.0,2014,11074.0,2009,10669.0,0.045176085379334596,0.04992209531318115,0.03557948217341611
Sturbridge,Enrollment,In-District FTE Pupils,2024,904.4,2019,889.7,2014,984.4,2009,883.7,0.0032828594493541363,-0.008440237310288978,0.0015447987661887375
Sturbridge,Enrollment,Out-of-District FTE Pupils,2024,37.2,2019,31.2,2014,13.2,2009,15.4,0.03580420358021441,0.10916690020135311,0.06055895317354265
Sturbridge,NSS,Ch70 Aid,2024,5354.731596828992,2019,4392.314942528736,2014,3216.2493179203143,2009,2583.4749373433583,0.04042037078308991,0.05229813327221855,0.049789513633641924
Sturbridge,NSS,Req NSS (minus Ch70),2024,6805.449603624009,2019,5572.555172413793,2014,5574.054994388328,2009,5096.221804511279,0.04078371688917337,0.02016062544796604,0.01946870832063996
Sturbridge,NSS,Actual NSS (minus Req NSS),2024,4437.836476443941,2019,4133.551552241007,2014,2081.9942286565656,2009,2872.5075187969924,0.014307384771729437,0.07862175992010978,0.029423333729804657
Sturbridge,NSS,Total Actual NSS per pupil,2024,16598.01767689694,2019,14098.421667183535,2014,10872.298540965208,2009,10552.20426065163,0.033182747224639986,0.04321418899196594,0.03065710676674316
Sturbridge,Enrollment,Foundation Enrollment,2024,883.0,2019,870.0,2014,891.0,2009,798.0,0.0029708019026992716,-0.000901516076671327,0.006770591061115994
Sturgis Charter Public (District),Expenditure,Teachers,2024,9213.0,2019,7561.0,2014,,2009,,0.04031381695627689,,
Sturgis Charter Public (District),Expenditure,"Insurance, Retirement and Other",2024,2418.0,2019,1522.0,2014,,2009,,0.09700429723992521,,
Sturgis Charter Public (District),Expenditure,Pupil Services,2024,810.0,2019,1022.0,2014,,2009,,-0.04543210285778343,,
Sturgis Charter Public (District),Expenditure,Other Teaching Services,2024,1935.0,2019,712.0,2014,,2009,,0.22135016423678655,,
Sturgis Charter Public (District),Expenditure,Operations and Maintenance,2024,979.0,2019,730.0,2014,,2009,,0.06045432170140863,,
Sturgis Charter Public (District),Expenditure,Instructional Leadership,2024,1360.0,2019,964.0,2014,,2009,,0.0712537985457442,,
Sturgis Charter Public (District),Expenditure,Administration,2024,1286.0,2019,1065.0,2014,,2009,,0.03843250072887039,,
Sturgis Charter Public (District),Expenditure,"Guidance, Counseling and Testing",2024,1072.0,2019,1114.0,2014,,2009,,-0.007656752350584162,,
Sturgis Charter Public (District),Expenditure,Other,2024,650.0,2019,663.0,2014,,2009,,-0.003952692922012169,,
Sturgis Charter Public (District),Expenditure,Total PPE,2024,19723.0,2019,15353.0,2014,,2009,,0.05137088203341045,,
Sturgis Charter Public (District),Enrollment,In-District FTE Pupils,2024,824.7,2019,838.2,2014,,2009,,-0.0032421431964630987,,
Sturgis Charter Public (District),Enrollment,Out-of-District FTE Pupils,2024,0.0,2019,0.0,2014,,2009,,,,
Sudbury,Expenditure,Teachers,2024,9054.0,2019,7172.0,2014,5314.0,2009,4083.0,0.047707473561381164,0.054731445154466485,0.05452628005807192
Sudbury,Expenditure,"Insurance, Retirement and Other",2024,3330.0,2019,2422.0,2014,1945.0,2009,2160.0,0.06574675491247195,0.05524295835261528,0.02927802049664474
Sudbury,Expenditure,Pupil Services,2024,1613.0,2019,1098.0,2014,948.0,2009,729.0,0.07995685494284643,0.05458746032455242,0.05437181799560187
Sudbury,Expenditure,Other Teaching Services,2024,2567.0,2019,1758.0,2014,1639.0,2009,1269.0,0.07865211554831819,0.04588682324350013,0.04808768107160999
Sudbury,Expenditure,Operations and Maintenance,2024,1296.0,2019,907.0,2014,1136.0,2009,756.0,0.07398828194285323,0.013264126056686587,0.036586496585208295
Sudbury,Expenditure,Instructional Leadership,2024,1938.0,2019,1388.0,2014,957.0,2009,662.0,0.06903730686299014,0.07310985555536798,0.07423604067166911
Sudbury,Expenditure,Administration,2024,489.0,2019,391.0,2014,570.0,2009,384.0,0.04574650150959858,-0.015210520585326237,0.01624520389999007
Sudbury,Expenditure,"Guidance, Counseling and Testing",2024,841.0,2019,632.0,2014,481.0,2009,295.0,0.05880451239753559,0.0574627841085793,0.07233775920538266
Sudbury,Expenditure,Other,2024,853.0,2019,580.0,2014,520.0,2009,304.0,0.08020008599860229,0.05073831434695464,0.07120279334782098
Sudbury,Expenditure,Total PPE,2024,21981.0,2019,16348.0,2014,13510.0,2009,10642.0,0.06100288167666146,0.04987890525221306,0.049546326196845625
Sudbury,Enrollment,In-District FTE Pupils,2024,2547.7,2019,2667.8,2014,2917.9,2009,3240.6,-0.009170327972099823,-0.01347569755885758,-0.015909912481824273
Sudbury,Enrollment,Out-of-District FTE Pupils,2024,31.1,2019,68.6,2014,39.8,2009,53.8,-0.1463354347666458,-0.024364191574256622,-0.03587826369019664
Sudbury,NSS,Ch70 Aid,2024,2211.5033824114603,2019,1810.0140066347217,2014,1528.3524504692389,2009,1422.7951140065147,0.04088112789910925,0.03763929280291656,0.029839825973125844
Sudbury,NSS,Req NSS (minus Ch70),2024,9180.49661758854,2019,7812.176925912274,2014,7642.107751129649,2009,6439.315635179153,0.03280616324619401,0.01851001040834488,0.02392566951702424
Sudbury,NSS,Actual NSS (minus Req NSS),2024,8960.616155988857,2019,5783.453880561819,2014,3254.3139730197586,2009,2529.424429967427,0.09151603328872815,0.10659280543504068,0.08798041521190103
Sudbury,NSS,Total Actual NSS per pupil,2024,20352.616155988857,2019,15405.644813108815,2014,12424.774174618646,2009,10391.535179153094,0.05727526566809993,0.05058978501814315,0.04583386846293647
Sudbury,Enrollment,Foundation Enrollment,2024,2513.0,2019,2713.0,2014,2877.0,2009,3070.0,-0.015198868376674612,-0.013436002762973298,-0.013258014775248905
Sunderland,Expenditure,Teachers,2024,8947.0,2019,6001.0,2014,5394.0,2009,4710.0,0.08315538232485697,0.05190531507657492,0.043703409069255184
Sunderland,Expenditure,"Insurance, Retirement and Other",2024,4031.0,2019,1528.0,2014,1117.0,2009,1203.0,0.21410958791953116,0.13693585413010356,0.08395140189198913
Sunderland,Expenditure,Pupil Services,2024,2476.0,2019,1028.0,2014,879.0,2009,1229.0,0.192206554440558,0.10911397251137056,0.04780367459624757
Sunderland,Expenditure,Other Teaching Services,2024,4549.0,2019,4266.0,2014,2326.0,2009,2417.0,0.012929028101231754,0.0693764669533965,0.043059987199003835
Sunderland,Expenditure,Operations and Maintenance,2024,3037.0,2019,1253.0,2014,1268.0,2009,1188.0,0.19370975843124394,0.09127084834836219,0.06457245126046307
Sunderland,Expenditure,Instructional Leadership,2024,1563.0,2019,1043.0,2014,777.0,2009,698.0,0.08426373899915296,0.07239256896476376,0.055213252786344036
Sunderland,Expenditure,Administration,2024,658.0,2019,457.0,2014,507.0,2009,762.0,0.07562760312596128,0.026412171589480726,-0.009735079273248237
Sunderland,Expenditure,"Guidance, Counseling and Testing",2024,882.0,2019,379.0,2014,352.0,2009,387.0,0.1840386389585651,0.09620705342402003,0.05645379617087043
Sunderland,Expenditure,Other,2024,1810.0,2019,714.0,2014,663.0,2009,429.0,0.20447023634316452,0.10564703253461238,0.10073156042904685
Sunderland,Expenditure,Total PPE,2024,27953.0,2019,16669.0,2014,13283.0,2009,13023.0,0.1089290882747358,0.07724187014112416,0.05223923717578449
Sunderland,Enrollment,In-District FTE Pupils,2024,191.3,2019,231.2,2014,199.8,2009,209.7,-0.0371792793555239,-0.004337962717240407,-0.006103634111778833
Sunderland,Enrollment,Out-of-District FTE Pupils,2024,17.6,2019,19.4,2014,22.8,2009,24.8,-0.019286423312128043,-0.02555398907589923,-0.02260360587839161
Sunderland,NSS,Ch70 Aid,2024,6133.479452054795,2019,4517.125,2014,5365.147435897436,2009,4792.182795698925,0.06308737646016205,0.013473798678058424,0.01658782139526216
Sunderland,NSS,Req NSS (minus Ch70),2024,10656.308219178081,2019,8138.911458333333,2014,8213.044871794871,2009,3621.489247311828,0.05537812902684469,0.02638490858303122,0.07460280919720841
Sunderland,NSS,Actual NSS (minus Req NSS),2024,10949.694876712332,2019,3718.805949492414,2014,1525.8001824984065,2009,4548.306451612903,0.24107978004607267,0.21784056395295992,0.060319674490841635
Sunderland,NSS,Total Actual NSS per pupil,2024,27739.48254794521,2019,16374.842407825747,2014,15103.992490190712,2009,12961.978494623656,0.11117956327630307,0.06267547900200943,0.052030838460344286
Sunderland,Enrollment,Foundation Enrollment,2024,146.0,2019,192.0,2014,156.0,2009,186.0,-0.05330447240528857,-0.0066030420297569226,-0.016013075505638463
Sutton,Expenditure,Teachers,2024,6813.0,2019,5603.0,2014,4595.0,2009,4373.0,0.03988078486126567,0.040172307375292204,0.03000008554065081
Sutton,Expenditure,"Insurance, Retirement and Other",2024,2681.0,2019,2226.0,2014,1515.0,2009,1129.0,0.03789717721785468,0.05873779802433643,0.059351757587677634
Sutton,Expenditure,Pupil Services,2024,2538.0,2019,1609.0,2014,1179.0,2009,962.0,0.09543626588642962,0.07968677375896771,0.06681169914219431
Sutton,Expenditure,Other Teaching Services,2024,1848.0,2019,1530.0,2014,1101.0,2009,742.0,0.03848949378646083,0.05315298926379586,0.0627224882513111
Sutton,Expenditure,Operations and Maintenance,2024,2236.0,2019,1440.0,2014,966.0,2009,1085.0,0.09199804643370424,0.08755058735433252,0.04938810576506936
Sutton,Expenditure,Instructional Leadership,2024,1005.0,2019,803.0,2014,687.0,2009,570.0,0.04589985622138926,0.03877366885274869,0.038530878155601744
Sutton,Expenditure,Administration,2024,607.0,2019,465.0,2014,439.0,2009,361.0,0.05474420424073956,0.03293362946599587,0.0352504611055271
Sutton,Expenditure,"Guidance, Counseling and Testing",2024,623.0,2019,571.0,2014,470.0,2009,317.0,0.017584276392764275,0.028582234225301484,0.04607282228425702
Sutton,Expenditure,Other,2024,361.0,2019,269.0,2014,294.0,2009,388.0,0.06059844094599587,0.02074200539672799,-0.004796949795703553
Sutton,Expenditure,Total PPE,2024,18712.0,2019,14516.0,2014,11246.0,2009,9927.0,0.05209425676391044,0.052233714739660986,0.04316613332744401
Sutton,Enrollment,In-District FTE Pupils,2024,1309.2,2019,1384.2,2014,1544.9,2009,1675.9,-0.011079384829566274,-0.01641802266128467,-0.016327508707977945
Sutton,Enrollment,Out-of-District FTE Pupils,2024,72.4,2019,44.6,2014,31.2,2009,39.1,0.10174412034301028,0.08782340149579992,0.04192738780311611
Sutton,NSS,Ch70 Aid,2024,4381.240340030912,2019,3919.3335734870316,2014,3413.028215223097,2009,3367.825980392157,0.02253214579792462,0.025287635278473664,0.0176923165434959
Sutton,NSS,Req NSS (minus Ch70),2024,9853.76197836167,2019,7181.722622478386,2014,6204.749343832021,2009,4561.501838235294,0.06530677255579054,0.04734022222752454,0.0526878592869533
Sutton,NSS,Actual NSS (minus Req NSS),2024,3276.327320085559,2019,2157.3703890489924,2014,466.6377952755906,2009,988.1764705882352,0.08715761931549149,0.21518034718973578,0.08318719745653125
Sutton,NSS,Total Actual NSS per pupil,2024,17511.329638478142,2019,13258.426585014411,2014,10084.415354330707,2009,8917.504289215687,0.057220138087170636,0.056736819957780904,0.04601614168163537
Sutton,Enrollment,Foundation Enrollment,2024,1294.0,2019,1388.0,2014,1524.0,2009,1632.0,-0.013927239213656573,-0.016226927710887074,-0.015352139767125017
Swampscott,Expenditure,Teachers,2024,8291.0,2019,6839.0,2014,5928.0,2009,5053.0,0.03925676995949612,0.03411746289615247,0.03356352504646276
Swampscott,Expenditure,"Insurance, Retirement and Other",2024,3812.0,2019,2999.0,2014,2705.0,2009,1850.0,0.049144444436498125,0.0349004177450869,0.04937829601906363
Swampscott,Expenditure,Pupil Services,2024,1561.0,2019,1141.0,2014,988.0,2009,882.0,0.06469067837111275,0.04680212563727659,0.03879285671025201
Swampscott,Expenditure,Other Teaching Services,2024,1915.0,2019,1765.0,2014,1256.0,2009,929.0,0.016447176269772656,0.04308070987854817,0.04940598710599464
Swampscott,Expenditure,Operations and Maintenance,2024,1373.0,2019,1548.0,2014,1044.0,2009,944.0,-0.023707582820239215,0.027772525378523705,0.025289641050927125
Swampscott,Expenditure,Instructional Leadership,2024,1259.0,2019,795.0,2014,915.0,2009,910.0,0.09630582156540246,0.03242963857966297,0.02187778004750318
Swampscott,Expenditure,Administration,2024,784.0,2019,585.0,2014,590.0,2009,429.0,0.06030800282904414,0.02883659902152913,0.04101563294831667
Swampscott,Expenditure,"Guidance, Counseling and Testing",2024,573.0,2019,493.0,2014,389.0,2009,293.0,0.030532138896365524,0.03949044599285534,0.04572895537109267
Swampscott,Expenditure,Other,2024,355.0,2019,262.0,2014,337.0,2009,205.0,0.06263817151772533,0.005217047557531718,0.03728548194722925
Swampscott,Expenditure,Total PPE,2024,19923.0,2019,16427.0,2014,14152.0,2009,11495.0,0.03934395762554921,0.03479349868989612,0.03734460023775621
Swampscott,Enrollment,In-District FTE Pupils,2024,2070.2,2019,2206.1,2014,2306.4,2009,2293.3,-0.012635696622576464,-0.010746108204546467,-0.006799882610268093
Swampscott,Enrollment,Out-of-District FTE Pupils,2024,132.0,2019,76.5,2014,48.5,2009,86.8,0.11527636629885807,0.10530776048170276,0.028340515963834356
Swampscott,NSS,Ch70 Aid,2024,2526.9041501976285,2019,1760.142991533396,2014,1375.3237640318055,2009,1253.2121521335807,0.07499925579394451,0.06271884558901619,0.0478624507830141
Swampscott,NSS,Req NSS (minus Ch70),2024,10325.342391304348,2019,8297.81937911571,2014,7965.053788587465,2009,7129.680426716141,0.044691586124471216,0.026293491896191235,0.024996289393475646
Swampscott,NSS,Actual NSS (minus Req NSS),2024,5410.508276369051,2019,6258.903620677736,2014,3950.9300209881008,2009,3251.729078016415,-0.02871214053736204,0.03193863596412916,0.03452640683167485
Swampscott,NSS,Total Actual NSS per pupil,2024,18262.754817871028,2019,16316.865991326842,2014,13291.30757360737,2009,11634.621656866137,0.022788669816037332,0.03228557365517659,0.030514882675592547
Swampscott,Enrollment,Foundation Enrollment,2024,2024.0,2019,2126.0,2014,2138.0,2009,2156.0,-0.009785116829731488,-0.005464521006945056,-0.004203069051581632
Swansea,Expenditure,Teachers,2024,6710.0,2019,5525.0,2014,4930.0,2009,4103.0,0.039628191143441516,0.03130603719941294,0.03333562011483937
Swansea,Expenditure,"Insurance, Retirement and Other",2024,3433.0,2019,2747.0,2014,2178.0,2009,1574.0,0.04559387086196676,0.04655388158292961,0.0533627063304738
Swansea,Expenditure,Pupil Services,2024,1866.0,2019,1435.0,2014,1248.0,2009,1049.0,0.05393043884733939,0.04104548604689073,0.03914402170181597
Swansea,Expenditure,Other Teaching Services,2024,1117.0,2019,855.0,2014,695.0,2009,317.0,0.054914863984196316,0.04859271665327536,0.08759264194316718
Swansea,Expenditure,Operations and Maintenance,2024,1414.0,2019,1421.0,2014,1262.0,2009,968.0,-0.0009871687561363585,0.011437392828663517,0.025584865771142384
Swansea,Expenditure,Instructional Leadership,2024,955.0,2019,751.0,2014,671.0,2009,694.0,0.04923480121154111,0.03592445402267508,0.021510715648464407
Swansea,Expenditure,Administration,2024,653.0,2019,502.0,2014,498.0,2009,420.0,0.054003111199441234,0.0274681868699449,0.029858582769535236
Swansea,Expenditure,"Guidance, Counseling and Testing",2024,634.0,2019,413.0,2014,350.0,2009,306.0,0.08950152191566096,0.061211924467817314,0.049762824086933666
Swansea,Expenditure,Other,2024,562.0,2019,231.0,2014,260.0,2009,287.0,0.19460648258414737,0.08013066711576666,0.045820044173065844
Swansea,Expenditure,Total PPE,2024,17344.0,2019,13880.0,2014,12092.0,2009,9718.0,0.04556722169390892,0.036728679133729125,0.03937314470326303
Swansea,Enrollment,In-District FTE Pupils,2024,2036.4,2019,2091.2,2014,2050.8,2009,2087.3,-0.005296826249997055,-0.0007043935864128326,-0.0016445011053509706
Swansea,Enrollment,Out-of-District FTE Pupils,2024,70.0,2019,70.6,2014,47.8,2009,37.6,-0.0017055244273789238,0.03888389630301359,0.04230306055906996
Swansea,NSS,Ch70 Aid,2024,5136.387604525332,2019,3885.265835609028,2014,2973.2840319536813,2009,2361.786932668329,0.057419731264285234,0.05619021352840892,0.05316028069600853
Swansea,NSS,Req NSS (minus Ch70),2024,7994.189375307427,2019,6436.4375,2014,6538.9122379327155,2009,5933.694264339152,0.04430119537919763,0.02029766408066136,0.020069943281047165
Swansea,NSS,Actual NSS (minus Req NSS),2024,1932.0972857845538,2019,1656.367123422759,2014,826.9132417909136,2009,922.985336658353,0.03127497137526536,0.08857136104276031,0.05048280003509387
Swansea,NSS,Total Actual NSS per pupil,2024,15062.674265617314,2019,11978.070459031787,2014,10339.10951167731,2009,9218.466533665835,0.04689480378218969,0.038345523472310905,0.03327572551492497
Swansea,Enrollment,Foundation Enrollment,2024,2033.0,2019,2080.0,2014,2051.0,2009,2005.0,-0.004560640364994373,-0.0008811060423087325,0.0009249924677494636
TEC Connections Academy Commonwealth Virtual School District,Expenditure,Teachers,2024,3815.0,2019,2882.0,2014,,2009,,0.057694176404393005,,
TEC Connections Academy Commonwealth Virtual School District,Expenditure,"Insurance, Retirement and Other",2024,1250.0,2019,1109.0,2014,,2009,,0.024225757461500796,,
TEC Connections Academy Commonwealth Virtual School District,Expenditure,Pupil Services,2024,6.0,2019,0.0,2014,,2009,,,,
TEC Connections Academy Commonwealth Virtual School District,Expenditure,Other Teaching Services,2024,1236.0,2019,0.0,2014,,2009,,,,
TEC Connections Academy Commonwealth Virtual School District,Expenditure,Operations and Maintenance,2024,33.0,2019,56.0,2014,,2009,,-0.10036740416377932,,
TEC Connections Academy Commonwealth Virtual School District,Expenditure,Instructional Leadership,2024,984.0,2019,146.0,2014,,2009,,0.46463176374555437,,
TEC Connections Academy Commonwealth Virtual School District,Expenditure,Administration,2024,878.0,2019,978.0,2014,,2009,,-0.021341590665497012,,
TEC Connections Academy Commonwealth Virtual School District,Expenditure,"Guidance, Counseling and Testing",2024,540.0,2019,79.0,2014,,2009,,0.46876844542434215,,
TEC Connections Academy Commonwealth Virtual School District,Expenditure,Other,2024,347.0,2019,3920.0,2014,,2009,,-0.3842439585922168,,
TEC Connections Academy Commonwealth Virtual School District,Expenditure,Total PPE,2024,9089.0,2019,9170.0,2014,,2009,,-0.0017729055692670137,,
TEC Connections Academy Commonwealth Virtual School District,Enrollment,In-District FTE Pupils,2024,5873.8,2019,2228.0,2014,,2009,,0.21394998388958708,,
TEC Connections Academy Commonwealth Virtual School District,Enrollment,Out-of-District FTE Pupils,2024,0.0,2019,0.0,2014,,2009,,,,
Tantasqua,Expenditure,Teachers,2024,7113.0,2019,6246.0,2014,6148.0,2009,6350.0,0.02633742543907025,0.014686529647172097,0.007593302867927587
Tantasqua,Expenditure,"Insurance, Retirement and Other",2024,2605.0,2019,2013.0,2014,1593.0,2009,1483.0,0.052913733937081764,0.05041084062646539,0.038271911398203295
Tantasqua,Expenditure,Pupil Services,2024,2045.0,2019,1631.0,2014,1300.0,2009,1295.0,0.046279871229715,0.0463452232119852,0.030927765090905224
Tantasqua,Expenditure,Other Teaching Services,2024,1208.0,2019,866.0,2014,840.0,2009,786.0,0.06883288768101026,0.037000020136829015,0.029065359579131922
Tantasqua,Expenditure,Operations and Maintenance,2024,2180.0,2019,1653.0,2014,1324.0,2009,1501.0,0.056906887373920245,0.05113101535089237,0.02519163382344436
Tantasqua,Expenditure,Instructional Leadership,2024,871.0,2019,704.0,2014,657.0,2009,729.0,0.043491940667160556,0.02859705972858695,0.011935212610379997
Tantasqua,Expenditure,Administration,2024,730.0,2019,452.0,2014,378.0,2009,424.0,0.10061869409026403,0.06802914965744655,0.03688470170263258
Tantasqua,Expenditure,"Guidance, Counseling and Testing",2024,644.0,2019,673.0,2014,534.0,2009,705.0,-0.008770632331860928,0.0189068008911486,-0.00601510814341677
Tantasqua,Expenditure,Other,2024,649.0,2019,421.0,2014,523.0,2009,665.0,0.09041676525149578,0.021819769312813486,-0.0016223042363009421
Tantasqua,Expenditure,Total PPE,2024,18045.0,2019,14659.0,2014,13297.0,2009,13938.0,0.04243865762969312,0.03100393243449795,0.017365708363500376
Tantasqua,Enrollment,In-District FTE Pupils,2024,1749.3,2019,1782.4,2014,1748.2,2009,1558.2,-0.0037419937936304937,6.29040533601799e-05,0.007742109601831748
Tantasqua,Enrollment,Out-of-District FTE Pupils,2024,65.0,2019,40.1,2014,40.1,2009,57.7,0.10142212654464733,0.049486601412637166,0.00797362781546429
Tantasqua,NSS,Ch70 Aid,2024,7237.941798941798,2019,5509.8327020753,2014,4704.619622199876,2009,4603.926369863014,0.05607639328423608,0.04402057380282787,0.03062130150610276
Tantasqua,NSS,Req NSS (minus Ch70),2024,7790.472222222221,2019,6433.040404104734,2014,6198.146658415842,2009,4873.2899543379,0.03903338221853736,0.02312852613868177,0.031769697533560626
Tantasqua,NSS,Actual NSS (minus Req NSS),2024,1694.8957912037024,2019,1830.0039015334514,2014,405.034461958539,2009,418.4748858447489,-0.015222319146042107,0.15389184090369423,0.09773684191410714
Tantasqua,NSS,Total Actual NSS per pupil,2024,16723.309812367723,2019,13772.877007713487,2014,11307.800742574256,2009,9895.691210045663,0.03958382405090055,0.039906777857357634,0.03559928052274719
Tantasqua,Enrollment,Foundation Enrollment,2024,1512.0000000000002,2019,1583.99999998416,2014,1616.0,2009,1752.0,-0.009260854808948116,-0.0066299922057990734,-0.009773572789357088
Taunton,Expenditure,Teachers,2024,6637.0,2019,5426.0,2014,4645.0,2009,4244.0,0.04111428553795782,0.03633128738669811,0.03025902948438386
Taunton,Expenditure,"Insurance, Retirement and Other",2024,2717.0,2019,2678.0,2014,2146.0,2009,1750.0,0.002895801391025854,0.023872767719382182,0.029761789160221097
Taunton,Expenditure,Pupil Services,2024,2680.0,2019,1810.0,2014,1365.0,2009,1185.0,0.08166118085779361,0.06979413908848153,0.055912091002783715
Taunton,Expenditure,Other Teaching Services,2024,1277.0,2019,877.0,2014,623.0,2009,944.0,0.07804840355105402,0.07441060169174651,0.02034708210877878
Taunton,Expenditure,Operations and Maintenance,2024,1275.0,2019,799.0,2014,745.0,2009,848.0,0.09797557995870743,0.05520147886418347,0.02756102236387492
Taunton,Expenditure,Instructional Leadership,2024,1065.0,2019,750.0,2014,582.0,2009,534.0,0.07264909054577684,0.06228894601587931,0.04709774276995016
Taunton,Expenditure,Administration,2024,479.0,2019,279.0,2014,259.0,2009,362.0,0.11415666349155718,0.0634169416740138,0.018845807890052413
Taunton,Expenditure,"Guidance, Counseling and Testing",2024,991.0,2019,554.0,2014,354.0,2009,277.0,0.1233440205757319,0.10842685476569613,0.08869507687835432
Taunton,Expenditure,Other,2024,1171.0,2019,532.0,2014,584.0,2009,411.0,0.17092492987231767,0.07204842915307474,0.07229514145130689
Taunton,Expenditure,Total PPE,2024,18292.0,2019,13705.0,2014,11303.0,2009,10555.0,0.059440157402750105,0.04931709079865332,0.0373377841788769
Taunton,Enrollment,In-District FTE Pupils,2024,8112.7,2019,8052.1,2014,7884.9,2009,7877.8,0.0015006865175266615,0.0028521794474867246,0.0019607235739802498
Taunton,Enrollment,Out-of-District FTE Pupils,2024,534.8,2019,347.9,2014,217.0,2009,241.7,0.0898014815264756,0.0943926470603611,0.05437309810230051
Taunton,NSS,Ch70 Aid,2024,11012.835665634675,2019,7441.442530150135,2014,6228.467048710601,2009,5676.674965421854,0.08155449180970198,0.058648529863911225,0.04517017622477759
Taunton,NSS,Req NSS (minus Ch70),2024,5259.173746130031,2019,4200.492862416933,2014,4717.306773365338,2009,2850.4697598390544,0.045980175791976,0.010932921734599477,0.041677792101817435
Taunton,NSS,Actual NSS (minus Req NSS),2024,-122.69244038300617,2019,639.4360751831455,2014,-499.729087223663,2009,-74.71809049153964,-0.23837520125772227,-0.13102292822890116,0.03361658531183864
Taunton,NSS,Total Actual NSS per pupil,2024,16149.3169713817,2019,12281.371467750214,2014,10446.044734852276,2009,8452.426634769368,0.05628584086265831,0.044528340107796716,0.044106621384208955
Taunton,Enrollment,Foundation Enrollment,2024,8075.0,2019,8126.0,2014,7678.0,2009,7953.0,-0.0012583932497055583,0.005054106377097689,0.0010154254045586786
Tewksbury,Expenditure,Teachers,2024,7244.0,2019,5826.0,2014,4819.0,2009,3543.0,0.04453162196652749,0.04160283082696381,0.04883495443842567
Tewksbury,Expenditure,"Insurance, Retirement and Other",2024,3636.0,2019,2860.0,2014,2506.0,2009,1973.0,0.04918378084275332,0.03792095644530602,0.041597157282508235
Tewksbury,Expenditure,Pupil Services,2024,2165.0,2019,1796.0,2014,1367.0,2009,1182.0,0.03807878051632696,0.04705365853650645,0.041172514792697346
Tewksbury,Expenditure,Other Teaching Services,2024,2335.0,2019,1533.0,2014,880.0,2009,604.0,0.0877997283105767,0.10250462822115658,0.09433426164925174
Tewksbury,Expenditure,Operations and Maintenance,2024,2206.0,2019,2055.0,2014,1064.0,2009,682.0,0.014282042156808616,0.07563862288497947,0.08140425874062784
Tewksbury,Expenditure,Instructional Leadership,2024,1016.0,2019,817.0,2014,639.0,2009,535.0,0.04456225890317622,0.047464432282487534,0.04368472755114339
Tewksbury,Expenditure,Administration,2024,643.0,2019,544.0,2014,550.0,2009,288.0,0.034004466259007105,0.0157453160984784,0.055005116071817683
Tewksbury,Expenditure,"Guidance, Counseling and Testing",2024,485.0,2019,380.0,2014,405.0,2009,298.0,0.05000563166277994,0.018189634671881283,0.03300327477837417
Tewksbury,Expenditure,Other,2024,1244.0,2019,1013.0,2014,592.0,2009,410.0,0.04193874311967649,0.0770847262561194,0.07680178856455377
Tewksbury,Expenditure,Total PPE,2024,20974.0,2019,16824.0,2014,12822.0,2009,9515.0,0.04508207959824517,0.05044313974061643,0.054107325351381075
Tewksbury,Enrollment,In-District FTE Pupils,2024,3255.0,2019,3438.2,2014,3715.3,2009,4404.1,-0.010891414927458154,-0.013139626684514183,-0.019954464209684497
Tewksbury,Enrollment,Out-of-District FTE Pupils,2024,168.3,2019,171.4,2014,190.3,2009,82.2,-0.003643726452351337,-0.012210210277646683,0.04893236671108436
Tewksbury,NSS,Ch70 Aid,2024,4251.31271160357,2019,3805.5122302158275,2014,3353.780090739258,2009,2972.1574304456008,0.022402695624787583,0.023997383417719398,0.02414963867513542
Tewksbury,NSS,Req NSS (minus Ch70),2024,10020.012927054478,2019,8110.18417266187,2014,6809.044035228182,2009,5024.589233205157,0.04319984302572366,0.03938923355245194,0.047091211736619565
Tewksbury,NSS,Actual NSS (minus Req NSS),2024,5481.344727495985,2019,4249.98586915845,2014,1726.1799087612958,2009,568.5715751735752,0.05220394564935771,0.12248386204644723,0.16307252910890502
Tewksbury,NSS,Total Actual NSS per pupil,2024,19752.670366154034,2019,16165.682272036149,2014,11889.004034728736,2009,8565.318238824333,0.040893641346980036,0.05207823017794655,0.05728520301097495
Tewksbury,Enrollment,Foundation Enrollment,2024,3249.0,2019,3475.0,2014,3747.0,2009,4421.0,-0.01335940480090736,-0.014159622383960735,-0.020325178533630472
Tisbury,Expenditure,Teachers,2023,14526.0,2018,10591.0,2013,8476.0,2008,,0.06522613788601594,0.05534755709268646,
Tisbury,Expenditure,"Insurance, Retirement and Other",2023,9423.0,2018,6216.0,2013,4957.0,2008,,0.08676498458733284,0.06634325744457747,
Tisbury,Expenditure,Pupil Services,2023,2291.0,2018,1474.0,2013,1040.0,2008,,0.0922084222104933,0.08217918170814986,
Tisbury,Expenditure,Other Teaching Services,2023,4091.0,2018,3335.0,2013,2391.0,2008,,0.04170974817802975,0.0551762082793239,
Tisbury,Expenditure,Operations and Maintenance,2023,2526.0,2018,1475.0,2013,1601.0,2008,,0.11359754588363602,0.04665656401591156,
Tisbury,Expenditure,Instructional Leadership,2023,2246.0,2018,1973.0,2013,1435.0,2008,,0.02625794738328091,0.045817211853795614,
Tisbury,Expenditure,Administration,2023,924.0,2018,600.0,2013,504.0,2008,,0.09019489529987834,0.06248826851415057,
Tisbury,Expenditure,"Guidance, Counseling and Testing",2023,1065.0,2018,785.0,2013,748.0,2008,,0.06290876950838342,0.03596432717625886,
Tisbury,Expenditure,Other,2023,917.0,2018,824.0,2013,833.0,2008,,0.021617737922232427,0.009653682065240865,
Tisbury,Expenditure,Total PPE,2023,38009.0,2018,27273.0,2013,21985.0,2008,,0.06863822862491764,0.056272559022508606,
Tisbury,Enrollment,In-District FTE Pupils,2023,273.1,2018,310.2,2013,327.6,2008,,-0.025154073381632114,-0.01803099312215306,
Tisbury,Enrollment,Out-of-District FTE Pupils,2023,104.2,2018,77.9,2013,76.4,2008,,0.05990283124834472,0.03151948499778645,
Tisbury,NSS,Ch70 Aid,2024,4556.469444444445,2019,1901.9946380697052,2014,1105.639344262295,2009,1199.5771929824562,0.19092341690348458,0.1521300331779789,0.09304997205028531
Tisbury,NSS,Req NSS (minus Ch70),2024,10654.480555555556,2019,8816.930294906166,2014,8611.396174863388,2009,8359.850877192983,0.03858722128353542,0.0215176412239817,0.01630075927252128
Tisbury,NSS,Actual NSS (minus Req NSS),2024,17731.137223927773,2019,14007.471708080355,2014,10974.62882467154,2009,9129.877157894738,0.048275335088294735,0.04914297027320069,0.045245028154508926
Tisbury,NSS,Total Actual NSS per pupil,2024,32942.087223927774,2019,24726.396641056228,2014,20691.664343797223,2009,18689.305228070178,0.05905388141646295,0.047600190682159704,0.03850963558216991
Tisbury,Enrollment,Foundation Enrollment,2024,360.0,2019,373.0,2014,366.0,2009,342.0,-0.007069768411767874,-0.0016515648583784737,0.0034254063004255375
Topsfield,Expenditure,Teachers,2024,9092.0,2019,6905.0,2014,6218.0,2009,5330.0,0.05657212522862598,0.038725685482032146,0.03624428377075639
Topsfield,Expenditure,"Insurance, Retirement and Other",2024,2875.0,2019,2635.0,2014,2383.0,2009,1560.0,0.017586755866979997,0.018946497151403507,0.041599789312488866
Topsfield,Expenditure,Pupil Services,2024,1567.0,2019,1307.0,2014,1049.0,2009,931.0,0.03695206733724765,0.040948756748695914,0.03532004140921341
Topsfield,Expenditure,Other Teaching Services,2024,2920.0,2019,1576.0,2014,1059.0,2009,1068.0,0.13126754462091905,0.10674785549242216,0.06935221476858344
Topsfield,Expenditure,Operations and Maintenance,2024,1682.0,2019,1238.0,2014,1147.0,2009,1057.0,0.06321493704507408,0.039025622287893524,0.031454481028011294
Topsfield,Expenditure,Instructional Leadership,2024,1173.0,2019,940.0,2014,1130.0,2009,791.0,0.04528334758520258,0.0037416763531963326,0.026616173438727575
Topsfield,Expenditure,Administration,2024,1043.0,2019,741.0,2014,427.0,2009,326.0,0.07076266536375164,0.09341655059134868,0.08061530408545847
Topsfield,Expenditure,"Guidance, Counseling and Testing",2024,577.0,2019,350.0,2014,289.0,2009,8.0,0.10515082890880056,0.07158789007890598,0.33006353928171284
Topsfield,Expenditure,Other,2024,1319.0,2019,529.0,2014,455.0,2009,384.0,0.2004880040548398,0.1123035924687279,0.08574433338692766
Topsfield,Expenditure,Total PPE,2024,22248.0,2019,16221.0,2014,14157.0,2009,11455.0,0.06522823735106642,0.046241576393073025,0.04524891518493379
Topsfield,Enrollment,In-District FTE Pupils,2024,616.7,2019,648.9,2014,605.2,2009,652.1,-0.010127555333648286,0.0018841427789109133,-0.0037141017583409708
Topsfield,Enrollment,Out-of-District FTE Pupils,2024,8.0,2019,5.0,2014,7.4,2009,9.7,0.09856054330611785,0.007826623285945411,-0.012763470052335912
Topsfield,NSS,Ch70 Aid,2024,2557.951219512195,2019,2035.7504332755632,2014,1901.0983899821108,2009,1775.1091492776886,0.046727283555416665,0.030122246794448193,0.02465535255697704
Topsfield,NSS,Req NSS (minus Ch70),2024,9180.283972125435,2019,7806.351819757366,2014,7848.057245080501,2009,5964.062600321027,0.032955468139587385,0.015802775943920988,0.029171129515874306
Topsfield,NSS,Actual NSS (minus Req NSS),2024,10300.71019163763,2019,6865.738301559792,2014,4026.618962432916,2009,3238.6597110754415,0.08451605243096605,0.09848128813321488,0.08018992761799759
Topsfield,NSS,Total Actual NSS per pupil,2024,22038.945383275262,2019,16707.84055459272,2014,13775.774597495529,2009,10977.831460674157,0.0569491584750732,0.048111480478126634,0.047558495657263666
Topsfield,Enrollment,Foundation Enrollment,2024,574.0,2019,577.0,2014,559.0,2009,623.0,-0.0010420307462182254,0.002651501344710372,-0.005446256573182762
Tri-County Regional Vocational Technical,Expenditure,Teachers,2024,9776.0,2019,8148.0,2014,6819.0,2009,6695.0,0.0371033438225723,0.03667840114254073,0.025559135134111344
Tri-County Regional Vocational Technical,Expenditure,"Insurance, Retirement and Other",2024,3240.0,2019,2990.0,2014,2105.0,2009,2280.0,0.016189643250116514,0.04406921616041015,0.023703082207285453
Tri-County Regional Vocational Technical,Expenditure,Pupil Services,2024,2945.0,2019,2020.0,2014,1751.0,2009,1906.0,0.07831782900997286,0.053367501334058653,0.029431595400902788
Tri-County Regional Vocational Technical,Expenditure,Other Teaching Services,2024,958.0,2019,451.0,2014,370.0,2009,348.0,0.16262001015575023,0.0998067441500996,0.06984062260857016
Tri-County Regional Vocational Technical,Expenditure,Operations and Maintenance,2024,2255.0,2019,1680.0,2014,1430.0,2009,1431.0,0.06063865977290828,0.04660077229931092,0.03078271537710142
Tri-County Regional Vocational Technical,Expenditure,Instructional Leadership,2024,1674.0,2019,1504.0,2014,1295.0,2009,1360.0,0.021648551234539015,0.02600285325148577,0.013945089654241016
Tri-County Regional Vocational Technical,Expenditure,Administration,2024,1150.0,2019,797.0,2014,658.0,2009,652.0,0.07608828595037331,0.05741920698258496,0.03855623244940043
Tri-County Regional Vocational Technical,Expenditure,"Guidance, Counseling and Testing",2024,1521.0,2019,1079.0,2014,735.0,2009,801.0,0.07107912190646526,0.07543505206334866,0.043677801957003215
Tri-County Regional Vocational Technical,Expenditure,Other,2024,1952.0,2019,1524.0,2014,1669.0,2009,1289.0,0.05074896106325544,0.015786291816757725,0.02805210437230521
Tri-County Regional Vocational Technical,Expenditure,Total PPE,2024,25471.0,2019,20193.0,2014,16832.0,2009,16762.0,0.04753617631578799,0.042295895004451856,0.028287786036573337
Tri-County Regional Vocational Technical,Enrollment,In-District FTE Pupils,2024,955.8,2019,1042.2,2014,1059.4,2009,941.8,-0.01715916669243711,-0.010238159847587247,0.0009842005634670414
Tri-County Regional Vocational Technical,Enrollment,Out-of-District FTE Pupils,2024,0.3,2019,2.0,2014,0.0,2009,0.0,-0.31574457108136833,,
Triton,Expenditure,Teachers,2024,9848.0,2019,6642.0,2014,5885.0,2009,4648.0,0.08195658319875454,0.05283462003172401,0.05132936429406221
Triton,Expenditure,"Insurance, Retirement and Other",2024,4113.0,2019,3223.0,2014,2436.0,2009,1925.0,0.049976746026745955,0.05377561023617461,0.051917947675270915
Triton,Expenditure,Pupil Services,2024,2772.0,2019,2016.0,2014,1390.0,2009,1333.0,0.06576275663547415,0.07146463839084638,0.05001992062023719
Triton,Expenditure,Other Teaching Services,2024,2258.0,2019,1688.0,2014,948.0,2009,725.0,0.05991319568840514,0.09066546057875935,0.07867942606957201
Triton,Expenditure,Operations and Maintenance,2024,1739.0,2019,1457.0,2014,994.0,2009,821.0,0.036019681902083045,0.05752664810003383,0.05130911136972727
Triton,Expenditure,Instructional Leadership,2024,1111.0,2019,797.0,2014,746.0,2009,668.0,0.06868852823091465,0.04063283047962618,0.03449685119721457
Triton,Expenditure,Administration,2024,962.0,2019,734.0,2014,505.0,2009,372.0,0.055591300586287584,0.06656755767285327,0.06539047280119537
Triton,Expenditure,"Guidance, Counseling and Testing",2024,771.0,2019,481.0,2014,356.0,2009,271.0,0.09895993698201,0.0803399544787653,0.07219144863253057
Triton,Expenditure,Other,2024,825.0,2019,671.0,2014,484.0,2009,351.0,0.04218852166805176,0.05477750395577541,0.05862737971929466
Triton,Expenditure,Total PPE,2024,24399.0,2019,17709.0,2014,13744.0,2009,11114.0,0.06619243766074234,0.05907297994323746,0.0538208226684167
Triton,Enrollment,In-District FTE Pupils,2024,2113.3,2019,2368.8,2014,2738.8,2009,3159.7,-0.022568003366349676,-0.0255936996274998,-0.02645875952796617
Triton,Enrollment,Out-of-District FTE Pupils,2024,199.0,2019,177.5,2014,208.7,2009,362.6,0.023130293681415726,-0.004747991418416753,-0.03921027091957219
Triton,NSS,Ch70 Aid,2024,4094.9015288173277,2019,3636.0839248434236,2014,3004.562115175661,2009,2729.881049016547,0.02405177056120178,0.03144536252196661,0.027400996448675663
Triton,NSS,Req NSS (minus Ch70),2024,10281.031025282666,2019,8716.825469728601,2014,8105.826149945672,2009,5937.138307836403,0.033559929976307634,0.024056547068557643,0.037283095364832874
Triton,NSS,Actual NSS (minus Req NSS),2024,6733.945269706109,2019,3582.7498956158665,2014,1027.6367258239768,2009,1177.9000936621917,0.13451598164149492,0.20682138289820728,0.12325253759147525
Triton,NSS,Total Actual NSS per pupil,2024,21109.877823806102,2019,15935.659290187892,2014,12138.02499094531,2009,9844.919450515143,0.05784767723446915,0.05689968690408298,0.052167549897277565
Triton,Enrollment,Foundation Enrollment,2024,2223.99999997776,2019,2395.0,2014,2761.0,2009,3203.0,-0.01470596621306186,-0.02139633565465493,-0.024025382548329643
Truro,Expenditure,Teachers,2024,13731.0,2019,12286.0,2014,8216.0,2009,6008.0,0.022488262365283784,0.0526989109784064,0.05665079195858569
Truro,Expenditure,"Insurance, Retirement and Other",2024,11366.0,2019,8901.0,2014,5434.0,2009,3779.0,0.05010752383574579,0.07658618304986531,0.07617289785209658
Truro,Expenditure,Pupil Services,2024,5206.0,2019,4057.0,2014,2660.0,2009,2146.0,0.05113822880532726,0.06945435347089357,0.06086054198114477
Truro,Expenditure,Other Teaching Services,2024,7466.0,2019,4861.0,2014,4374.0,2009,2455.0,0.08961349376917194,0.054923387516893296,0.07696709073099228
Truro,Expenditure,Operations and Maintenance,2024,3596.0,2019,3549.0,2014,2031.0,2009,3091.0,0.00263471336179788,0.058792791746222095,0.010139557345387296
Truro,Expenditure,Instructional Leadership,2024,4141.0,2019,3291.0,2014,2129.0,2009,1357.0,0.04702118629290375,0.06879141550230927,0.07721326360081138
Truro,Expenditure,Administration,2024,4601.0,2019,2859.0,2014,2200.0,2009,1787.0,0.099835201284596,0.07657169002992026,0.06507905771202438
Truro,Expenditure,"Guidance, Counseling and Testing",2024,2024.0,2019,1293.0,2014,769.0,2009,1069.0,0.093760906532798,0.1016113880227647,0.043475332393700494
Truro,Expenditure,Other,2024,1657.0,2019,1736.0,2014,831.0,2009,1220.0,-0.00927172556896061,0.07145059033713763,0.02062024448104105
Truro,Expenditure,Total PPE,2024,53788.0,2019,42833.0,2014,28644.0,2009,22912.0,0.04660156689660511,0.06503817083815155,0.05854215943325092
Truro,Enrollment,In-District FTE Pupils,2024,91.3,2019,108.1,2014,137.5,2009,141.8,-0.03321697420612768,-0.040120298155157164,-0.028924561124122672
Truro,Enrollment,Out-of-District FTE Pupils,2024,103.8,2019,121.2,2014,94.9,2009,103.3,-0.030519793382622007,0.009004525516528528,0.0003219581244748859
Truro,NSS,Ch70 Aid,2024,2484.9479768786127,2019,2037.6927083333333,2014,1318.8061224489795,2009,1356.8964102564103,0.04048475632395254,0.06540231136864616,0.041161356355559287
Truro,NSS,Req NSS (minus Ch70),2024,10970.612716763006,2019,8312.057291666666,2014,9143.290816326531,2009,9731.871794871793,0.05707176126132296,0.018386972481814423,0.008019577604566841
Truro,NSS,Actual NSS (minus Req NSS),2024,24597.372857890172,2019,23695.43588245696,2014,12261.239518195533,2009,10383.47794871795,0.007499419247154693,0.07210034264498466,0.05917988709285038
Truro,NSS,Total Actual NSS per pupil,2024,38052.933551531794,2019,34045.185882456964,2014,22723.336456971043,2009,21472.24615384615,0.022507463278810258,0.05291085815466068,0.03888476551116016
Truro,Enrollment,Foundation Enrollment,2024,173.0,2019,192.0,2014,196.0,2009,195.0,-0.020625087785440477,-0.01240472561732442,-0.007948771043803426
Tyngsborough,Expenditure,Teachers,2024,7463.0,2019,6401.0,2014,5140.0,2009,4320.0,0.031176774910059546,0.03799445203407914,0.03711913305983083
Tyngsborough,Expenditure,"Insurance, Retirement and Other",2024,3361.0,2019,2166.0,2014,1516.0,2009,1533.0,0.09184757039907887,0.08287151848029395,0.053727765677144435
Tyngsborough,Expenditure,Pupil Services,2024,2490.0,2019,1715.0,2014,1435.0,2009,1427.0,0.0774249902676225,0.056658727859886904,0.0378112119473506
Tyngsborough,Expenditure,Other Teaching Services,2024,1452.0,2019,1254.0,2014,985.0,2009,814.0,0.029754778570413087,0.039568325571391894,0.03933642361336953
Tyngsborough,Expenditure,Operations and Maintenance,2024,1386.0,2019,1303.0,2014,1103.0,2009,900.0,0.01242710315732265,0.02310161869575067,0.029203800845620576
Tyngsborough,Expenditure,Instructional Leadership,2024,1138.0,2019,873.0,2014,800.0,2009,667.0,0.054449059213484974,0.03586993304512509,0.036257679107965624
Tyngsborough,Expenditure,Administration,2024,769.0,2019,598.0,2014,498.0,2009,327.0,0.05158657035181746,0.04440682142193264,0.05866504181619958
Tyngsborough,Expenditure,"Guidance, Counseling and Testing",2024,632.0,2019,487.0,2014,356.0,2009,275.0,0.05350747982466486,0.05907497954734975,0.057042118283709975
Tyngsborough,Expenditure,Other,2024,368.0,2019,359.0,2014,239.0,2009,178.0,0.004964391898046205,0.04410696240549106,0.04961135671675332
Tyngsborough,Expenditure,Total PPE,2024,19059.0,2019,15156.0,2014,12072.0,2009,10441.0,0.046894944758296475,0.046723774040353216,0.04093561427795933
Tyngsborough,Enrollment,In-District FTE Pupils,2024,1540.9,2019,1624.7,2014,1790.1,2009,2061.5,-0.010535414036380808,-0.0148786843433808,-0.019217425709401992
Tyngsborough,Enrollment,Out-of-District FTE Pupils,2024,148.5,2019,141.2,2014,144.3,2009,49.0,0.010132516433998706,0.002873168906976087,0.07671812765605734
Tyngsborough,NSS,Ch70 Aid,2024,4728.12476837554,2019,4577.745024875622,2014,3854.4224278715296,2009,3635.017926356589,0.006485368471699893,0.020640886146381376,0.01768215229017467
Tyngsborough,NSS,Req NSS (minus Ch70),2024,8623.691785052502,2019,7088.039800995025,2014,5732.979314099074,2009,4094.9651162790697,0.040000183040010295,0.0416727066228646,0.05090357147718794
Tyngsborough,NSS,Actual NSS (minus Req NSS),2024,3984.169581934529,2019,2928.5125935594574,2014,1252.3733849631512,2009,1063.7097868217054,0.06350159086726115,0.12269140696791148,0.09202934955092013
Tyngsborough,NSS,Total Actual NSS per pupil,2024,17335.98613536257,2019,14594.297419430104,2014,10839.775126933755,2009,8793.692829457364,0.03503031894382702,0.04807612470962219,0.04628938030499885
Tyngsborough,Enrollment,Foundation Enrollment,2024,1619.0,2019,1608.0,2014,1837.0,2009,2064.0,0.0013644307775764197,-0.012553057884614915,-0.016058804967600815
UP Academy Charter School of Boston (District),Expenditure,Teachers,2024,26637.0,2019,5895.0,2014,,2009,,0.35207349796831866,,
UP Academy Charter School of Boston (District),Expenditure,"Insurance, Retirement and Other",2024,227.0,2019,2063.0,2014,,2009,,-0.3568602894562284,,
UP Academy Charter School of Boston (District),Expenditure,Pupil Services,2024,1125.0,2019,2121.0,2014,,2009,,-0.11910859852762512,,
UP Academy Charter School of Boston (District),Expenditure,Other Teaching Services,2024,3653.0,2019,1129.0,2014,,2009,,0.2647105636093723,,
UP Academy Charter School of Boston (District),Expenditure,Operations and Maintenance,2024,883.0,2019,1367.0,2014,,2009,,-0.08369841499482711,,
UP Academy Charter School of Boston (District),Expenditure,Instructional Leadership,2024,8045.0,2019,1328.0,2014,,2009,,0.43372413024566026,,
UP Academy Charter School of Boston (District),Expenditure,Administration,2024,7637.0,2019,1415.0,2014,,2009,,0.40098430553579023,,
UP Academy Charter School of Boston (District),Expenditure,"Guidance, Counseling and Testing",2024,691.0,2019,833.0,2014,,2009,,-0.03668880105344985,,
UP Academy Charter School of Boston (District),Expenditure,Other,2024,2821.0,2019,505.0,2014,,2009,,0.4106599666612045,,
UP Academy Charter School of Boston (District),Expenditure,Total PPE,2024,51719.0,2019,16656.0,2014,,2009,,0.25434176053693536,,
UP Academy Charter School of Boston (District),Enrollment,In-District FTE Pupils,2024,318.5,2019,1008.4,2014,,2009,,-0.205863202919365,,
UP Academy Charter School of Boston (District),Enrollment,Out-of-District FTE Pupils,2024,0.0,2019,0.0,2014,,2009,,,,
UP Academy Charter School of Dorchester (District),Expenditure,Teachers,2024,12284.0,2019,5715.0,2014,,2009,,0.16537236326238003,,
UP Academy Charter School of Dorchester (District),Expenditure,"Insurance, Retirement and Other",2024,79.0,2019,2060.0,2014,,2009,,-0.47910285849983747,,
UP Academy Charter School of Dorchester (District),Expenditure,Pupil Services,2024,398.0,2019,1729.0,2014,,2009,,-0.25455155051354594,,
UP Academy Charter School of Dorchester (District),Expenditure,Other Teaching Services,2024,1659.0,2019,978.0,2014,,2009,,0.11147962595714866,,
UP Academy Charter School of Dorchester (District),Expenditure,Operations and Maintenance,2024,290.0,2019,1291.0,2014,,2009,,-0.25818715165056283,,
UP Academy Charter School of Dorchester (District),Expenditure,Instructional Leadership,2024,2787.0,2019,1463.0,2014,,2009,,0.137571043017106,,
UP Academy Charter School of Dorchester (District),Expenditure,Administration,2024,2430.0,2019,1048.0,2014,,2009,,0.18317503696333826,,
UP Academy Charter School of Dorchester (District),Expenditure,"Guidance, Counseling and Testing",2024,770.0,2019,544.0,2014,,2009,,0.0719594694643444,,
UP Academy Charter School of Dorchester (District),Expenditure,Other,2024,1333.0,2019,508.0,2014,,2009,,0.2128114472051732,,
UP Academy Charter School of Dorchester (District),Expenditure,Total PPE,2024,22030.0,2019,15336.0,2014,,2009,,0.07512875985274059,,
UP Academy Charter School of Dorchester (District),Enrollment,In-District FTE Pupils,2024,1160.1,2019,1445.5,2014,,2009,,-0.04303629574337042,,
UP Academy Charter School of Dorchester (District),Enrollment,Out-of-District FTE Pupils,2024,0.0,2019,0.0,2014,,2009,,,,
Up-Island Regional,Expenditure,Teachers,2024,13831.0,2019,10998.0,2014,9706.0,2009,8471.0,0.04690668549147348,0.03605146564398898,0.03322425641805249
Up-Island Regional,Expenditure,"Insurance, Retirement and Other",2024,7757.0,2019,5755.0,2014,5212.0,2009,4659.0,0.061523694755163616,0.04056433961381778,0.03457045568519468
Up-Island Regional,Expenditure,Pupil Services,2024,2834.0,2019,2121.0,2014,1591.0,2009,1331.0,0.05967291858771451,0.059431707323819305,0.05167476396884707
Up-Island Regional,Expenditure,Other Teaching Services,2024,3332.0,2019,2505.0,2014,3005.0,2009,2126.0,0.05871594158669646,0.010383049244992115,0.030408538538782448
Up-Island Regional,Expenditure,Operations and Maintenance,2024,2755.0,2019,2587.0,2014,2539.0,2009,2056.0,0.012663215884018308,0.008198136164402126,0.01970191018481482
Up-Island Regional,Expenditure,Instructional Leadership,2024,2246.0,2019,1843.0,2014,1911.0,2009,1823.0,0.04034380008100835,0.016283574635453046,0.014008367771062291
Up-Island Regional,Expenditure,Administration,2024,882.0,2019,635.0,2014,625.0,2009,571.0,0.06792061945516381,0.03504410633631139,0.02941106424302231
Up-Island Regional,Expenditure,"Guidance, Counseling and Testing",2024,965.0,2019,758.0,2014,826.0,2009,661.0,0.04947384978817593,0.01567491538249355,0.025545791889875158
Up-Island Regional,Expenditure,Other,2024,1137.0,2019,917.0,2014,1052.0,2009,1306.0,0.04394645966417965,0.007800274908656091,-0.009195844944787535
Up-Island Regional,Expenditure,Total PPE,2024,35739.0,2019,28119.0,2014,26467.0,2009,23004.0,0.04912806511729295,0.030489967310798338,0.029807228272940467
Up-Island Regional,Enrollment,In-District FTE Pupils,2024,401.5,2019,411.6,2014,347.2,2009,338.6,-0.004956569581803794,0.014636738224811374,0.01142396498426157
Up-Island Regional,Enrollment,Out-of-District FTE Pupils,2024,53.6,2019,68.2,2014,61.3,2009,61.7,-0.04703690328282062,-0.013333389725673328,-0.009338447514328552
Upper Cape Cod Regional Vocational Technical,Expenditure,Teachers,2024,9169.0,2019,7735.0,2014,6924.0,2009,6918.0,0.03459965901790141,0.0284815170589221,0.018957556473150117
Upper Cape Cod Regional Vocational Technical,Expenditure,"Insurance, Retirement and Other",2024,4283.0,2019,3770.0,2014,2752.0,2009,2899.0,0.025844052348815483,0.04522542290934872,0.026360644055841487
Upper Cape Cod Regional Vocational Technical,Expenditure,Pupil Services,2024,3380.0,2019,2681.0,2014,2423.0,2009,1872.0,0.0474275126108763,0.03384713510369419,0.04017734441936982
Upper Cape Cod Regional Vocational Technical,Expenditure,Other Teaching Services,2024,1086.0,2019,874.0,2014,933.0,2009,741.0,0.04439234157325411,0.015301009858102121,0.025811211070654316
Upper Cape Cod Regional Vocational Technical,Expenditure,Operations and Maintenance,2024,3626.0,2019,2903.0,2014,2733.0,2009,1808.0,0.04548101971727303,0.02867649589706045,0.04748695927534041
Upper Cape Cod Regional Vocational Technical,Expenditure,Instructional Leadership,2024,1777.0,2019,1700.0,2014,1351.0,2009,1442.0,0.00889902256793551,0.027787207508792378,0.014023790934674762
Upper Cape Cod Regional Vocational Technical,Expenditure,Administration,2024,819.0,2019,859.0,2014,884.0,2009,857.0,-0.009491634976947938,-0.007608207822597857,-0.0030190225413186944
Upper Cape Cod Regional Vocational Technical,Expenditure,"Guidance, Counseling and Testing",2024,744.0,2019,1196.0,2014,1078.0,2009,972.0,-0.09057193761491178,-0.03640304826877605,-0.017663129994354154
Upper Cape Cod Regional Vocational Technical,Expenditure,Other,2024,2273.0,2019,2542.0,2014,2218.0,2009,2245.0,-0.022121769684813497,0.002452467985989637,0.0008266764204993837
Upper Cape Cod Regional Vocational Technical,Expenditure,Total PPE,2024,27157.0,2019,24260.0,2014,21296.0,2009,19754.0,0.022817615702229732,0.024609493286092965,0.021445304117581943
Upper Cape Cod Regional Vocational Technical,Enrollment,In-District FTE Pupils,2024,814.6,2019,728.8,2014,689.8,2009,659.3,0.022509162580620634,0.01676859008731202,0.014201126669546094
Upper Cape Cod Regional Vocational Technical,Enrollment,Out-of-District FTE Pupils,2024,9.1,2019,1.3,2014,0.5,2009,0.0,0.47577316159455196,0.3366174872711425,
Uxbridge,Expenditure,Teachers,2024,7431.0,2019,5790.0,2014,4675.0,2009,4793.0,0.051171892097087834,0.04743375277863526,0.02966509058956235
Uxbridge,Expenditure,"Insurance, Retirement and Other",2024,3228.0,2019,2904.0,2014,2086.0,2009,2022.0,0.021380078254700008,0.04462862490042707,0.031676389674425875
Uxbridge,Expenditure,Pupil Services,2024,2480.0,2019,1400.0,2014,803.0,2009,706.0,0.12115260160214425,0.11936987180606073,0.08736779282860785
Uxbridge,Expenditure,Other Teaching Services,2024,2318.0,2019,1714.0,2014,1548.0,2009,1156.0,0.06223479393169051,0.041200211193623826,0.0474750965041455
Uxbridge,Expenditure,Operations and Maintenance,2024,1738.0,2019,1606.0,2014,1003.0,2009,746.0,0.015923125345624678,0.05651309403825633,0.05800421113615406
Uxbridge,Expenditure,Instructional Leadership,2024,907.0,2019,887.0,2014,1064.0,2009,613.0,0.004469451900068977,-0.01583805968390173,0.02646257805246477
Uxbridge,Expenditure,Administration,2024,905.0,2019,732.0,2014,255.0,2009,492.0,0.0433439441538237,0.13503914560013075,0.04146712393445373
Uxbridge,Expenditure,"Guidance, Counseling and Testing",2024,793.0,2019,534.0,2014,440.0,2009,360.0,0.08229682909938596,0.06067431221796005,0.05405849429445353
Uxbridge,Expenditure,Other,2024,629.0,2019,228.0,2014,162.0,2009,251.0,0.2250199450641921,0.14528497459321565,0.06315959146433325
Uxbridge,Expenditure,Total PPE,2024,20429.0,2019,15795.0,2014,12036.0,2009,11139.0,0.05279907728582289,0.05432982712031453,0.0412620979138405
Uxbridge,Enrollment,In-District FTE Pupils,2024,1637.1,2019,1679.7,2014,1878.9,2009,2037.1,-0.0051245886951195585,-0.013681556522276983,-0.014467711739743039
Uxbridge,Enrollment,Out-of-District FTE Pupils,2024,171.6,2019,238.2,2014,216.0,2009,239.6,-0.06348420755072648,-0.022748483066377556,-0.02200785950096107
Uxbridge,NSS,Ch70 Aid,2024,5733.682840236686,2019,5275.606520517144,2014,4684.777490965411,2009,4758.955106068081,0.016792312286710187,0.020409444897346862,0.012499468451609985
Uxbridge,NSS,Req NSS (minus Ch70),2024,8806.079289940828,2019,6387.509836987071,2014,5428.94114610222,2009,3765.2392698569315,0.06632649907824151,0.04955873107302611,0.05827694301883235
Uxbridge,NSS,Actual NSS (minus Req NSS),2024,2533.1701387435,2019,3491.769139529282,2014,1912.7774321902052,2009,2315.452408143814,-0.06217076368191077,0.028489807383300425,0.006009078811335611
Uxbridge,NSS,Total Actual NSS per pupil,2024,17072.932268921013,2019,15154.885497033498,2014,12026.496069257837,2009,10839.646784068826,0.02412057552596858,0.03565927847594952,0.030748866249651785
Uxbridge,Enrollment,Foundation Enrollment,2024,1690.0,2019,1779.0,2014,1937.0,2009,2027.0,-0.010212074976986396,-0.013548566201605938,-0.01204871510434069
Veritas Preparatory Charter School (District),Expenditure,Teachers,2024,6948.0,2019,5923.0,2014,,2009,,0.03243713129968584,,
Veritas Preparatory Charter School (District),Expenditure,"Insurance, Retirement and Other",2024,1970.0,2019,3797.0,2014,,2009,,-0.12298882790476973,,
Veritas Preparatory Charter School (District),Expenditure,Pupil Services,2024,952.0,2019,2307.0,2014,,2009,,-0.16224337530798427,,
Veritas Preparatory Charter School (District),Expenditure,Other Teaching Services,2024,559.0,2019,225.0,2014,,2009,,0.19962596717942915,,
Veritas Preparatory Charter School (District),Expenditure,Operations and Maintenance,2024,1604.0,2019,1079.0,2014,,2009,,0.0825216326137872,,
Veritas Preparatory Charter School (District),Expenditure,Instructional Leadership,2024,3278.0,2019,1491.0,2014,,2009,,0.17064782119578958,,
Veritas Preparatory Charter School (District),Expenditure,Administration,2024,2251.0,2019,1790.0,2014,,2009,,0.04689829572274129,,
Veritas Preparatory Charter School (District),Expenditure,"Guidance, Counseling and Testing",2024,1759.0,2019,1088.0,2014,,2009,,0.10084807878426427,,
Veritas Preparatory Charter School (District),Expenditure,Other,2024,2493.0,2019,1149.0,2014,,2009,,0.16756333926327782,,
Veritas Preparatory Charter School (District),Expenditure,Total PPE,2024,21814.0,2019,18849.0,2014,,2009,,0.029649466656168633,,
Veritas Preparatory Charter School (District),Enrollment,In-District FTE Pupils,2024,598.8,2019,348.1,2014,,2009,,0.11459105580816353,,
Veritas Preparatory Charter School (District),Enrollment,Out-of-District FTE Pupils,2024,0.0,2019,0.0,2014,,2009,,,,
Wachusett,Expenditure,Teachers,2024,6588.0,2019,5078.0,2014,4177.0,2009,3913.0,0.0534457583085266,0.04661971574770596,0.03533981648750739
Wachusett,Expenditure,"Insurance, Retirement and Other",2024,3207.0,2019,2292.0,2014,1807.0,2009,1344.0,0.06949034762572004,0.05904418694580982,0.059692789870254614
Wachusett,Expenditure,Pupil Services,2024,1872.0,2019,1453.0,2014,1131.0,2009,1051.0,0.05198136333066583,0.05168171693106394,0.0392344667166411
Wachusett,Expenditure,Other Teaching Services,2024,1771.0,2019,1410.0,2014,1277.0,2009,937.0,0.04664617274678151,0.033243701084721744,0.043354590929943315
Wachusett,Expenditure,Operations and Maintenance,2024,1348.0,2019,1007.0,2014,867.0,2009,872.0,0.06006399585611555,0.04512221577094122,0.02946493962090746
Wachusett,Expenditure,Instructional Leadership,2024,944.0,2019,752.0,2014,689.0,2009,717.0,0.04652794771578006,0.03198949682578367,0.018505837737904374
Wachusett,Expenditure,Administration,2024,450.0,2019,305.0,2014,231.0,2009,220.0,0.08089257834057184,0.06895655157184488,0.04886434476308943
Wachusett,Expenditure,"Guidance, Counseling and Testing",2024,336.0,2019,300.0,2014,232.0,2009,195.0,0.022924556626030324,0.037731809313782394,0.03694003981407912
Wachusett,Expenditure,Other,2024,365.0,2019,346.0,2014,268.0,2009,280.0,0.010749076342918995,0.031373116571520754,0.01783095671014201
Wachusett,Expenditure,Total PPE,2024,16881.0,2019,12943.0,2014,10679.0,2009,9529.0,0.054563276743959443,0.04685554637658318,0.03885927815783696
Wachusett,Enrollment,In-District FTE Pupils,2024,6661.0,2019,7108.6,2014,7384.3,2009,7339.7,-0.012922911793425862,-0.010255698110035016,-0.006447680354174423
Wachusett,Enrollment,Out-of-District FTE Pupils,2024,276.7,2019,233.3,2014,217.0,2009,267.1,0.034710566332056825,0.024601394278961797,0.002356824065580909
Wachusett,NSS,Ch70 Aid,2024,5220.010920209669,2019,3981.485841598391,2014,3465.77963907301,2009,3074.703729669097,0.05566287108366974,0.041806461180633914,0.03591600368168035
Wachusett,NSS,Req NSS (minus Ch70),2024,7149.30430984275,2019,5891.32959609027,2014,5599.954456278027,2009,4767.518227706113,0.039465530960444806,0.024726408858845694,0.027380759380424724
Wachusett,NSS,Actual NSS (minus Req NSS),2024,2860.773739835611,2019,2194.2929381360113,2014,667.2696882812494,2009,945.7079360628155,0.05447862575162188,0.1566932770459395,0.0765852659497408
Wachusett,NSS,Total Actual NSS per pupil,2024,15230.088969888031,2019,12067.108375824671,2014,9733.003783632284,2009,8787.929893438026,0.0476587521366052,0.045792576805805396,0.037339838606919695
Wachusett,Enrollment,Foundation Enrollment,2024,6867.999999999999,2019,6956.999999999999,2014,7136.0,2009,7132.0,-0.0025717681048199603,-0.0038206279815736766,-0.002511424880215496
Wakefield,Expenditure,Teachers,2024,8123.0,2019,6119.0,2014,5109.0,2009,4532.0,0.058296110543136326,0.0474614658631487,0.03966902092794
Wakefield,Expenditure,"Insurance, Retirement and Other",2024,3400.0,2019,2766.0,2014,2465.0,2009,2181.0,0.04213827876555398,0.032681030216219265,0.03004188139164743
Wakefield,Expenditure,Pupil Services,2024,1862.0,2019,1505.0,2014,756.0,2009,805.0,0.043490826209926725,0.09432365762483541,0.057496453950698134
Wakefield,Expenditure,Other Teaching Services,2024,1738.0,2019,1050.0,2014,857.0,2009,609.0,0.10604321163880104,0.07326482232904152,0.0724132354580529
Wakefield,Expenditure,Operations and Maintenance,2024,1913.0,2019,1539.0,2014,1241.0,2009,1046.0,0.04446831568357168,0.04422555860021271,0.04106749232221807
Wakefield,Expenditure,Instructional Leadership,2024,1255.0,2019,988.0,2014,746.0,2009,566.0,0.04900451212527002,0.05339314983482124,0.05452080614491428
Wakefield,Expenditure,Administration,2024,548.0,2019,372.0,2014,518.0,2009,357.0,0.08055660841340107,0.0056458827282510615,0.028981317123540906
Wakefield,Expenditure,"Guidance, Counseling and Testing",2024,710.0,2019,435.0,2014,283.0,2009,269.0,0.10294490378842869,0.09634487635930733,0.06684273619173853
Wakefield,Expenditure,Other,2024,695.0,2019,506.0,2014,385.0,2009,284.0,0.06553288471316332,0.06084615713163344,0.0614782447794453
Wakefield,Expenditure,Total PPE,2024,20244.0,2019,15280.0,2014,12360.0,2009,10649.0,0.0578755870304013,0.05057675110382953,0.04375643679650132
Wakefield,Enrollment,In-District FTE Pupils,2024,3353.6,2019,3499.8,2014,3328.6,2009,3385.1,-0.008497972021413114,0.0007485400697953004,-0.0006230759622264381
Wakefield,Enrollment,Out-of-District FTE Pupils,2024,137.6,2019,129.6,2014,123.0,2009,107.0,0.012051671459446522,0.011279799571926041,0.016909513741466986
Wakefield,NSS,Ch70 Aid,2024,2575.7422369611095,2019,1824.2233371559632,2014,1497.3580216860173,2009,1416.394530113471,0.07143265459416259,0.05574169712250687,0.04067361550857207
Wakefield,NSS,Req NSS (minus Ch70),2024,10406.330419053362,2019,8599.91141055046,2014,8064.2715289982425,2009,7175.91387838231,0.03886885580911659,0.0258249244592601,0.025088495685407164
Wakefield,NSS,Actual NSS (minus Req NSS),2024,5883.998474525172,2019,4116.721371515005,2014,1752.9693354369376,2009,1167.3625811508398,0.0740492977534899,0.1287293635712068,0.11386130975078546
Wakefield,NSS,Total Actual NSS per pupil,2024,18866.071130539643,2019,14540.856119221427,2014,11314.598886121197,2009,9759.67098964662,0.05346060164128508,0.052456683787620806,0.04492010649885314
Wakefield,Enrollment,Foundation Enrollment,2024,3317.0,2019,3488.0,2014,3414.0,2009,3437.0,-0.010003181224122248,-0.0028782363532793287,-0.0023664114834511807
Wales,Expenditure,Teachers,2024,7407.0,2019,5514.0,2014,4292.0,2009,4083.0,0.06080392161135317,0.05608351404435474,0.04050506266359699
Wales,Expenditure,"Insurance, Retirement and Other",2024,4385.0,2019,3569.0,2014,2290.0,2009,1689.0,0.04204052722330176,0.06712037346554545,0.06566981158539686
Wales,Expenditure,Pupil Services,2024,3963.0,2019,1506.0,2014,1469.0,2009,1161.0,0.2135001101634768,0.10433345155443896,0.08529080497543351
Wales,Expenditure,Other Teaching Services,2024,3236.0,2019,1256.0,2014,891.0,2009,971.0,0.20838068472584959,0.13766155151756454,0.08355913759718714
Wales,Expenditure,Operations and Maintenance,2024,9241.0,2019,1107.0,2014,943.0,2009,742.0,0.5286718556859809,0.2563791708737746,0.18309877403758934
Wales,Expenditure,Instructional Leadership,2024,1548.0,2019,811.0,2014,946.0,2009,858.0,0.1380203297580751,0.05048046845238141,0.04012510270089753
Wales,Expenditure,Administration,2024,545.0,2019,607.0,2014,433.0,2009,407.0,-0.021318086922232027,0.02327145805960007,0.019655515769268828
Wales,Expenditure,"Guidance, Counseling and Testing",2024,647.0,2019,411.0,2014,268.0,2009,349.0,0.09499589674974152,0.09213656759029876,0.04201008816008356
Wales,Expenditure,Other,2024,1630.0,2019,500.0,2014,379.0,2009,332.0,0.2666117718041101,0.15705722739920636,0.11191084989740263
Wales,Expenditure,Total PPE,2024,32602.0,2019,15281.0,2014,11911.0,2009,10592.0,0.16363960295432078,0.10593499811882134,0.0778320283253866
Wales,Enrollment,In-District FTE Pupils,2024,92.9,2019,148.1,2014,159.5,2009,163.3,-0.08905505313526674,-0.05261718487297895,-0.036906093060282585
Wales,Enrollment,Out-of-District FTE Pupils,2024,29.2,2019,15.6,2014,9.0,2009,5.3,0.13357863139863713,0.12490030414730668,0.1204877996764826
Wales,NSS,Ch70 Aid,2024,10606.738738738739,2019,6306.261146496815,2014,5518.8646616541355,2009,5332.667175572519,0.10958859480302197,0.06751309895574664,0.04690954517932555
Wales,NSS,Req NSS (minus Ch70),2024,5106.378378378378,2019,4170.401273885351,2014,4529.315789473684,2009,3344.618320610686,0.0413267613439281,0.012064145005610039,0.028610836202545897
Wales,NSS,Actual NSS (minus Req NSS),2024,8232.441239639638,2019,2852.166682212845,2014,3051.7744360902257,2009,3850.203053435115,0.23614878816315876,0.10432682301640517,0.051969141424110354
Wales,NSS,Total Actual NSS per pupil,2024,23945.558356756756,2019,13328.829102595011,2014,13099.954887218046,2009,12527.48854961832,0.12431134691787316,0.06217363389815511,0.04413678660787701
Wales,Enrollment,Foundation Enrollment,2024,111.0,2019,157.0,2014,133.0,2009,131.0,-0.06699350879076993,-0.017919396158278644,-0.010983708497217082
Walpole,Expenditure,Teachers,2024,7659.0,2019,6224.0,2014,5119.0,2009,4204.0,0.042366624118213236,0.04111497679621112,0.04080001739318195
Walpole,Expenditure,"Insurance, Retirement and Other",2024,3042.0,2019,2397.0,2014,1818.0,2009,1749.0,0.048813418652887464,0.05282583415420361,0.037587250568272834
Walpole,Expenditure,Pupil Services,2024,2149.0,2019,1830.0,2014,1604.0,2009,1311.0,0.03265931083764473,0.029682199875180393,0.033496273259703946
Walpole,Expenditure,Other Teaching Services,2024,1771.0,2019,1463.0,2014,1231.0,2009,1223.0,0.038950477489882784,0.03704129614544849,0.024989634790481663
Walpole,Expenditure,Operations and Maintenance,2024,1136.0,2019,1024.0,2014,943.0,2009,859.0,0.020976333038736472,0.018794669185327795,0.018807995264693123
Walpole,Expenditure,Instructional Leadership,2024,1469.0,2019,1215.0,2014,943.0,2009,804.0,0.03869754122157931,0.045324213397981206,0.041000767737952026
Walpole,Expenditure,Administration,2024,507.0,2019,383.0,2014,321.0,2009,249.0,0.057698374877180436,0.046767650582344666,0.04854540360038739
Walpole,Expenditure,"Guidance, Counseling and Testing",2024,729.0,2019,544.0,2014,341.0,2009,289.0,0.060292588614710096,0.07894005155844863,0.06362526704666394
Walpole,Expenditure,Other,2024,793.0,2019,611.0,2014,400.0,2009,436.0,0.05352875907841215,0.07083194756823308,0.04068456468522963
Walpole,Expenditure,Total PPE,2024,19255.0,2019,15691.0,2014,12720.0,2009,11124.0,0.041786151662413396,0.042330968414992176,0.03725491847362217
Walpole,Enrollment,In-District FTE Pupils,2024,3646.5,2019,3768.6,2014,3986.0,2009,3930.3,-0.006565507504099122,-0.00886253597494846,-0.004984068466458824
Walpole,Enrollment,Out-of-District FTE Pupils,2024,93.1,2019,117.4,2014,63.2,2009,71.6,-0.04532331410419632,0.039497047821167586,0.017659389293694927
Walpole,NSS,Ch70 Aid,2024,2686.0266304347824,2019,2163.2103429796357,2014,1914.2045527830471,2009,1931.6406692406692,0.04424477926861825,0.034456414469058894,0.02222288205438039
Walpole,NSS,Req NSS (minus Ch70),2024,10137.724184782608,2019,8451.289121114683,2014,7629.974550128535,2009,6355.190990990991,0.03705908971950711,0.028825543240041718,0.031622465080037854
Walpole,NSS,Actual NSS (minus Req NSS),2024,4694.597494565216,2019,3820.637705956998,2014,2017.7601543310025,2009,1608.044535834792,0.04205946118708592,0.0881102017326405,0.0740389203343852
Walpole,NSS,Total Actual NSS per pupil,2024,17518.348309782607,2019,14435.137170051317,2014,11561.939257242586,2009,9894.876196066452,0.03947595648870528,0.04242843009976438,0.038816532786065894
Walpole,Enrollment,Foundation Enrollment,2024,3680.0,2019,3732.0,2014,3890.0,2009,3885.0,-0.002802372164577127,-0.005534269737160202,-0.0036074927488463082
Waltham,Expenditure,Teachers,2024,9344.0,2019,7670.0,2014,6633.0,2009,6087.0,0.0402733988773174,0.03486162647689972,0.028984031676265953
Waltham,Expenditure,"Insurance, Retirement and Other",2024,6218.0,2019,5427.0,2014,4774.0,2009,4852.0,0.0275860011596063,0.02677865136305302,0.016674650329660867
Waltham,Expenditure,Pupil Services,2024,2314.0,2019,1755.0,2014,1393.0,2009,1290.0,0.05685947853068907,0.052061732205297195,0.039724416627220815
Waltham,Expenditure,Other Teaching Services,2024,2109.0,2019,1574.0,2014,1211.0,2009,946.0,0.0602648657928333,0.05704443383624391,0.054902600390955625
Waltham,Expenditure,Operations and Maintenance,2024,1835.0,2019,1701.0,2014,1555.0,2009,1766.0,0.015281215391186986,0.016694718550591903,0.0025584258215873845
Waltham,Expenditure,Instructional Leadership,2024,1385.0,2019,1175.0,2014,923.0,2009,876.0,0.033433132924191034,0.04141734639560224,0.031010396117731043
Waltham,Expenditure,Administration,2024,603.0,2019,582.0,2014,760.0,2009,656.0,0.007114538728631992,-0.022874444224505686,-0.005600497891471767
Waltham,Expenditure,"Guidance, Counseling and Testing",2024,1032.0,2019,778.0,2014,544.0,2009,587.0,0.058132417976777706,0.06612488300496278,0.03833168395209818
Waltham,Expenditure,Other,2024,718.0,2019,671.0,2014,836.0,2009,635.0,0.013632168515880894,-0.01510072744408153,0.008223264830216959
Waltham,Expenditure,Total PPE,2024,25558.0,2019,21333.0,2014,18629.0,2009,17695.0,0.03679999513484811,0.03212840966404995,0.02481408709212629
Waltham,Enrollment,In-District FTE Pupils,2024,5730.7,2019,5582.8,2014,5147.3,2009,4725.9,0.005243146366685325,0.010794381649850804,0.012934919495924069
Waltham,Enrollment,Out-of-District FTE Pupils,2024,191.4,2019,198.7,2014,179.7,2009,101.4,-0.007458182798417923,0.006327603756939526,0.0432625038100205
Waltham,NSS,Ch70 Aid,2024,4175.566201166696,2019,2355.593577163247,2014,1611.7723242940801,2009,1585.970482930891,0.12130304730958374,0.09986952266245375,0.06666493419270347
Waltham,NSS,Req NSS (minus Ch70),2024,13170.958458546933,2019,10224.58233719893,2014,9996.471580989331,2009,10723.575770191506,0.05194821416523587,0.027962008889938605,0.01379898096155574
Waltham,NSS,Actual NSS (minus Req NSS),2024,6476.917801603651,2019,7565.753921255621,2014,6226.927606007922,2009,4266.169673911684,-0.03059951030453878,0.0039439268216212575,0.028226243215268898
Waltham,NSS,Total Actual NSS per pupil,2024,23823.44246131728,2019,20145.929835617797,2014,17835.171511291333,2009,16575.71592703408,0.03410214731255845,0.029372881389150507,0.024476847551678782
Waltham,Enrollment,Foundation Enrollment,2024,5657.0,2019,5605.0,2014,5155.0,2009,4804.0,0.0018486385967395602,0.009335970706729091,0.010955901921470224
Ware,Expenditure,Teachers,2024,6126.0,2019,5123.0,2014,4326.0,2009,3961.0,0.036407452763531856,0.03540211491258938,0.029496347167881076
Ware,Expenditure,"Insurance, Retirement and Other",2024,3706.0,2019,3112.0,2014,2462.0,2009,2035.0,0.03555498905310128,0.04174574830363453,0.04077311896206237
Ware,Expenditure,Pupil Services,2024,3332.0,2019,2066.0,2014,1515.0,2009,1155.0,0.10030968359332992,0.08200492106625035,0.07318567550786192
Ware,Expenditure,Other Teaching Services,2024,2268.0,2019,1838.0,2014,1256.0,2009,1047.0,0.04294044261206831,0.06087775029468068,0.05288213775695705
Ware,Expenditure,Operations and Maintenance,2024,1731.0,2019,1182.0,2014,996.0,2009,1027.0,0.07928444588036276,0.05682669038450583,0.03541656397592918
Ware,Expenditure,Instructional Leadership,2024,1144.0,2019,700.0,2014,923.0,2009,679.0,0.10322881583049881,0.021697739111637082,0.03538948467568215
Ware,Expenditure,Administration,2024,608.0,2019,452.0,2014,452.0,2009,450.0,0.06109197230949137,0.030093186226125557,0.02026441076880303
Ware,Expenditure,"Guidance, Counseling and Testing",2024,425.0,2019,424.0,2014,387.0,2009,388.0,0.0004712537436641906,0.009410450034586404,0.0060907288019145245
Ware,Expenditure,Other,2024,1008.0,2019,526.0,2014,347.0,2009,202.0,0.1389245582294334,0.11253352214387213,0.11311647537285596
Ware,Expenditure,Total PPE,2024,20348.0,2019,15423.0,2014,12664.0,2009,10944.0,0.056989258985157276,0.048564336967451105,0.04221273671270698
Ware,Enrollment,In-District FTE Pupils,2024,1095.8,2019,1166.5,2014,1274.1,2009,1216.6,-0.012426766520885701,-0.014962468695073339,-0.006947446979186367
Ware,Enrollment,Out-of-District FTE Pupils,2024,213.9,2019,212.5,2014,171.4,2009,186.5,0.0013141883344376382,0.022398012815535884,0.009180375303287969
Ware,NSS,Ch70 Aid,2024,10701.947784810127,2019,7330.711009174312,2014,6182.694226657163,2009,6135.491359879789,0.07860727629858655,0.05640027582432139,0.03778542076813385
Ware,NSS,Req NSS (minus Ch70),2024,4646.159018987341,2019,3985.663608562691,2014,4392.207545675984,2009,3001.45830202855,0.031142496246375995,0.005636717078812303,0.029557919742315697
Ware,NSS,Actual NSS (minus Req NSS),2024,545.605305392746,2019,1650.186851161777,2014,-267.62961407334507,2009,537.9375605299232,-0.19856354657333153,0.3038658192897967,0.0009440009894126078
Ware,NSS,Total Actual NSS per pupil,2024,15893.712109190215,2019,12966.56146889878,2014,10307.272158259802,2009,9674.887222438263,0.04154995332910927,0.0442588387087377,0.03364631825470821
Ware,Enrollment,Foundation Enrollment,2024,1264.0,2019,1308.0,2014,1403.0,2009,1331.0,-0.006820227418390279,-0.010378914007652895,-0.0034373616121331496
Wareham,Expenditure,Teachers,2023,7549.0,2018,6073.0,2013,4743.0,2008,,0.04447302658902608,0.04757139260815024,
Wareham,Expenditure,"Insurance, Retirement and Other",2023,5065.0,2018,3941.0,2013,3111.0,2008,,0.051464472241604886,0.04994837046891587,
Wareham,Expenditure,Pupil Services,2023,2508.0,2018,1597.0,2013,1276.0,2008,,0.09447166674619667,0.06991108167757831,
Wareham,Expenditure,Other Teaching Services,2023,2114.0,2018,1489.0,2013,985.0,2008,,0.07261053210690815,0.07936138118735148,
Wareham,Expenditure,Operations and Maintenance,2023,1705.0,2018,1224.0,2013,1056.0,2008,,0.06853460879679485,0.04907381352124385,
Wareham,Expenditure,Instructional Leadership,2023,1877.0,2018,1491.0,2013,1314.0,2008,,0.047122100381399745,0.03630332294911387,
Wareham,Expenditure,Administration,2023,781.0,2018,551.0,2013,376.0,2008,,0.07225946127819394,0.07583660986881191,
Wareham,Expenditure,"Guidance, Counseling and Testing",2023,865.0,2018,431.0,2013,378.0,2008,,0.14949680226158168,0.08630663152723961,
Wareham,Expenditure,Other,2023,500.0,2018,318.0,2013,326.0,2008,,0.0947339252787005,0.04369893528217794,
Wareham,Expenditure,Total PPE,2023,22964.0,2018,17115.0,2013,13565.0,2008,,0.06055727389361776,0.05405378962779195,
Wareham,Enrollment,In-District FTE Pupils,2023,1992.2,2018,2311.5,2013,2794.7,2008,,-0.02929379087767925,-0.03328206904473674,
Wareham,Enrollment,Out-of-District FTE Pupils,2023,379.0,2018,350.5,2013,135.7,2008,,0.015757967407519446,0.1081688449165552,
Wareham,NSS,Ch70 Aid,2024,7034.007802340702,2019,5206.909233176839,2014,4338.489566259172,2009,3914.7182701347547,0.06200012464664395,0.04950963226793559,0.039840724465310506
Wareham,NSS,Req NSS (minus Ch70),2024,9335.15908105765,2019,6871.287949921752,2014,6472.329489867226,2009,5135.583829520526,0.06320427682443563,0.03730413833050439,0.04064386131712294
Wareham,NSS,Actual NSS (minus Req NSS),2024,-16369.166883398353,2019,2578.9181301248127,2014,1127.7073535399602,2009,283.7118019781124,-1.4694599872859189,-1.551543863043393,-3.913097391852875
Wareham,NSS,Total Actual NSS per pupil,2024,0.0,2019,14657.115313223403,2014,11938.526409666358,2009,9334.013901633392,,,
Wareham,Enrollment,Foundation Enrollment,2024,2307.0,2019,2556.0,2014,2862.0,2009,3191.0,-0.020290433019368503,-0.02132657295313467,-0.02139359772980065
Watertown,Expenditure,Teachers,2024,9720.0,2019,8290.0,2014,6363.0,2009,5640.0,0.032339029291647,0.04327892443694337,0.036953171122637185
Watertown,Expenditure,"Insurance, Retirement and Other",2024,4196.0,2019,3693.0,2014,2219.0,2009,2481.0,0.02586741262063863,0.06578061730064433,0.03565215774681163
Watertown,Expenditure,Pupil Services,2024,2667.0,2019,1322.0,2014,1283.0,2009,1188.0,0.15068992901042666,0.07591914617549067,0.05539193638205275
Watertown,Expenditure,Other Teaching Services,2024,2412.0,2019,1859.0,2014,1419.0,2009,1097.0,0.053463717835128044,0.05448277713135541,0.05392905735138753
Watertown,Expenditure,Operations and Maintenance,2024,1574.0,2019,1868.0,2014,1105.0,2009,1349.0,-0.033669758187883536,0.03601070987656496,0.010336831224945664
Watertown,Expenditure,Instructional Leadership,2024,1761.0,2019,1507.0,2014,1096.0,2009,928.0,0.03164248933147129,0.04856384798074731,0.04363209199375828
Watertown,Expenditure,Administration,2024,1023.0,2019,698.0,2014,575.0,2009,521.0,0.07945375700799673,0.059304406586059955,0.046010058353488814
Watertown,Expenditure,"Guidance, Counseling and Testing",2024,1177.0,2019,931.0,2014,678.0,2009,582.0,0.048009830388590524,0.05670722517622795,0.048069859985426344
Watertown,Expenditure,Other,2024,934.0,2019,911.0,2014,823.0,2009,979.0,0.004999162516500455,0.012732399220804824,-0.0031320983340012987
Watertown,Expenditure,Total PPE,2024,25464.0,2019,21079.0,2014,15561.0,2009,14765.0,0.03852109923021829,0.05048271867268106,0.0370018829222265
Watertown,Enrollment,In-District FTE Pupils,2024,2735.4,2019,2644.8,2014,2654.3,2009,2546.0,0.006759186763232172,0.003014204708961188,0.004795071558729269
Watertown,Enrollment,Out-of-District FTE Pupils,2024,119.6,2019,147.7,2014,161.6,2009,141.3,-0.04132779298598788,-0.029648721692102642,-0.011053947673050346
Watertown,NSS,Ch70 Aid,2024,2934.22172115746,2019,1983.3269598470363,2014,1439.5844315399183,2009,1375.8072612470403,0.08148306320069132,0.07380538766068767,0.05178996278501846
Watertown,NSS,Req NSS (minus Ch70),2024,12043.437429537767,2019,9349.969789674953,2014,8955.803224624404,2009,9416.732833464877,0.05193293000619703,0.03006490753221258,0.01653736676387374
Watertown,NSS,Actual NSS (minus Req NSS),2024,10204.874175403982,2019,9313.382168260043,2014,4908.521432291083,2009,3766.324576549438,0.018450782047336967,0.07593416013104326,0.06870865691214356
Watertown,NSS,Total Actual NSS per pupil,2024,25182.533326099212,2019,20646.678917782032,2014,15303.909088455406,2009,14558.864671261355,0.04051858739007619,0.051065313431785775,0.03720545901426742
Watertown,Enrollment,Foundation Enrollment,2024,2661.0,2019,2615.0,2014,2729.0,2009,2534.0,0.0034936675752024193,-0.0025201440646561712,0.003265514218990795
Wayland,Expenditure,Teachers,2024,10085.0,2019,7745.0,2014,6545.0,2009,5736.0,0.05421913819272928,0.04418301644452072,0.03833569482023602
Wayland,Expenditure,"Insurance, Retirement and Other",2024,2861.0,2019,2634.0,2014,2257.0,2009,1858.0,0.016670957210522364,0.02399687169086251,0.02919612694205731
Wayland,Expenditure,Pupil Services,2024,2104.0,2019,1513.0,2014,1297.0,2009,1219.0,0.06817242273305713,0.049567987422049375,0.03705741721450262
Wayland,Expenditure,Other Teaching Services,2024,2054.0,2019,1737.0,2014,1364.0,2009,1111.0,0.034094252116609214,0.041786215909910496,0.041819364180080365
Wayland,Expenditure,Operations and Maintenance,2024,1128.0,2019,1544.0,2014,1326.0,2009,1505.0,-0.060855626977974864,-0.01604200797116717,-0.019039530486834044
Wayland,Expenditure,Instructional Leadership,2024,1719.0,2019,1479.0,2014,1035.0,2009,919.0,0.030532138896365524,0.05204314935165977,0.042631138252594125
Wayland,Expenditure,Administration,2024,999.0,2019,593.0,2014,744.0,2009,602.0,0.10994678854804696,0.029909953240556897,0.03434304793193266
Wayland,Expenditure,"Guidance, Counseling and Testing",2024,1013.0,2019,730.0,2014,540.0,2009,452.0,0.06771985066981423,0.06493124295223907,0.05527277529915464
Wayland,Expenditure,Other,2024,672.0,2019,750.0,2014,567.0,2009,470.0,-0.02172354317408065,0.01713505295195339,0.02412136802369269
Wayland,Expenditure,Total PPE,2024,22635.0,2019,18725.0,2014,15675.0,2009,13872.0,0.03865600060828678,0.037426398536769545,0.03318024728224711
Wayland,Enrollment,In-District FTE Pupils,2024,2760.0,2019,2707.1,2014,2687.9,2009,2777.9,0.003878045938729313,0.0026505525337041647,-0.00043087826761567527
Wayland,Enrollment,Out-of-District FTE Pupils,2024,49.5,2019,54.3,2014,41.2,2009,39.5,-0.01834004782053711,0.01852290086043884,0.015158542541862774
Wayland,NSS,Ch70 Aid,2024,2710.5453189108543,2019,1755.5035889686437,2014,1248.745481927711,2009,1235.4060495626823,0.0907644881342502,0.08058335696064978,0.05377962366239242
Wayland,NSS,Req NSS (minus Ch70),2024,9642.842969041403,2019,8210.033622969398,2014,8522.204819277109,2009,7726.280612244898,0.03269489881437293,0.0124307159822028,0.014882213205398509
Wayland,NSS,Actual NSS (minus Req NSS),2024,9209.835484147703,2019,7585.934961465814,2014,4768.982022227057,2009,4325.15918367347,0.03955758491603145,0.0680279512492521,0.05167928199648553
Wayland,NSS,Total Actual NSS per pupil,2024,21563.223772099962,2019,17551.472173403858,2014,14539.932323431876,2009,13286.84584548105,0.04202953338615156,0.04019588282552,0.03280766619850661
Wayland,Enrollment,Foundation Enrollment,2024,2681.0,2019,2647.0,2014,2656.0,2009,2744.0,0.0025558478262355244,0.0009373017569640485,-0.0015472584667881595
Webster,Expenditure,Teachers,2024,7565.0,2019,5667.0,2014,4773.0,2009,4022.0,0.0594760505744556,0.04713276700500524,0.04301636936055786
Webster,Expenditure,"Insurance, Retirement and Other",2024,4010.0,2019,2865.0,2014,2122.0,2009,1551.0,0.06955703655481771,0.06571210627997859,0.06537419097010133
Webster,Expenditure,Pupil Services,2024,3007.0,2019,1720.0,2014,1314.0,2009,1272.0,0.11820388354419142,0.08631007215167164,0.05903363718403942
Webster,Expenditure,Other Teaching Services,2024,2459.0,2019,1953.0,2014,1379.0,2009,1116.0,0.047155690401885275,0.059545048477851026,0.054078501153322245
Webster,Expenditure,Operations and Maintenance,2024,1329.0,2019,1021.0,2014,802.0,2009,983.0,0.05414377328700559,0.051804588920395966,0.02030832657162618
Webster,Expenditure,Instructional Leadership,2024,1579.0,2019,960.0,2014,1018.0,2009,838.0,0.10464359663188039,0.044872827369988544,0.04313985992662728
Webster,Expenditure,Administration,2024,648.0,2019,494.0,2014,495.0,2009,448.0,0.055770715074982435,0.02729927281390987,0.024911735931068435
Webster,Expenditure,"Guidance, Counseling and Testing",2024,859.0,2019,426.0,2014,352.0,2009,306.0,0.15057971475094467,0.09331435422706646,0.07123507088436676
Webster,Expenditure,Other,2024,1279.0,2019,414.0,2014,435.0,2009,322.0,0.2530662724674262,0.113879288536465,0.09631236272023291
Webster,Expenditure,Total PPE,2024,22735.0,2019,15520.0,2014,12690.0,2009,10858.0,0.07934590539168451,0.060042636634426216,0.050500688585463305
Webster,Enrollment,In-District FTE Pupils,2024,1691.0,2019,1843.5,2014,1826.7,2009,1915.8,-0.017120916229108052,-0.007689383302151742,-0.008286490851541317
Webster,Enrollment,Out-of-District FTE Pupils,2024,284.6,2019,211.3,2014,188.7,2009,123.3,0.06137066415332093,0.04194860982411375,0.05734842151138975
Webster,NSS,Ch70 Aid,2024,10026.342947037232,2019,6335.892323030907,2014,5228.407294832827,2009,4724.8849512069855,0.09614234051492843,0.06727740288190098,0.05143740045467138
Webster,NSS,Req NSS (minus Ch70),2024,6739.136864184583,2019,5302.52442671984,2014,5155.348024316109,2009,4236.759116589625,0.049117954905348205,0.027151793434690985,0.031425902068144884
Webster,NSS,Actual NSS (minus Req NSS),2024,953.9411132079366,2019,1758.3498835247624,2014,526.1075975066117,2009,479.27610712322013,-0.11512229303547128,0.06131597010340317,0.04695750031412649
Webster,NSS,Total Actual NSS per pupil,2024,17719.420924429753,2019,13396.76663327551,2014,10909.862916655547,2009,9440.92017491983,0.05752320686522494,0.049694745214813985,0.04286721185731812
Webster,Enrollment,Foundation Enrollment,2024,1907.0,2019,2006.0,2014,1974.0,2009,1947.0,-0.010071214801972261,-0.0034471064789022288,-0.0013829361793376016
Wellesley,Expenditure,Teachers,2024,10493.0,2019,7706.0,2014,6412.0,2009,5234.0,0.06368769106127115,0.05048683946038257,0.04746068260580594
Wellesley,Expenditure,"Insurance, Retirement and Other",2024,3954.0,2019,2716.0,2014,2326.0,2009,2194.0,0.07800650092403161,0.054490558184776994,0.04004788725046171
Wellesley,Expenditure,Pupil Services,2024,2392.0,2019,1456.0,2014,1232.0,2009,881.0,0.10438362870438156,0.06859969711196823,0.0688555528317647
Wellesley,Expenditure,Other Teaching Services,2024,3107.0,2019,2289.0,2014,1838.0,2009,1520.0,0.06301426399126786,0.05390041280215874,0.048817304891247915
Wellesley,Expenditure,Operations and Maintenance,2024,1958.0,2019,1610.0,2014,1201.0,2009,1029.0,0.03991384983226731,0.05009107667794921,0.04382209983537377
Wellesley,Expenditure,Instructional Leadership,2024,2456.0,2019,1702.0,2014,1138.0,2009,1159.0,0.07610279980334833,0.07996233708442912,0.05133953256217594
Wellesley,Expenditure,Administration,2024,831.0,2019,359.0,2014,497.0,2009,243.0,0.18277276312313262,0.05274809327775154,0.08542457458857555
Wellesley,Expenditure,"Guidance, Counseling and Testing",2024,1190.0,2019,780.0,2014,598.0,2009,499.0,0.088154272854011,0.07123456584717958,0.059651590645154906
Wellesley,Expenditure,Other,2024,2020.0,2019,1116.0,2014,795.0,2009,507.0,0.12599752254746144,0.09773730691571947,0.09653599895398024
Wellesley,Expenditure,Total PPE,2024,28401.0,2019,19734.0,2014,16037.0,2009,13266.0,0.07553290451202033,0.05881735277093769,0.0520577402523541
Wellesley,Enrollment,In-District FTE Pupils,2024,4086.5,2019,4954.8,2014,4995.7,2009,4873.3,-0.03780061525741374,-0.019888431554432318,-0.011670199914756818
Wellesley,Enrollment,Out-of-District FTE Pupils,2024,71.3,2019,72.7,2014,68.3,2009,79.5,-0.0038814590125606507,0.004307908559401774,-0.007231108428301658
Wellesley,NSS,Ch70 Aid,2024,2372.4315789473685,2019,1780.7307615828197,2014,1513.7586484312149,2009,1359.0954962468725,0.05905639505141136,0.0459566992492666,0.03783803194296076
Wellesley,NSS,Req NSS (minus Ch70),2024,10388.446650717704,2019,8394.873732352356,2014,8044.648431214803,2009,7051.2848206839035,0.04353564706889146,0.02589840466021487,0.02616884179126
Wellesley,NSS,Actual NSS (minus Req NSS),2024,13308.812512975603,2019,8047.236178962018,2014,5449.0251125505465,2009,4153.227272727273,0.10585583004186838,0.0934075031265913,0.08072925370290074
Wellesley,NSS,Total Actual NSS per pupil,2024,26069.690742640676,2019,18222.840672897193,2014,15007.432192196564,2009,12563.607589658048,0.07424653182293328,0.05677601779892649,0.04986816709069841
Wellesley,Enrollment,Foundation Enrollment,2024,4180.0,2019,5029.0,2014,4972.0,2009,4796.0,-0.03630650110380074,-0.017201429359759213,-0.00912286454689104
Wellfleet,Expenditure,Teachers,2024,12075.0,2019,10023.0,2014,9920.0,2009,7978.0,0.03795346205947081,0.01985292714273501,0.028015210438961713
Wellfleet,Expenditure,"Insurance, Retirement and Other",2024,7831.0,2019,5900.0,2014,3683.0,2009,2649.0,0.05826161176741951,0.07835448887277652,0.07493536447110571
Wellfleet,Expenditure,Pupil Services,2024,4514.0,2019,3060.0,2014,1963.0,2009,1510.0,0.08085646767906463,0.08683627553327677,0.07573584584220505
Wellfleet,Expenditure,Other Teaching Services,2024,4107.0,2019,5395.0,2014,2844.0,2009,1565.0,-0.053094474589870155,0.03743169239863886,0.06643410136878702
Wellfleet,Expenditure,Operations and Maintenance,2024,4891.0,2019,2797.0,2014,2954.0,2009,2464.0,0.11825549077379915,0.05171657197881063,0.04676806337135475
Wellfleet,Expenditure,Instructional Leadership,2024,3822.0,2019,2932.0,2014,2012.0,2009,1529.0,0.05444842716573173,0.06626774205106423,0.06298110913238308
Wellfleet,Expenditure,Administration,2024,3188.0,2019,2006.0,2014,1694.0,2009,1442.0,0.09707792595167697,0.06527194764846311,0.05431455844098343
Wellfleet,Expenditure,"Guidance, Counseling and Testing",2024,1557.0,2019,993.0,2014,544.0,2009,403.0,0.094127346339683,0.11088466401167607,0.09428951434021804
Wellfleet,Expenditure,Other,2024,1867.0,2019,669.0,2014,1217.0,2009,977.0,0.2278452657335872,0.043723288558715545,0.0441189635890431
Wellfleet,Expenditure,Total PPE,2024,43852.0,2019,33775.0,2014,26831.0,2009,20517.0,0.05360739350197341,0.05035293812327524,0.05194177707888725
Wellfleet,Enrollment,In-District FTE Pupils,2024,85.0,2019,102.2,2014,120.5,2009,126.9,-0.03618516650263126,-0.0342978731735597,-0.02636281157316156
Wellfleet,Enrollment,Out-of-District FTE Pupils,2024,22.4,2019,18.1,2014,15.0,2009,15.6,0.0435515048651145,0.04091598026573551,0.02441256020831717
Wellfleet,NSS,Ch70 Aid,2024,2606.8362068965516,2019,1792.4234234234234,2014,1163.96992481203,2009,1222.6852713178293,0.07779118366705906,0.08396983957467485,0.05176796196730282
Wellfleet,NSS,Req NSS (minus Ch70),2024,11452.198275862069,2019,8449.990990990991,2014,8984.390977443609,2009,8488.023255813954,0.06268982544749013,0.024566192826057875,0.02016907222003561
Wellfleet,NSS,Actual NSS (minus Req NSS),2024,16592.25674944181,2019,20430.135135135137,2014,12783.593984962406,2009,10503.27596899225,-0.04076096386125161,0.02642033868400051,0.03095263313939478
Wellfleet,NSS,Total Actual NSS per pupil,2024,30651.29123220043,2019,30672.54954954955,2014,22931.954887218046,2009,20213.98449612403,-0.0001386530532351271,0.029439360851842178,0.028142053208664475
Wellfleet,Enrollment,Foundation Enrollment,2024,116.0,2019,111.0,2014,133.0,2009,129.0,0.008850937908362333,-0.013582803524158416,-0.0070564662795762345
West Boylston,Expenditure,Teachers,2024,7869.0,2019,7558.0,2014,5951.0,2009,5053.0,0.008097485647850178,0.02833107408724711,0.029970256063375444
West Boylston,Expenditure,"Insurance, Retirement and Other",2024,3680.0,2019,3146.0,2014,2599.0,2009,1762.0,0.03185297364219264,0.03539044761604271,0.050322802958489454
West Boylston,Expenditure,Pupil Services,2024,1796.0,2019,1469.0,2014,1030.0,2009,944.0,0.04101480823124204,0.05717506413443796,0.043812009287934384
West Boylston,Expenditure,Other Teaching Services,2024,2008.0,2019,879.0,2014,719.0,2009,905.0,0.17965487469511165,0.1081625821012886,0.05456740038513064
West Boylston,Expenditure,Operations and Maintenance,2024,1595.0,2019,1191.0,2014,957.0,2009,951.0,0.06015602339324011,0.05240977914892553,0.03507545783257138
West Boylston,Expenditure,Instructional Leadership,2024,1054.0,2019,815.0,2014,738.0,2009,700.0,0.052777514098897305,0.03628312217017826,0.027660123226857625
West Boylston,Expenditure,Administration,2024,830.0,2019,838.0,2014,700.0,2009,536.0,-0.0019166408319353234,0.017180451647289985,0.029581870978124813
West Boylston,Expenditure,"Guidance, Counseling and Testing",2024,476.0,2019,481.0,2014,417.0,2009,390.0,-0.002087700889531141,0.01332110905355166,0.01337337523836446
West Boylston,Expenditure,Other,2024,411.0,2019,384.0,2014,293.0,2009,246.0,0.013682897986713405,0.03442121790530761,0.03480959668434713
West Boylston,Expenditure,Total PPE,2024,19719.0,2019,16761.0,2014,13404.0,2009,11487.0,0.03303965311000545,0.03935772140980909,0.036681187976278284
West Boylston,Enrollment,In-District FTE Pupils,2024,902.3,2019,891.2,2014,908.9,2009,1065.7,0.0024787048874956863,-0.0007285363008917578,-0.011034671743362034
West Boylston,Enrollment,Out-of-District FTE Pupils,2024,84.2,2019,105.7,2014,136.9,2009,81.6,-0.04446319249828912,-0.04744323799874106,0.002093231708918619
West Bridgewater,Expenditure,Teachers,2024,6165.0,2019,5405.0,2014,4385.0,2009,3943.0,0.026661973566051156,0.0346568761034558,0.03024477411607629
West Bridgewater,Expenditure,"Insurance, Retirement and Other",2024,2886.0,2019,2259.0,2014,1493.0,2009,1497.0,0.05020968535824899,0.06812886586299016,0.044732171126035336
West Bridgewater,Expenditure,Pupil Services,2024,2236.0,2019,1339.0,2014,1248.0,2009,911.0,0.1079961324127221,0.06004846474312653,0.061687966155526075
West Bridgewater,Expenditure,Other Teaching Services,2024,1301.0,2019,964.0,2014,876.0,2009,899.0,0.061793475909881934,0.04034484378761727,0.024946445503443826
West Bridgewater,Expenditure,Operations and Maintenance,2024,1204.0,2019,974.0,2014,818.0,2009,750.0,0.043310326585950465,0.039411023243025145,0.032058578907691704
West Bridgewater,Expenditure,Instructional Leadership,2024,857.0,2019,677.0,2014,682.0,2009,608.0,0.04828272904409614,0.02310367515846412,0.02314805464112868
West Bridgewater,Expenditure,Administration,2024,581.0,2019,445.0,2014,391.0,2009,372.0,0.05478324931846479,0.040399027324559356,0.030169955021779105
West Bridgewater,Expenditure,"Guidance, Counseling and Testing",2024,467.0,2019,347.0,2014,323.0,2009,306.0,0.06120058606161516,0.0375557363310528,0.028583840158271423
West Bridgewater,Expenditure,Other,2024,364.0,2019,287.0,2014,421.0,2009,343.0,0.04868220215701746,-0.014442587251785377,0.003969418721317064
West Bridgewater,Expenditure,Total PPE,2024,16061.0,2019,12697.0,2014,10637.0,2009,9629.0,0.048127926372528274,0.04206627856984935,0.03469597505180633
West Bridgewater,Enrollment,In-District FTE Pupils,2024,1396.3,2019,1346.6,2014,1329.1,2009,1300.5,0.007274931436286325,0.004944570191897535,0.004749715980782554
West Bridgewater,Enrollment,Out-of-District FTE Pupils,2024,35.5,2019,40.9,2014,27.9,2009,21.7,-0.027922235715032495,0.024383123581489308,0.033359035655850855
West Springfield,Expenditure,Teachers,2024,7090.0,2019,5590.0,2014,4718.0,2009,4281.0,0.04868941742997546,0.04157088089964511,0.03420523986903223
West Springfield,Expenditure,"Insurance, Retirement and Other",2024,2814.0,2019,2015.0,2014,1834.0,2009,1705.0,0.06907902405901001,0.04374035715440838,0.03396692677492674
West Springfield,Expenditure,Pupil Services,2024,2221.0,2019,1613.0,2014,1444.0,2009,1167.0,0.06606292081214571,0.04399432168244455,0.043834980982374594
West Springfield,Expenditure,Other Teaching Services,2024,1737.0,2019,1425.0,2014,1184.0,2009,912.0,0.04039196826297209,0.03907001325699122,0.0438874234946065
West Springfield,Expenditure,Operations and Maintenance,2024,1621.0,2019,976.0,2014,816.0,2009,861.0,0.10679360064908172,0.07104886571631086,0.04308249601171177
West Springfield,Expenditure,Instructional Leadership,2024,1097.0,2019,867.0,2014,709.0,2009,621.0,0.04818395146075316,0.044614474447929764,0.0386622203682494
West Springfield,Expenditure,Administration,2024,437.0,2019,326.0,2014,318.0,2009,350.0,0.060358610546527025,0.032298821880177186,0.014910065051547683
West Springfield,Expenditure,"Guidance, Counseling and Testing",2024,968.0,2019,668.0,2014,607.0,2009,530.0,0.07701010723333823,0.04777653125045833,0.040974199914631804
West Springfield,Expenditure,Other,2024,775.0,2019,457.0,2014,476.0,2009,456.0,0.111417166625976,0.049952072103781164,0.035990542211281396
West Springfield,Expenditure,Total PPE,2024,18760.0,2019,13937.0,2014,12106.0,2009,10883.0,0.06123779064869339,0.04477606920406951,0.03696861851490452
West Springfield,Enrollment,In-District FTE Pupils,2024,4004.2,2019,4097.0,2014,3919.9,2009,3974.8,-0.004571755227972596,0.0021300320002104467,0.0004914125623041166
West Springfield,Enrollment,Out-of-District FTE Pupils,2024,240.3,2019,185.5,2014,131.1,2009,107.1,0.05312996821357485,0.06246616350593648,0.055352686454633426
Westborough,Expenditure,Teachers,2024,8062.0,2019,6592.0,2014,5694.0,2009,5997.0,0.04108243462464367,0.035386583475452094,0.019922680883142307
Westborough,Expenditure,"Insurance, Retirement and Other",2024,3210.0,2019,2462.0,2014,2053.0,2009,1864.0,0.05449226098882742,0.045710835900815594,0.03690095617066236
Westborough,Expenditure,Pupil Services,2024,2026.0,2019,1569.0,2014,1131.0,2009,727.0,0.05245442756901153,0.06002884590247781,0.07071446201000509
Westborough,Expenditure,Other Teaching Services,2024,2111.0,2019,1484.0,2014,1221.0,2009,601.0,0.07302753479474511,0.056275622490038923,0.08736224811132987
Westborough,Expenditure,Operations and Maintenance,2024,2141.0,2019,1426.0,2014,1196.0,2009,1137.0,0.0846744951619911,0.05995773576357144,0.043094719447731133
Westborough,Expenditure,Instructional Leadership,2024,1402.0,2019,1201.0,2014,917.0,2009,844.0,0.03143295011360703,0.04336885281261815,0.03441236776485046
Westborough,Expenditure,Administration,2024,486.0,2019,368.0,2014,347.0,2009,515.0,0.05720130394950318,0.034262264246426755,-0.003856429918550508
Westborough,Expenditure,"Guidance, Counseling and Testing",2024,726.0,2019,615.0,2014,536.0,2009,421.0,0.03374233172044949,0.0308065822761856,0.03699573050222438
Westborough,Expenditure,Other,2024,831.0,2019,626.0,2014,640.0,2009,380.0,0.05829157346111047,0.026460177061697898,0.05354840790628135
Westborough,Expenditure,Total PPE,2024,20995.0,2019,16343.0,2014,13735.0,2009,12486.0,0.05137299955550878,0.043346879617793155,0.03525221860134353
Westborough,Enrollment,In-District FTE Pupils,2024,3889.3,2019,3946.4,2014,3588.3,2009,3551.1,-0.0029106713755114866,0.008087593322361197,0.006083213258768705
Westborough,Enrollment,Out-of-District FTE Pupils,2024,63.1,2019,52.3,2014,49.3,2009,54.5,0.03825859276545951,0.02498673275183183,0.009815867195389405
Westborough,NSS,Ch70 Aid,2024,3164.872476089267,2019,2121.0920245398775,2014,1384.4783140812626,2009,1271.9322238163556,0.08332643523557026,0.08619301538007651,0.06265628790964284
Westborough,NSS,Req NSS (minus Ch70),2024,9507.0435706695,2019,7978.885036009602,2014,8122.859982461268,2009,7033.047058823529,0.03566823296040478,0.015859512566687384,0.020297440984715864
Westborough,NSS,Actual NSS (minus Req NSS),2024,6838.713688536129,2019,5483.187179249628,2014,4566.030496447429,2009,3866.0945149957397,0.04517321175200206,0.04122254099752798,0.03875580459756711
Westborough,NSS,Total Actual NSS per pupil,2024,19510.629735294897,2019,15583.164239799107,2014,14073.36879298996,2009,12171.073797635625,0.04597939136287832,0.03320695716864175,0.031959910297331584
Westborough,Enrollment,Foundation Enrollment,2024,3764.0,2019,3749.0,2014,3421.0,2009,3485.0,0.000798935773171694,0.0096007256683881,0.005147481494849782
Westfield,Expenditure,Teachers,2024,7120.0,2019,5926.0,2014,5048.0,2009,4603.0,0.03739385064230838,0.03498978801708508,0.029506914715095922
Westfield,Expenditure,"Insurance, Retirement and Other",2024,3354.0,2019,3021.0,2014,2703.0,2009,2637.0,0.021133364599506876,0.02181365307229921,0.016163353329600616
Westfield,Expenditure,Pupil Services,2024,2153.0,2019,1411.0,2014,1314.0,2009,1099.0,0.088186674019894,0.050618070784556934,0.045850855100826315
Westfield,Expenditure,Other Teaching Services,2024,1700.0,2019,1100.0,2014,1088.0,2009,924.0,0.09096607850144967,0.04563955259127317,0.04148206778924246
Westfield,Expenditure,Operations and Maintenance,2024,1291.0,2019,1040.0,2014,899.0,2009,897.0,0.04418771792862097,0.036851726227899784,0.024571457838260535
Westfield,Expenditure,Instructional Leadership,2024,1202.0,2019,943.0,2014,895.0,2009,828.0,0.04973228657365403,0.029931030872900388,0.02515989688046183
Westfield,Expenditure,Administration,2024,445.0,2019,328.0,2014,250.0,2009,311.0,0.06291181228487464,0.0593561696111744,0.024172966208064306
Westfield,Expenditure,"Guidance, Counseling and Testing",2024,717.0,2019,606.0,2014,446.0,2009,458.0,0.03421136584400375,0.0486207076444245,0.03033134405402249
Westfield,Expenditure,Other,2024,1254.0,2019,543.0,2014,469.0,2009,420.0,0.18222337332242233,0.10334789142039935,0.07564727930432014
Westfield,Expenditure,Total PPE,2024,19236.0,2019,14918.0,2014,13112.0,2009,12177.0,0.052157688586854434,0.03906946578950943,0.030951648702520096
Westfield,Enrollment,In-District FTE Pupils,2024,4821.4,2019,5305.7,2014,5647.5,2009,6197.4,-0.01896140178532235,-0.01569046440686217,-0.016598403407782625
Westfield,Enrollment,Out-of-District FTE Pupils,2024,340.1,2019,299.9,2014,163.8,2009,122.2,0.025477257452918067,0.07579438563220608,0.07062084554281567
Westfield,NSS,Ch70 Aid,2024,8867.144359661786,2019,6425.589084181313,2014,5716.94027451962,2009,5489.039825862625,0.06653267663990947,0.04486940420947039,0.03248993440644732
Westfield,NSS,Req NSS (minus Ch70),2024,6601.765518663642,2019,5041.456429232192,2014,4635.657389801209,2009,3179.8053853595616,0.05540905362904813,0.0359883613390517,0.04990653023448721
Westfield,NSS,Actual NSS (minus Req NSS),2024,1003.0658827861404,2019,2070.5540066404765,2014,1303.196239018131,2009,1132.9225071735393,-0.13493532234942707,-0.0258362516157582,-0.008083113920117957
Westfield,NSS,Total Actual NSS per pupil,2024,16471.975761111567,2019,13537.59952005398,2014,11655.793903338961,2009,9801.767718395726,0.04001788164375153,0.03519075191816334,0.035212289822285525
Westfield,Enrollment,Foundation Enrollment,2024,4849.0,2019,5405.0,2014,5785.0,2009,6202.0,-0.021476416346761895,-0.017494744606729618,-0.01627276592810334
Westford,Expenditure,Teachers,2024,7177.0,2019,6241.0,2014,4950.0,2009,4278.0,0.028342423644758252,0.0378480525343603,0.0350948418800503
Westford,Expenditure,"Insurance, Retirement and Other",2024,3064.0,2019,2162.0,2014,1722.0,2009,1143.0,0.0722266918087322,0.059316071786528424,0.06794651297988774
Westford,Expenditure,Pupil Services,2024,2058.0,2019,1501.0,2014,1215.0,2009,1022.0,0.0651553072701212,0.054112368653149945,0.047770817482491346
Westford,Expenditure,Other Teaching Services,2024,1631.0,2019,1214.0,2014,990.0,2009,764.0,0.06083308236035134,0.051191587491383306,0.05185862762365456
Westford,Expenditure,Operations and Maintenance,2024,1423.0,2019,1158.0,2014,1090.0,2009,1008.0,0.04207569848544801,0.027017491335381782,0.023252838063047454
Westford,Expenditure,Instructional Leadership,2024,1376.0,2019,960.0,2014,682.0,2009,578.0,0.07465593169226681,0.07271265948339578,0.059528654136058456
Westford,Expenditure,Administration,2024,411.0,2019,340.0,2014,308.0,2009,280.0,0.03865802503418592,0.029269516292835807,0.02591706220308798
Westford,Expenditure,"Guidance, Counseling and Testing",2024,671.0,2019,471.0,2014,397.0,2009,310.0,0.07334743456034953,0.05388494690674994,0.052827907687585274
Westford,Expenditure,Other,2024,229.0,2019,270.0,2014,514.0,2009,422.0,-0.032403377733367544,-0.07766808551563442,-0.039933014794508837
Westford,Expenditure,Total PPE,2024,18040.0,2019,14317.0,2014,11868.0,2009,9805.0,0.04731398223357841,0.042763688400139666,0.0414839838807981
Westford,Enrollment,In-District FTE Pupils,2024,4645.5,2019,5084.3,2014,5144.1,2009,5287.7,-0.01788971481542545,-0.010143347485383813,-0.008595139397238216
Westford,Enrollment,Out-of-District FTE Pupils,2024,98.9,2019,81.9,2014,72.5,2009,50.4,0.03844255718959744,0.03153941864645504,0.0459663597103126
Westford,NSS,Ch70 Aid,2024,3827.98518677544,2019,3504.1465677179963,2014,3215.4667328699106,2009,3068.4187279151943,0.017835507006094042,0.01758951339792425,0.01485432817492538
Westford,NSS,Req NSS (minus Ch70),2024,9110.125375697724,2019,7461.863533292105,2014,6276.799006951341,2009,5032.78994895956,0.04072361768151822,0.03795521001061575,0.04035374918272949
Westford,NSS,Actual NSS (minus Req NSS),2024,3411.627962141474,2019,2729.2368083540937,2014,1598.471398286634,2009,874.2913231252454,0.04564457618550799,0.07876209878390905,0.09501575160144848
Westford,NSS,Total Actual NSS per pupil,2024,16349.738524614639,2019,13695.246909364194,2014,11090.737138107885,2009,8975.5,0.0360678299561179,0.03957311619924031,0.0407908783623121
Westford,Enrollment,Foundation Enrollment,2024,4658.0,2019,4851.0,2014,5035.0,2009,5094.0,-0.008086863516736598,-0.00775252840047691,-0.005947390840527422
Westhampton,Expenditure,Teachers,2023,9720.0,2018,7040.0,2013,4994.0,2008,,0.06664210004067272,0.06886233301646283,
Westhampton,Expenditure,"Insurance, Retirement and Other",2023,5485.0,2018,3310.0,2013,1959.0,2008,,0.10629188732045014,0.10844518093393263,
Westhampton,Expenditure,Pupil Services,2023,1637.0,2018,1534.0,2013,999.0,2008,,0.013082151372868944,0.05062642327373723,
Westhampton,Expenditure,Other Teaching Services,2023,1910.0,2018,1731.0,2013,1224.0,2008,,0.019875736764152663,0.04550278721292256,
Westhampton,Expenditure,Operations and Maintenance,2023,1681.0,2018,1176.0,2013,798.0,2008,,0.07406874346611847,0.07734917197903224,
Westhampton,Expenditure,Instructional Leadership,2023,1730.0,2018,1404.0,2013,1030.0,2008,,0.04264340145265,0.05322434182578761,
Westhampton,Expenditure,Administration,2023,584.0,2018,746.0,2013,449.0,2008,,-0.04778547051062554,0.026636381669677744,
Westhampton,Expenditure,"Guidance, Counseling and Testing",2023,424.0,2018,381.0,2013,311.0,2008,,0.02161715309901413,0.031479371006832846,
Westhampton,Expenditure,Other,2023,625.0,2018,703.0,2013,429.0,2008,,-0.02324658465862095,0.03834642628994467,
Westhampton,Expenditure,Total PPE,2023,23796.0,2018,18025.0,2013,12193.0,2008,,0.05712352437153245,0.06915171921729746,
Westhampton,Enrollment,In-District FTE Pupils,2023,104.6,2018,121.5,2013,144.8,2008,,-0.029509962962966707,-0.03199787148813049,
Westhampton,Enrollment,Out-of-District FTE Pupils,2023,18.9,2018,33.9,2013,19.0,2008,,-0.11028190930820347,-0.0005275664979149663,
Westhampton,NSS,Ch70 Aid,2024,5343.804347826087,2019,3613.206106870229,2014,3441.946564885496,2009,3024.620143884892,0.08141294178126768,0.04497197312114598,0.038672533250544205
Westhampton,NSS,Req NSS (minus Ch70),2024,11183.945652173914,2019,7274.6106870229005,2014,7033.374045801526,2009,5283.53237410072,0.08982573318549081,0.04747371411465329,0.05126299753917918
Westhampton,NSS,Actual NSS (minus Req NSS),2024,-16527.75,2019,8452.0278583491,2014,4761.103893462479,2009,3538.4647482014393,-0.5910954927502641,-0.4471411330194752,-0.3780587755071059
Westhampton,NSS,Total Actual NSS per pupil,2024,0.0,2019,19339.84465224223,2014,15236.424504149501,2009,11846.61726618705,,,
Westhampton,Enrollment,Foundation Enrollment,2024,92.0,2019,131.0,2014,131.0,2009,139.0,-0.06824162223251684,-0.034723678024016214,-0.027137339254875048
Weston,Expenditure,Teachers,2024,10749.0,2019,8867.0,2014,7913.0,2009,6037.0,0.039245782906651705,0.031104517769006357,0.039209542086482196
Weston,Expenditure,"Insurance, Retirement and Other",2024,5619.0,2019,4522.0,2014,3997.0,2009,3269.0,0.044397190371452844,0.034647680280453175,0.03677123854049791
Weston,Expenditure,Pupil Services,2024,2884.0,2019,2269.0,2014,1875.0,2009,1707.0,0.049136875432171934,0.043997355070678035,0.035581099932694205
Weston,Expenditure,Other Teaching Services,2024,2067.0,2019,2028.0,2014,1444.0,2009,1700.0,0.0038169048926584015,0.03651914550223734,0.013116613184717352
Weston,Expenditure,Operations and Maintenance,2024,2968.0,2019,2664.0,2014,1721.0,2009,1735.0,0.02184714347646577,0.056010660926633316,0.0364403075073334
Weston,Expenditure,Instructional Leadership,2024,1546.0,2019,1638.0,2014,1596.0,2009,1233.0,-0.011494435403162528,-0.0031778946555871546,0.015195679636929027
Weston,Expenditure,Administration,2024,956.0,2019,796.0,2014,775.0,2009,547.0,0.03731095600568568,0.02121131698539469,0.03792196882472454
Weston,Expenditure,"Guidance, Counseling and Testing",2024,1412.0,2019,1251.0,2014,687.0,2009,442.0,0.024508291128087833,0.07470135381990906,0.08050677702555054
Weston,Expenditure,Other,2024,1560.0,2019,937.0,2014,817.0,2009,999.0,0.1073298353592731,0.06681780206697296,0.030158239928102182
Weston,Expenditure,Total PPE,2024,29761.0,2019,24972.0,2014,20825.0,2009,17669.0,0.035711596028893844,0.03634952092558241,0.035370300848854175
Weston,Enrollment,In-District FTE Pupils,2024,2058.8,2019,2092.8,2014,2310.6,2009,2393.0,-0.0032705587297381378,-0.011472082246000603,-0.009978185593264577
Weston,Enrollment,Out-of-District FTE Pupils,2024,22.5,2019,35.7,2014,32.8,2009,20.6,-0.08819312929874124,-0.036989843603346895,0.0058989462225624845
Weston,NSS,Ch70 Aid,2024,2210.768656716418,2019,1776.3349213911386,2014,1093.4434523809523,2009,1124.3291379310344,0.04472909332887687,0.07293817334787911,0.046108318415718275
Weston,NSS,Req NSS (minus Ch70),2024,10422.196019900497,2019,8374.150071462602,2014,8662.992772108844,2009,8056.2193965517245,0.0447291186451062,0.018659708143991427,0.01731441140110168
Weston,NSS,Actual NSS (minus Req NSS),2024,15321.298302487565,2019,12687.852145783707,2014,8376.629830461197,2009,6255.358742584464,0.038440199262181896,0.06223993425030461,0.061539656872853676
Weston,NSS,Total Actual NSS per pupil,2024,27954.262979104482,2019,22838.33713863745,2014,18133.066054950992,2009,15435.907277067225,0.041254073323997,0.04423364092483584,0.04038574342499701
Weston,Enrollment,Foundation Enrollment,2024,2010.0,2019,2099.0,2014,2352.0,2009,2320.0,-0.008627828562180695,-0.015590323626577307,-0.009516592119708789
Westport,Expenditure,Teachers,2024,6741.0,2019,6256.0,2014,4802.0,2009,3800.0,0.015045516900941136,0.03449933813100503,0.038953352259499585
Westport,Expenditure,"Insurance, Retirement and Other",2024,2714.0,2019,2306.0,2014,1681.0,2009,1362.0,0.03311842761026651,0.049069384501962965,0.04703736986697615
Westport,Expenditure,Pupil Services,2024,2380.0,2019,1706.0,2014,1253.0,2009,1154.0,0.06885695137368808,0.06625870207835272,0.049441118783964066
Westport,Expenditure,Other Teaching Services,2024,2005.0,2019,1838.0,2014,1125.0,2009,806.0,0.017545349999021465,0.05948834957320148,0.06263786973498009
Westport,Expenditure,Operations and Maintenance,2024,1496.0,2019,1085.0,2014,918.0,2009,750.0,0.06635146777900913,0.05004736932152842,0.047107705102172215
Westport,Expenditure,Instructional Leadership,2024,947.0,2019,831.0,2014,822.0,2009,830.0,0.026478343325745612,0.014256538595243562,0.008830318753706434
Westport,Expenditure,Administration,2024,739.0,2019,591.0,2014,523.0,2009,356.0,0.04571031387990887,0.03517619163013386,0.049896036076071626
Westport,Expenditure,"Guidance, Counseling and Testing",2024,678.0,2019,515.0,2014,492.0,2009,383.0,0.05653647035586773,0.03258653878515316,0.03880826103187607
Westport,Expenditure,Other,2024,397.0,2019,456.0,2014,635.0,2009,408.0,-0.027330869758060206,-0.04588290294366304,-0.0018204006382900317
Westport,Expenditure,Total PPE,2024,18097.0,2019,15584.0,2014,12251.0,2009,9849.0,0.03035178869916111,0.03978489625473269,0.04139214268681535
Westport,Enrollment,In-District FTE Pupils,2024,1531.6,2019,1446.9,2014,1615.6,2009,1855.8,0.01144289550452604,-0.005325117434314519,-0.012718621213666959
Westport,Enrollment,Out-of-District FTE Pupils,2024,137.3,2019,116.3,2014,31.6,2009,37.6,0.03375628862440094,0.1582394297469445,0.09018159595548592
Westport,NSS,Ch70 Aid,2024,3364.852564102564,2019,3046.3373819163294,2014,2602.531746031746,2009,2412.9164870689656,0.020087927891985435,0.026022773390205867,0.022417442397113962
Westport,NSS,Req NSS (minus Ch70),2024,10049.371153846154,2019,8540.156545209176,2014,7905.714285714285,2009,5985.938038793103,0.03308156304273857,0.024282557434342378,0.03514322642464873
Westport,NSS,Actual NSS (minus Req NSS),2024,2386.0536021611724,2019,2463.652235904108,2014,341.71582360890886,2009,217.35941335476298,-0.006380380173766853,0.21451116210216625,0.17318575976227724
Westport,NSS,Total Actual NSS per pupil,2024,15800.27732010989,2019,14050.146163029614,2014,10849.96185535494,2009,8616.213939216832,0.023756738768637486,0.03830190260000954,0.041253679388194575
Westport,Enrollment,Foundation Enrollment,2024,1560.0,2019,1482.0,2014,1638.0,2009,1856.0,0.01031145931793609,-0.0048671333500925895,-0.011515701705558046
Westwood,Expenditure,Teachers,2024,9359.0,2019,7507.0,2014,5905.0,2009,5038.0,0.04508738686718705,0.04713084952961877,0.0421528461614995
Westwood,Expenditure,"Insurance, Retirement and Other",2024,3092.0,2019,2312.0,2014,1718.0,2009,1536.0,0.05986446419638658,0.060526762790868105,0.047747302302457495
Westwood,Expenditure,Pupil Services,2024,2046.0,2019,1631.0,2014,1190.0,2009,974.0,0.04638217688056434,0.05568868509663294,0.0507267239963618
Westwood,Expenditure,Other Teaching Services,2024,3101.0,2019,2027.0,2014,1527.0,2009,1104.0,0.08875359870044064,0.07341157198803194,0.07127798343769576
Westwood,Expenditure,Operations and Maintenance,2024,2842.0,2019,2159.0,2014,1767.0,2009,1862.0,0.056511640110423755,0.04866977876344336,0.02859156794479034
Westwood,Expenditure,Instructional Leadership,2024,1781.0,2019,1412.0,2014,1158.0,2009,1050.0,0.04752849263171455,0.043988070337815044,0.03585342897935595
Westwood,Expenditure,Administration,2024,697.0,2019,530.0,2014,494.0,2009,399.0,0.05630997679627581,0.03502438761964255,0.03788840181143405
Westwood,Expenditure,"Guidance, Counseling and Testing",2024,762.0,2019,491.0,2014,402.0,2009,335.0,0.09187945886873261,0.06603850564210112,0.05631637180204163
Westwood,Expenditure,Other,2024,646.0,2019,756.0,2014,664.0,2009,784.0,-0.030959017592366522,-0.002744491547523764,-0.012824359129470553
Westwood,Expenditure,Total PPE,2024,24326.0,2019,18825.0,2014,14825.0,2009,13082.0,0.05260915635935404,0.050769842895169726,0.042220882094042844
Westwood,Enrollment,In-District FTE Pupils,2024,2871.6,2019,3098.8,2014,3164.2,2009,3066.6,-0.015113738278816125,-0.00965616624890231,-0.004370427782977804
Westwood,Enrollment,Out-of-District FTE Pupils,2024,32.4,2019,23.3,2014,32.3,2009,35.9,0.06816370694253782,0.00030916703924810385,-0.006815261557760133
Westwood,NSS,Ch70 Aid,2024,2443.6453508468717,2019,1771.6474103585658,2014,1471.8436494259631,2009,1174.4261502813638,0.06642956468811034,0.0520046266276748,0.05006011859958015
Westwood,NSS,Req NSS (minus Ch70),2024,10013.714137573454,2019,8352.051792828684,2014,8049.568085797855,2009,7295.280039721946,0.03695617494499315,0.022073812870221143,0.021339703064130466
Westwood,NSS,Actual NSS (minus Req NSS),2024,9164.837347476667,2019,7320.038283590299,2014,4037.474919544162,2009,3555.8068851373723,0.04597735388991464,0.08542917929508698,0.0651540908850401
Westwood,NSS,Total Actual NSS per pupil,2024,21622.19683589699,2019,17443.73748677755,2014,13558.886654767979,2009,12025.513075140681,0.04388355248591336,0.047773906372064134,0.039887633278830714
Westwood,Enrollment,Foundation Enrollment,2024,2893.0,2019,3012.0,2014,3077.0,2009,3021.0,-0.00802964556775132,-0.006147135609916199,-0.002882097187947852
Weymouth,Expenditure,Teachers,2024,7822.0,2019,6178.0,2014,4876.0,2009,4211.0,0.048320265817219266,0.04839613560924638,0.04214665286763397
Weymouth,Expenditure,"Insurance, Retirement and Other",2024,3525.0,2019,2530.0,2014,2455.0,2009,1918.0,0.06858166956745682,0.0368376581783878,0.041407500439958556
Weymouth,Expenditure,Pupil Services,2024,1690.0,2019,1355.0,2014,1025.0,2009,931.0,0.04517612817254424,0.051274872164302376,0.0405488372124414
Weymouth,Expenditure,Other Teaching Services,2024,1301.0,2019,1237.0,2014,988.0,2009,754.0,0.01013988496068019,0.02790276715135742,0.0370357544263733
Weymouth,Expenditure,Operations and Maintenance,2024,1343.0,2019,1225.0,2014,903.0,2009,916.0,0.018563208058868907,0.040492193635449425,0.025837811155097867
Weymouth,Expenditure,Instructional Leadership,2024,1660.0,2019,956.0,2014,662.0,2009,639.0,0.11668334587281626,0.09628888230595511,0.06571353613145536
Weymouth,Expenditure,Administration,2024,655.0,2019,628.0,2014,309.0,2009,259.0,0.008454553396385789,0.07802363367019116,0.06380681713907976
Weymouth,Expenditure,"Guidance, Counseling and Testing",2024,844.0,2019,673.0,2014,521.0,2009,335.0,0.04632228808616934,0.04942274390712931,0.06353840211132611
Weymouth,Expenditure,Other,2024,757.0,2019,416.0,2014,257.0,2009,398.0,0.1271987792801501,0.11407973779252756,0.04379253649103143
Weymouth,Expenditure,Total PPE,2024,19597.0,2019,15198.0,2014,11996.0,2009,10361.0,0.05215719768530813,0.05030471123038871,0.043404073576148505
Weymouth,Enrollment,In-District FTE Pupils,2024,5567.1,2019,5797.3,2014,6686.6,2009,6726.3,-0.008070858291266192,-0.01815627732313041,-0.012530889189514394
Weymouth,Enrollment,Out-of-District FTE Pupils,2024,430.0,2019,414.4,2014,216.0,2009,181.8,0.0074180822055551765,0.07127623434511676,0.05907074551539537
Weymouth,NSS,Ch70 Aid,2024,5000.1662971175165,2019,4647.030427631579,2014,4095.8605631681976,2009,3657.565027815366,0.0147563705672622,0.020149752436743107,0.021063674983213376
Weymouth,NSS,Req NSS (minus Ch70),2024,11201.012621524816,2019,8414.77615131579,2014,6413.228289231988,2009,5183.854909036235,0.05887073101939677,0.057348269159034126,0.05270567282545491
Weymouth,NSS,Actual NSS (minus Req NSS),2024,900.2000368675278,2019,978.3395543020905,2014,61.539570643681124,2009,-105.16689400683062,-0.01651014863232625,0.3077311131040048,0.6373152187411497
Weymouth,NSS,Total Actual NSS per pupil,2024,17101.378955509863,2019,14040.14613324946,2014,10570.628423043867,2009,8736.253042844772,0.04023605026431598,0.04928395606763103,0.045796205512746546
Weymouth,Enrollment,Foundation Enrollment,2024,5863.0,2019,6080.0,2014,6641.0,2009,6651.0,-0.007242302810527734,-0.012382807854281475,-0.0083718129729915
Whately,Expenditure,Teachers,2024,7249.0,2019,5656.0,2014,4440.0,2009,4354.0,0.050881483363435454,0.050242316525247466,0.034568644280289496
Whately,Expenditure,"Insurance, Retirement and Other",2024,3694.0,2019,2078.0,2014,2335.0,2009,1977.0,0.12194164710473587,0.04693808976502978,0.042555894595592614
Whately,Expenditure,Pupil Services,2024,2079.0,2019,1441.0,2014,1140.0,2009,1286.0,0.07606399875934189,0.06192773529925488,0.03254162402970873
Whately,Expenditure,Other Teaching Services,2024,3560.0,2019,3028.0,2014,3051.0,2009,1959.0,0.032901303342236954,0.015548757229148835,0.0406252770214508
Whately,Expenditure,Operations and Maintenance,2024,2115.0,2019,1480.0,2014,1550.0,2009,1319.0,0.0740134775578094,0.03156801381051455,0.03197942438674484
Whately,Expenditure,Instructional Leadership,2024,2018.0,2019,1597.0,2014,1164.0,2009,915.0,0.0479082250422902,0.05656645508234193,0.05414415376215853
Whately,Expenditure,Administration,2024,691.0,2019,471.0,2014,646.0,2009,695.0,0.07967097932730494,0.006756756572684042,-0.0003847274265578182
Whately,Expenditure,"Guidance, Counseling and Testing",2024,711.0,2019,590.0,2014,619.0,2009,682.0,0.038014733307365045,0.013953164972123844,0.0027800419669121723
Whately,Expenditure,Other,2024,1476.0,2019,676.0,2014,576.0,2009,553.0,0.16903612655514344,0.09866777749320921,0.06763814427958748
Whately,Expenditure,Total PPE,2024,23593.0,2019,17017.0,2014,15521.0,2009,13740.0,0.06752986541094974,0.04276476244621019,0.03669999314854877
Whately,Enrollment,In-District FTE Pupils,2024,127.3,2019,135.7,2014,138.2,2009,133.6,-0.012698694680683853,-0.008181885252161458,-0.003215070924253438
Whately,Enrollment,Out-of-District FTE Pupils,2024,9.0,2019,14.2,2014,17.1,2009,19.6,-0.08716804872059847,-0.06216887980097485,-0.05056385223137194
Whately,NSS,Ch70 Aid,2024,3874.6235294117646,2019,2788.9371013563828,2014,2271.9274085091743,2009,2415.5372549019608,0.06796779936788822,0.05483250938919326,0.032003217804011275
Whately,NSS,Req NSS (minus Ch70),2024,9387.29411764706,2019,8358.489361702128,2014,6983.385321100917,2009,5640.401960784314,0.023487460626392176,0.030024232134121087,0.034543345054059094
Whately,NSS,Actual NSS (minus Req NSS),2024,15247.469529411766,2019,9948.807386320495,2014,8605.107846387526,2009,8958.103921568627,0.08914411771518638,0.05887366121391002,0.03609309296303298
Whately,NSS,Total Actual NSS per pupil,2024,28509.38717647059,2019,21096.23384937901,2014,17860.420575997618,2009,17014.0431372549,0.06207843362611509,0.04787533995560822,0.035011932718173044
Whately,Enrollment,Foundation Enrollment,2024,85.0,2019,94.0,2014,109.0,2009,102.0,-0.019927475198186717,-0.02456296030350036,-0.012081199611125082
Whitman-Hanson,Expenditure,Teachers,2023,7210.0,2018,5303.0,2013,4182.0,2008,,0.06336589575661455,0.05597861594720732,
Whitman-Hanson,Expenditure,"Insurance, Retirement and Other",2023,2648.0,2018,2107.0,2013,1493.0,2008,,0.0467686058675707,0.058975267695927425,
Whitman-Hanson,Expenditure,Pupil Services,2023,1568.0,2018,1189.0,2013,912.0,2008,,0.05689742730851255,0.05568687463748767,
Whitman-Hanson,Expenditure,Other Teaching Services,2023,1099.0,2018,657.0,2013,591.0,2008,,0.10837434435843973,0.06399851335927753,
Whitman-Hanson,Expenditure,Operations and Maintenance,2023,1642.0,2018,1102.0,2013,816.0,2008,,0.08302457575929223,0.07242838264820883,
Whitman-Hanson,Expenditure,Instructional Leadership,2023,1072.0,2018,856.0,2013,698.0,2008,,0.04603015395263177,0.04384000300248059,
Whitman-Hanson,Expenditure,Administration,2023,421.0,2018,400.0,2013,262.0,2008,,0.010286200268469159,0.04857157476433427,
Whitman-Hanson,Expenditure,"Guidance, Counseling and Testing",2023,585.0,2018,381.0,2013,266.0,2008,,0.08954752395711552,0.08200040404130093,
Whitman-Hanson,Expenditure,Other,2023,986.0,2018,746.0,2013,624.0,2008,,0.057371541583404184,0.04681330171921405,
Whitman-Hanson,Expenditure,Total PPE,2023,17231.0,2018,12741.0,2013,9844.0,2008,,0.06223692316641927,0.05758160357597153,
Whitman-Hanson,Enrollment,In-District FTE Pupils,2024,3455.3,2019,3804.3,2014,4137.9,2009,4427.2,-0.019060550299883627,-0.01786638218613612,-0.016388099438085613
Whitman-Hanson,Enrollment,Out-of-District FTE Pupils,2024,167.6,2019,134.9,2014,89.5,2009,73.1,0.04436525038643713,0.06474374616189316,0.05687536717475927
Whitman-Hanson,NSS,Ch70 Aid,2024,7087.747899159664,2019,6523.528167151547,2014,5784.877167630058,2009,5678.370589628226,0.01672884304723432,0.020519745356252894,0.014889989058929798
Whitman-Hanson,NSS,Req NSS (minus Ch70),2024,6485.925210084034,2019,4884.2097328749005,2014,3506.978564547206,2009,2065.1970163390956,0.05836513890458961,0.0634176948054852,0.07927975286831268
Whitman-Hanson,NSS,Actual NSS (minus Req NSS),2024,2179.05246747459,2019,793.3239910076674,2014,215.54552023121389,2009,606.4885152735022,0.22394927629051908,0.26029690177388565,0.08900449844699199
Whitman-Hanson,NSS,Total Actual NSS per pupil,2024,15752.725576718287,2019,12201.061891034116,2014,9507.401252408477,2009,8350.056121240825,0.052426113245169326,0.05179085007146811,0.0432244431570743
Whitman-Hanson,Enrollment,Foundation Enrollment,2024,3570.0,2019,3781.0,2014,4152.0,2009,4223.0,-0.011418889705759772,-0.01498898487760858,-0.01113620689323569
Whittier Regional Vocational Technical,Expenditure,Teachers,2024,9493.0,2019,8131.0,2014,7047.0,2009,7068.0,0.031458843976867934,0.030243589617646505,0.019859774667646546
Whittier Regional Vocational Technical,Expenditure,"Insurance, Retirement and Other",2024,4472.0,2019,3845.0,2014,3431.0,2009,3165.0,0.030673453136322193,0.02685260141859902,0.023313111531258368
Whittier Regional Vocational Technical,Expenditure,Pupil Services,2024,3510.0,2019,2829.0,2014,2339.0,2009,2001.0,0.044082541455158664,0.04142425786360637,0.03817524377326342
Whittier Regional Vocational Technical,Expenditure,Other Teaching Services,2024,526.0,2019,419.0,2014,244.0,2009,374.0,0.04653641429087574,0.07984045000342754,0.02299680216025113
Whittier Regional Vocational Technical,Expenditure,Operations and Maintenance,2024,1994.0,2019,1985.0,2014,1399.0,2009,1387.0,0.0009051608911814224,0.036073925120664985,0.024495164354657595
Whittier Regional Vocational Technical,Expenditure,Instructional Leadership,2024,1482.0,2019,1163.0,2014,1023.0,2009,1001.0,0.04967220599974098,0.03776078854599696,0.026504698943710103
Whittier Regional Vocational Technical,Expenditure,Administration,2024,922.0,2019,781.0,2014,868.0,2009,991.0,0.0337510827375167,0.006053600315228058,-0.004799731681773944
Whittier Regional Vocational Technical,Expenditure,"Guidance, Counseling and Testing",2024,904.0,2019,544.0,2014,478.0,2009,449.0,0.10691406579731,0.06579592002898327,0.04775917520817652
Whittier Regional Vocational Technical,Expenditure,Other,2024,1940.0,2019,1009.0,2014,1356.0,2009,1238.0,0.13967786320781816,0.03646395681806536,0.030398945784117615
Whittier Regional Vocational Technical,Expenditure,Total PPE,2024,25243.0,2019,20706.0,2014,18185.0,2009,17674.0,0.040420621610326,0.033338870247320296,0.024048221787473567
Whittier Regional Vocational Technical,Enrollment,In-District FTE Pupils,2024,1275.6,2019,1216.1,2014,1244.2,2009,1134.8,0.00959930844945478,0.0024954988922831767,0.007827827303311441
Whittier Regional Vocational Technical,Enrollment,Out-of-District FTE Pupils,2024,4.0,2019,0.0,2014,7.3,2009,6.0,,-0.05838425223671562,-0.02666893922145752
Williamsburg,Expenditure,Teachers,2023,8215.0,2018,7062.0,2013,6442.0,2008,,0.03070876896079433,0.024610223033420198,
Williamsburg,Expenditure,"Insurance, Retirement and Other",2023,4231.0,2018,2786.0,2013,2198.0,2008,,0.08715729064491584,0.06768104782432549,
Williamsburg,Expenditure,Pupil Services,2023,1878.0,2018,1244.0,2013,1145.0,2008,,0.0858630160193814,0.050724865808861486,
Williamsburg,Expenditure,Other Teaching Services,2023,1595.0,2018,1089.0,2013,1152.0,2008,,0.0793108962447524,0.0330725473057194,
Williamsburg,Expenditure,Operations and Maintenance,2023,2374.0,2018,1385.0,2013,1043.0,2008,,0.11379737047300775,0.08572450643772656,
Williamsburg,Expenditure,Instructional Leadership,2023,1724.0,2018,1150.0,2013,806.0,2008,,0.0843460061738821,0.07899696218304042,
Williamsburg,Expenditure,Administration,2023,733.0,2018,530.0,2013,485.0,2008,,0.06700295212471263,0.04216437571360676,
Williamsburg,Expenditure,"Guidance, Counseling and Testing",2023,569.0,2018,406.0,2013,217.0,2008,,0.0698360954361652,0.10119759252865745,
Williamsburg,Expenditure,Other,2023,1084.0,2018,552.0,2013,428.0,2008,,0.1445059133423563,0.0973838167604757,
Williamsburg,Expenditure,Total PPE,2023,22403.0,2018,16204.0,2013,13916.0,2008,,0.06693211781111819,0.04876739189920176,
Williamsburg,Enrollment,In-District FTE Pupils,2023,128.4,2018,165.9,2013,158.6,2008,,-0.049955982440799906,-0.02090195347132584,
Williamsburg,Enrollment,Out-of-District FTE Pupils,2023,47.1,2018,48.8,2013,56.2,2008,,-0.007066377279768776,-0.017509275099118815,
Williamsburg,NSS,Ch70 Aid,2024,5476.863636363636,2019,3418.1853932584268,2014,2588.4271324187816,2009,2719.6000000000004,0.09887239315145369,0.07782833965289626,0.04777603201932812
Williamsburg,NSS,Req NSS (minus Ch70),2024,8723.09090909091,2019,7197.887640449439,2014,6865.401015228426,2009,6322.025157232703,0.039185473247088654,0.02423697272383407,0.02169424068217074
Williamsburg,NSS,Actual NSS (minus Req NSS),2024,-14199.954545454546,2019,6794.35757781076,2014,2546.6080581975066,2009,3511.803773584906,-0.617992558761677,-0.6576026707268529,-0.33623287747954095
Williamsburg,NSS,Total Actual NSS per pupil,2024,0.0,2019,17410.430611518626,2014,12000.436205844715,2009,12553.42893081761,,,
Williamsburg,Enrollment,Foundation Enrollment,2024,154.0,2019,178.0,2014,197.0,2009,159.0,-0.028550690975309934,-0.024324388062332725,-0.00212783958657925
Williamstown,Expenditure,Teachers,2018,5555.0,2013,5647.0,2008,,2003,,-0.0032798111497412963,,
Williamstown,Expenditure,"Insurance, Retirement and Other",2018,5872.0,2013,2739.0,2008,,2003,,0.16476631650474238,,
Williamstown,Expenditure,Pupil Services,2018,810.0,2013,859.0,2008,,2003,,-0.01167820899354055,,
Williamstown,Expenditure,Other Teaching Services,2018,2247.0,2013,1784.0,2008,,2003,,0.0472289619684374,,
Williamstown,Expenditure,Operations and Maintenance,2018,848.0,2013,833.0,2008,,2003,,0.003575776614793913,,
Williamstown,Expenditure,Instructional Leadership,2018,1073.0,2013,593.0,2008,,2003,,0.12592381630160343,,
Williamstown,Expenditure,Administration,2018,408.0,2013,341.0,2008,,2003,,0.03652828287466159,,
Williamstown,Expenditure,"Guidance, Counseling and Testing",2018,200.0,2013,175.0,2008,,2003,,0.027066087089351765,,
Williamstown,Expenditure,Other,2018,428.0,2013,782.0,2008,,2003,,-0.11356396356507037,,
Williamstown,Expenditure,Total PPE,2018,17441.0,2013,13753.0,2008,,2003,,0.04866020570737617,,
Williamstown,Enrollment,In-District FTE Pupils,2018,457.1,2013,430.6,2008,,2003,,0.012016140735523706,,
Williamstown,Enrollment,Out-of-District FTE Pupils,2018,9.5,2013,10.2,2008,,2003,,-0.014118569188137364,,
Williamstown,NSS,Ch70 Aid,2018,2468.8857868020305,2013,2499.796703296703,2008,2485.5469816272966,2003,2420.0835164835166,-0.0024853981673410575,-0.0006723536943351593,0.001331879490529042
Williamstown,NSS,Req NSS (minus Ch70),2018,7924.215736040609,2013,8003.2967032967035,2008,7787.7217847769025,2003,4880.4857142857145,-0.0019840672497694056,0.0017390094081612961,0.032839605150693396
Williamstown,NSS,Actual NSS (minus Req NSS),2018,8729.306653288222,2013,3739.3075177818228,2008,2377.090813648294,2003,2109.186813186813,0.18477999768148412,0.1389204673280675,0.0993204665833729
Williamstown,NSS,Total Actual NSS per pupil,2018,19122.408176130863,2013,14242.40092437523,2008,12650.359580052493,2003,9409.756043956044,0.060698306417428016,0.04218296801972099,0.04840950101074215
Williamstown,Enrollment,Foundation Enrollment,2024,0.0,2019,0.0,2014,378.0,2009,363.0,,,
Wilmington,Expenditure,Teachers,2024,9057.0,2019,7052.0,2014,5467.0,2009,4531.0,0.05131875680148523,0.05177666058018171,0.04725558960935006
Wilmington,Expenditure,"Insurance, Retirement and Other",2024,5029.0,2019,3318.0,2014,2619.0,2009,1655.0,0.08672848495116425,0.06741822520867191,0.07690875868374714
Wilmington,Expenditure,Pupil Services,2024,2338.0,2019,1656.0,2014,1337.0,2009,1110.0,0.07141281075564598,0.05747792444702626,0.05091623648729926
Wilmington,Expenditure,Other Teaching Services,2024,1749.0,2019,891.0,2014,634.0,2009,475.0,0.1444120475235473,0.10680230560792259,0.09078648079180729
Wilmington,Expenditure,Operations and Maintenance,2024,2211.0,2019,1714.0,2014,1366.0,2009,1231.0,0.052241884733525756,0.04933414361376087,0.03981332686655081
Wilmington,Expenditure,Instructional Leadership,2024,1274.0,2019,870.0,2014,693.0,2009,564.0,0.07926982540371341,0.06278060279176678,0.05582681650081822
Wilmington,Expenditure,Administration,2024,670.0,2019,502.0,2014,481.0,2009,388.0,0.05943475780011398,0.033696325860073095,0.03708942326276543
Wilmington,Expenditure,"Guidance, Counseling and Testing",2024,1243.0,2019,787.0,2014,506.0,2009,429.0,0.09571921895413316,0.09403712904549666,0.07349721588366576
Wilmington,Expenditure,Other,2024,398.0,2019,208.0,2014,127.0,2009,147.0,0.138581039714482,0.12100599489149144,0.0686554767676617
Wilmington,Expenditure,Total PPE,2024,23969.0,2019,16998.0,2014,13230.0,2009,10530.0,0.0711503106933069,0.061228750188451864,0.05636686343510888
Wilmington,Enrollment,In-District FTE Pupils,2024,2775.9,2019,3186.7,2014,3509.8,2009,3794.6,-0.027224716743928123,-0.023185394288803396,-0.02062460801677557
Wilmington,Enrollment,Out-of-District FTE Pupils,2024,105.7,2019,90.3,2014,80.9,2009,64.7,0.031994653666928885,0.027099804534212568,0.0332641952458399
Wilmington,NSS,Ch70 Aid,2024,4199.911723163842,2019,3358.5085646780863,2014,2986.6835573551793,2009,2581.66761731916,0.04572800898756135,0.03467771454228297,0.03297383797270248
Wilmington,NSS,Req NSS (minus Ch70),2024,10090.836511299434,2019,7841.223272297696,2014,6736.076730608841,2009,5687.238268084003,0.05174067452136666,0.04124280737453545,0.038966911129421966
Wilmington,NSS,Actual NSS (minus Req NSS),2024,8842.440545831567,2019,4921.547119809025,2014,3071.3745984384955,2009,1322.397044334975,0.12433077997870501,0.11153703144513405,0.1350474532191639
Wilmington,NSS,Total Actual NSS per pupil,2024,23133.188780294844,2019,16121.278956784807,2014,12794.134886402515,2009,9591.302929738138,0.07489786879103111,0.061017281698309,0.0604508053772701
Wilmington,Enrollment,Foundation Enrollment,2024,2832.0,2019,3386.0,2014,3597.0,2009,3857.0,-0.03510232696942395,-0.023628079322281947,-0.02038316345919311
Winchendon,Expenditure,Teachers,2024,6233.0,2019,5452.0,2014,5915.0,2009,4408.0,0.027136721133879993,0.005250361130487935,0.023364551753380036
Winchendon,Expenditure,"Insurance, Retirement and Other",2024,2356.0,2019,1702.0,2014,1540.0,2009,1200.0,0.06719343775231823,0.04343513534431542,0.04600301418265773
Winchendon,Expenditure,Pupil Services,2024,2733.0,2019,2008.0,2014,302.0,2009,1237.0,0.063592300240918,0.24641672769886958,0.054268738326437305
Winchendon,Expenditure,Other Teaching Services,2024,2097.0,2019,1267.0,2014,1020.0,2009,966.0,0.10602352156982642,0.07473112332997212,0.05303163957403889
Winchendon,Expenditure,Operations and Maintenance,2024,1845.0,2019,1174.0,2014,1260.0,2009,949.0,0.09462573597910051,0.03887329496012337,0.04531859776093827
Winchendon,Expenditure,Instructional Leadership,2024,1237.0,2019,1075.0,2014,1106.0,2009,814.0,0.02847146595436789,0.011256805371810286,0.02829175358771696
Winchendon,Expenditure,Administration,2024,819.0,2019,620.0,2014,741.0,2009,453.0,0.05725182248100702,0.010058596852287272,0.04026913558559064
Winchendon,Expenditure,"Guidance, Counseling and Testing",2024,471.0,2019,485.0,2014,301.0,2009,245.0,-0.005841033826262776,0.045792303102277776,0.044536582738909036
Winchendon,Expenditure,Other,2024,1769.0,2019,489.0,2014,255.0,2009,350.0,0.29325389402751667,0.21372071775662027,0.11406531329119107
Winchendon,Expenditure,Total PPE,2024,19560.0,2019,14272.0,2014,12440.0,2009,10622.0,0.06506669088894501,0.046296679388802,0.041543717312250594
Winchendon,Enrollment,In-District FTE Pupils,2024,1195.0,2019,1256.9,2014,1351.3,2009,1617.9,-0.010049599202432757,-0.012216851519022964,-0.01999622482907737
Winchendon,Enrollment,Out-of-District FTE Pupils,2024,164.7,2019,199.3,2014,183.0,2009,155.5,-0.03741905533886147,-0.010480741793785664,0.003839345179431408
Winchendon,NSS,Ch70 Aid,2024,10614.803639120546,2019,8196.156048675733,2014,7486.705607476635,2009,6347.818819403858,0.05307753755727007,0.035528654341500765,0.03487007666339337
Winchendon,NSS,Req NSS (minus Ch70),2024,4647.282031842305,2019,3507.781549804942,2014,3393.3079161856335,2009,1969.9246054938633,0.05787242805928128,0.03194743504871722,0.05888784156237792
Winchendon,NSS,Actual NSS (minus Req NSS),2024,153.85462124796246,2019,92.40790617215175,2014,-129.9838297703914,2009,99.72014378072625,0.10733820260804339,0.2183644315756332,0.029331294278358788
Winchendon,NSS,Total Actual NSS per pupil,2024,15415.940292210813,2019,11796.345504652827,2014,10750.029693891876,2009,8417.463568678448,0.054980681618442384,0.03670701099127949,0.041164259821841354
Winchendon,Enrollment,Foundation Enrollment,2024,1319.0,2019,1397.0,2014,1498.0,2009,1711.0,-0.011424876025205144,-0.012645071785354234,-0.01719734946005491
Winchester,Expenditure,Teachers,2024,8207.0,2019,6238.0,2014,5311.0,2009,5130.0,0.0563985893388419,0.04448164694491985,0.03182125819069115
Winchester,Expenditure,"Insurance, Retirement and Other",2024,2573.0,2019,1996.0,2014,1697.0,2009,1465.0,0.05209716380520768,0.042499353664724904,0.0382616449319273
Winchester,Expenditure,Pupil Services,2024,1624.0,2019,1112.0,2014,834.0,2009,650.0,0.07868899384594186,0.06891211021233046,0.06294675689899809
Winchester,Expenditure,Other Teaching Services,2024,1584.0,2019,1149.0,2014,922.0,2009,565.0,0.06631871038430548,0.05560739897412814,0.07114216463864276
Winchester,Expenditure,Operations and Maintenance,2024,1053.0,2019,872.0,2014,804.0,2009,962.0,0.038442316365523865,0.027347177838099812,0.0060437945680940075
Winchester,Expenditure,Instructional Leadership,2024,1451.0,2019,1067.0,2014,796.0,2009,1012.0,0.06340965383188535,0.06187998366707359,0.02431247032280881
Winchester,Expenditure,Administration,2024,726.0,2019,521.0,2014,575.0,2009,473.0,0.06861134225833632,0.02359198739215107,0.028975494557617276
Winchester,Expenditure,"Guidance, Counseling and Testing",2024,796.0,2019,511.0,2014,443.0,2009,238.0,0.09269368588797833,0.060354134606416254,0.08381645581615671
Winchester,Expenditure,Other,2024,712.0,2019,547.0,2014,456.0,2009,502.0,0.05414058312418035,0.04556615119468477,0.023572050107929954
Winchester,Expenditure,Total PPE,2024,18726.0,2019,14013.0,2014,11838.0,2009,10997.0,0.05969962197018153,0.04692764614818157,0.03612317160325906
Winchester,Enrollment,In-District FTE Pupils,2024,4311.8,2019,4635.8,2014,4425.5,2009,4124.9,-0.014386182294243377,-0.0025993973092857114,0.002958612966703189
Winchester,Enrollment,Out-of-District FTE Pupils,2024,68.4,2019,65.3,2014,69.1,2009,45.2,0.009319314559933067,-0.0010176724343318178,0.02800330552531438
Winchester,NSS,Ch70 Aid,2024,2364.73055683387,2019,1944.7881720430107,2014,1758.835532516494,2009,1357.3707660239709,0.0398767585804054,0.030043683510178054,0.037700943148529786
Winchester,NSS,Req NSS (minus Ch70),2024,10118.450069028991,2019,8028.575053763441,2014,7352.195098963242,2009,6871.683689421574,0.047357879278622894,0.0324515889453969,0.026132372178812036
Winchester,NSS,Actual NSS (minus Req NSS),2024,5305.873896779056,2019,3233.110111249639,2014,2347.196748350613,2009,2570.1331422615945,0.10414798859917074,0.0849775273090041,0.049510416773457466
Winchester,NSS,Total Actual NSS per pupil,2024,17789.05452264192,2019,13206.47333705609,2014,11458.227379830349,2009,10799.18759770714,0.06138562511945156,0.04496932751713101,0.03383393939363555
Winchester,Enrollment,Foundation Enrollment,2024,4346.0,2019,4650.0,2014,4244.0,2009,3838.0,-0.013431252398741989,0.002377788574235762,0.008321397562545796
Winthrop,Expenditure,Teachers,2024,6620.0,2019,5478.0,2014,4434.0,2009,4667.0,0.03859730732240507,0.04089334069304651,0.023578949775231228
Winthrop,Expenditure,"Insurance, Retirement and Other",2024,3284.0,2019,2490.0,2014,2617.0,2009,1917.0,0.056916700409176624,0.022963039508624883,0.036538415759659326
Winthrop,Expenditure,Pupil Services,2024,1412.0,2019,1034.0,2014,776.0,2009,650.0,0.06429698434438746,0.06168895067975377,0.05308014041305076
Winthrop,Expenditure,Other Teaching Services,2024,2139.0,2019,1275.0,2014,1265.0,2009,722.0,0.10902189401620244,0.053930628712255624,0.07509020678338385
Winthrop,Expenditure,Operations and Maintenance,2024,1280.0,2019,1014.0,2014,982.0,2009,1004.0,0.04769387010933923,0.026856716701166627,0.016322991624585503
Winthrop,Expenditure,Instructional Leadership,2024,1041.0,2019,832.0,2014,760.0,2009,699.0,0.04584055982500357,0.031962019460172186,0.026908078178240702
Winthrop,Expenditure,Administration,2024,688.0,2019,459.0,2014,374.0,2009,374.0,0.0843142131827368,0.06284928227345654,0.04147245718399528
Winthrop,Expenditure,"Guidance, Counseling and Testing",2024,533.0,2019,437.0,2014,317.0,2009,315.0,0.04051693839834947,0.05333567815932305,0.035685216257868246
Winthrop,Expenditure,Other,2024,1340.0,2019,382.0,2014,367.0,2009,142.0,0.2853111856723325,0.13826628762749715,0.16141589007429902
Winthrop,Expenditure,Total PPE,2024,18337.0,2019,13401.0,2014,11892.0,2009,10490.0,0.06472687311944658,0.04425686361462411,0.03793507049466949
Winthrop,Enrollment,In-District FTE Pupils,2024,1963.4,2019,1977.7,2014,1969.5,2009,1997.1,-0.0014503250745013796,-0.0003101558069940058,-0.0011339208930573053
Winthrop,Enrollment,Out-of-District FTE Pupils,2024,63.6,2019,56.6,2014,41.0,2009,40.8,0.023594955429005582,0.044882188061517114,0.030037723088920387
Winthrop,NSS,Ch70 Aid,2024,4980.574348492591,2019,3490.7479033053773,2014,3078.1213463038866,2009,2757.739893617021,0.07367338672599133,0.04929926603607471,0.04019575009241794
Winthrop,NSS,Req NSS (minus Ch70),2024,9694.282064384262,2019,7541.128268376911,2014,6877.553626149132,2009,5817.626063829787,0.051515950210130335,0.03492330473696037,0.03462902226627662
Winthrop,NSS,Actual NSS (minus Req NSS),2024,1620.0137682166587,2019,1215.5274588963725,2014,601.1800395665487,2009,1680.3795838152414,0.05913369869032192,0.10420933738334504,-0.0024360322149435953
Winthrop,NSS,Total Actual NSS per pupil,2024,16294.87018109351,2019,12247.403630578661,2014,10556.855012019567,2009,10255.74554126205,0.05876938473400828,0.04436337916820543,0.03134882435626274
Winthrop,Enrollment,Foundation Enrollment,2024,1957.0,2019,2027.0,2014,1958.0,2009,1880.0,-0.007004191319255226,-5.108426459243809e-05,0.0026796446182493217
Woburn,Expenditure,Teachers,2024,8493.0,2019,6984.0,2014,5480.0,2009,4800.0,0.03989952223683968,0.044787713061014145,0.03877460959969681
Woburn,Expenditure,"Insurance, Retirement and Other",2024,4460.0,2019,3694.0,2014,3306.0,2009,2875.0,0.038406967566190664,0.030393714883509615,0.029705740701561734
Woburn,Expenditure,Pupil Services,2024,2312.0,2019,1566.0,2014,1249.0,2009,1386.0,0.08103365420638098,0.06351235401585886,0.03470124892579385
Woburn,Expenditure,Other Teaching Services,2024,2361.0,2019,1378.0,2014,1068.0,2009,818.0,0.1137029086379,0.08256123969032148,0.0732218653808061
Woburn,Expenditure,Operations and Maintenance,2024,1768.0,2019,1454.0,2014,1287.0,2009,1453.0,0.03988082685076666,0.03226302478153409,0.013167172341609357
Woburn,Expenditure,Instructional Leadership,2024,1333.0,2019,1032.0,2014,793.0,2009,719.0,0.05251935381426631,0.053308760326238325,0.042013671997334745
Woburn,Expenditure,Administration,2024,599.0,2019,381.0,2014,302.0,2009,527.0,0.09471323661154973,0.07088291033866745,0.0085739508655851
Woburn,Expenditure,"Guidance, Counseling and Testing",2024,811.0,2019,533.0,2014,372.0,2009,302.0,0.08757378068770438,0.08105500411398436,0.06807297741453255
Woburn,Expenditure,Other,2024,541.0,2019,516.0,2014,305.0,2009,381.0,0.009507413696522526,0.05898483904583651,0.023649988669765643
Woburn,Expenditure,Total PPE,2024,22678.0,2019,17538.0,2014,14162.0,2009,13261.0,0.05274924115554125,0.04820931816843621,0.03641867950034805
Woburn,Enrollment,In-District FTE Pupils,2024,4479.6,2019,4533.6,2014,4830.8,2009,4728.9,-0.0023936444827077352,-0.007519419510127023,-0.003604080361268136
Woburn,Enrollment,Out-of-District FTE Pupils,2024,233.3,2019,150.3,2014,125.5,2009,70.7,0.0919208319209397,0.0639644109933819,0.08284514826951583
Woburn,NSS,Ch70 Aid,2024,3099.09161349134,2019,1945.3298991199829,2014,1537.97774833508,2009,1427.569865928921,0.09761044350855785,0.07257689236055231,0.05303418368378243
Woburn,NSS,Req NSS (minus Ch70),2024,11826.193254329992,2019,9170.840523717536,2014,8546.343343133138,2009,7883.3892317514365,0.0521730313943467,0.03301460931271771,0.02740608469352357
Woburn,NSS,Actual NSS (minus Req NSS),2024,6967.538468622218,2019,5403.588295276277,2014,3840.1457663003976,2009,2892.444392423921,0.05215427615334156,0.06138553974838867,0.060362329242568125
Woburn,NSS,Total Actual NSS per pupil,2024,21892.82333644355,2019,16519.758718113793,2014,13924.466857768613,2009,12203.403490104278,0.057936532876996294,0.04629059057752993,0.039731943133194614
Woburn,Enrollment,Foundation Enrollment,2024,4388.0,2019,4659.0,2014,4762.0,2009,4699.0,-0.011913918578077332,-0.008146060123103482,-0.004554674380843227
Worcester,Expenditure,Teachers,2024,8440.0,2019,5959.0,2014,5521.0,2009,5627.0,0.07209633716432906,0.04335588485838571,0.02739560153133458
Worcester,Expenditure,"Insurance, Retirement and Other",2024,3821.0,2019,2723.0,2014,2430.0,2009,2330.0,0.07010373348247945,0.046302050442779796,0.03352600310387621
Worcester,Expenditure,Pupil Services,2024,2141.0,2019,1701.0,2014,1339.0,2009,1025.0,0.04708628405100268,0.04805387737863143,0.05033100757662923
Worcester,Expenditure,Other Teaching Services,2024,1799.0,2019,1243.0,2014,986.0,2009,786.0,0.07674287574582905,0.06197776738489469,0.056754018091679015
Worcester,Expenditure,Operations and Maintenance,2024,1214.0,2019,938.0,2014,851.0,2009,884.0,0.05293889762631876,0.03616498626003484,0.02137312939703251
Worcester,Expenditure,Instructional Leadership,2024,1144.0,2019,752.0,2014,983.0,2009,796.0,0.0875309785500098,0.01528331861002652,0.024473817914983487
Worcester,Expenditure,Administration,2024,651.0,2019,362.0,2014,354.0,2009,460.0,0.12453890124277667,0.06281523853985149,0.023422302987214705
Worcester,Expenditure,"Guidance, Counseling and Testing",2024,622.0,2019,380.0,2014,349.0,2009,304.0,0.10357373975618223,0.059489106623943355,0.04888478767248183
Worcester,Expenditure,Other,2024,2413.0,2019,751.0,2014,731.0,2009,505.0,0.26294220568939264,0.12684451349901216,0.10990139246015662
Worcester,Expenditure,Total PPE,2024,22245.0,2019,14809.0,2014,13544.0,2009,12717.0,0.08477916535394914,0.050868916995504554,0.03798206434978213
Worcester,Enrollment,In-District FTE Pupils,2024,24576.0,2019,25430.4,2014,24863.0,2009,23252.7,-0.00681168494075135,-0.001160366016205172,0.003696756386615485
Worcester,Enrollment,Out-of-District FTE Pupils,2024,3030.3,2019,3150.0,2014,3043.0,2009,2722.5,-0.007718226003429973,-0.000418137195638546,0.007166292432182031
Worcester,NSS,Ch70 Aid,2024,13465.724050918952,2019,9170.685053058563,2014,8226.934528040705,2009,7174.4155735750055,0.07985535504356123,0.050507523143553,0.042868489620119465
Worcester,NSS,Req NSS (minus Ch70),2024,4649.992105752607,2019,3638.05356560791,2014,3523.447750455663,2009,2574.959336990222,0.05030788353376647,0.02813096184634989,0.04018867880405241
Worcester,NSS,Actual NSS (minus Req NSS),2024,-208.94965051297063,2019,112.11060705110806,2014,-108.72832590955477,2009,148.5167357623056,-0.5727562556462056,0.0675049432810062,-0.16046065311112379
Worcester,NSS,Total Actual NSS per pupil,2024,17906.766506158587,2019,12920.849225717582,2014,11641.653952586814,2009,9897.891646327533,0.06744429976817878,0.043999398610217844,0.04031525040048756
Worcester,Enrollment,Foundation Enrollment,2024,26552.0,2019,27611.0,2014,26729.0,2009,25158.0,-0.0077913229853112664,-0.0006641837207596035,0.0036017465564994744
Worthington,Expenditure,Teachers,2024,6107.0,2019,4980.0,2014,,2009,,0.0416449566018986,,
Worthington,Expenditure,"Insurance, Retirement and Other",2024,4277.0,2019,2741.0,2014,,2009,,0.09306513729798294,,
Worthington,Expenditure,Pupil Services,2024,2426.0,2019,2980.0,2014,,2009,,-0.040301300047641764,,
Worthington,Expenditure,Other Teaching Services,2024,2422.0,2019,2294.0,2014,,2009,,0.01091850176914444,,
Worthington,Expenditure,Operations and Maintenance,2024,2873.0,2019,0.0,2014,,2009,,,,
Worthington,Expenditure,Instructional Leadership,2024,2582.0,2019,1959.0,2014,,2009,,0.05677945227348502,,
Worthington,Expenditure,Administration,2024,401.0,2019,875.0,2014,,2009,,-0.14448571830094603,,
Worthington,Expenditure,"Guidance, Counseling and Testing",2024,5.0,2019,176.0,2014,,2009,,-0.5094407521368678,,
Worthington,Expenditure,Other,2024,1892.0,2019,667.0,2014,,2009,,0.23185349388533405,,
Worthington,Expenditure,Total PPE,2024,22985.0,2019,16672.0,2014,,2009,,0.06632934572136406,,
Worthington,Enrollment,In-District FTE Pupils,2024,77.2,2019,75.7,2014,,2009,,0.003931969305092098,,
Worthington,Enrollment,Out-of-District FTE Pupils,2024,62.6,2019,68.4,2014,,2009,,-0.017565406842394826,,
Worthington,NSS,Ch70 Aid,2024,3874.7166666666667,2019,2276.3644859813085,2014,6125.035,2009,9091.375,0.11224286864609434,-0.04475859743067723,-0.05527075710952101
Worthington,NSS,Req NSS (minus Ch70),2024,9198.533333333333,2019,8781.943925233645,2014,12894.0,2009,8630.5,0.009312345392443744,-0.03320790204021373,0.004258482356652715
Worthington,NSS,Actual NSS (minus Req NSS),2024,5858.623114166665,2019,5650.420724096924,2014,12531.34,2009,-7043.375,0.007263170938150099,-0.0732132744389884,0.12211946795550585
Worthington,NSS,Total Actual NSS per pupil,2024,18931.873114166665,2019,16708.729135311878,2014,31550.375,2009,10678.5,0.02529781832570266,-0.049791511130488186,0.0389123019777875
Worthington,Enrollment,Foundation Enrollment,2024,120.0,2019,107.0,2014,8.0,2009,8.0,0.023197554945304955,0.31101942303975005,0.19786005826963615
Wrentham,Expenditure,Teachers,2024,7601.0,2019,6328.0,2014,4694.0,2009,3789.0,0.03733934965141317,0.04937995638385706,0.04750573286692239
Wrentham,Expenditure,"Insurance, Retirement and Other",2024,3105.0,2019,3249.0,2014,1908.0,2009,1449.0,-0.009025729601663701,0.04990093724318356,0.052122273162271915
Wrentham,Expenditure,Pupil Services,2024,1915.0,2019,1420.0,2014,1041.0,2009,830.0,0.061637099500216674,0.06284957907213684,0.05731902237112396
Wrentham,Expenditure,Other Teaching Services,2024,2296.0,2019,1980.0,2014,1425.0,2009,1149.0,0.030057191831649233,0.048855601514814495,0.04723333258445939
Wrentham,Expenditure,Operations and Maintenance,2024,1515.0,2019,1489.0,2014,986.0,2009,806.0,0.00346813717078831,0.043887198630456536,0.042970054867817575
Wrentham,Expenditure,Instructional Leadership,2024,926.0,2019,911.0,2014,646.0,2009,382.0,0.0032716075413037338,0.03666359353853488,0.06080732090999441
Wrentham,Expenditure,Administration,2024,930.0,2019,605.0,2014,434.0,2009,359.0,0.0897967659758172,0.07919350247286827,0.06551417900906653
Wrentham,Expenditure,"Guidance, Counseling and Testing",2024,585.0,2019,379.0,2014,246.0,2009,142.0,0.09069502257717654,0.09049097557231511,0.0989834900894031
Wrentham,Expenditure,Other,2024,671.0,2019,598.0,2014,687.0,2009,463.0,0.023303046873775157,-0.002353741122092634,0.02504461539633862
Wrentham,Expenditure,Total PPE,2024,19544.0,2019,16959.0,2014,12067.0,2009,9369.0,0.02878030794578801,0.04940085601263888,0.05023869243754686
Wrentham,Enrollment,In-District FTE Pupils,2024,946.2,2019,967.5,2014,1107.3,2009,1253.1,-0.004442395581035985,-0.015599638809265737,-0.018553838247154508
Wrentham,Enrollment,Out-of-District FTE Pupils,2024,56.2,2019,36.9,2014,18.3,2009,26.4,0.08778230507962137,0.11873834167696717,0.051660331226398126
Wrentham,NSS,Ch70 Aid,2024,4242.241081081081,2019,3989.3146186440677,2014,3501.8184466019416,2009,3349.1826163301143,0.012370336436397844,0.019366065501628782,0.01588317539919104
Wrentham,NSS,Req NSS (minus Ch70),2024,9482.68108108108,2019,8000.045550847458,2014,6071.02427184466,2009,4283.876207199298,0.034588715117876756,0.04560323334792726,0.05440214842150515
Wrentham,NSS,Actual NSS (minus Req NSS),2024,4661.597945945943,2019,3206.8894545351413,2014,1300.476225180604,2009,1190.3004389815621,0.0776808479427793,0.13616979570121357,0.09528014429019693
Wrentham,NSS,Total Actual NSS per pupil,2024,18386.520108108103,2019,15196.249624026666,2014,10873.318943627206,2009,8823.359262510974,0.038849474470887824,0.053934791773828206,0.050165399540544
Wrentham,Enrollment,Foundation Enrollment,2024,925.0,2019,944.0,2014,1030.0,2009,1139.0,-0.0040582287695903885,-0.01069443786094515,-0.013778345969604588
