District,YEAR,Metric,Value
Abby Kelley Foster Charter Public (District),2019,In-District FTE Pupils,1425.4
Abby Kelley Foster Charter Public (District),2020,In-District FTE Pupils,1421.4
Abby Kelley Foster Charter Public (District),2021,In-District FTE Pupils,1424.2
Abby Kelley Foster Charter Public (District),2022,In-District FTE Pupils,1423.0
Abby Kelley Foster Charter Public (District),2023,In-District FTE Pupils,1415.8
Abby Kelley Foster Charter Public (District),2024,In-District FTE Pupils,1421.4
Abby Kelley Foster Charter Public (District),2019,Out-of-District FTE Pupils,0.0
Abby Kelley Foster Charter Public (District),2020,Out-of-District FTE Pupils,0.0
Abby Kelley Foster Charter Public (District),2021,Out-of-District FTE Pupils,0.0
Abby Kelley Foster Charter Public (District),2022,Out-of-District FTE Pupils,0.0
Abby Kelley Foster Charter Public (District),2023,Out-of-District FTE Pupils,0.0
Abby Kelley Foster Charter Public (District),2024,Out-of-District FTE Pupils,0.0
Abington,2009,In-District FTE Pupils,2306.2
Abington,2010,In-District FTE Pupils,2228.9
Abington,2011,In-District FTE Pupils,2038.7
Abington,2012,In-District FTE Pupils,2031.7
Abington,2013,In-District FTE Pupils,2052.2
Abington,2014,In-District FTE Pupils,1943.1
Abington,2015,In-District FTE Pupils,1939.0
Abington,2016,In-District FTE Pupils,1919.1
Abington,2017,In-District FTE Pupils,1926.2
Abington,2018,In-District FTE Pupils,2035.6
Abington,2019,In-District FTE Pupils,2064.7
Abington,2020,In-District FTE Pupils,2146.0
Abington,2021,In-District FTE Pupils,2124.7
Abington,2022,In-District FTE Pupils,2151.3
Abington,2023,In-District FTE Pupils,2143.5
Abington,2024,In-District FTE Pupils,2142.5
Abington,2009,Out-of-District FTE Pupils,79.4
Abington,2010,Out-of-District FTE Pupils,77.7
Abington,2011,Out-of-District FTE Pupils,80.3
Abington,2012,Out-of-District FTE Pupils,90.8
Abington,2013,Out-of-District FTE Pupils,85.8
Abington,2014,Out-of-District FTE Pupils,93.6
Abington,2015,Out-of-District FTE Pupils,112.8
Abington,2016,Out-of-District FTE Pupils,108.9
Abington,2017,Out-of-District FTE Pupils,114.3
Abington,2018,Out-of-District FTE Pupils,104.0
Abington,2019,Out-of-District FTE Pupils,102.0
Abington,2020,Out-of-District FTE Pupils,107.2
Abington,2021,Out-of-District FTE Pupils,119.2
Abington,2022,Out-of-District FTE Pupils,145.4
Abington,2023,Out-of-District FTE Pupils,153.8
Abington,2024,Out-of-District FTE Pupils,145.2
Academy Of the Pacific Rim Charter Public (District),2019,In-District FTE Pupils,532.7
Academy Of the Pacific Rim Charter Public (District),2020,In-District FTE Pupils,536.1
Academy Of the Pacific Rim Charter Public (District),2021,In-District FTE Pupils,539.0
Academy Of the Pacific Rim Charter Public (District),2022,In-District FTE Pupils,504.3
Academy Of the Pacific Rim Charter Public (District),2023,In-District FTE Pupils,467.4
Academy Of the Pacific Rim Charter Public (District),2024,In-District FTE Pupils,452.6
Academy Of the Pacific Rim Charter Public (District),2019,Out-of-District FTE Pupils,0.0
Academy Of the Pacific Rim Charter Public (District),2020,Out-of-District FTE Pupils,0.0
Academy Of the Pacific Rim Charter Public (District),2021,Out-of-District FTE Pupils,0.0
Academy Of the Pacific Rim Charter Public (District),2022,Out-of-District FTE Pupils,0.0
Academy Of the Pacific Rim Charter Public (District),2023,Out-of-District FTE Pupils,0.0
Academy Of the Pacific Rim Charter Public (District),2024,Out-of-District FTE Pupils,0.0
Acton,2009,In-District FTE Pupils,2566.7
Acton,2010,In-District FTE Pupils,2618.5
Acton,2011,In-District FTE Pupils,2572.3
Acton,2012,In-District FTE Pupils,2525.8
Acton,2013,In-District FTE Pupils,2511.3
Acton,2014,In-District FTE Pupils,2453.3
Acton,2009,Out-of-District FTE Pupils,29.6
Acton,2010,Out-of-District FTE Pupils,32.1
Acton,2011,Out-of-District FTE Pupils,22.8
Acton,2012,Out-of-District FTE Pupils,32.2
Acton,2013,Out-of-District FTE Pupils,34.3
Acton,2014,Out-of-District FTE Pupils,47.4
Acton-Boxborough,2009,In-District FTE Pupils,2950.3
Acton-Boxborough,2010,In-District FTE Pupils,2927.6
Acton-Boxborough,2011,In-District FTE Pupils,2940.2
Acton-Boxborough,2012,In-District FTE Pupils,2905.2
Acton-Boxborough,2013,In-District FTE Pupils,2906.8
Acton-Boxborough,2014,In-District FTE Pupils,2882.3
Acton-Boxborough,2015,In-District FTE Pupils,5643.6
Acton-Boxborough,2016,In-District FTE Pupils,5605.5
Acton-Boxborough,2017,In-District FTE Pupils,5613.9
Acton-Boxborough,2018,In-District FTE Pupils,5632.3
Acton-Boxborough,2019,In-District FTE Pupils,5586.8
Acton-Boxborough,2020,In-District FTE Pupils,5437.6
Acton-Boxborough,2021,In-District FTE Pupils,5218.9
Acton-Boxborough,2022,In-District FTE Pupils,5242.6
Acton-Boxborough,2023,In-District FTE Pupils,5181.7
Acton-Boxborough,2024,In-District FTE Pupils,5134.3
Acton-Boxborough,2009,Out-of-District FTE Pupils,88.4
Acton-Boxborough,2010,Out-of-District FTE Pupils,85.4
Acton-Boxborough,2011,Out-of-District FTE Pupils,84.1
Acton-Boxborough,2012,Out-of-District FTE Pupils,94.9
Acton-Boxborough,2013,Out-of-District FTE Pupils,100.3
Acton-Boxborough,2014,Out-of-District FTE Pupils,105.6
Acton-Boxborough,2015,Out-of-District FTE Pupils,146.1
Acton-Boxborough,2016,Out-of-District FTE Pupils,140.8
Acton-Boxborough,2017,Out-of-District FTE Pupils,133.6
Acton-Boxborough,2018,Out-of-District FTE Pupils,129.4
Acton-Boxborough,2019,Out-of-District FTE Pupils,124.0
Acton-Boxborough,2020,Out-of-District FTE Pupils,128.8
Acton-Boxborough,2021,Out-of-District FTE Pupils,126.0
Acton-Boxborough,2022,Out-of-District FTE Pupils,128.6
Acton-Boxborough,2023,Out-of-District FTE Pupils,120.4
Acton-Boxborough,2024,Out-of-District FTE Pupils,122.2
Acushnet,2009,In-District FTE Pupils,1032.1
Acushnet,2010,In-District FTE Pupils,1010.4
Acushnet,2011,In-District FTE Pupils,1006.4
Acushnet,2012,In-District FTE Pupils,994.7
Acushnet,2013,In-District FTE Pupils,982.1
Acushnet,2014,In-District FTE Pupils,980.1
Acushnet,2015,In-District FTE Pupils,967.5
Acushnet,2016,In-District FTE Pupils,966.7
Acushnet,2017,In-District FTE Pupils,973.1
Acushnet,2018,In-District FTE Pupils,970.4
Acushnet,2019,In-District FTE Pupils,1018.1
Acushnet,2020,In-District FTE Pupils,1018.8
Acushnet,2021,In-District FTE Pupils,922.5
Acushnet,2022,In-District FTE Pupils,942.8
Acushnet,2023,In-District FTE Pupils,965.8
Acushnet,2024,In-District FTE Pupils,953.7
Acushnet,2009,Out-of-District FTE Pupils,331.4
Acushnet,2010,Out-of-District FTE Pupils,332.4
Acushnet,2011,Out-of-District FTE Pupils,278.2
Acushnet,2012,Out-of-District FTE Pupils,269.1
Acushnet,2013,Out-of-District FTE Pupils,284.8
Acushnet,2014,Out-of-District FTE Pupils,305.5
Acushnet,2015,Out-of-District FTE Pupils,314.2
Acushnet,2016,Out-of-District FTE Pupils,329.2
Acushnet,2017,Out-of-District FTE Pupils,306.8
Acushnet,2018,Out-of-District FTE Pupils,315.4
Acushnet,2019,Out-of-District FTE Pupils,318.4
Acushnet,2020,Out-of-District FTE Pupils,306.7
Acushnet,2021,Out-of-District FTE Pupils,312.6
Acushnet,2022,Out-of-District FTE Pupils,293.0
Acushnet,2023,Out-of-District FTE Pupils,288.9
Acushnet,2024,Out-of-District FTE Pupils,278.8
Advanced Math and Science Academy Charter (District),2019,In-District FTE Pupils,972.7
Advanced Math and Science Academy Charter (District),2020,In-District FTE Pupils,964.8
Advanced Math and Science Academy Charter (District),2021,In-District FTE Pupils,963.9
Advanced Math and Science Academy Charter (District),2022,In-District FTE Pupils,965.3
Advanced Math and Science Academy Charter (District),2023,In-District FTE Pupils,964.3
Advanced Math and Science Academy Charter (District),2024,In-District FTE Pupils,965.8
Advanced Math and Science Academy Charter (District),2019,Out-of-District FTE Pupils,0.0
Advanced Math and Science Academy Charter (District),2020,Out-of-District FTE Pupils,0.0
Advanced Math and Science Academy Charter (District),2021,Out-of-District FTE Pupils,0.0
Advanced Math and Science Academy Charter (District),2022,Out-of-District FTE Pupils,0.0
Advanced Math and Science Academy Charter (District),2023,Out-of-District FTE Pupils,0.0
Advanced Math and Science Academy Charter (District),2024,Out-of-District FTE Pupils,0.0
Agawam,2009,In-District FTE Pupils,4064.2
Agawam,2010,In-District FTE Pupils,4017.2
Agawam,2011,In-District FTE Pupils,4237.1
Agawam,2012,In-District FTE Pupils,3946.0
Agawam,2013,In-District FTE Pupils,4070.3
Agawam,2014,In-District FTE Pupils,4046.9
Agawam,2015,In-District FTE Pupils,3976.8
Agawam,2016,In-District FTE Pupils,3877.2
Agawam,2017,In-District FTE Pupils,3908.8
Agawam,2018,In-District FTE Pupils,3840.1
Agawam,2019,In-District FTE Pupils,3710.3
Agawam,2020,In-District FTE Pupils,3699.1
Agawam,2021,In-District FTE Pupils,3462.6
Agawam,2022,In-District FTE Pupils,3494.9
Agawam,2023,In-District FTE Pupils,3524.8
Agawam,2024,In-District FTE Pupils,3523.0
Agawam,2009,Out-of-District FTE Pupils,153.0
Agawam,2010,Out-of-District FTE Pupils,161.0
Agawam,2011,Out-of-District FTE Pupils,141.7
Agawam,2012,Out-of-District FTE Pupils,130.2
Agawam,2013,Out-of-District FTE Pupils,132.6
Agawam,2014,Out-of-District FTE Pupils,128.6
Agawam,2015,Out-of-District FTE Pupils,134.0
Agawam,2016,Out-of-District FTE Pupils,119.4
Agawam,2017,Out-of-District FTE Pupils,120.1
Agawam,2018,Out-of-District FTE Pupils,115.5
Agawam,2019,Out-of-District FTE Pupils,158.5
Agawam,2020,Out-of-District FTE Pupils,149.1
Agawam,2021,Out-of-District FTE Pupils,166.1
Agawam,2022,Out-of-District FTE Pupils,180.5
Agawam,2023,Out-of-District FTE Pupils,175.8
Agawam,2024,Out-of-District FTE Pupils,167.6
Alma del Mar Charter School (District),2019,In-District FTE Pupils,440.0
Alma del Mar Charter School (District),2020,In-District FTE Pupils,639.9
Alma del Mar Charter School (District),2021,In-District FTE Pupils,787.7
Alma del Mar Charter School (District),2022,In-District FTE Pupils,936.1
Alma del Mar Charter School (District),2023,In-District FTE Pupils,1034.5
Alma del Mar Charter School (District),2024,In-District FTE Pupils,1038.8
Alma del Mar Charter School (District),2019,Out-of-District FTE Pupils,0.0
Alma del Mar Charter School (District),2020,Out-of-District FTE Pupils,0.0
Alma del Mar Charter School (District),2021,Out-of-District FTE Pupils,0.0
Alma del Mar Charter School (District),2022,Out-of-District FTE Pupils,0.0
Alma del Mar Charter School (District),2023,Out-of-District FTE Pupils,0.0
Alma del Mar Charter School (District),2024,Out-of-District FTE Pupils,0.0
Amesbury,2009,In-District FTE Pupils,2318.4
Amesbury,2010,In-District FTE Pupils,2398.4
Amesbury,2011,In-District FTE Pupils,2364.2
Amesbury,2012,In-District FTE Pupils,2325.8
Amesbury,2013,In-District FTE Pupils,2312.9
Amesbury,2014,In-District FTE Pupils,2342.1
Amesbury,2015,In-District FTE Pupils,2272.2
Amesbury,2016,In-District FTE Pupils,2208.4
Amesbury,2017,In-District FTE Pupils,2150.5
Amesbury,2018,In-District FTE Pupils,2122.7
Amesbury,2019,In-District FTE Pupils,2044.4
Amesbury,2020,In-District FTE Pupils,2015.8
Amesbury,2021,In-District FTE Pupils,1861.9
Amesbury,2022,In-District FTE Pupils,1806.8
Amesbury,2023,In-District FTE Pupils,1789.1
Amesbury,2024,In-District FTE Pupils,1817.9
Amesbury,2009,Out-of-District FTE Pupils,217.0
Amesbury,2010,Out-of-District FTE Pupils,172.6
Amesbury,2011,Out-of-District FTE Pupils,171.0
Amesbury,2012,Out-of-District FTE Pupils,168.0
Amesbury,2013,Out-of-District FTE Pupils,180.6
Amesbury,2014,Out-of-District FTE Pupils,169.5
Amesbury,2015,Out-of-District FTE Pupils,172.5
Amesbury,2016,Out-of-District FTE Pupils,158.0
Amesbury,2017,Out-of-District FTE Pupils,148.2
Amesbury,2018,Out-of-District FTE Pupils,145.7
Amesbury,2019,Out-of-District FTE Pupils,151.5
Amesbury,2020,Out-of-District FTE Pupils,180.3
Amesbury,2021,Out-of-District FTE Pupils,175.2
Amesbury,2022,Out-of-District FTE Pupils,190.1
Amesbury,2023,Out-of-District FTE Pupils,192.3
Amesbury,2024,Out-of-District FTE Pupils,238.8
Amherst,2009,In-District FTE Pupils,1387.2
Amherst,2010,In-District FTE Pupils,1331.1
Amherst,2011,In-District FTE Pupils,1284.2
Amherst,2012,In-District FTE Pupils,1214.7
Amherst,2013,In-District FTE Pupils,1195.9
Amherst,2014,In-District FTE Pupils,1196.7
Amherst,2015,In-District FTE Pupils,1183.5
Amherst,2016,In-District FTE Pupils,1154.4
Amherst,2017,In-District FTE Pupils,1155.9
Amherst,2018,In-District FTE Pupils,1162.6
Amherst,2019,In-District FTE Pupils,1130.9
Amherst,2020,In-District FTE Pupils,1106.9
Amherst,2021,In-District FTE Pupils,1017.0
Amherst,2022,In-District FTE Pupils,1051.6
Amherst,2023,In-District FTE Pupils,1062.1
Amherst,2024,In-District FTE Pupils,1001.5
Amherst,2009,Out-of-District FTE Pupils,64.7
Amherst,2010,Out-of-District FTE Pupils,72.1
Amherst,2011,Out-of-District FTE Pupils,73.4
Amherst,2012,Out-of-District FTE Pupils,83.7
Amherst,2013,Out-of-District FTE Pupils,89.6
Amherst,2014,Out-of-District FTE Pupils,90.4
Amherst,2015,Out-of-District FTE Pupils,101.3
Amherst,2016,Out-of-District FTE Pupils,113.1
Amherst,2017,Out-of-District FTE Pupils,109.6
Amherst,2018,Out-of-District FTE Pupils,107.9
Amherst,2019,Out-of-District FTE Pupils,124.4
Amherst,2020,Out-of-District FTE Pupils,121.6
Amherst,2021,Out-of-District FTE Pupils,118.0
Amherst,2022,Out-of-District FTE Pupils,123.0
Amherst,2023,Out-of-District FTE Pupils,129.0
Amherst,2024,Out-of-District FTE Pupils,133.9
Amherst-Pelham,2009,In-District FTE Pupils,1712.0
Amherst-Pelham,2010,In-District FTE Pupils,1659.0
Amherst-Pelham,2011,In-District FTE Pupils,1572.9
Amherst-Pelham,2012,In-District FTE Pupils,1535.6
Amherst-Pelham,2013,In-District FTE Pupils,1519.0
Amherst-Pelham,2014,In-District FTE Pupils,1470.3
Amherst-Pelham,2015,In-District FTE Pupils,1449.9
Amherst-Pelham,2016,In-District FTE Pupils,1377.5
Amherst-Pelham,2017,In-District FTE Pupils,1366.0
Amherst-Pelham,2018,In-District FTE Pupils,1341.7
Amherst-Pelham,2019,In-District FTE Pupils,1334.3
Amherst-Pelham,2020,In-District FTE Pupils,1345.7
Amherst-Pelham,2021,In-District FTE Pupils,1278.0
Amherst-Pelham,2022,In-District FTE Pupils,1265.1
Amherst-Pelham,2023,In-District FTE Pupils,1241.1
Amherst-Pelham,2024,In-District FTE Pupils,1209.3
Amherst-Pelham,2009,Out-of-District FTE Pupils,111.5
Amherst-Pelham,2010,Out-of-District FTE Pupils,129.2
Amherst-Pelham,2011,Out-of-District FTE Pupils,138.1
Amherst-Pelham,2012,Out-of-District FTE Pupils,142.6
Amherst-Pelham,2013,Out-of-District FTE Pupils,137.6
Amherst-Pelham,2014,Out-of-District FTE Pupils,148.7
Amherst-Pelham,2015,Out-of-District FTE Pupils,169.0
Amherst-Pelham,2016,Out-of-District FTE Pupils,189.8
Amherst-Pelham,2017,Out-of-District FTE Pupils,191.8
Amherst-Pelham,2018,Out-of-District FTE Pupils,169.7
Amherst-Pelham,2019,Out-of-District FTE Pupils,158.3
Amherst-Pelham,2020,Out-of-District FTE Pupils,152.4
Amherst-Pelham,2021,Out-of-District FTE Pupils,155.4
Amherst-Pelham,2022,Out-of-District FTE Pupils,145.0
Amherst-Pelham,2023,Out-of-District FTE Pupils,149.8
Amherst-Pelham,2024,Out-of-District FTE Pupils,146.7
Andover,2009,In-District FTE Pupils,6170.3
Andover,2010,In-District FTE Pupils,6223.1
Andover,2011,In-District FTE Pupils,6264.1
Andover,2012,In-District FTE Pupils,6272.9
Andover,2013,In-District FTE Pupils,6226.8
Andover,2014,In-District FTE Pupils,6169.9
Andover,2015,In-District FTE Pupils,6128.1
Andover,2016,In-District FTE Pupils,6104.6
Andover,2017,In-District FTE Pupils,6050.4
Andover,2018,In-District FTE Pupils,5955.0
Andover,2019,In-District FTE Pupils,5967.5
Andover,2020,In-District FTE Pupils,5869.7
Andover,2021,In-District FTE Pupils,5587.9
Andover,2022,In-District FTE Pupils,5537.0
Andover,2023,In-District FTE Pupils,5569.1
Andover,2024,In-District FTE Pupils,5488.2
Andover,2009,Out-of-District FTE Pupils,115.8
Andover,2010,Out-of-District FTE Pupils,112.2
Andover,2011,Out-of-District FTE Pupils,92.3
Andover,2012,Out-of-District FTE Pupils,100.2
Andover,2013,Out-of-District FTE Pupils,90.8
Andover,2014,Out-of-District FTE Pupils,93.3
Andover,2015,Out-of-District FTE Pupils,109.0
Andover,2016,Out-of-District FTE Pupils,122.2
Andover,2017,Out-of-District FTE Pupils,123.4
Andover,2018,Out-of-District FTE Pupils,124.2
Andover,2019,Out-of-District FTE Pupils,121.5
Andover,2020,Out-of-District FTE Pupils,122.3
Andover,2021,Out-of-District FTE Pupils,104.4
Andover,2022,Out-of-District FTE Pupils,106.8
Andover,2023,Out-of-District FTE Pupils,94.6
Andover,2024,Out-of-District FTE Pupils,94.0
Argosy Collegiate Charter School (District),2019,In-District FTE Pupils,458.9
Argosy Collegiate Charter School (District),2020,In-District FTE Pupils,508.1
Argosy Collegiate Charter School (District),2021,In-District FTE Pupils,568.8
Argosy Collegiate Charter School (District),2022,In-District FTE Pupils,545.1
Argosy Collegiate Charter School (District),2023,In-District FTE Pupils,546.6
Argosy Collegiate Charter School (District),2024,In-District FTE Pupils,566.6
Argosy Collegiate Charter School (District),2019,Out-of-District FTE Pupils,0.0
Argosy Collegiate Charter School (District),2020,Out-of-District FTE Pupils,0.0
Argosy Collegiate Charter School (District),2021,Out-of-District FTE Pupils,0.0
Argosy Collegiate Charter School (District),2022,Out-of-District FTE Pupils,0.0
Argosy Collegiate Charter School (District),2023,Out-of-District FTE Pupils,0.0
Argosy Collegiate Charter School (District),2024,Out-of-District FTE Pupils,0.0
Arlington,2009,In-District FTE Pupils,4723.2
Arlington,2010,In-District FTE Pupils,4837.6
Arlington,2011,In-District FTE Pupils,4440.8
Arlington,2012,In-District FTE Pupils,4878.0
Arlington,2013,In-District FTE Pupils,4955.7
Arlington,2014,In-District FTE Pupils,5080.1
Arlington,2015,In-District FTE Pupils,5272.4
Arlington,2016,In-District FTE Pupils,5330.1
Arlington,2017,In-District FTE Pupils,5537.8
Arlington,2018,In-District FTE Pupils,5712.6
Arlington,2019,In-District FTE Pupils,5957.9
Arlington,2020,In-District FTE Pupils,6096.3
Arlington,2021,In-District FTE Pupils,5739.9
Arlington,2022,In-District FTE Pupils,5970.6
Arlington,2023,In-District FTE Pupils,6019.7
Arlington,2024,In-District FTE Pupils,6065.0
Arlington,2009,Out-of-District FTE Pupils,134.9
Arlington,2010,Out-of-District FTE Pupils,132.8
Arlington,2011,Out-of-District FTE Pupils,115.4
Arlington,2012,Out-of-District FTE Pupils,126.6
Arlington,2013,Out-of-District FTE Pupils,139.2
Arlington,2014,Out-of-District FTE Pupils,151.0
Arlington,2015,Out-of-District FTE Pupils,152.6
Arlington,2016,Out-of-District FTE Pupils,142.8
Arlington,2017,Out-of-District FTE Pupils,157.0
Arlington,2018,Out-of-District FTE Pupils,149.3
Arlington,2019,Out-of-District FTE Pupils,148.7
Arlington,2020,Out-of-District FTE Pupils,101.4
Arlington,2021,Out-of-District FTE Pupils,124.8
Arlington,2022,Out-of-District FTE Pupils,107.5
Arlington,2023,Out-of-District FTE Pupils,98.0
Arlington,2024,Out-of-District FTE Pupils,97.2
Ashburnham-Westminster,2009,In-District FTE Pupils,2428.8
Ashburnham-Westminster,2010,In-District FTE Pupils,2377.6
Ashburnham-Westminster,2011,In-District FTE Pupils,2316.5
Ashburnham-Westminster,2012,In-District FTE Pupils,2258.9
Ashburnham-Westminster,2013,In-District FTE Pupils,2269.6
Ashburnham-Westminster,2014,In-District FTE Pupils,2282.1
Ashburnham-Westminster,2015,In-District FTE Pupils,2322.6
Ashburnham-Westminster,2016,In-District FTE Pupils,2350.1
Ashburnham-Westminster,2017,In-District FTE Pupils,2343.9
Ashburnham-Westminster,2018,In-District FTE Pupils,2375.5
Ashburnham-Westminster,2019,In-District FTE Pupils,2356.7
Ashburnham-Westminster,2020,In-District FTE Pupils,2376.1
Ashburnham-Westminster,2021,In-District FTE Pupils,2204.7
Ashburnham-Westminster,2022,In-District FTE Pupils,2266.8
Ashburnham-Westminster,2023,In-District FTE Pupils,2252.5
Ashburnham-Westminster,2024,In-District FTE Pupils,2246.7
Ashburnham-Westminster,2009,Out-of-District FTE Pupils,82.3
Ashburnham-Westminster,2010,Out-of-District FTE Pupils,101.6
Ashburnham-Westminster,2011,Out-of-District FTE Pupils,87.9
Ashburnham-Westminster,2012,Out-of-District FTE Pupils,92.4
Ashburnham-Westminster,2013,Out-of-District FTE Pupils,73.4
Ashburnham-Westminster,2014,Out-of-District FTE Pupils,82.4
Ashburnham-Westminster,2015,Out-of-District FTE Pupils,85.1
Ashburnham-Westminster,2016,Out-of-District FTE Pupils,84.8
Ashburnham-Westminster,2017,Out-of-District FTE Pupils,90.1
Ashburnham-Westminster,2018,Out-of-District FTE Pupils,78.6
Ashburnham-Westminster,2019,Out-of-District FTE Pupils,81.6
Ashburnham-Westminster,2020,Out-of-District FTE Pupils,89.7
Ashburnham-Westminster,2021,Out-of-District FTE Pupils,98.7
Ashburnham-Westminster,2022,Out-of-District FTE Pupils,101.0
Ashburnham-Westminster,2023,Out-of-District FTE Pupils,98.2
Ashburnham-Westminster,2024,Out-of-District FTE Pupils,89.1
Ashland,2009,In-District FTE Pupils,2640.1
Ashland,2010,In-District FTE Pupils,2642.8
Ashland,2011,In-District FTE Pupils,2602.5
Ashland,2012,In-District FTE Pupils,2576.1
Ashland,2013,In-District FTE Pupils,2547.8
Ashland,2014,In-District FTE Pupils,2569.0
Ashland,2015,In-District FTE Pupils,2586.6
Ashland,2016,In-District FTE Pupils,2698.5
Ashland,2017,In-District FTE Pupils,2709.4
Ashland,2018,In-District FTE Pupils,2762.3
Ashland,2019,In-District FTE Pupils,2853.3
Ashland,2020,In-District FTE Pupils,2869.7
Ashland,2021,In-District FTE Pupils,2754.7
Ashland,2022,In-District FTE Pupils,2919.3
Ashland,2023,In-District FTE Pupils,2889.7
Ashland,2024,In-District FTE Pupils,2914.8
Ashland,2009,Out-of-District FTE Pupils,84.2
Ashland,2010,Out-of-District FTE Pupils,98.2
Ashland,2011,Out-of-District FTE Pupils,122.2
Ashland,2012,Out-of-District FTE Pupils,116.0
Ashland,2013,Out-of-District FTE Pupils,123.1
Ashland,2014,Out-of-District FTE Pupils,137.6
Ashland,2015,Out-of-District FTE Pupils,145.9
Ashland,2016,Out-of-District FTE Pupils,127.3
Ashland,2017,Out-of-District FTE Pupils,108.1
Ashland,2018,Out-of-District FTE Pupils,92.2
Ashland,2019,Out-of-District FTE Pupils,82.8
Ashland,2020,Out-of-District FTE Pupils,67.3
Ashland,2021,Out-of-District FTE Pupils,54.6
Ashland,2022,Out-of-District FTE Pupils,64.8
Ashland,2023,Out-of-District FTE Pupils,60.4
Ashland,2024,Out-of-District FTE Pupils,53.9
Assabet Valley Regional Vocational Technical,2009,In-District FTE Pupils,959.8
Assabet Valley Regional Vocational Technical,2010,In-District FTE Pupils,992.4
Assabet Valley Regional Vocational Technical,2011,In-District FTE Pupils,1022.8
Assabet Valley Regional Vocational Technical,2012,In-District FTE Pupils,1053.8
Assabet Valley Regional Vocational Technical,2013,In-District FTE Pupils,1041.0
Assabet Valley Regional Vocational Technical,2014,In-District FTE Pupils,1046.5
Assabet Valley Regional Vocational Technical,2015,In-District FTE Pupils,1077.7
Assabet Valley Regional Vocational Technical,2016,In-District FTE Pupils,1098.7
Assabet Valley Regional Vocational Technical,2017,In-District FTE Pupils,1133.6
Assabet Valley Regional Vocational Technical,2018,In-District FTE Pupils,1138.8
Assabet Valley Regional Vocational Technical,2019,In-District FTE Pupils,1129.2
Assabet Valley Regional Vocational Technical,2020,In-District FTE Pupils,1160.7
Assabet Valley Regional Vocational Technical,2021,In-District FTE Pupils,1145.5
Assabet Valley Regional Vocational Technical,2022,In-District FTE Pupils,1151.6
Assabet Valley Regional Vocational Technical,2023,In-District FTE Pupils,1092.2
Assabet Valley Regional Vocational Technical,2024,In-District FTE Pupils,1098.5
Assabet Valley Regional Vocational Technical,2009,Out-of-District FTE Pupils,0.0
Assabet Valley Regional Vocational Technical,2010,Out-of-District FTE Pupils,0.0
Assabet Valley Regional Vocational Technical,2011,Out-of-District FTE Pupils,0.0
Assabet Valley Regional Vocational Technical,2012,Out-of-District FTE Pupils,1.0
Assabet Valley Regional Vocational Technical,2013,Out-of-District FTE Pupils,1.5
Assabet Valley Regional Vocational Technical,2014,Out-of-District FTE Pupils,1.6
Assabet Valley Regional Vocational Technical,2015,Out-of-District FTE Pupils,2.0
Assabet Valley Regional Vocational Technical,2016,Out-of-District FTE Pupils,0.0
Assabet Valley Regional Vocational Technical,2017,Out-of-District FTE Pupils,0.0
Assabet Valley Regional Vocational Technical,2018,Out-of-District FTE Pupils,1.0
Assabet Valley Regional Vocational Technical,2019,Out-of-District FTE Pupils,1.0
Assabet Valley Regional Vocational Technical,2020,Out-of-District FTE Pupils,1.0
Assabet Valley Regional Vocational Technical,2021,Out-of-District FTE Pupils,0.0
Assabet Valley Regional Vocational Technical,2022,Out-of-District FTE Pupils,0.0
Assabet Valley Regional Vocational Technical,2023,Out-of-District FTE Pupils,0.6
Assabet Valley Regional Vocational Technical,2024,Out-of-District FTE Pupils,2.8
Athol-Royalston,2009,In-District FTE Pupils,1701.6
Athol-Royalston,2010,In-District FTE Pupils,1662.0
Athol-Royalston,2011,In-District FTE Pupils,1619.2
Athol-Royalston,2012,In-District FTE Pupils,1517.1
Athol-Royalston,2013,In-District FTE Pupils,1440.7
Athol-Royalston,2014,In-District FTE Pupils,1407.1
Athol-Royalston,2015,In-District FTE Pupils,1382.8
Athol-Royalston,2016,In-District FTE Pupils,1404.2
Athol-Royalston,2017,In-District FTE Pupils,1461.5
Athol-Royalston,2018,In-District FTE Pupils,1497.8
Athol-Royalston,2019,In-District FTE Pupils,1475.2
Athol-Royalston,2020,In-District FTE Pupils,1525.1
Athol-Royalston,2021,In-District FTE Pupils,1443.9
Athol-Royalston,2022,In-District FTE Pupils,1551.2
Athol-Royalston,2023,In-District FTE Pupils,1569.9
Athol-Royalston,2024,In-District FTE Pupils,1632.6
Athol-Royalston,2009,Out-of-District FTE Pupils,312.3
Athol-Royalston,2010,Out-of-District FTE Pupils,336.3
Athol-Royalston,2011,Out-of-District FTE Pupils,373.3
Athol-Royalston,2012,Out-of-District FTE Pupils,366.4
Athol-Royalston,2013,Out-of-District FTE Pupils,334.1
Athol-Royalston,2014,Out-of-District FTE Pupils,365.0
Athol-Royalston,2015,Out-of-District FTE Pupils,388.9
Athol-Royalston,2016,Out-of-District FTE Pupils,397.7
Athol-Royalston,2017,Out-of-District FTE Pupils,387.7
Athol-Royalston,2018,Out-of-District FTE Pupils,386.2
Athol-Royalston,2019,Out-of-District FTE Pupils,378.1
Athol-Royalston,2020,Out-of-District FTE Pupils,350.3
Athol-Royalston,2021,Out-of-District FTE Pupils,323.0
Athol-Royalston,2022,Out-of-District FTE Pupils,287.9
Athol-Royalston,2023,Out-of-District FTE Pupils,272.8
Athol-Royalston,2024,Out-of-District FTE Pupils,254.6
Atlantis Charter (District),2019,In-District FTE Pupils,1287.8
Atlantis Charter (District),2020,In-District FTE Pupils,1301.6
Atlantis Charter (District),2021,In-District FTE Pupils,1296.1
Atlantis Charter (District),2022,In-District FTE Pupils,1286.0
Atlantis Charter (District),2023,In-District FTE Pupils,1288.4
Atlantis Charter (District),2024,In-District FTE Pupils,1257.8
Atlantis Charter (District),2019,Out-of-District FTE Pupils,0.0
Atlantis Charter (District),2020,Out-of-District FTE Pupils,0.0
Atlantis Charter (District),2021,Out-of-District FTE Pupils,0.0
Atlantis Charter (District),2022,Out-of-District FTE Pupils,0.0
Atlantis Charter (District),2023,Out-of-District FTE Pupils,0.0
Atlantis Charter (District),2024,Out-of-District FTE Pupils,0.0
Attleboro,2009,In-District FTE Pupils,5859.4
Attleboro,2010,In-District FTE Pupils,5861.9
Attleboro,2011,In-District FTE Pupils,5766.9
Attleboro,2012,In-District FTE Pupils,5820.9
Attleboro,2013,In-District FTE Pupils,5842.3
Attleboro,2014,In-District FTE Pupils,5785.7
Attleboro,2015,In-District FTE Pupils,5798.7
Attleboro,2016,In-District FTE Pupils,5757.4
Attleboro,2017,In-District FTE Pupils,5816.8
Attleboro,2018,In-District FTE Pupils,5881.7
Attleboro,2019,In-District FTE Pupils,5895.0
Attleboro,2020,In-District FTE Pupils,5986.6
Attleboro,2021,In-District FTE Pupils,5707.0
Attleboro,2022,In-District FTE Pupils,5903.5
Attleboro,2023,In-District FTE Pupils,5912.2
Attleboro,2024,In-District FTE Pupils,6039.3
Attleboro,2009,Out-of-District FTE Pupils,336.7
Attleboro,2010,Out-of-District FTE Pupils,357.3
Attleboro,2011,Out-of-District FTE Pupils,385.1
Attleboro,2012,Out-of-District FTE Pupils,413.5
Attleboro,2013,Out-of-District FTE Pupils,432.5
Attleboro,2014,Out-of-District FTE Pupils,455.7
Attleboro,2015,Out-of-District FTE Pupils,469.7
Attleboro,2016,Out-of-District FTE Pupils,430.5
Attleboro,2017,Out-of-District FTE Pupils,438.6
Attleboro,2018,Out-of-District FTE Pupils,468.1
Attleboro,2019,Out-of-District FTE Pupils,506.5
Attleboro,2020,Out-of-District FTE Pupils,489.8
Attleboro,2021,Out-of-District FTE Pupils,495.9
Attleboro,2022,Out-of-District FTE Pupils,463.8
Attleboro,2023,Out-of-District FTE Pupils,401.0
Attleboro,2024,Out-of-District FTE Pupils,365.3
Auburn,2009,In-District FTE Pupils,2344.0
Auburn,2010,In-District FTE Pupils,2369.8
Auburn,2011,In-District FTE Pupils,2336.6
Auburn,2012,In-District FTE Pupils,2331.5
Auburn,2013,In-District FTE Pupils,2302.8
Auburn,2014,In-District FTE Pupils,2318.9
Auburn,2015,In-District FTE Pupils,2351.2
Auburn,2016,In-District FTE Pupils,2419.5
Auburn,2017,In-District FTE Pupils,2506.4
Auburn,2018,In-District FTE Pupils,2591.8
Auburn,2019,In-District FTE Pupils,2638.9
Auburn,2020,In-District FTE Pupils,2640.8
Auburn,2021,In-District FTE Pupils,2509.1
Auburn,2022,In-District FTE Pupils,2581.9
Auburn,2023,In-District FTE Pupils,2554.4
Auburn,2024,In-District FTE Pupils,2487.8
Auburn,2009,Out-of-District FTE Pupils,76.2
Auburn,2010,Out-of-District FTE Pupils,79.1
Auburn,2011,Out-of-District FTE Pupils,94.1
Auburn,2012,Out-of-District FTE Pupils,95.3
Auburn,2013,Out-of-District FTE Pupils,77.0
Auburn,2014,Out-of-District FTE Pupils,74.0
Auburn,2015,Out-of-District FTE Pupils,64.8
Auburn,2016,Out-of-District FTE Pupils,50.2
Auburn,2017,Out-of-District FTE Pupils,56.4
Auburn,2018,Out-of-District FTE Pupils,56.4
Auburn,2019,Out-of-District FTE Pupils,54.8
Auburn,2020,Out-of-District FTE Pupils,52.4
Auburn,2021,Out-of-District FTE Pupils,64.7
Auburn,2022,Out-of-District FTE Pupils,50.1
Auburn,2023,Out-of-District FTE Pupils,47.3
Auburn,2024,Out-of-District FTE Pupils,48.3
Avon,2009,In-District FTE Pupils,739.6
Avon,2010,In-District FTE Pupils,743.8
Avon,2011,In-District FTE Pupils,774.8
Avon,2012,In-District FTE Pupils,748.5
Avon,2013,In-District FTE Pupils,749.2
Avon,2014,In-District FTE Pupils,737.4
Avon,2015,In-District FTE Pupils,728.8
Avon,2016,In-District FTE Pupils,719.6
Avon,2017,In-District FTE Pupils,720.1
Avon,2018,In-District FTE Pupils,723.6
Avon,2019,In-District FTE Pupils,721.5
Avon,2020,In-District FTE Pupils,721.8
Avon,2021,In-District FTE Pupils,681.5
Avon,2022,In-District FTE Pupils,709.8
Avon,2023,In-District FTE Pupils,727.5
Avon,2024,In-District FTE Pupils,737.4
Avon,2009,Out-of-District FTE Pupils,19.0
Avon,2010,Out-of-District FTE Pupils,16.0
Avon,2011,Out-of-District FTE Pupils,12.7
Avon,2012,Out-of-District FTE Pupils,6.9
Avon,2013,Out-of-District FTE Pupils,6.1
Avon,2014,Out-of-District FTE Pupils,8.8
Avon,2015,Out-of-District FTE Pupils,12.1
Avon,2016,Out-of-District FTE Pupils,15.9
Avon,2017,Out-of-District FTE Pupils,18.4
Avon,2018,Out-of-District FTE Pupils,20.9
Avon,2019,Out-of-District FTE Pupils,20.9
Avon,2020,Out-of-District FTE Pupils,26.6
Avon,2021,Out-of-District FTE Pupils,30.9
Avon,2022,Out-of-District FTE Pupils,30.6
Avon,2023,Out-of-District FTE Pupils,40.3
Avon,2024,Out-of-District FTE Pupils,34.1
Ayer,2009,In-District FTE Pupils,1213.8
Ayer,2010,In-District FTE Pupils,1204.9
Ayer,2011,In-District FTE Pupils,924.1
Ayer,2009,Out-of-District FTE Pupils,137.2
Ayer,2010,Out-of-District FTE Pupils,149.4
Ayer,2011,Out-of-District FTE Pupils,381.5
Ayer Shirley School District,2012,In-District FTE Pupils,1646.0
Ayer Shirley School District,2013,In-District FTE Pupils,1652.3
Ayer Shirley School District,2014,In-District FTE Pupils,1653.2
Ayer Shirley School District,2015,In-District FTE Pupils,1644.6
Ayer Shirley School District,2016,In-District FTE Pupils,1682.3
Ayer Shirley School District,2017,In-District FTE Pupils,1697.1
Ayer Shirley School District,2018,In-District FTE Pupils,1693.1
Ayer Shirley School District,2019,In-District FTE Pupils,1710.3
Ayer Shirley School District,2020,In-District FTE Pupils,1677.5
Ayer Shirley School District,2021,In-District FTE Pupils,1596.1
Ayer Shirley School District,2022,In-District FTE Pupils,1611.1
Ayer Shirley School District,2023,In-District FTE Pupils,1641.4
Ayer Shirley School District,2024,In-District FTE Pupils,1703.9
Ayer Shirley School District,2012,Out-of-District FTE Pupils,300.7
Ayer Shirley School District,2013,Out-of-District FTE Pupils,310.3
Ayer Shirley School District,2014,Out-of-District FTE Pupils,293.4
Ayer Shirley School District,2015,Out-of-District FTE Pupils,283.8
Ayer Shirley School District,2016,Out-of-District FTE Pupils,270.2
Ayer Shirley School District,2017,Out-of-District FTE Pupils,252.0
Ayer Shirley School District,2018,Out-of-District FTE Pupils,250.0
Ayer Shirley School District,2019,Out-of-District FTE Pupils,232.0
Ayer Shirley School District,2020,Out-of-District FTE Pupils,215.0
Ayer Shirley School District,2021,Out-of-District FTE Pupils,233.7
Ayer Shirley School District,2022,Out-of-District FTE Pupils,247.1
Ayer Shirley School District,2023,Out-of-District FTE Pupils,244.1
Ayer Shirley School District,2024,Out-of-District FTE Pupils,201.1
Barnstable,2009,In-District FTE Pupils,4353.7
Barnstable,2010,In-District FTE Pupils,4051.6
Barnstable,2011,In-District FTE Pupils,4189.0
Barnstable,2012,In-District FTE Pupils,4147.4
Barnstable,2013,In-District FTE Pupils,4910.8
Barnstable,2014,In-District FTE Pupils,4885.5
Barnstable,2015,In-District FTE Pupils,4866.8
Barnstable,2016,In-District FTE Pupils,4871.0
Barnstable,2017,In-District FTE Pupils,4892.5
Barnstable,2018,In-District FTE Pupils,4833.4
Barnstable,2019,In-District FTE Pupils,4770.6
Barnstable,2020,In-District FTE Pupils,5075.7
Barnstable,2021,In-District FTE Pupils,4703.1
Barnstable,2022,In-District FTE Pupils,4858.5
Barnstable,2023,In-District FTE Pupils,4840.8
Barnstable,2024,In-District FTE Pupils,4805.1
Barnstable,2009,Out-of-District FTE Pupils,1501.7
Barnstable,2010,Out-of-District FTE Pupils,1344.4
Barnstable,2011,Out-of-District FTE Pupils,1377.8
Barnstable,2012,Out-of-District FTE Pupils,1429.9
Barnstable,2013,Out-of-District FTE Pupils,651.9
Barnstable,2014,Out-of-District FTE Pupils,662.2
Barnstable,2015,Out-of-District FTE Pupils,708.8
Barnstable,2016,Out-of-District FTE Pupils,736.4
Barnstable,2017,Out-of-District FTE Pupils,734.1
Barnstable,2018,Out-of-District FTE Pupils,792.2
Barnstable,2019,Out-of-District FTE Pupils,801.9
Barnstable,2020,Out-of-District FTE Pupils,555.2
Barnstable,2021,Out-of-District FTE Pupils,602.8
Barnstable,2022,Out-of-District FTE Pupils,622.1
Barnstable,2023,Out-of-District FTE Pupils,613.3
Barnstable,2024,Out-of-District FTE Pupils,669.3
Barnstable Community Horace Mann Charter Public (District),2019,In-District FTE Pupils,575.9
Barnstable Community Horace Mann Charter Public (District),2019,Out-of-District FTE Pupils,0.0
Baystate Academy Charter Public School (District),2019,In-District FTE Pupils,488.8
Baystate Academy Charter Public School (District),2020,In-District FTE Pupils,473.7
Baystate Academy Charter Public School (District),2021,In-District FTE Pupils,474.3
Baystate Academy Charter Public School (District),2022,In-District FTE Pupils,442.2
Baystate Academy Charter Public School (District),2023,In-District FTE Pupils,391.8
Baystate Academy Charter Public School (District),2024,In-District FTE Pupils,398.2
Baystate Academy Charter Public School (District),2019,Out-of-District FTE Pupils,0.0
Baystate Academy Charter Public School (District),2020,Out-of-District FTE Pupils,0.0
Baystate Academy Charter Public School (District),2021,Out-of-District FTE Pupils,0.0
Baystate Academy Charter Public School (District),2022,Out-of-District FTE Pupils,0.0
Baystate Academy Charter Public School (District),2023,Out-of-District FTE Pupils,0.0
Baystate Academy Charter Public School (District),2024,Out-of-District FTE Pupils,0.0
Bedford,2009,In-District FTE Pupils,2373.7
Bedford,2010,In-District FTE Pupils,2379.7
Bedford,2011,In-District FTE Pupils,2353.6
Bedford,2012,In-District FTE Pupils,2460.3
Bedford,2013,In-District FTE Pupils,2455.8
Bedford,2014,In-District FTE Pupils,2532.7
Bedford,2015,In-District FTE Pupils,2521.6
Bedford,2016,In-District FTE Pupils,2529.7
Bedford,2017,In-District FTE Pupils,2616.5
Bedford,2018,In-District FTE Pupils,2631.9
Bedford,2019,In-District FTE Pupils,2652.8
Bedford,2020,In-District FTE Pupils,2688.5
Bedford,2021,In-District FTE Pupils,2613.1
Bedford,2022,In-District FTE Pupils,2628.3
Bedford,2023,In-District FTE Pupils,2537.2
Bedford,2024,In-District FTE Pupils,2561.1
Bedford,2009,Out-of-District FTE Pupils,112.5
Bedford,2010,Out-of-District FTE Pupils,113.3
Bedford,2011,Out-of-District FTE Pupils,99.5
Bedford,2012,Out-of-District FTE Pupils,99.1
Bedford,2013,Out-of-District FTE Pupils,98.5
Bedford,2014,Out-of-District FTE Pupils,99.5
Bedford,2015,Out-of-District FTE Pupils,91.5
Bedford,2016,Out-of-District FTE Pupils,83.0
Bedford,2017,Out-of-District FTE Pupils,66.7
Bedford,2018,Out-of-District FTE Pupils,58.9
Bedford,2019,Out-of-District FTE Pupils,62.2
Bedford,2020,Out-of-District FTE Pupils,46.0
Bedford,2021,Out-of-District FTE Pupils,59.6
Bedford,2022,Out-of-District FTE Pupils,58.1
Bedford,2023,Out-of-District FTE Pupils,41.0
Bedford,2024,Out-of-District FTE Pupils,51.5
Belchertown,2009,In-District FTE Pupils,2647.0
Belchertown,2010,In-District FTE Pupils,2600.1
Belchertown,2011,In-District FTE Pupils,2609.9
Belchertown,2012,In-District FTE Pupils,2496.3
Belchertown,2013,In-District FTE Pupils,2475.6
Belchertown,2014,In-District FTE Pupils,2406.4
Belchertown,2015,In-District FTE Pupils,2349.1
Belchertown,2016,In-District FTE Pupils,2350.0
Belchertown,2017,In-District FTE Pupils,2334.2
Belchertown,2018,In-District FTE Pupils,2306.0
Belchertown,2019,In-District FTE Pupils,2275.7
Belchertown,2020,In-District FTE Pupils,2244.4
Belchertown,2021,In-District FTE Pupils,2137.6
Belchertown,2022,In-District FTE Pupils,2131.2
Belchertown,2023,In-District FTE Pupils,2116.2
Belchertown,2024,In-District FTE Pupils,2067.8
Belchertown,2009,Out-of-District FTE Pupils,112.4
Belchertown,2010,Out-of-District FTE Pupils,107.9
Belchertown,2011,Out-of-District FTE Pupils,111.9
Belchertown,2012,Out-of-District FTE Pupils,128.7
Belchertown,2013,Out-of-District FTE Pupils,133.9
Belchertown,2014,Out-of-District FTE Pupils,151.5
Belchertown,2015,Out-of-District FTE Pupils,164.3
Belchertown,2016,Out-of-District FTE Pupils,173.7
Belchertown,2017,Out-of-District FTE Pupils,175.2
Belchertown,2018,Out-of-District FTE Pupils,180.9
Belchertown,2019,Out-of-District FTE Pupils,192.0
Belchertown,2020,Out-of-District FTE Pupils,205.3
Belchertown,2021,Out-of-District FTE Pupils,200.9
Belchertown,2022,Out-of-District FTE Pupils,199.1
Belchertown,2023,Out-of-District FTE Pupils,192.5
Belchertown,2024,Out-of-District FTE Pupils,197.2
Bellingham,2009,In-District FTE Pupils,2638.0
Bellingham,2010,In-District FTE Pupils,2620.9
Bellingham,2011,In-District FTE Pupils,2548.8
Bellingham,2012,In-District FTE Pupils,2479.3
Bellingham,2013,In-District FTE Pupils,2433.7
Bellingham,2014,In-District FTE Pupils,2379.2
Bellingham,2015,In-District FTE Pupils,2359.9
Bellingham,2016,In-District FTE Pupils,2263.7
Bellingham,2017,In-District FTE Pupils,2264.8
Bellingham,2018,In-District FTE Pupils,2265.6
Bellingham,2019,In-District FTE Pupils,2221.1
Bellingham,2020,In-District FTE Pupils,2130.1
Bellingham,2021,In-District FTE Pupils,1967.3
Bellingham,2022,In-District FTE Pupils,1991.1
Bellingham,2023,In-District FTE Pupils,2016.2
Bellingham,2024,In-District FTE Pupils,2018.6
Bellingham,2009,Out-of-District FTE Pupils,131.7
Bellingham,2010,Out-of-District FTE Pupils,139.0
Bellingham,2011,Out-of-District FTE Pupils,133.0
Bellingham,2012,Out-of-District FTE Pupils,124.4
Bellingham,2013,Out-of-District FTE Pupils,125.3
Bellingham,2014,Out-of-District FTE Pupils,159.9
Bellingham,2015,Out-of-District FTE Pupils,176.5
Bellingham,2016,Out-of-District FTE Pupils,203.3
Bellingham,2017,Out-of-District FTE Pupils,224.7
Bellingham,2018,Out-of-District FTE Pupils,209.8
Bellingham,2019,Out-of-District FTE Pupils,224.7
Bellingham,2020,Out-of-District FTE Pupils,280.4
Bellingham,2021,Out-of-District FTE Pupils,320.8
Bellingham,2022,Out-of-District FTE Pupils,334.3
Bellingham,2023,Out-of-District FTE Pupils,328.2
Bellingham,2024,Out-of-District FTE Pupils,332.3
Belmont,2009,In-District FTE Pupils,3864.6
Belmont,2010,In-District FTE Pupils,3965.7
Belmont,2011,In-District FTE Pupils,3930.0
Belmont,2012,In-District FTE Pupils,3959.7
Belmont,2013,In-District FTE Pupils,4047.6
Belmont,2014,In-District FTE Pupils,4190.3
Belmont,2015,In-District FTE Pupils,4224.4
Belmont,2016,In-District FTE Pupils,4324.9
Belmont,2017,In-District FTE Pupils,4444.3
Belmont,2018,In-District FTE Pupils,4578.9
Belmont,2019,In-District FTE Pupils,4613.2
Belmont,2020,In-District FTE Pupils,4717.1
Belmont,2021,In-District FTE Pupils,4374.9
Belmont,2022,In-District FTE Pupils,4364.4
Belmont,2023,In-District FTE Pupils,4375.5
Belmont,2024,In-District FTE Pupils,4420.1
Belmont,2009,Out-of-District FTE Pupils,76.1
Belmont,2010,Out-of-District FTE Pupils,75.6
Belmont,2011,Out-of-District FTE Pupils,73.1
Belmont,2012,Out-of-District FTE Pupils,68.3
Belmont,2013,Out-of-District FTE Pupils,73.7
Belmont,2014,Out-of-District FTE Pupils,81.5
Belmont,2015,Out-of-District FTE Pupils,91.4
Belmont,2016,Out-of-District FTE Pupils,99.3
Belmont,2017,Out-of-District FTE Pupils,106.2
Belmont,2018,Out-of-District FTE Pupils,117.4
Belmont,2019,Out-of-District FTE Pupils,119.3
Belmont,2020,Out-of-District FTE Pupils,96.7
Belmont,2021,Out-of-District FTE Pupils,162.1
Belmont,2022,Out-of-District FTE Pupils,159.0
Belmont,2023,Out-of-District FTE Pupils,181.8
Belmont,2024,Out-of-District FTE Pupils,154.7
Benjamin Banneker Charter Public (District),2019,In-District FTE Pupils,350.0
Benjamin Banneker Charter Public (District),2020,In-District FTE Pupils,335.8
Benjamin Banneker Charter Public (District),2021,In-District FTE Pupils,341.3
Benjamin Banneker Charter Public (District),2022,In-District FTE Pupils,329.0
Benjamin Banneker Charter Public (District),2023,In-District FTE Pupils,330.1
Benjamin Banneker Charter Public (District),2024,In-District FTE Pupils,343.7
Benjamin Banneker Charter Public (District),2019,Out-of-District FTE Pupils,0.0
Benjamin Banneker Charter Public (District),2020,Out-of-District FTE Pupils,0.0
Benjamin Banneker Charter Public (District),2021,Out-of-District FTE Pupils,0.0
Benjamin Banneker Charter Public (District),2022,Out-of-District FTE Pupils,0.0
Benjamin Banneker Charter Public (District),2023,Out-of-District FTE Pupils,0.0
Benjamin Banneker Charter Public (District),2024,Out-of-District FTE Pupils,0.0
Benjamin Franklin Classical Charter Public (District),2019,In-District FTE Pupils,457.9
Benjamin Franklin Classical Charter Public (District),2020,In-District FTE Pupils,708.6
Benjamin Franklin Classical Charter Public (District),2021,In-District FTE Pupils,773.9
Benjamin Franklin Classical Charter Public (District),2022,In-District FTE Pupils,819.2
Benjamin Franklin Classical Charter Public (District),2023,In-District FTE Pupils,863.4
Benjamin Franklin Classical Charter Public (District),2024,In-District FTE Pupils,886.3
Benjamin Franklin Classical Charter Public (District),2019,Out-of-District FTE Pupils,0.0
Benjamin Franklin Classical Charter Public (District),2020,Out-of-District FTE Pupils,0.0
Benjamin Franklin Classical Charter Public (District),2021,Out-of-District FTE Pupils,0.0
Benjamin Franklin Classical Charter Public (District),2022,Out-of-District FTE Pupils,0.0
Benjamin Franklin Classical Charter Public (District),2023,Out-of-District FTE Pupils,0.0
Benjamin Franklin Classical Charter Public (District),2024,Out-of-District FTE Pupils,0.0
Bentley Academy Charter School (District),2019,In-District FTE Pupils,669.3
Bentley Academy Charter School (District),2020,In-District FTE Pupils,646.9
Bentley Academy Charter School (District),2019,Out-of-District FTE Pupils,0.0
Bentley Academy Charter School (District),2020,Out-of-District FTE Pupils,0.0
Berkley,2009,In-District FTE Pupils,946.6
Berkley,2010,In-District FTE Pupils,924.0
Berkley,2011,In-District FTE Pupils,910.0
Berkley,2012,In-District FTE Pupils,882.7
Berkley,2013,In-District FTE Pupils,878.1
Berkley,2014,In-District FTE Pupils,871.7
Berkley,2015,In-District FTE Pupils,850.7
Berkley,2016,In-District FTE Pupils,918.7
Berkley,2017,In-District FTE Pupils,932.9
Berkley,2018,In-District FTE Pupils,921.7
Berkley,2019,In-District FTE Pupils,892.5
Berkley,2020,In-District FTE Pupils,918.5
Berkley,2021,In-District FTE Pupils,853.1
Berkley,2022,In-District FTE Pupils,876.6
Berkley,2023,In-District FTE Pupils,855.9
Berkley,2024,In-District FTE Pupils,845.0
Berkley,2009,Out-of-District FTE Pupils,249.5
Berkley,2010,Out-of-District FTE Pupils,251.7
Berkley,2011,Out-of-District FTE Pupils,244.6
Berkley,2012,Out-of-District FTE Pupils,11.2
Berkley,2013,Out-of-District FTE Pupils,5.9
Berkley,2014,Out-of-District FTE Pupils,11.0
Berkley,2015,Out-of-District FTE Pupils,9.1
Berkley,2016,Out-of-District FTE Pupils,4.9
Berkley,2017,Out-of-District FTE Pupils,11.0
Berkley,2018,Out-of-District FTE Pupils,12.1
Berkley,2019,Out-of-District FTE Pupils,12.9
Berkley,2020,Out-of-District FTE Pupils,12.5
Berkley,2021,Out-of-District FTE Pupils,14.9
Berkley,2022,Out-of-District FTE Pupils,17.7
Berkley,2023,Out-of-District FTE Pupils,13.8
Berkley,2024,Out-of-District FTE Pupils,16.9
Berkshire Arts and Technology Charter Public (District),2019,In-District FTE Pupils,369.4
Berkshire Arts and Technology Charter Public (District),2020,In-District FTE Pupils,364.4
Berkshire Arts and Technology Charter Public (District),2021,In-District FTE Pupils,371.4
Berkshire Arts and Technology Charter Public (District),2022,In-District FTE Pupils,361.9
Berkshire Arts and Technology Charter Public (District),2023,In-District FTE Pupils,363.3
Berkshire Arts and Technology Charter Public (District),2024,In-District FTE Pupils,362.3
Berkshire Arts and Technology Charter Public (District),2019,Out-of-District FTE Pupils,0.0
Berkshire Arts and Technology Charter Public (District),2020,Out-of-District FTE Pupils,0.0
Berkshire Arts and Technology Charter Public (District),2021,Out-of-District FTE Pupils,0.0
Berkshire Arts and Technology Charter Public (District),2022,Out-of-District FTE Pupils,0.0
Berkshire Arts and Technology Charter Public (District),2023,Out-of-District FTE Pupils,0.0
Berkshire Arts and Technology Charter Public (District),2024,Out-of-District FTE Pupils,0.0
Berkshire Hills,2009,In-District FTE Pupils,1368.0
Berkshire Hills,2010,In-District FTE Pupils,1375.5
Berkshire Hills,2011,In-District FTE Pupils,1344.6
Berkshire Hills,2012,In-District FTE Pupils,1340.7
Berkshire Hills,2013,In-District FTE Pupils,1364.0
Berkshire Hills,2014,In-District FTE Pupils,1383.2
Berkshire Hills,2015,In-District FTE Pupils,1349.2
Berkshire Hills,2016,In-District FTE Pupils,1292.9
Berkshire Hills,2017,In-District FTE Pupils,1264.1
Berkshire Hills,2018,In-District FTE Pupils,1239.4
Berkshire Hills,2019,In-District FTE Pupils,1197.9
Berkshire Hills,2020,In-District FTE Pupils,1202.0
Berkshire Hills,2021,In-District FTE Pupils,1168.6
Berkshire Hills,2022,In-District FTE Pupils,1200.1
Berkshire Hills,2023,In-District FTE Pupils,1175.3
Berkshire Hills,2024,In-District FTE Pupils,1174.4
Berkshire Hills,2009,Out-of-District FTE Pupils,131.5
Berkshire Hills,2010,Out-of-District FTE Pupils,132.6
Berkshire Hills,2011,Out-of-District FTE Pupils,128.7
Berkshire Hills,2012,Out-of-District FTE Pupils,126.2
Berkshire Hills,2013,Out-of-District FTE Pupils,110.8
Berkshire Hills,2014,Out-of-District FTE Pupils,109.0
Berkshire Hills,2015,Out-of-District FTE Pupils,118.6
Berkshire Hills,2016,Out-of-District FTE Pupils,128.0
Berkshire Hills,2017,Out-of-District FTE Pupils,129.1
Berkshire Hills,2018,Out-of-District FTE Pupils,121.4
Berkshire Hills,2019,Out-of-District FTE Pupils,121.7
Berkshire Hills,2020,Out-of-District FTE Pupils,105.1
Berkshire Hills,2021,Out-of-District FTE Pupils,99.1
Berkshire Hills,2022,Out-of-District FTE Pupils,100.5
Berkshire Hills,2023,Out-of-District FTE Pupils,103.6
Berkshire Hills,2024,Out-of-District FTE Pupils,116.9
Berlin,2009,In-District FTE Pupils,238.1
Berlin,2010,In-District FTE Pupils,214.5
Berlin,2011,In-District FTE Pupils,203.2
Berlin,2012,In-District FTE Pupils,216.6
Berlin,2013,In-District FTE Pupils,221.9
Berlin,2014,In-District FTE Pupils,201.2
Berlin,2015,In-District FTE Pupils,187.6
Berlin,2016,In-District FTE Pupils,186.0
Berlin,2017,In-District FTE Pupils,191.7
Berlin,2018,In-District FTE Pupils,181.1
Berlin,2019,In-District FTE Pupils,178.5
Berlin,2009,Out-of-District FTE Pupils,6.0
Berlin,2010,Out-of-District FTE Pupils,9.0
Berlin,2011,Out-of-District FTE Pupils,19.8
Berlin,2012,Out-of-District FTE Pupils,10.1
Berlin,2013,Out-of-District FTE Pupils,13.7
Berlin,2014,Out-of-District FTE Pupils,6.0
Berlin,2015,Out-of-District FTE Pupils,3.7
Berlin,2016,Out-of-District FTE Pupils,8.9
Berlin,2017,Out-of-District FTE Pupils,10.3
Berlin,2018,Out-of-District FTE Pupils,6.4
Berlin,2019,Out-of-District FTE Pupils,5.4
Berlin-Boylston,2009,In-District FTE Pupils,461.7
Berlin-Boylston,2010,In-District FTE Pupils,439.9
Berlin-Boylston,2011,In-District FTE Pupils,409.2
Berlin-Boylston,2012,In-District FTE Pupils,418.8
Berlin-Boylston,2013,In-District FTE Pupils,425.8
Berlin-Boylston,2014,In-District FTE Pupils,544.6
Berlin-Boylston,2015,In-District FTE Pupils,550.1
Berlin-Boylston,2016,In-District FTE Pupils,564.1
Berlin-Boylston,2017,In-District FTE Pupils,587.0
Berlin-Boylston,2018,In-District FTE Pupils,588.2
Berlin-Boylston,2019,In-District FTE Pupils,580.9
Berlin-Boylston,2020,In-District FTE Pupils,1049.2
Berlin-Boylston,2021,In-District FTE Pupils,1034.5
Berlin-Boylston,2022,In-District FTE Pupils,1034.9
Berlin-Boylston,2023,In-District FTE Pupils,1055.7
Berlin-Boylston,2024,In-District FTE Pupils,1096.7
Berlin-Boylston,2009,Out-of-District FTE Pupils,67.2
Berlin-Boylston,2010,Out-of-District FTE Pupils,73.0
Berlin-Boylston,2011,Out-of-District FTE Pupils,90.8
Berlin-Boylston,2012,Out-of-District FTE Pupils,87.0
Berlin-Boylston,2013,Out-of-District FTE Pupils,88.6
Berlin-Boylston,2014,Out-of-District FTE Pupils,84.4
Berlin-Boylston,2015,Out-of-District FTE Pupils,73.1
Berlin-Boylston,2016,Out-of-District FTE Pupils,62.4
Berlin-Boylston,2017,Out-of-District FTE Pupils,50.4
Berlin-Boylston,2018,Out-of-District FTE Pupils,48.2
Berlin-Boylston,2019,Out-of-District FTE Pupils,45.0
Berlin-Boylston,2020,Out-of-District FTE Pupils,56.6
Berlin-Boylston,2021,Out-of-District FTE Pupils,58.7
Berlin-Boylston,2022,Out-of-District FTE Pupils,63.4
Berlin-Boylston,2023,Out-of-District FTE Pupils,66.0
Berlin-Boylston,2024,Out-of-District FTE Pupils,69.6
Beverly,2009,In-District FTE Pupils,4280.9
Beverly,2010,In-District FTE Pupils,4279.4
Beverly,2011,In-District FTE Pupils,4258.2
Beverly,2012,In-District FTE Pupils,4273.3
Beverly,2013,In-District FTE Pupils,4323.2
Beverly,2014,In-District FTE Pupils,4379.9
Beverly,2015,In-District FTE Pupils,4481.9
Beverly,2016,In-District FTE Pupils,4495.7
Beverly,2017,In-District FTE Pupils,4552.6
Beverly,2018,In-District FTE Pupils,4547.9
Beverly,2019,In-District FTE Pupils,4612.4
Beverly,2020,In-District FTE Pupils,4742.4
Beverly,2021,In-District FTE Pupils,4664.3
Beverly,2022,In-District FTE Pupils,4688.5
Beverly,2023,In-District FTE Pupils,4619.7
Beverly,2024,In-District FTE Pupils,4528.2
Beverly,2009,Out-of-District FTE Pupils,270.5
Beverly,2010,Out-of-District FTE Pupils,248.7
Beverly,2011,Out-of-District FTE Pupils,253.9
Beverly,2012,Out-of-District FTE Pupils,256.8
Beverly,2013,Out-of-District FTE Pupils,245.1
Beverly,2014,Out-of-District FTE Pupils,217.9
Beverly,2015,Out-of-District FTE Pupils,193.7
Beverly,2016,Out-of-District FTE Pupils,191.7
Beverly,2017,Out-of-District FTE Pupils,185.5
Beverly,2018,Out-of-District FTE Pupils,178.6
Beverly,2019,Out-of-District FTE Pupils,196.6
Beverly,2020,Out-of-District FTE Pupils,178.8
Beverly,2021,Out-of-District FTE Pupils,160.3
Beverly,2022,Out-of-District FTE Pupils,174.3
Beverly,2023,Out-of-District FTE Pupils,180.8
Beverly,2024,Out-of-District FTE Pupils,184.2
Billerica,2009,In-District FTE Pupils,6173.5
Billerica,2010,In-District FTE Pupils,6017.2
Billerica,2011,In-District FTE Pupils,5778.6
Billerica,2012,In-District FTE Pupils,5689.0
Billerica,2013,In-District FTE Pupils,5478.0
Billerica,2014,In-District FTE Pupils,5299.9
Billerica,2015,In-District FTE Pupils,5082.0
Billerica,2016,In-District FTE Pupils,4941.1
Billerica,2017,In-District FTE Pupils,4874.6
Billerica,2018,In-District FTE Pupils,4782.2
Billerica,2019,In-District FTE Pupils,4782.4
Billerica,2020,In-District FTE Pupils,4809.2
Billerica,2021,In-District FTE Pupils,4591.4
Billerica,2022,In-District FTE Pupils,4797.1
Billerica,2023,In-District FTE Pupils,4872.0
Billerica,2024,In-District FTE Pupils,4932.8
Billerica,2009,Out-of-District FTE Pupils,259.9
Billerica,2010,Out-of-District FTE Pupils,291.6
Billerica,2011,Out-of-District FTE Pupils,305.8
Billerica,2012,Out-of-District FTE Pupils,301.6
Billerica,2013,Out-of-District FTE Pupils,317.0
Billerica,2014,Out-of-District FTE Pupils,340.8
Billerica,2015,Out-of-District FTE Pupils,345.7
Billerica,2016,Out-of-District FTE Pupils,314.0
Billerica,2017,Out-of-District FTE Pupils,280.8
Billerica,2018,Out-of-District FTE Pupils,267.0
Billerica,2019,Out-of-District FTE Pupils,241.5
Billerica,2020,Out-of-District FTE Pupils,230.0
Billerica,2021,Out-of-District FTE Pupils,210.2
Billerica,2022,Out-of-District FTE Pupils,226.8
Billerica,2023,Out-of-District FTE Pupils,220.8
Billerica,2024,Out-of-District FTE Pupils,226.9
Blackstone Valley Regional Vocational Technical,2009,In-District FTE Pupils,1096.1
Blackstone Valley Regional Vocational Technical,2010,In-District FTE Pupils,1147.4
Blackstone Valley Regional Vocational Technical,2011,In-District FTE Pupils,1147.1
Blackstone Valley Regional Vocational Technical,2012,In-District FTE Pupils,1158.0
Blackstone Valley Regional Vocational Technical,2013,In-District FTE Pupils,1158.6
Blackstone Valley Regional Vocational Technical,2014,In-District FTE Pupils,1169.8
Blackstone Valley Regional Vocational Technical,2015,In-District FTE Pupils,1188.1
Blackstone Valley Regional Vocational Technical,2016,In-District FTE Pupils,1216.7
Blackstone Valley Regional Vocational Technical,2017,In-District FTE Pupils,1227.6
Blackstone Valley Regional Vocational Technical,2018,In-District FTE Pupils,1232.0
Blackstone Valley Regional Vocational Technical,2019,In-District FTE Pupils,1240.1
Blackstone Valley Regional Vocational Technical,2020,In-District FTE Pupils,1238.6
Blackstone Valley Regional Vocational Technical,2021,In-District FTE Pupils,1240.9
Blackstone Valley Regional Vocational Technical,2022,In-District FTE Pupils,1241.2
Blackstone Valley Regional Vocational Technical,2023,In-District FTE Pupils,1225.1
Blackstone Valley Regional Vocational Technical,2024,In-District FTE Pupils,1243.5
Blackstone Valley Regional Vocational Technical,2009,Out-of-District FTE Pupils,1.9
Blackstone Valley Regional Vocational Technical,2010,Out-of-District FTE Pupils,2.0
Blackstone Valley Regional Vocational Technical,2011,Out-of-District FTE Pupils,2.0
Blackstone Valley Regional Vocational Technical,2012,Out-of-District FTE Pupils,0.0
Blackstone Valley Regional Vocational Technical,2013,Out-of-District FTE Pupils,0.0
Blackstone Valley Regional Vocational Technical,2014,Out-of-District FTE Pupils,0.0
Blackstone Valley Regional Vocational Technical,2015,Out-of-District FTE Pupils,0.0
Blackstone Valley Regional Vocational Technical,2016,Out-of-District FTE Pupils,0.0
Blackstone Valley Regional Vocational Technical,2017,Out-of-District FTE Pupils,4.0
Blackstone Valley Regional Vocational Technical,2018,Out-of-District FTE Pupils,4.0
Blackstone Valley Regional Vocational Technical,2019,Out-of-District FTE Pupils,0.0
Blackstone Valley Regional Vocational Technical,2020,Out-of-District FTE Pupils,2.0
Blackstone Valley Regional Vocational Technical,2021,Out-of-District FTE Pupils,1.0
Blackstone Valley Regional Vocational Technical,2022,Out-of-District FTE Pupils,1.0
Blackstone Valley Regional Vocational Technical,2023,Out-of-District FTE Pupils,2.3
Blackstone Valley Regional Vocational Technical,2024,Out-of-District FTE Pupils,3.8
Blackstone-Millville,2009,In-District FTE Pupils,2136.5
Blackstone-Millville,2010,In-District FTE Pupils,2068.2
Blackstone-Millville,2011,In-District FTE Pupils,2008.2
Blackstone-Millville,2012,In-District FTE Pupils,1920.8
Blackstone-Millville,2013,In-District FTE Pupils,1872.5
Blackstone-Millville,2014,In-District FTE Pupils,1836.7
Blackstone-Millville,2015,In-District FTE Pupils,1762.9
Blackstone-Millville,2016,In-District FTE Pupils,1729.5
Blackstone-Millville,2017,In-District FTE Pupils,1738.9
Blackstone-Millville,2018,In-District FTE Pupils,1694.2
Blackstone-Millville,2019,In-District FTE Pupils,1725.2
Blackstone-Millville,2020,In-District FTE Pupils,1660.3
Blackstone-Millville,2021,In-District FTE Pupils,1569.2
Blackstone-Millville,2022,In-District FTE Pupils,1516.8
Blackstone-Millville,2023,In-District FTE Pupils,1452.1
Blackstone-Millville,2024,In-District FTE Pupils,1451.4
Blackstone-Millville,2009,Out-of-District FTE Pupils,79.1
Blackstone-Millville,2010,Out-of-District FTE Pupils,78.0
Blackstone-Millville,2011,Out-of-District FTE Pupils,72.8
Blackstone-Millville,2012,Out-of-District FTE Pupils,74.7
Blackstone-Millville,2013,Out-of-District FTE Pupils,97.6
Blackstone-Millville,2014,Out-of-District FTE Pupils,98.2
Blackstone-Millville,2015,Out-of-District FTE Pupils,106.2
Blackstone-Millville,2016,Out-of-District FTE Pupils,113.5
Blackstone-Millville,2017,Out-of-District FTE Pupils,135.6
Blackstone-Millville,2018,Out-of-District FTE Pupils,126.4
Blackstone-Millville,2019,Out-of-District FTE Pupils,126.1
Blackstone-Millville,2020,Out-of-District FTE Pupils,175.8
Blackstone-Millville,2021,Out-of-District FTE Pupils,177.8
Blackstone-Millville,2022,Out-of-District FTE Pupils,181.8
Blackstone-Millville,2023,Out-of-District FTE Pupils,190.6
Blackstone-Millville,2024,Out-of-District FTE Pupils,215.4
Blue Hills Regional Vocational Technical,2009,In-District FTE Pupils,826.6
Blue Hills Regional Vocational Technical,2010,In-District FTE Pupils,836.7
Blue Hills Regional Vocational Technical,2011,In-District FTE Pupils,815.9
Blue Hills Regional Vocational Technical,2012,In-District FTE Pupils,819.6
Blue Hills Regional Vocational Technical,2013,In-District FTE Pupils,808.1
Blue Hills Regional Vocational Technical,2014,In-District FTE Pupils,850.9
Blue Hills Regional Vocational Technical,2015,In-District FTE Pupils,849.0
Blue Hills Regional Vocational Technical,2016,In-District FTE Pupils,917.7
Blue Hills Regional Vocational Technical,2017,In-District FTE Pupils,896.0
Blue Hills Regional Vocational Technical,2018,In-District FTE Pupils,890.3
Blue Hills Regional Vocational Technical,2019,In-District FTE Pupils,859.5
Blue Hills Regional Vocational Technical,2020,In-District FTE Pupils,862.5
Blue Hills Regional Vocational Technical,2021,In-District FTE Pupils,886.2
Blue Hills Regional Vocational Technical,2022,In-District FTE Pupils,920.2
Blue Hills Regional Vocational Technical,2023,In-District FTE Pupils,895.0
Blue Hills Regional Vocational Technical,2024,In-District FTE Pupils,891.8
Blue Hills Regional Vocational Technical,2009,Out-of-District FTE Pupils,0.0
Blue Hills Regional Vocational Technical,2010,Out-of-District FTE Pupils,0.0
Blue Hills Regional Vocational Technical,2011,Out-of-District FTE Pupils,0.6
Blue Hills Regional Vocational Technical,2012,Out-of-District FTE Pupils,1.0
Blue Hills Regional Vocational Technical,2013,Out-of-District FTE Pupils,1.0
Blue Hills Regional Vocational Technical,2014,Out-of-District FTE Pupils,0.6
Blue Hills Regional Vocational Technical,2015,Out-of-District FTE Pupils,1.0
Blue Hills Regional Vocational Technical,2016,Out-of-District FTE Pupils,0.0
Blue Hills Regional Vocational Technical,2017,Out-of-District FTE Pupils,0.0
Blue Hills Regional Vocational Technical,2018,Out-of-District FTE Pupils,0.0
Blue Hills Regional Vocational Technical,2019,Out-of-District FTE Pupils,0.0
Blue Hills Regional Vocational Technical,2020,Out-of-District FTE Pupils,0.0
Blue Hills Regional Vocational Technical,2021,Out-of-District FTE Pupils,0.0
Blue Hills Regional Vocational Technical,2022,Out-of-District FTE Pupils,2.0
Blue Hills Regional Vocational Technical,2023,Out-of-District FTE Pupils,1.2
Blue Hills Regional Vocational Technical,2024,Out-of-District FTE Pupils,0.0
Boston,2009,In-District FTE Pupils,55483.5
Boston,2010,In-District FTE Pupils,55957.0
Boston,2011,In-District FTE Pupils,56313.3
Boston,2012,In-District FTE Pupils,56026.2
Boston,2013,In-District FTE Pupils,56599.1
Boston,2014,In-District FTE Pupils,56476.6
Boston,2015,In-District FTE Pupils,56858.8
Boston,2016,In-District FTE Pupils,55864.4
Boston,2017,In-District FTE Pupils,54447.7
Boston,2018,In-District FTE Pupils,53414.7
Boston,2019,In-District FTE Pupils,52211.4
Boston,2020,In-District FTE Pupils,51103.0
Boston,2021,In-District FTE Pupils,48747.8
Boston,2022,In-District FTE Pupils,47705.7
Boston,2023,In-District FTE Pupils,47235.6
Boston,2024,In-District FTE Pupils,47146.9
Boston,2009,Out-of-District FTE Pupils,5516.5
Boston,2010,Out-of-District FTE Pupils,5640.2
Boston,2011,Out-of-District FTE Pupils,5849.2
Boston,2012,Out-of-District FTE Pupils,6385.0
Boston,2013,Out-of-District FTE Pupils,7208.5
Boston,2014,Out-of-District FTE Pupils,8150.1
Boston,2015,Out-of-District FTE Pupils,9105.8
Boston,2016,Out-of-District FTE Pupils,13084.3
Boston,2017,Out-of-District FTE Pupils,13138.6
Boston,2018,Out-of-District FTE Pupils,13873.6
Boston,2019,Out-of-District FTE Pupils,14234.3
Boston,2020,Out-of-District FTE Pupils,14297.5
Boston,2021,Out-of-District FTE Pupils,14316.9
Boston,2022,Out-of-District FTE Pupils,13978.5
Boston,2023,Out-of-District FTE Pupils,13548.6
Boston,2024,Out-of-District FTE Pupils,13213.0
Boston Collegiate Charter (District),2019,In-District FTE Pupils,698.7
Boston Collegiate Charter (District),2020,In-District FTE Pupils,700.0
Boston Collegiate Charter (District),2021,In-District FTE Pupils,720.7
Boston Collegiate Charter (District),2022,In-District FTE Pupils,702.1
Boston Collegiate Charter (District),2023,In-District FTE Pupils,697.1
Boston Collegiate Charter (District),2024,In-District FTE Pupils,693.7
Boston Collegiate Charter (District),2019,Out-of-District FTE Pupils,0.0
Boston Collegiate Charter (District),2020,Out-of-District FTE Pupils,0.0
Boston Collegiate Charter (District),2021,Out-of-District FTE Pupils,0.0
Boston Collegiate Charter (District),2022,Out-of-District FTE Pupils,0.0
Boston Collegiate Charter (District),2023,Out-of-District FTE Pupils,0.0
Boston Collegiate Charter (District),2024,Out-of-District FTE Pupils,0.0
Boston Day and Evening Academy Charter (District),2019,In-District FTE Pupils,774.7
Boston Day and Evening Academy Charter (District),2020,In-District FTE Pupils,795.8
Boston Day and Evening Academy Charter (District),2021,In-District FTE Pupils,386.1
Boston Day and Evening Academy Charter (District),2022,In-District FTE Pupils,340.7
Boston Day and Evening Academy Charter (District),2023,In-District FTE Pupils,647.5
Boston Day and Evening Academy Charter (District),2024,In-District FTE Pupils,575.4
Boston Day and Evening Academy Charter (District),2019,Out-of-District FTE Pupils,0.0
Boston Day and Evening Academy Charter (District),2020,Out-of-District FTE Pupils,0.0
Boston Day and Evening Academy Charter (District),2021,Out-of-District FTE Pupils,0.0
Boston Day and Evening Academy Charter (District),2022,Out-of-District FTE Pupils,0.0
Boston Day and Evening Academy Charter (District),2023,Out-of-District FTE Pupils,0.0
Boston Day and Evening Academy Charter (District),2024,Out-of-District FTE Pupils,0.0
Boston Green Academy Horace Mann Charter School (District),2019,In-District FTE Pupils,927.3
Boston Green Academy Horace Mann Charter School (District),2020,In-District FTE Pupils,975.9
Boston Green Academy Horace Mann Charter School (District),2021,In-District FTE Pupils,495.5
Boston Green Academy Horace Mann Charter School (District),2022,In-District FTE Pupils,464.9
Boston Green Academy Horace Mann Charter School (District),2023,In-District FTE Pupils,910.0
Boston Green Academy Horace Mann Charter School (District),2024,In-District FTE Pupils,883.3
Boston Green Academy Horace Mann Charter School (District),2019,Out-of-District FTE Pupils,0.0
Boston Green Academy Horace Mann Charter School (District),2020,Out-of-District FTE Pupils,0.0
Boston Green Academy Horace Mann Charter School (District),2021,Out-of-District FTE Pupils,0.0
Boston Green Academy Horace Mann Charter School (District),2022,Out-of-District FTE Pupils,0.0
Boston Green Academy Horace Mann Charter School (District),2023,Out-of-District FTE Pupils,0.0
Boston Green Academy Horace Mann Charter School (District),2024,Out-of-District FTE Pupils,0.0
Boston Preparatory Charter Public (District),2019,In-District FTE Pupils,526.3
Boston Preparatory Charter Public (District),2020,In-District FTE Pupils,575.7
Boston Preparatory Charter Public (District),2021,In-District FTE Pupils,665.6
Boston Preparatory Charter Public (District),2022,In-District FTE Pupils,682.0
Boston Preparatory Charter Public (District),2023,In-District FTE Pupils,702.3
Boston Preparatory Charter Public (District),2024,In-District FTE Pupils,695.8
Boston Preparatory Charter Public (District),2019,Out-of-District FTE Pupils,0.0
Boston Preparatory Charter Public (District),2020,Out-of-District FTE Pupils,0.0
Boston Preparatory Charter Public (District),2021,Out-of-District FTE Pupils,0.0
Boston Preparatory Charter Public (District),2022,Out-of-District FTE Pupils,0.0
Boston Preparatory Charter Public (District),2023,Out-of-District FTE Pupils,0.0
Boston Preparatory Charter Public (District),2024,Out-of-District FTE Pupils,0.0
Boston Renaissance Charter Public (District),2019,In-District FTE Pupils,945.4
Boston Renaissance Charter Public (District),2020,In-District FTE Pupils,941.1
Boston Renaissance Charter Public (District),2021,In-District FTE Pupils,945.2
Boston Renaissance Charter Public (District),2022,In-District FTE Pupils,935.8
Boston Renaissance Charter Public (District),2023,In-District FTE Pupils,933.0
Boston Renaissance Charter Public (District),2024,In-District FTE Pupils,937.8
Boston Renaissance Charter Public (District),2019,Out-of-District FTE Pupils,0.0
Boston Renaissance Charter Public (District),2020,Out-of-District FTE Pupils,0.0
Boston Renaissance Charter Public (District),2021,Out-of-District FTE Pupils,0.0
Boston Renaissance Charter Public (District),2022,Out-of-District FTE Pupils,0.0
Boston Renaissance Charter Public (District),2023,Out-of-District FTE Pupils,0.0
Boston Renaissance Charter Public (District),2024,Out-of-District FTE Pupils,0.0
Bourne,2009,In-District FTE Pupils,2436.7
Bourne,2010,In-District FTE Pupils,2375.0
Bourne,2011,In-District FTE Pupils,2283.3
Bourne,2012,In-District FTE Pupils,2159.3
Bourne,2013,In-District FTE Pupils,2090.1
Bourne,2014,In-District FTE Pupils,2037.5
Bourne,2015,In-District FTE Pupils,1999.9
Bourne,2016,In-District FTE Pupils,2007.2
Bourne,2017,In-District FTE Pupils,1944.8
Bourne,2018,In-District FTE Pupils,1959.9
Bourne,2019,In-District FTE Pupils,1943.4
Bourne,2020,In-District FTE Pupils,1907.4
Bourne,2021,In-District FTE Pupils,1645.6
Bourne,2022,In-District FTE Pupils,1586.5
Bourne,2023,In-District FTE Pupils,1570.6
Bourne,2024,In-District FTE Pupils,1543.9
Bourne,2009,Out-of-District FTE Pupils,65.2
Bourne,2010,Out-of-District FTE Pupils,81.0
Bourne,2011,Out-of-District FTE Pupils,98.7
Bourne,2012,Out-of-District FTE Pupils,145.5
Bourne,2013,Out-of-District FTE Pupils,161.2
Bourne,2014,Out-of-District FTE Pupils,186.6
Bourne,2015,Out-of-District FTE Pupils,210.7
Bourne,2016,Out-of-District FTE Pupils,221.5
Bourne,2017,Out-of-District FTE Pupils,276.0
Bourne,2018,Out-of-District FTE Pupils,286.5
Bourne,2019,Out-of-District FTE Pupils,309.8
Bourne,2020,Out-of-District FTE Pupils,279.6
Bourne,2021,Out-of-District FTE Pupils,285.4
Bourne,2022,Out-of-District FTE Pupils,279.3
Bourne,2023,Out-of-District FTE Pupils,269.2
Bourne,2024,Out-of-District FTE Pupils,273.3
Boxborough,2009,In-District FTE Pupils,521.9
Boxborough,2010,In-District FTE Pupils,497.0
Boxborough,2011,In-District FTE Pupils,486.3
Boxborough,2012,In-District FTE Pupils,472.2
Boxborough,2013,In-District FTE Pupils,405.2
Boxborough,2014,In-District FTE Pupils,432.4
Boxborough,2009,Out-of-District FTE Pupils,9.1
Boxborough,2010,Out-of-District FTE Pupils,9.1
Boxborough,2011,Out-of-District FTE Pupils,8.7
Boxborough,2012,Out-of-District FTE Pupils,9.8
Boxborough,2013,Out-of-District FTE Pupils,8.9
Boxborough,2014,Out-of-District FTE Pupils,12.8
Boxford,2009,In-District FTE Pupils,857.4
Boxford,2010,In-District FTE Pupils,889.1
Boxford,2011,In-District FTE Pupils,883.5
Boxford,2012,In-District FTE Pupils,826.3
Boxford,2013,In-District FTE Pupils,781.1
Boxford,2014,In-District FTE Pupils,751.8
Boxford,2015,In-District FTE Pupils,749.0
Boxford,2016,In-District FTE Pupils,738.4
Boxford,2017,In-District FTE Pupils,762.4
Boxford,2018,In-District FTE Pupils,731.7
Boxford,2019,In-District FTE Pupils,727.0
Boxford,2020,In-District FTE Pupils,758.3
Boxford,2021,In-District FTE Pupils,688.5
Boxford,2022,In-District FTE Pupils,758.8
Boxford,2023,In-District FTE Pupils,748.1
Boxford,2024,In-District FTE Pupils,767.6
Boxford,2009,Out-of-District FTE Pupils,12.8
Boxford,2010,Out-of-District FTE Pupils,11.8
Boxford,2011,Out-of-District FTE Pupils,10.8
Boxford,2012,Out-of-District FTE Pupils,13.5
Boxford,2013,Out-of-District FTE Pupils,12.0
Boxford,2014,Out-of-District FTE Pupils,13.0
Boxford,2015,Out-of-District FTE Pupils,9.0
Boxford,2016,Out-of-District FTE Pupils,7.4
Boxford,2017,Out-of-District FTE Pupils,6.6
Boxford,2018,Out-of-District FTE Pupils,7.4
Boxford,2019,Out-of-District FTE Pupils,9.4
Boxford,2020,Out-of-District FTE Pupils,5.5
Boxford,2021,Out-of-District FTE Pupils,11.3
Boxford,2022,Out-of-District FTE Pupils,12.8
Boxford,2023,Out-of-District FTE Pupils,13.5
Boxford,2024,Out-of-District FTE Pupils,10.8
Boylston,2009,In-District FTE Pupils,384.0
Boylston,2010,In-District FTE Pupils,380.1
Boylston,2011,In-District FTE Pupils,364.1
Boylston,2012,In-District FTE Pupils,383.7
Boylston,2013,In-District FTE Pupils,383.0
Boylston,2014,In-District FTE Pupils,313.7
Boylston,2015,In-District FTE Pupils,297.7
Boylston,2016,In-District FTE Pupils,303.8
Boylston,2017,In-District FTE Pupils,298.4
Boylston,2018,In-District FTE Pupils,290.3
Boylston,2019,In-District FTE Pupils,285.5
Boylston,2009,Out-of-District FTE Pupils,40.3
Boylston,2010,Out-of-District FTE Pupils,41.8
Boylston,2011,Out-of-District FTE Pupils,31.5
Boylston,2012,Out-of-District FTE Pupils,38.1
Boylston,2013,Out-of-District FTE Pupils,38.1
Boylston,2014,Out-of-District FTE Pupils,27.0
Boylston,2015,Out-of-District FTE Pupils,28.2
Boylston,2016,Out-of-District FTE Pupils,30.0
Boylston,2017,Out-of-District FTE Pupils,30.7
Boylston,2018,Out-of-District FTE Pupils,29.4
Boylston,2019,Out-of-District FTE Pupils,29.8
Braintree,2009,In-District FTE Pupils,5420.9
Braintree,2010,In-District FTE Pupils,5454.4
Braintree,2011,In-District FTE Pupils,5544.8
Braintree,2012,In-District FTE Pupils,5540.3
Braintree,2013,In-District FTE Pupils,5614.8
Braintree,2014,In-District FTE Pupils,5701.4
Braintree,2015,In-District FTE Pupils,5660.6
Braintree,2016,In-District FTE Pupils,5746.0
Braintree,2017,In-District FTE Pupils,5838.5
Braintree,2018,In-District FTE Pupils,5875.9
Braintree,2019,In-District FTE Pupils,5868.9
Braintree,2020,In-District FTE Pupils,5863.0
Braintree,2021,In-District FTE Pupils,5516.6
Braintree,2022,In-District FTE Pupils,5461.8
Braintree,2023,In-District FTE Pupils,5376.6
Braintree,2024,In-District FTE Pupils,5313.5
Braintree,2009,Out-of-District FTE Pupils,117.5
Braintree,2010,Out-of-District FTE Pupils,123.1
Braintree,2011,Out-of-District FTE Pupils,109.0
Braintree,2012,Out-of-District FTE Pupils,120.6
Braintree,2013,Out-of-District FTE Pupils,108.6
Braintree,2014,Out-of-District FTE Pupils,109.0
Braintree,2015,Out-of-District FTE Pupils,109.1
Braintree,2016,Out-of-District FTE Pupils,104.4
Braintree,2017,Out-of-District FTE Pupils,109.8
Braintree,2018,Out-of-District FTE Pupils,90.9
Braintree,2019,Out-of-District FTE Pupils,96.7
Braintree,2020,Out-of-District FTE Pupils,97.8
Braintree,2021,Out-of-District FTE Pupils,111.3
Braintree,2022,Out-of-District FTE Pupils,120.5
Braintree,2023,Out-of-District FTE Pupils,133.1
Braintree,2024,Out-of-District FTE Pupils,136.5
Brewster,2009,In-District FTE Pupils,507.8
Brewster,2010,In-District FTE Pupils,488.7
Brewster,2011,In-District FTE Pupils,481.5
Brewster,2012,In-District FTE Pupils,488.8
Brewster,2013,In-District FTE Pupils,453.7
Brewster,2014,In-District FTE Pupils,458.0
Brewster,2015,In-District FTE Pupils,468.1
Brewster,2016,In-District FTE Pupils,474.7
Brewster,2017,In-District FTE Pupils,490.5
Brewster,2018,In-District FTE Pupils,471.1
Brewster,2019,In-District FTE Pupils,472.3
Brewster,2020,In-District FTE Pupils,468.8
Brewster,2021,In-District FTE Pupils,423.0
Brewster,2022,In-District FTE Pupils,434.8
Brewster,2023,In-District FTE Pupils,434.0
Brewster,2024,In-District FTE Pupils,436.2
Brewster,2009,Out-of-District FTE Pupils,19.4
Brewster,2010,Out-of-District FTE Pupils,19.4
Brewster,2011,Out-of-District FTE Pupils,19.4
Brewster,2012,Out-of-District FTE Pupils,14.6
Brewster,2013,Out-of-District FTE Pupils,21.1
Brewster,2014,Out-of-District FTE Pupils,19.9
Brewster,2015,Out-of-District FTE Pupils,24.8
Brewster,2016,Out-of-District FTE Pupils,36.8
Brewster,2017,Out-of-District FTE Pupils,30.2
Brewster,2018,Out-of-District FTE Pupils,36.2
Brewster,2019,Out-of-District FTE Pupils,32.6
Brewster,2020,Out-of-District FTE Pupils,24.3
Brewster,2021,Out-of-District FTE Pupils,21.4
Brewster,2022,Out-of-District FTE Pupils,17.7
Brewster,2023,Out-of-District FTE Pupils,15.5
Brewster,2024,Out-of-District FTE Pupils,18.0
Bridge Boston Charter School (District),2019,In-District FTE Pupils,334.4
Bridge Boston Charter School (District),2020,In-District FTE Pupils,335.5
Bridge Boston Charter School (District),2021,In-District FTE Pupils,336.7
Bridge Boston Charter School (District),2022,In-District FTE Pupils,332.4
Bridge Boston Charter School (District),2023,In-District FTE Pupils,334.1
Bridge Boston Charter School (District),2024,In-District FTE Pupils,334.2
Bridge Boston Charter School (District),2019,Out-of-District FTE Pupils,0.0
Bridge Boston Charter School (District),2020,Out-of-District FTE Pupils,0.0
Bridge Boston Charter School (District),2021,Out-of-District FTE Pupils,0.0
Bridge Boston Charter School (District),2022,Out-of-District FTE Pupils,0.0
Bridge Boston Charter School (District),2023,Out-of-District FTE Pupils,0.0
Bridge Boston Charter School (District),2024,Out-of-District FTE Pupils,0.0
Bridgewater-Raynham,2009,In-District FTE Pupils,5804.3
Bridgewater-Raynham,2010,In-District FTE Pupils,5651.6
Bridgewater-Raynham,2011,In-District FTE Pupils,5653.5
Bridgewater-Raynham,2012,In-District FTE Pupils,5526.0
Bridgewater-Raynham,2013,In-District FTE Pupils,5443.4
Bridgewater-Raynham,2014,In-District FTE Pupils,5386.0
Bridgewater-Raynham,2015,In-District FTE Pupils,5280.5
Bridgewater-Raynham,2016,In-District FTE Pupils,5234.4
Bridgewater-Raynham,2017,In-District FTE Pupils,5365.5
Bridgewater-Raynham,2018,In-District FTE Pupils,5350.3
Bridgewater-Raynham,2019,In-District FTE Pupils,5369.2
Bridgewater-Raynham,2020,In-District FTE Pupils,5428.5
Bridgewater-Raynham,2021,In-District FTE Pupils,5346.3
Bridgewater-Raynham,2022,In-District FTE Pupils,5453.3
Bridgewater-Raynham,2023,In-District FTE Pupils,5508.8
Bridgewater-Raynham,2024,In-District FTE Pupils,5630.9
Bridgewater-Raynham,2009,Out-of-District FTE Pupils,134.7
Bridgewater-Raynham,2010,Out-of-District FTE Pupils,136.3
Bridgewater-Raynham,2011,Out-of-District FTE Pupils,152.8
Bridgewater-Raynham,2012,Out-of-District FTE Pupils,217.1
Bridgewater-Raynham,2013,Out-of-District FTE Pupils,230.9
Bridgewater-Raynham,2014,Out-of-District FTE Pupils,232.1
Bridgewater-Raynham,2015,Out-of-District FTE Pupils,228.5
Bridgewater-Raynham,2016,Out-of-District FTE Pupils,238.1
Bridgewater-Raynham,2017,Out-of-District FTE Pupils,224.4
Bridgewater-Raynham,2018,Out-of-District FTE Pupils,212.6
Bridgewater-Raynham,2019,Out-of-District FTE Pupils,256.6
Bridgewater-Raynham,2020,Out-of-District FTE Pupils,255.2
Bridgewater-Raynham,2021,Out-of-District FTE Pupils,252.2
Bridgewater-Raynham,2022,Out-of-District FTE Pupils,245.1
Bridgewater-Raynham,2023,Out-of-District FTE Pupils,257.8
Bridgewater-Raynham,2024,Out-of-District FTE Pupils,241.0
Brimfield,2009,In-District FTE Pupils,349.9
Brimfield,2010,In-District FTE Pupils,351.0
Brimfield,2011,In-District FTE Pupils,353.9
Brimfield,2012,In-District FTE Pupils,325.8
Brimfield,2013,In-District FTE Pupils,324.2
Brimfield,2014,In-District FTE Pupils,301.8
Brimfield,2015,In-District FTE Pupils,288.5
Brimfield,2016,In-District FTE Pupils,298.7
Brimfield,2017,In-District FTE Pupils,290.6
Brimfield,2018,In-District FTE Pupils,294.0
Brimfield,2019,In-District FTE Pupils,294.7
Brimfield,2020,In-District FTE Pupils,305.0
Brimfield,2021,In-District FTE Pupils,262.7
Brimfield,2022,In-District FTE Pupils,274.3
Brimfield,2023,In-District FTE Pupils,287.4
Brimfield,2024,In-District FTE Pupils,285.0
Brimfield,2009,Out-of-District FTE Pupils,4.3
Brimfield,2010,Out-of-District FTE Pupils,3.6
Brimfield,2011,Out-of-District FTE Pupils,1.8
Brimfield,2012,Out-of-District FTE Pupils,4.9
Brimfield,2013,Out-of-District FTE Pupils,6.1
Brimfield,2014,Out-of-District FTE Pupils,7.1
Brimfield,2015,Out-of-District FTE Pupils,10.8
Brimfield,2016,Out-of-District FTE Pupils,7.1
Brimfield,2017,Out-of-District FTE Pupils,10.0
Brimfield,2018,Out-of-District FTE Pupils,11.9
Brimfield,2019,Out-of-District FTE Pupils,9.7
Brimfield,2020,Out-of-District FTE Pupils,14.9
Brimfield,2021,Out-of-District FTE Pupils,9.1
Brimfield,2022,Out-of-District FTE Pupils,15.5
Brimfield,2023,Out-of-District FTE Pupils,15.1
Brimfield,2024,Out-of-District FTE Pupils,14.4
Bristol County Agricultural,2009,In-District FTE Pupils,424.0
Bristol County Agricultural,2010,In-District FTE Pupils,434.9
Bristol County Agricultural,2011,In-District FTE Pupils,446.6
Bristol County Agricultural,2012,In-District FTE Pupils,443.5
Bristol County Agricultural,2013,In-District FTE Pupils,447.7
Bristol County Agricultural,2014,In-District FTE Pupils,446.6
Bristol County Agricultural,2015,In-District FTE Pupils,447.8
Bristol County Agricultural,2016,In-District FTE Pupils,461.2
Bristol County Agricultural,2017,In-District FTE Pupils,453.3
Bristol County Agricultural,2018,In-District FTE Pupils,456.5
Bristol County Agricultural,2019,In-District FTE Pupils,450.3
Bristol County Agricultural,2020,In-District FTE Pupils,445.8
Bristol County Agricultural,2021,In-District FTE Pupils,440.7
Bristol County Agricultural,2022,In-District FTE Pupils,490.6
Bristol County Agricultural,2023,In-District FTE Pupils,543.5
Bristol County Agricultural,2024,In-District FTE Pupils,581.8
Bristol County Agricultural,2009,Out-of-District FTE Pupils,0.0
Bristol County Agricultural,2010,Out-of-District FTE Pupils,0.0
Bristol County Agricultural,2011,Out-of-District FTE Pupils,0.0
Bristol County Agricultural,2012,Out-of-District FTE Pupils,0.0
Bristol County Agricultural,2013,Out-of-District FTE Pupils,0.0
Bristol County Agricultural,2014,Out-of-District FTE Pupils,0.0
Bristol County Agricultural,2015,Out-of-District FTE Pupils,0.0
Bristol County Agricultural,2016,Out-of-District FTE Pupils,0.0
Bristol County Agricultural,2017,Out-of-District FTE Pupils,0.0
Bristol County Agricultural,2018,Out-of-District FTE Pupils,0.0
Bristol County Agricultural,2019,Out-of-District FTE Pupils,0.0
Bristol County Agricultural,2020,Out-of-District FTE Pupils,0.0
Bristol County Agricultural,2021,Out-of-District FTE Pupils,0.0
Bristol County Agricultural,2022,Out-of-District FTE Pupils,0.0
Bristol County Agricultural,2023,Out-of-District FTE Pupils,0.0
Bristol County Agricultural,2024,Out-of-District FTE Pupils,0.0
Bristol-Plymouth Regional Vocational Technical,2009,In-District FTE Pupils,1197.4
Bristol-Plymouth Regional Vocational Technical,2010,In-District FTE Pupils,1223.7
Bristol-Plymouth Regional Vocational Technical,2011,In-District FTE Pupils,1231.9
Bristol-Plymouth Regional Vocational Technical,2012,In-District FTE Pupils,1248.3
Bristol-Plymouth Regional Vocational Technical,2013,In-District FTE Pupils,1272.3
Bristol-Plymouth Regional Vocational Technical,2014,In-District FTE Pupils,1279.5
Bristol-Plymouth Regional Vocational Technical,2015,In-District FTE Pupils,1306.5
Bristol-Plymouth Regional Vocational Technical,2016,In-District FTE Pupils,1324.3
Bristol-Plymouth Regional Vocational Technical,2017,In-District FTE Pupils,1329.8
Bristol-Plymouth Regional Vocational Technical,2018,In-District FTE Pupils,1309.8
Bristol-Plymouth Regional Vocational Technical,2019,In-District FTE Pupils,1289.6
Bristol-Plymouth Regional Vocational Technical,2020,In-District FTE Pupils,1316.6
Bristol-Plymouth Regional Vocational Technical,2021,In-District FTE Pupils,1316.8
Bristol-Plymouth Regional Vocational Technical,2022,In-District FTE Pupils,1337.2
Bristol-Plymouth Regional Vocational Technical,2023,In-District FTE Pupils,1281.5
Bristol-Plymouth Regional Vocational Technical,2024,In-District FTE Pupils,1300.3
Bristol-Plymouth Regional Vocational Technical,2009,Out-of-District FTE Pupils,0.0
Bristol-Plymouth Regional Vocational Technical,2010,Out-of-District FTE Pupils,2.0
Bristol-Plymouth Regional Vocational Technical,2011,Out-of-District FTE Pupils,2.0
Bristol-Plymouth Regional Vocational Technical,2012,Out-of-District FTE Pupils,3.0
Bristol-Plymouth Regional Vocational Technical,2013,Out-of-District FTE Pupils,4.0
Bristol-Plymouth Regional Vocational Technical,2014,Out-of-District FTE Pupils,4.4
Bristol-Plymouth Regional Vocational Technical,2015,Out-of-District FTE Pupils,5.4
Bristol-Plymouth Regional Vocational Technical,2016,Out-of-District FTE Pupils,6.8
Bristol-Plymouth Regional Vocational Technical,2017,Out-of-District FTE Pupils,11.7
Bristol-Plymouth Regional Vocational Technical,2018,Out-of-District FTE Pupils,12.8
Bristol-Plymouth Regional Vocational Technical,2019,Out-of-District FTE Pupils,14.7
Bristol-Plymouth Regional Vocational Technical,2020,Out-of-District FTE Pupils,15.0
Bristol-Plymouth Regional Vocational Technical,2021,Out-of-District FTE Pupils,14.7
Bristol-Plymouth Regional Vocational Technical,2022,Out-of-District FTE Pupils,15.3
Bristol-Plymouth Regional Vocational Technical,2023,Out-of-District FTE Pupils,17.2
Bristol-Plymouth Regional Vocational Technical,2024,Out-of-District FTE Pupils,11.0
Brockton,2009,In-District FTE Pupils,15276.9
Brockton,2010,In-District FTE Pupils,15547.8
Brockton,2011,In-District FTE Pupils,15802.2
Brockton,2012,In-District FTE Pupils,16064.5
Brockton,2013,In-District FTE Pupils,16477.0
Brockton,2014,In-District FTE Pupils,16745.1
Brockton,2015,In-District FTE Pupils,16858.5
Brockton,2016,In-District FTE Pupils,17014.6
Brockton,2017,In-District FTE Pupils,16895.2
Brockton,2018,In-District FTE Pupils,16523.4
Brockton,2019,In-District FTE Pupils,16225.4
Brockton,2020,In-District FTE Pupils,16024.8
Brockton,2021,In-District FTE Pupils,15187.2
Brockton,2022,In-District FTE Pupils,15127.8
Brockton,2023,In-District FTE Pupils,14968.4
Brockton,2024,In-District FTE Pupils,15076.6
Brockton,2009,Out-of-District FTE Pupils,484.8
Brockton,2010,Out-of-District FTE Pupils,493.5
Brockton,2011,Out-of-District FTE Pupils,600.6
Brockton,2012,Out-of-District FTE Pupils,603.0
Brockton,2013,Out-of-District FTE Pupils,621.0
Brockton,2014,Out-of-District FTE Pupils,652.5
Brockton,2015,Out-of-District FTE Pupils,682.8
Brockton,2016,Out-of-District FTE Pupils,762.3
Brockton,2017,Out-of-District FTE Pupils,1099.1
Brockton,2018,Out-of-District FTE Pupils,1341.5
Brockton,2019,Out-of-District FTE Pupils,1573.5
Brockton,2020,Out-of-District FTE Pupils,1645.9
Brockton,2021,Out-of-District FTE Pupils,1835.6
Brockton,2022,Out-of-District FTE Pupils,1909.5
Brockton,2023,Out-of-District FTE Pupils,2000.3
Brockton,2024,Out-of-District FTE Pupils,2108.1
Brooke Charter School (District),2019,In-District FTE Pupils,1844.8
Brooke Charter School (District),2020,In-District FTE Pupils,1970.7
Brooke Charter School (District),2021,In-District FTE Pupils,2062.9
Brooke Charter School (District),2022,In-District FTE Pupils,2150.0
Brooke Charter School (District),2023,In-District FTE Pupils,2227.8
Brooke Charter School (District),2024,In-District FTE Pupils,2210.5
Brooke Charter School (District),2019,Out-of-District FTE Pupils,0.0
Brooke Charter School (District),2020,Out-of-District FTE Pupils,0.0
Brooke Charter School (District),2021,Out-of-District FTE Pupils,0.0
Brooke Charter School (District),2022,Out-of-District FTE Pupils,0.0
Brooke Charter School (District),2023,Out-of-District FTE Pupils,0.0
Brooke Charter School (District),2024,Out-of-District FTE Pupils,0.0
Brookfield,2009,In-District FTE Pupils,291.0
Brookfield,2010,In-District FTE Pupils,305.8
Brookfield,2011,In-District FTE Pupils,320.0
Brookfield,2012,In-District FTE Pupils,324.5
Brookfield,2013,In-District FTE Pupils,316.3
Brookfield,2014,In-District FTE Pupils,316.7
Brookfield,2015,In-District FTE Pupils,332.2
Brookfield,2016,In-District FTE Pupils,322.9
Brookfield,2017,In-District FTE Pupils,328.0
Brookfield,2018,In-District FTE Pupils,315.3
Brookfield,2019,In-District FTE Pupils,318.4
Brookfield,2020,In-District FTE Pupils,311.4
Brookfield,2021,In-District FTE Pupils,263.4
Brookfield,2022,In-District FTE Pupils,279.9
Brookfield,2023,In-District FTE Pupils,291.1
Brookfield,2024,In-District FTE Pupils,301.1
Brookfield,2009,Out-of-District FTE Pupils,17.9
Brookfield,2010,Out-of-District FTE Pupils,15.1
Brookfield,2011,Out-of-District FTE Pupils,17.6
Brookfield,2012,Out-of-District FTE Pupils,8.9
Brookfield,2013,Out-of-District FTE Pupils,7.9
Brookfield,2014,Out-of-District FTE Pupils,7.9
Brookfield,2015,Out-of-District FTE Pupils,2.3
Brookfield,2016,Out-of-District FTE Pupils,2.6
Brookfield,2017,Out-of-District FTE Pupils,4.8
Brookfield,2018,Out-of-District FTE Pupils,8.1
Brookfield,2019,Out-of-District FTE Pupils,7.5
Brookfield,2020,Out-of-District FTE Pupils,9.4
Brookfield,2021,Out-of-District FTE Pupils,12.8
Brookfield,2022,Out-of-District FTE Pupils,12.5
Brookfield,2023,Out-of-District FTE Pupils,15.4
Brookfield,2024,Out-of-District FTE Pupils,13.3
Brookline,2009,In-District FTE Pupils,6327.2
Brookline,2010,In-District FTE Pupils,6542.8
Brookline,2011,In-District FTE Pupils,6681.3
Brookline,2012,In-District FTE Pupils,6873.7
Brookline,2013,In-District FTE Pupils,7072.9
Brookline,2014,In-District FTE Pupils,7268.6
Brookline,2015,In-District FTE Pupils,7500.4
Brookline,2016,In-District FTE Pupils,7640.1
Brookline,2017,In-District FTE Pupils,7711.6
Brookline,2018,In-District FTE Pupils,7831.6
Brookline,2019,In-District FTE Pupils,7863.5
Brookline,2020,In-District FTE Pupils,7830.7
Brookline,2021,In-District FTE Pupils,6813.9
Brookline,2022,In-District FTE Pupils,7034.1
Brookline,2023,In-District FTE Pupils,7049.6
Brookline,2024,In-District FTE Pupils,7034.0
Brookline,2009,Out-of-District FTE Pupils,66.3
Brookline,2010,Out-of-District FTE Pupils,68.1
Brookline,2011,Out-of-District FTE Pupils,83.9
Brookline,2012,Out-of-District FTE Pupils,80.3
Brookline,2013,Out-of-District FTE Pupils,80.8
Brookline,2014,Out-of-District FTE Pupils,76.2
Brookline,2015,Out-of-District FTE Pupils,64.8
Brookline,2016,Out-of-District FTE Pupils,69.9
Brookline,2017,Out-of-District FTE Pupils,71.2
Brookline,2018,Out-of-District FTE Pupils,72.6
Brookline,2019,Out-of-District FTE Pupils,75.5
Brookline,2020,Out-of-District FTE Pupils,74.9
Brookline,2021,Out-of-District FTE Pupils,85.1
Brookline,2022,Out-of-District FTE Pupils,78.1
Brookline,2023,Out-of-District FTE Pupils,76.2
Brookline,2024,Out-of-District FTE Pupils,86.0
Burlington,2009,In-District FTE Pupils,3669.8
Burlington,2010,In-District FTE Pupils,3711.0
Burlington,2011,In-District FTE Pupils,3671.7
Burlington,2012,In-District FTE Pupils,3619.7
Burlington,2013,In-District FTE Pupils,3577.7
Burlington,2014,In-District FTE Pupils,3545.0
Burlington,2015,In-District FTE Pupils,3451.5
Burlington,2016,In-District FTE Pupils,3475.9
Burlington,2017,In-District FTE Pupils,3511.7
Burlington,2018,In-District FTE Pupils,3511.3
Burlington,2019,In-District FTE Pupils,3531.1
Burlington,2020,In-District FTE Pupils,3517.4
Burlington,2021,In-District FTE Pupils,3396.7
Burlington,2022,In-District FTE Pupils,3465.4
Burlington,2023,In-District FTE Pupils,3427.7
Burlington,2024,In-District FTE Pupils,3544.2
Burlington,2009,Out-of-District FTE Pupils,102.2
Burlington,2010,Out-of-District FTE Pupils,103.5
Burlington,2011,Out-of-District FTE Pupils,92.5
Burlington,2012,Out-of-District FTE Pupils,96.3
Burlington,2013,Out-of-District FTE Pupils,96.8
Burlington,2014,Out-of-District FTE Pupils,98.0
Burlington,2015,Out-of-District FTE Pupils,98.8
Burlington,2016,Out-of-District FTE Pupils,102.4
Burlington,2017,Out-of-District FTE Pupils,109.3
Burlington,2018,Out-of-District FTE Pupils,116.2
Burlington,2019,Out-of-District FTE Pupils,119.4
Burlington,2020,Out-of-District FTE Pupils,107.8
Burlington,2021,Out-of-District FTE Pupils,122.3
Burlington,2022,Out-of-District FTE Pupils,125.6
Burlington,2023,Out-of-District FTE Pupils,109.3
Burlington,2024,Out-of-District FTE Pupils,105.9
Cambridge,2009,In-District FTE Pupils,5741.4
Cambridge,2010,In-District FTE Pupils,5923.6
Cambridge,2011,In-District FTE Pupils,5973.2
Cambridge,2012,In-District FTE Pupils,6094.4
Cambridge,2013,In-District FTE Pupils,6187.2
Cambridge,2014,In-District FTE Pupils,6364.2
Cambridge,2015,In-District FTE Pupils,6428.0
Cambridge,2016,In-District FTE Pupils,6521.4
Cambridge,2017,In-District FTE Pupils,6800.7
Cambridge,2018,In-District FTE Pupils,6938.1
Cambridge,2019,In-District FTE Pupils,7063.1
Cambridge,2020,In-District FTE Pupils,7104.4
Cambridge,2021,In-District FTE Pupils,6620.0
Cambridge,2022,In-District FTE Pupils,6638.9
Cambridge,2023,In-District FTE Pupils,6664.7
Cambridge,2024,In-District FTE Pupils,6952.1
Cambridge,2009,Out-of-District FTE Pupils,466.3
Cambridge,2010,Out-of-District FTE Pupils,467.4
Cambridge,2011,Out-of-District FTE Pupils,537.8
Cambridge,2012,Out-of-District FTE Pupils,566.5
Cambridge,2013,Out-of-District FTE Pupils,579.0
Cambridge,2014,Out-of-District FTE Pupils,558.2
Cambridge,2015,Out-of-District FTE Pupils,620.6
Cambridge,2016,Out-of-District FTE Pupils,655.7
Cambridge,2017,Out-of-District FTE Pupils,626.7
Cambridge,2018,Out-of-District FTE Pupils,665.2
Cambridge,2019,Out-of-District FTE Pupils,678.3
Cambridge,2020,Out-of-District FTE Pupils,664.2
Cambridge,2021,Out-of-District FTE Pupils,671.9
Cambridge,2022,Out-of-District FTE Pupils,675.3
Cambridge,2023,Out-of-District FTE Pupils,615.2
Cambridge,2024,Out-of-District FTE Pupils,606.2
Canton,2009,In-District FTE Pupils,3094.7
Canton,2010,In-District FTE Pupils,3118.3
Canton,2011,In-District FTE Pupils,3123.7
Canton,2012,In-District FTE Pupils,3218.5
Canton,2013,In-District FTE Pupils,3202.1
Canton,2014,In-District FTE Pupils,3230.6
Canton,2015,In-District FTE Pupils,3359.4
Canton,2016,In-District FTE Pupils,3280.1
Canton,2017,In-District FTE Pupils,3323.1
Canton,2018,In-District FTE Pupils,3313.9
Canton,2019,In-District FTE Pupils,3298.5
Canton,2020,In-District FTE Pupils,3294.3
Canton,2021,In-District FTE Pupils,3168.2
Canton,2022,In-District FTE Pupils,3243.2
Canton,2023,In-District FTE Pupils,3208.4
Canton,2024,In-District FTE Pupils,3264.7
Canton,2009,Out-of-District FTE Pupils,60.2
Canton,2010,Out-of-District FTE Pupils,60.0
Canton,2011,Out-of-District FTE Pupils,58.8
Canton,2012,Out-of-District FTE Pupils,54.5
Canton,2013,Out-of-District FTE Pupils,74.4
Canton,2014,Out-of-District FTE Pupils,86.9
Canton,2015,Out-of-District FTE Pupils,75.5
Canton,2016,Out-of-District FTE Pupils,72.7
Canton,2017,Out-of-District FTE Pupils,68.2
Canton,2018,Out-of-District FTE Pupils,72.3
Canton,2019,Out-of-District FTE Pupils,79.8
Canton,2020,Out-of-District FTE Pupils,80.5
Canton,2021,Out-of-District FTE Pupils,93.1
Canton,2022,Out-of-District FTE Pupils,103.6
Canton,2023,Out-of-District FTE Pupils,95.8
Canton,2024,Out-of-District FTE Pupils,87.7
Cape Cod Lighthouse Charter (District),2019,In-District FTE Pupils,242.1
Cape Cod Lighthouse Charter (District),2020,In-District FTE Pupils,242.8
Cape Cod Lighthouse Charter (District),2021,In-District FTE Pupils,254.1
Cape Cod Lighthouse Charter (District),2022,In-District FTE Pupils,249.2
Cape Cod Lighthouse Charter (District),2023,In-District FTE Pupils,249.1
Cape Cod Lighthouse Charter (District),2024,In-District FTE Pupils,249.8
Cape Cod Lighthouse Charter (District),2019,Out-of-District FTE Pupils,0.0
Cape Cod Lighthouse Charter (District),2020,Out-of-District FTE Pupils,0.0
Cape Cod Lighthouse Charter (District),2021,Out-of-District FTE Pupils,0.0
Cape Cod Lighthouse Charter (District),2022,Out-of-District FTE Pupils,0.0
Cape Cod Lighthouse Charter (District),2023,Out-of-District FTE Pupils,0.0
Cape Cod Lighthouse Charter (District),2024,Out-of-District FTE Pupils,0.0
Cape Cod Regional Vocational Technical,2009,In-District FTE Pupils,691.7
Cape Cod Regional Vocational Technical,2010,In-District FTE Pupils,671.8
Cape Cod Regional Vocational Technical,2011,In-District FTE Pupils,684.9
Cape Cod Regional Vocational Technical,2012,In-District FTE Pupils,658.0
Cape Cod Regional Vocational Technical,2013,In-District FTE Pupils,648.6
Cape Cod Regional Vocational Technical,2014,In-District FTE Pupils,638.9
Cape Cod Regional Vocational Technical,2015,In-District FTE Pupils,633.1
Cape Cod Regional Vocational Technical,2016,In-District FTE Pupils,622.8
Cape Cod Regional Vocational Technical,2017,In-District FTE Pupils,612.7
Cape Cod Regional Vocational Technical,2018,In-District FTE Pupils,582.1
Cape Cod Regional Vocational Technical,2019,In-District FTE Pupils,569.4
Cape Cod Regional Vocational Technical,2020,In-District FTE Pupils,608.5
Cape Cod Regional Vocational Technical,2021,In-District FTE Pupils,622.2
Cape Cod Regional Vocational Technical,2022,In-District FTE Pupils,641.2
Cape Cod Regional Vocational Technical,2023,In-District FTE Pupils,645.7
Cape Cod Regional Vocational Technical,2024,In-District FTE Pupils,648.1
Cape Cod Regional Vocational Technical,2009,Out-of-District FTE Pupils,0.0
Cape Cod Regional Vocational Technical,2010,Out-of-District FTE Pupils,0.0
Cape Cod Regional Vocational Technical,2011,Out-of-District FTE Pupils,0.0
Cape Cod Regional Vocational Technical,2012,Out-of-District FTE Pupils,0.0
Cape Cod Regional Vocational Technical,2013,Out-of-District FTE Pupils,0.0
Cape Cod Regional Vocational Technical,2014,Out-of-District FTE Pupils,0.0
Cape Cod Regional Vocational Technical,2015,Out-of-District FTE Pupils,2.0
Cape Cod Regional Vocational Technical,2016,Out-of-District FTE Pupils,3.8
Cape Cod Regional Vocational Technical,2017,Out-of-District FTE Pupils,2.9
Cape Cod Regional Vocational Technical,2018,Out-of-District FTE Pupils,3.0
Cape Cod Regional Vocational Technical,2019,Out-of-District FTE Pupils,4.0
Cape Cod Regional Vocational Technical,2020,Out-of-District FTE Pupils,10.2
Cape Cod Regional Vocational Technical,2021,Out-of-District FTE Pupils,7.0
Cape Cod Regional Vocational Technical,2022,Out-of-District FTE Pupils,2.9
Cape Cod Regional Vocational Technical,2023,Out-of-District FTE Pupils,2.7
Cape Cod Regional Vocational Technical,2024,Out-of-District FTE Pupils,4.3
Carlisle,2009,In-District FTE Pupils,727.5
Carlisle,2010,In-District FTE Pupils,700.7
Carlisle,2011,In-District FTE Pupils,677.7
Carlisle,2012,In-District FTE Pupils,643.1
Carlisle,2013,In-District FTE Pupils,638.2
Carlisle,2014,In-District FTE Pupils,635.0
Carlisle,2015,In-District FTE Pupils,638.8
Carlisle,2016,In-District FTE Pupils,606.5
Carlisle,2017,In-District FTE Pupils,587.9
Carlisle,2018,In-District FTE Pupils,616.4
Carlisle,2019,In-District FTE Pupils,601.8
Carlisle,2020,In-District FTE Pupils,602.3
Carlisle,2021,In-District FTE Pupils,586.1
Carlisle,2022,In-District FTE Pupils,621.5
Carlisle,2023,In-District FTE Pupils,602.9
Carlisle,2024,In-District FTE Pupils,605.4
Carlisle,2009,Out-of-District FTE Pupils,7.0
Carlisle,2010,Out-of-District FTE Pupils,6.0
Carlisle,2011,Out-of-District FTE Pupils,10.4
Carlisle,2012,Out-of-District FTE Pupils,11.0
Carlisle,2013,Out-of-District FTE Pupils,11.8
Carlisle,2014,Out-of-District FTE Pupils,7.1
Carlisle,2015,Out-of-District FTE Pupils,7.0
Carlisle,2016,Out-of-District FTE Pupils,11.0
Carlisle,2017,Out-of-District FTE Pupils,10.0
Carlisle,2018,Out-of-District FTE Pupils,13.0
Carlisle,2019,Out-of-District FTE Pupils,13.0
Carlisle,2020,Out-of-District FTE Pupils,15.0
Carlisle,2021,Out-of-District FTE Pupils,11.9
Carlisle,2022,Out-of-District FTE Pupils,8.0
Carlisle,2023,Out-of-District FTE Pupils,8.0
Carlisle,2024,Out-of-District FTE Pupils,7.0
Carver,2009,In-District FTE Pupils,1890.9
Carver,2010,In-District FTE Pupils,1899.9
Carver,2011,In-District FTE Pupils,1869.3
Carver,2012,In-District FTE Pupils,1828.6
Carver,2013,In-District FTE Pupils,1797.6
Carver,2014,In-District FTE Pupils,1763.3
Carver,2015,In-District FTE Pupils,1625.1
Carver,2016,In-District FTE Pupils,1626.9
Carver,2017,In-District FTE Pupils,1611.4
Carver,2018,In-District FTE Pupils,1566.7
Carver,2019,In-District FTE Pupils,1565.2
Carver,2020,In-District FTE Pupils,1584.5
Carver,2021,In-District FTE Pupils,1478.7
Carver,2022,In-District FTE Pupils,1511.4
Carver,2023,In-District FTE Pupils,1545.0
Carver,2024,In-District FTE Pupils,1504.5
Carver,2009,Out-of-District FTE Pupils,53.1
Carver,2010,Out-of-District FTE Pupils,45.3
Carver,2011,Out-of-District FTE Pupils,54.9
Carver,2012,Out-of-District FTE Pupils,57.5
Carver,2013,Out-of-District FTE Pupils,42.7
Carver,2014,Out-of-District FTE Pupils,48.7
Carver,2015,Out-of-District FTE Pupils,59.6
Carver,2016,Out-of-District FTE Pupils,58.4
Carver,2017,Out-of-District FTE Pupils,69.0
Carver,2018,Out-of-District FTE Pupils,86.0
Carver,2019,Out-of-District FTE Pupils,87.2
Carver,2020,Out-of-District FTE Pupils,94.5
Carver,2021,Out-of-District FTE Pupils,101.2
Carver,2022,Out-of-District FTE Pupils,99.7
Carver,2023,Out-of-District FTE Pupils,101.0
Carver,2024,Out-of-District FTE Pupils,116.0
Central Berkshire,2009,In-District FTE Pupils,2034.1
Central Berkshire,2010,In-District FTE Pupils,2003.5
Central Berkshire,2011,In-District FTE Pupils,1934.0
Central Berkshire,2012,In-District FTE Pupils,1835.3
Central Berkshire,2013,In-District FTE Pupils,1766.1
Central Berkshire,2014,In-District FTE Pupils,1730.1
Central Berkshire,2015,In-District FTE Pupils,1712.2
Central Berkshire,2016,In-District FTE Pupils,1628.6
Central Berkshire,2017,In-District FTE Pupils,1621.7
Central Berkshire,2018,In-District FTE Pupils,1610.3
Central Berkshire,2019,In-District FTE Pupils,1595.9
Central Berkshire,2020,In-District FTE Pupils,1576.3
Central Berkshire,2021,In-District FTE Pupils,1521.6
Central Berkshire,2022,In-District FTE Pupils,1544.7
Central Berkshire,2023,In-District FTE Pupils,1559.8
Central Berkshire,2024,In-District FTE Pupils,1585.9
Central Berkshire,2009,Out-of-District FTE Pupils,194.8
Central Berkshire,2010,Out-of-District FTE Pupils,173.1
Central Berkshire,2011,Out-of-District FTE Pupils,166.6
Central Berkshire,2012,Out-of-District FTE Pupils,165.3
Central Berkshire,2013,Out-of-District FTE Pupils,154.7
Central Berkshire,2014,Out-of-District FTE Pupils,156.7
Central Berkshire,2015,Out-of-District FTE Pupils,166.6
Central Berkshire,2016,Out-of-District FTE Pupils,190.1
Central Berkshire,2017,Out-of-District FTE Pupils,213.8
Central Berkshire,2018,Out-of-District FTE Pupils,224.1
Central Berkshire,2019,Out-of-District FTE Pupils,230.3
Central Berkshire,2020,Out-of-District FTE Pupils,225.0
Central Berkshire,2021,Out-of-District FTE Pupils,236.1
Central Berkshire,2022,Out-of-District FTE Pupils,214.9
Central Berkshire,2023,Out-of-District FTE Pupils,213.1
Central Berkshire,2024,Out-of-District FTE Pupils,200.7
Chatham,2009,In-District FTE Pupils,688.1
Chatham,2010,In-District FTE Pupils,676.4
Chatham,2011,In-District FTE Pupils,696.6
Chatham,2012,In-District FTE Pupils,636.6
Chatham,2009,Out-of-District FTE Pupils,52.3
Chatham,2010,Out-of-District FTE Pupils,59.6
Chatham,2011,Out-of-District FTE Pupils,64.1
Chatham,2012,Out-of-District FTE Pupils,87.8
Chelmsford,2009,In-District FTE Pupils,5570.6
Chelmsford,2010,In-District FTE Pupils,5478.2
Chelmsford,2011,In-District FTE Pupils,5390.2
Chelmsford,2012,In-District FTE Pupils,5192.6
Chelmsford,2013,In-District FTE Pupils,5087.3
Chelmsford,2014,In-District FTE Pupils,5066.3
Chelmsford,2015,In-District FTE Pupils,5028.4
Chelmsford,2016,In-District FTE Pupils,4933.9
Chelmsford,2017,In-District FTE Pupils,4978.3
Chelmsford,2018,In-District FTE Pupils,5010.5
Chelmsford,2019,In-District FTE Pupils,5011.3
Chelmsford,2020,In-District FTE Pupils,5035.0
Chelmsford,2021,In-District FTE Pupils,4827.8
Chelmsford,2022,In-District FTE Pupils,4995.6
Chelmsford,2023,In-District FTE Pupils,5059.8
Chelmsford,2024,In-District FTE Pupils,5137.8
Chelmsford,2009,Out-of-District FTE Pupils,240.4
Chelmsford,2010,Out-of-District FTE Pupils,257.0
Chelmsford,2011,Out-of-District FTE Pupils,262.2
Chelmsford,2012,Out-of-District FTE Pupils,253.7
Chelmsford,2013,Out-of-District FTE Pupils,255.1
Chelmsford,2014,Out-of-District FTE Pupils,248.3
Chelmsford,2015,Out-of-District FTE Pupils,268.5
Chelmsford,2016,Out-of-District FTE Pupils,275.0
Chelmsford,2017,Out-of-District FTE Pupils,261.9
Chelmsford,2018,Out-of-District FTE Pupils,250.8
Chelmsford,2019,Out-of-District FTE Pupils,261.9
Chelmsford,2020,Out-of-District FTE Pupils,222.9
Chelmsford,2021,Out-of-District FTE Pupils,240.2
Chelmsford,2022,Out-of-District FTE Pupils,238.3
Chelmsford,2023,Out-of-District FTE Pupils,223.4
Chelmsford,2024,Out-of-District FTE Pupils,208.0
Chelsea,2009,In-District FTE Pupils,5522.5
Chelsea,2010,In-District FTE Pupils,5622.4
Chelsea,2011,In-District FTE Pupils,5512.4
Chelsea,2012,In-District FTE Pupils,5680.6
Chelsea,2013,In-District FTE Pupils,5864.6
Chelsea,2014,In-District FTE Pupils,6057.7
Chelsea,2015,In-District FTE Pupils,6300.4
Chelsea,2016,In-District FTE Pupils,6362.5
Chelsea,2017,In-District FTE Pupils,6301.5
Chelsea,2018,In-District FTE Pupils,6292.4
Chelsea,2019,In-District FTE Pupils,6063.0
Chelsea,2020,In-District FTE Pupils,6257.4
Chelsea,2021,In-District FTE Pupils,5952.9
Chelsea,2022,In-District FTE Pupils,6163.5
Chelsea,2023,In-District FTE Pupils,6192.9
Chelsea,2024,In-District FTE Pupils,6184.2
Chelsea,2009,Out-of-District FTE Pupils,318.0
Chelsea,2010,Out-of-District FTE Pupils,328.0
Chelsea,2011,Out-of-District FTE Pupils,334.5
Chelsea,2012,Out-of-District FTE Pupils,402.9
Chelsea,2013,Out-of-District FTE Pupils,513.2
Chelsea,2014,Out-of-District FTE Pupils,602.1
Chelsea,2015,Out-of-District FTE Pupils,714.2
Chelsea,2016,Out-of-District FTE Pupils,885.5
Chelsea,2017,Out-of-District FTE Pupils,978.8
Chelsea,2018,Out-of-District FTE Pupils,1081.3
Chelsea,2019,Out-of-District FTE Pupils,1148.2
Chelsea,2020,Out-of-District FTE Pupils,1168.4
Chelsea,2021,Out-of-District FTE Pupils,1184.7
Chelsea,2022,Out-of-District FTE Pupils,1147.5
Chelsea,2023,Out-of-District FTE Pupils,1104.9
Chelsea,2024,Out-of-District FTE Pupils,1109.6
Chesterfield-Goshen,2009,In-District FTE Pupils,184.5
Chesterfield-Goshen,2010,In-District FTE Pupils,186.0
Chesterfield-Goshen,2011,In-District FTE Pupils,169.0
Chesterfield-Goshen,2012,In-District FTE Pupils,174.6
Chesterfield-Goshen,2013,In-District FTE Pupils,169.3
Chesterfield-Goshen,2014,In-District FTE Pupils,157.6
Chesterfield-Goshen,2015,In-District FTE Pupils,152.2
Chesterfield-Goshen,2016,In-District FTE Pupils,151.9
Chesterfield-Goshen,2017,In-District FTE Pupils,142.0
Chesterfield-Goshen,2018,In-District FTE Pupils,137.6
Chesterfield-Goshen,2019,In-District FTE Pupils,129.0
Chesterfield-Goshen,2020,In-District FTE Pupils,129.6
Chesterfield-Goshen,2021,In-District FTE Pupils,113.1
Chesterfield-Goshen,2022,In-District FTE Pupils,148.3
Chesterfield-Goshen,2023,In-District FTE Pupils,149.5
Chesterfield-Goshen,2009,Out-of-District FTE Pupils,25.8
Chesterfield-Goshen,2010,Out-of-District FTE Pupils,21.0
Chesterfield-Goshen,2011,Out-of-District FTE Pupils,22.2
Chesterfield-Goshen,2012,Out-of-District FTE Pupils,18.4
Chesterfield-Goshen,2013,Out-of-District FTE Pupils,15.0
Chesterfield-Goshen,2014,Out-of-District FTE Pupils,11.4
Chesterfield-Goshen,2015,Out-of-District FTE Pupils,13.8
Chesterfield-Goshen,2016,Out-of-District FTE Pupils,15.0
Chesterfield-Goshen,2017,Out-of-District FTE Pupils,18.1
Chesterfield-Goshen,2018,Out-of-District FTE Pupils,17.2
Chesterfield-Goshen,2019,Out-of-District FTE Pupils,16.0
Chesterfield-Goshen,2020,Out-of-District FTE Pupils,14.8
Chesterfield-Goshen,2021,Out-of-District FTE Pupils,13.3
Chesterfield-Goshen,2022,Out-of-District FTE Pupils,9.7
Chesterfield-Goshen,2023,Out-of-District FTE Pupils,11.1
Chicopee,2009,In-District FTE Pupils,7721.1
Chicopee,2010,In-District FTE Pupils,7775.1
Chicopee,2011,In-District FTE Pupils,7806.7
Chicopee,2012,In-District FTE Pupils,7636.2
Chicopee,2013,In-District FTE Pupils,7565.1
Chicopee,2014,In-District FTE Pupils,7590.9
Chicopee,2015,In-District FTE Pupils,7618.3
Chicopee,2016,In-District FTE Pupils,7578.6
Chicopee,2017,In-District FTE Pupils,7673.3
Chicopee,2018,In-District FTE Pupils,7536.7
Chicopee,2019,In-District FTE Pupils,7433.2
Chicopee,2020,In-District FTE Pupils,7281.2
Chicopee,2021,In-District FTE Pupils,6798.1
Chicopee,2022,In-District FTE Pupils,6852.6
Chicopee,2023,In-District FTE Pupils,6740.5
Chicopee,2024,In-District FTE Pupils,6833.9
Chicopee,2009,Out-of-District FTE Pupils,163.0
Chicopee,2010,Out-of-District FTE Pupils,217.1
Chicopee,2011,Out-of-District FTE Pupils,233.3
Chicopee,2012,Out-of-District FTE Pupils,257.8
Chicopee,2013,Out-of-District FTE Pupils,285.8
Chicopee,2014,Out-of-District FTE Pupils,330.5
Chicopee,2015,Out-of-District FTE Pupils,332.6
Chicopee,2016,Out-of-District FTE Pupils,364.1
Chicopee,2017,Out-of-District FTE Pupils,439.0
Chicopee,2018,Out-of-District FTE Pupils,515.5
Chicopee,2019,Out-of-District FTE Pupils,523.5
Chicopee,2020,Out-of-District FTE Pupils,601.3
Chicopee,2021,Out-of-District FTE Pupils,626.1
Chicopee,2022,Out-of-District FTE Pupils,678.7
Chicopee,2023,Out-of-District FTE Pupils,724.1
Chicopee,2024,Out-of-District FTE Pupils,695.8
Christa McAuliffe Charter School (District),2019,In-District FTE Pupils,393.6
Christa McAuliffe Charter School (District),2020,In-District FTE Pupils,396.3
Christa McAuliffe Charter School (District),2021,In-District FTE Pupils,398.7
Christa McAuliffe Charter School (District),2022,In-District FTE Pupils,383.8
Christa McAuliffe Charter School (District),2023,In-District FTE Pupils,326.9
Christa McAuliffe Charter School (District),2024,In-District FTE Pupils,290.6
Christa McAuliffe Charter School (District),2019,Out-of-District FTE Pupils,0.0
Christa McAuliffe Charter School (District),2020,Out-of-District FTE Pupils,0.0
Christa McAuliffe Charter School (District),2021,Out-of-District FTE Pupils,0.0
Christa McAuliffe Charter School (District),2022,Out-of-District FTE Pupils,0.0
Christa McAuliffe Charter School (District),2023,Out-of-District FTE Pupils,0.0
Christa McAuliffe Charter School (District),2024,Out-of-District FTE Pupils,0.0
City on a Hill Charter Public School (District),2019,In-District FTE Pupils,257.8
City on a Hill Charter Public School (District),2020,In-District FTE Pupils,216.3
City on a Hill Charter Public School (District),2021,In-District FTE Pupils,300.4
City on a Hill Charter Public School (District),2022,In-District FTE Pupils,218.0
City on a Hill Charter Public School (District),2023,In-District FTE Pupils,193.1
City on a Hill Charter Public School (District),2024,In-District FTE Pupils,188.7
City on a Hill Charter Public School (District),2019,Out-of-District FTE Pupils,0.0
City on a Hill Charter Public School (District),2020,Out-of-District FTE Pupils,0.0
City on a Hill Charter Public School (District),2021,Out-of-District FTE Pupils,0.0
City on a Hill Charter Public School (District),2022,Out-of-District FTE Pupils,0.0
City on a Hill Charter Public School (District),2023,Out-of-District FTE Pupils,0.0
City on a Hill Charter Public School (District),2024,Out-of-District FTE Pupils,0.0
City on a Hill Charter Public School Dudley Square (District),2019,In-District FTE Pupils,243.8
City on a Hill Charter Public School Dudley Square (District),2020,In-District FTE Pupils,188.1
City on a Hill Charter Public School Dudley Square (District),2019,Out-of-District FTE Pupils,0.0
City on a Hill Charter Public School Dudley Square (District),2020,Out-of-District FTE Pupils,0.0
City on a Hill Charter Public School New Bedford (District),2019,In-District FTE Pupils,208.3
City on a Hill Charter Public School New Bedford (District),2020,In-District FTE Pupils,102.6
City on a Hill Charter Public School New Bedford (District),2019,Out-of-District FTE Pupils,0.0
City on a Hill Charter Public School New Bedford (District),2020,Out-of-District FTE Pupils,0.0
Clarksburg,2009,In-District FTE Pupils,197.3
Clarksburg,2010,In-District FTE Pupils,172.5
Clarksburg,2011,In-District FTE Pupils,185.4
Clarksburg,2012,In-District FTE Pupils,180.4
Clarksburg,2013,In-District FTE Pupils,170.5
Clarksburg,2014,In-District FTE Pupils,178.2
Clarksburg,2015,In-District FTE Pupils,170.5
Clarksburg,2016,In-District FTE Pupils,163.7
Clarksburg,2017,In-District FTE Pupils,177.0
Clarksburg,2018,In-District FTE Pupils,187.4
Clarksburg,2019,In-District FTE Pupils,183.7
Clarksburg,2020,In-District FTE Pupils,194.0
Clarksburg,2021,In-District FTE Pupils,189.8
Clarksburg,2022,In-District FTE Pupils,207.7
Clarksburg,2023,In-District FTE Pupils,191.7
Clarksburg,2024,In-District FTE Pupils,208.0
Clarksburg,2009,Out-of-District FTE Pupils,70.3
Clarksburg,2010,Out-of-District FTE Pupils,75.0
Clarksburg,2011,Out-of-District FTE Pupils,71.7
Clarksburg,2012,Out-of-District FTE Pupils,66.1
Clarksburg,2013,Out-of-District FTE Pupils,54.4
Clarksburg,2014,Out-of-District FTE Pupils,45.2
Clarksburg,2015,Out-of-District FTE Pupils,42.6
Clarksburg,2016,Out-of-District FTE Pupils,49.1
Clarksburg,2017,Out-of-District FTE Pupils,51.3
Clarksburg,2018,Out-of-District FTE Pupils,59.5
Clarksburg,2019,Out-of-District FTE Pupils,59.1
Clarksburg,2020,Out-of-District FTE Pupils,39.4
Clarksburg,2021,Out-of-District FTE Pupils,42.6
Clarksburg,2022,Out-of-District FTE Pupils,47.0
Clarksburg,2023,Out-of-District FTE Pupils,43.9
Clarksburg,2024,Out-of-District FTE Pupils,54.4
Clinton,2009,In-District FTE Pupils,2033.9
Clinton,2010,In-District FTE Pupils,2007.1
Clinton,2011,In-District FTE Pupils,1960.1
Clinton,2012,In-District FTE Pupils,1924.6
Clinton,2013,In-District FTE Pupils,1903.7
Clinton,2014,In-District FTE Pupils,1895.4
Clinton,2015,In-District FTE Pupils,1857.3
Clinton,2016,In-District FTE Pupils,1843.8
Clinton,2017,In-District FTE Pupils,1875.2
Clinton,2018,In-District FTE Pupils,1848.8
Clinton,2019,In-District FTE Pupils,1861.1
Clinton,2020,In-District FTE Pupils,1905.9
Clinton,2021,In-District FTE Pupils,1819.1
Clinton,2022,In-District FTE Pupils,1940.7
Clinton,2023,In-District FTE Pupils,1952.1
Clinton,2024,In-District FTE Pupils,1993.8
Clinton,2009,Out-of-District FTE Pupils,208.3
Clinton,2010,Out-of-District FTE Pupils,211.3
Clinton,2011,Out-of-District FTE Pupils,247.4
Clinton,2012,Out-of-District FTE Pupils,289.2
Clinton,2013,Out-of-District FTE Pupils,319.7
Clinton,2014,Out-of-District FTE Pupils,319.1
Clinton,2015,Out-of-District FTE Pupils,321.9
Clinton,2016,Out-of-District FTE Pupils,324.7
Clinton,2017,Out-of-District FTE Pupils,318.1
Clinton,2018,Out-of-District FTE Pupils,308.1
Clinton,2019,Out-of-District FTE Pupils,314.2
Clinton,2020,Out-of-District FTE Pupils,328.1
Clinton,2021,Out-of-District FTE Pupils,324.8
Clinton,2022,Out-of-District FTE Pupils,292.2
Clinton,2023,Out-of-District FTE Pupils,257.8
Clinton,2024,Out-of-District FTE Pupils,243.4
Codman Academy Charter Public (District),2019,In-District FTE Pupils,344.5
Codman Academy Charter Public (District),2020,In-District FTE Pupils,339.9
Codman Academy Charter Public (District),2021,In-District FTE Pupils,347.0
Codman Academy Charter Public (District),2022,In-District FTE Pupils,341.3
Codman Academy Charter Public (District),2023,In-District FTE Pupils,337.7
Codman Academy Charter Public (District),2024,In-District FTE Pupils,339.9
Codman Academy Charter Public (District),2019,Out-of-District FTE Pupils,0.0
Codman Academy Charter Public (District),2020,Out-of-District FTE Pupils,0.0
Codman Academy Charter Public (District),2021,Out-of-District FTE Pupils,0.0
Codman Academy Charter Public (District),2022,Out-of-District FTE Pupils,0.0
Codman Academy Charter Public (District),2023,Out-of-District FTE Pupils,0.0
Codman Academy Charter Public (District),2024,Out-of-District FTE Pupils,0.0
Cohasset,2009,In-District FTE Pupils,1480.4
Cohasset,2010,In-District FTE Pupils,1497.3
Cohasset,2011,In-District FTE Pupils,1541.4
Cohasset,2012,In-District FTE Pupils,1534.3
Cohasset,2013,In-District FTE Pupils,1584.8
Cohasset,2014,In-District FTE Pupils,1608.2
Cohasset,2015,In-District FTE Pupils,1593.5
Cohasset,2016,In-District FTE Pupils,1643.0
Cohasset,2017,In-District FTE Pupils,1588.6
Cohasset,2018,In-District FTE Pupils,1578.2
Cohasset,2019,In-District FTE Pupils,1547.3
Cohasset,2020,In-District FTE Pupils,1505.9
Cohasset,2021,In-District FTE Pupils,1427.0
Cohasset,2022,In-District FTE Pupils,1423.5
Cohasset,2023,In-District FTE Pupils,1405.9
Cohasset,2024,In-District FTE Pupils,1429.4
Cohasset,2009,Out-of-District FTE Pupils,26.3
Cohasset,2010,Out-of-District FTE Pupils,26.6
Cohasset,2011,Out-of-District FTE Pupils,27.9
Cohasset,2012,Out-of-District FTE Pupils,23.8
Cohasset,2013,Out-of-District FTE Pupils,32.5
Cohasset,2014,Out-of-District FTE Pupils,24.4
Cohasset,2015,Out-of-District FTE Pupils,22.9
Cohasset,2016,Out-of-District FTE Pupils,21.4
Cohasset,2017,Out-of-District FTE Pupils,20.5
Cohasset,2018,Out-of-District FTE Pupils,21.1
Cohasset,2019,Out-of-District FTE Pupils,27.3
Cohasset,2020,Out-of-District FTE Pupils,34.4
Cohasset,2021,Out-of-District FTE Pupils,35.3
Cohasset,2022,Out-of-District FTE Pupils,37.3
Cohasset,2023,Out-of-District FTE Pupils,32.0
Cohasset,2024,Out-of-District FTE Pupils,32.3
Collegiate Charter School of Lowell (District),2019,In-District FTE Pupils,842.8
Collegiate Charter School of Lowell (District),2020,In-District FTE Pupils,929.9
Collegiate Charter School of Lowell (District),2021,In-District FTE Pupils,1019.3
Collegiate Charter School of Lowell (District),2022,In-District FTE Pupils,1093.8
Collegiate Charter School of Lowell (District),2023,In-District FTE Pupils,1191.3
Collegiate Charter School of Lowell (District),2024,In-District FTE Pupils,1194.0
Collegiate Charter School of Lowell (District),2019,Out-of-District FTE Pupils,0.0
Collegiate Charter School of Lowell (District),2020,Out-of-District FTE Pupils,0.0
Collegiate Charter School of Lowell (District),2021,Out-of-District FTE Pupils,0.0
Collegiate Charter School of Lowell (District),2022,Out-of-District FTE Pupils,0.0
Collegiate Charter School of Lowell (District),2023,Out-of-District FTE Pupils,0.0
Collegiate Charter School of Lowell (District),2024,Out-of-District FTE Pupils,0.0
Community Charter School of Cambridge (District),2019,In-District FTE Pupils,330.1
Community Charter School of Cambridge (District),2020,In-District FTE Pupils,318.9
Community Charter School of Cambridge (District),2021,In-District FTE Pupils,304.8
Community Charter School of Cambridge (District),2022,In-District FTE Pupils,288.1
Community Charter School of Cambridge (District),2023,In-District FTE Pupils,256.5
Community Charter School of Cambridge (District),2024,In-District FTE Pupils,259.3
Community Charter School of Cambridge (District),2019,Out-of-District FTE Pupils,0.0
Community Charter School of Cambridge (District),2020,Out-of-District FTE Pupils,0.0
Community Charter School of Cambridge (District),2021,Out-of-District FTE Pupils,0.0
Community Charter School of Cambridge (District),2022,Out-of-District FTE Pupils,0.0
Community Charter School of Cambridge (District),2023,Out-of-District FTE Pupils,0.0
Community Charter School of Cambridge (District),2024,Out-of-District FTE Pupils,0.0
Community Day Charter Public School (District),2019,In-District FTE Pupils,400.0
Community Day Charter Public School (District),2020,In-District FTE Pupils,399.8
Community Day Charter Public School (District),2021,In-District FTE Pupils,399.9
Community Day Charter Public School (District),2022,In-District FTE Pupils,398.5
Community Day Charter Public School (District),2023,In-District FTE Pupils,1198.2
Community Day Charter Public School (District),2024,In-District FTE Pupils,1197.5
Community Day Charter Public School (District),2019,Out-of-District FTE Pupils,0.0
Community Day Charter Public School (District),2020,Out-of-District FTE Pupils,0.0
Community Day Charter Public School (District),2021,Out-of-District FTE Pupils,0.0
Community Day Charter Public School (District),2022,Out-of-District FTE Pupils,0.0
Community Day Charter Public School (District),2023,Out-of-District FTE Pupils,0.0
Community Day Charter Public School (District),2024,Out-of-District FTE Pupils,0.0
Community Day Charter Public School - Gateway (District),2019,In-District FTE Pupils,359.7
Community Day Charter Public School - Gateway (District),2020,In-District FTE Pupils,400.2
Community Day Charter Public School - Gateway (District),2021,In-District FTE Pupils,399.7
Community Day Charter Public School - Gateway (District),2022,In-District FTE Pupils,398.6
Community Day Charter Public School - Gateway (District),2019,Out-of-District FTE Pupils,0.0
Community Day Charter Public School - Gateway (District),2020,Out-of-District FTE Pupils,0.0
Community Day Charter Public School - Gateway (District),2021,Out-of-District FTE Pupils,0.0
Community Day Charter Public School - Gateway (District),2022,Out-of-District FTE Pupils,0.0
Community Day Charter Public School - R. Kingman Webster (District),2019,In-District FTE Pupils,359.9
Community Day Charter Public School - R. Kingman Webster (District),2020,In-District FTE Pupils,400.0
Community Day Charter Public School - R. Kingman Webster (District),2021,In-District FTE Pupils,399.7
Community Day Charter Public School - R. Kingman Webster (District),2022,In-District FTE Pupils,394.8
Community Day Charter Public School - R. Kingman Webster (District),2019,Out-of-District FTE Pupils,0.0
Community Day Charter Public School - R. Kingman Webster (District),2020,Out-of-District FTE Pupils,0.0
Community Day Charter Public School - R. Kingman Webster (District),2021,Out-of-District FTE Pupils,0.0
Community Day Charter Public School - R. Kingman Webster (District),2022,Out-of-District FTE Pupils,0.0
Concord,2009,In-District FTE Pupils,1871.8
Concord,2010,In-District FTE Pupils,1903.4
Concord,2011,In-District FTE Pupils,1943.7
Concord,2012,In-District FTE Pupils,1986.0
Concord,2013,In-District FTE Pupils,2138.9
Concord,2014,In-District FTE Pupils,2168.6
Concord,2015,In-District FTE Pupils,2094.9
Concord,2016,In-District FTE Pupils,2077.3
Concord,2017,In-District FTE Pupils,2115.7
Concord,2018,In-District FTE Pupils,2103.9
Concord,2019,In-District FTE Pupils,2102.3
Concord,2020,In-District FTE Pupils,2105.4
Concord,2021,In-District FTE Pupils,2012.8
Concord,2022,In-District FTE Pupils,2006.6
Concord,2023,In-District FTE Pupils,1955.7
Concord,2024,In-District FTE Pupils,1987.4
Concord,2009,Out-of-District FTE Pupils,53.1
Concord,2010,Out-of-District FTE Pupils,54.3
Concord,2011,Out-of-District FTE Pupils,35.1
Concord,2012,Out-of-District FTE Pupils,48.1
Concord,2013,Out-of-District FTE Pupils,45.0
Concord,2014,Out-of-District FTE Pupils,43.4
Concord,2015,Out-of-District FTE Pupils,44.6
Concord,2016,Out-of-District FTE Pupils,37.1
Concord,2017,Out-of-District FTE Pupils,42.0
Concord,2018,Out-of-District FTE Pupils,44.8
Concord,2019,Out-of-District FTE Pupils,45.2
Concord,2020,Out-of-District FTE Pupils,31.0
Concord,2021,Out-of-District FTE Pupils,25.0
Concord,2022,Out-of-District FTE Pupils,23.6
Concord,2023,Out-of-District FTE Pupils,24.1
Concord,2024,Out-of-District FTE Pupils,24.2
Concord-Carlisle,2009,In-District FTE Pupils,1233.8
Concord-Carlisle,2010,In-District FTE Pupils,1243.7
Concord-Carlisle,2011,In-District FTE Pupils,1202.5
Concord-Carlisle,2012,In-District FTE Pupils,1202.2
Concord-Carlisle,2013,In-District FTE Pupils,1216.9
Concord-Carlisle,2014,In-District FTE Pupils,1228.3
Concord-Carlisle,2015,In-District FTE Pupils,1257.7
Concord-Carlisle,2016,In-District FTE Pupils,1281.0
Concord-Carlisle,2017,In-District FTE Pupils,1273.8
Concord-Carlisle,2018,In-District FTE Pupils,1265.3
Concord-Carlisle,2019,In-District FTE Pupils,1253.4
Concord-Carlisle,2020,In-District FTE Pupils,1281.2
Concord-Carlisle,2021,In-District FTE Pupils,1315.4
Concord-Carlisle,2022,In-District FTE Pupils,1324.7
Concord-Carlisle,2023,In-District FTE Pupils,1290.0
Concord-Carlisle,2024,In-District FTE Pupils,1213.0
Concord-Carlisle,2009,Out-of-District FTE Pupils,38.6
Concord-Carlisle,2010,Out-of-District FTE Pupils,37.8
Concord-Carlisle,2011,Out-of-District FTE Pupils,44.9
Concord-Carlisle,2012,Out-of-District FTE Pupils,40.4
Concord-Carlisle,2013,Out-of-District FTE Pupils,48.7
Concord-Carlisle,2014,Out-of-District FTE Pupils,52.0
Concord-Carlisle,2015,Out-of-District FTE Pupils,48.6
Concord-Carlisle,2016,Out-of-District FTE Pupils,53.5
Concord-Carlisle,2017,Out-of-District FTE Pupils,51.0
Concord-Carlisle,2018,Out-of-District FTE Pupils,49.9
Concord-Carlisle,2019,Out-of-District FTE Pupils,44.8
Concord-Carlisle,2020,Out-of-District FTE Pupils,41.0
Concord-Carlisle,2021,Out-of-District FTE Pupils,32.2
Concord-Carlisle,2022,Out-of-District FTE Pupils,37.3
Concord-Carlisle,2023,Out-of-District FTE Pupils,39.5
Concord-Carlisle,2024,Out-of-District FTE Pupils,45.0
Conservatory Lab Charter (District),2019,In-District FTE Pupils,445.5
Conservatory Lab Charter (District),2020,In-District FTE Pupils,452.8
Conservatory Lab Charter (District),2021,In-District FTE Pupils,454.8
Conservatory Lab Charter (District),2022,In-District FTE Pupils,444.4
Conservatory Lab Charter (District),2023,In-District FTE Pupils,438.7
Conservatory Lab Charter (District),2024,In-District FTE Pupils,451.6
Conservatory Lab Charter (District),2019,Out-of-District FTE Pupils,0.0
Conservatory Lab Charter (District),2020,Out-of-District FTE Pupils,0.0
Conservatory Lab Charter (District),2021,Out-of-District FTE Pupils,0.0
Conservatory Lab Charter (District),2022,Out-of-District FTE Pupils,0.0
Conservatory Lab Charter (District),2023,Out-of-District FTE Pupils,0.0
Conservatory Lab Charter (District),2024,Out-of-District FTE Pupils,0.0
Conway,2009,In-District FTE Pupils,172.4
Conway,2010,In-District FTE Pupils,185.3
Conway,2011,In-District FTE Pupils,179.3
Conway,2012,In-District FTE Pupils,181.6
Conway,2013,In-District FTE Pupils,182.8
Conway,2014,In-District FTE Pupils,171.7
Conway,2015,In-District FTE Pupils,168.0
Conway,2016,In-District FTE Pupils,151.9
Conway,2017,In-District FTE Pupils,142.9
Conway,2018,In-District FTE Pupils,138.8
Conway,2019,In-District FTE Pupils,134.5
Conway,2020,In-District FTE Pupils,133.7
Conway,2021,In-District FTE Pupils,127.0
Conway,2022,In-District FTE Pupils,145.3
Conway,2023,In-District FTE Pupils,133.5
Conway,2024,In-District FTE Pupils,146.1
Conway,2009,Out-of-District FTE Pupils,12.9
Conway,2010,Out-of-District FTE Pupils,14.5
Conway,2011,Out-of-District FTE Pupils,12.9
Conway,2012,Out-of-District FTE Pupils,18.4
Conway,2013,Out-of-District FTE Pupils,9.6
Conway,2014,Out-of-District FTE Pupils,9.0
Conway,2015,Out-of-District FTE Pupils,11.1
Conway,2016,Out-of-District FTE Pupils,15.5
Conway,2017,Out-of-District FTE Pupils,19.8
Conway,2018,Out-of-District FTE Pupils,14.0
Conway,2019,Out-of-District FTE Pupils,10.3
Conway,2020,Out-of-District FTE Pupils,8.2
Conway,2021,Out-of-District FTE Pupils,8.4
Conway,2022,Out-of-District FTE Pupils,7.0
Conway,2023,Out-of-District FTE Pupils,12.6
Conway,2024,Out-of-District FTE Pupils,8.7
Danvers,2009,In-District FTE Pupils,3591.6
Danvers,2010,In-District FTE Pupils,3633.3
Danvers,2011,In-District FTE Pupils,3644.9
Danvers,2012,In-District FTE Pupils,3602.4
Danvers,2013,In-District FTE Pupils,3593.9
Danvers,2014,In-District FTE Pupils,3640.3
Danvers,2015,In-District FTE Pupils,3564.9
Danvers,2016,In-District FTE Pupils,3571.5
Danvers,2017,In-District FTE Pupils,3522.5
Danvers,2018,In-District FTE Pupils,3486.1
Danvers,2019,In-District FTE Pupils,3483.9
Danvers,2020,In-District FTE Pupils,3412.7
Danvers,2021,In-District FTE Pupils,3305.7
Danvers,2022,In-District FTE Pupils,3246.5
Danvers,2023,In-District FTE Pupils,3238.1
Danvers,2024,In-District FTE Pupils,3304.8
Danvers,2009,Out-of-District FTE Pupils,125.9
Danvers,2010,Out-of-District FTE Pupils,130.6
Danvers,2011,Out-of-District FTE Pupils,116.6
Danvers,2012,Out-of-District FTE Pupils,121.8
Danvers,2013,Out-of-District FTE Pupils,126.2
Danvers,2014,Out-of-District FTE Pupils,122.9
Danvers,2015,Out-of-District FTE Pupils,112.2
Danvers,2016,Out-of-District FTE Pupils,114.9
Danvers,2017,Out-of-District FTE Pupils,110.3
Danvers,2018,Out-of-District FTE Pupils,108.4
Danvers,2019,Out-of-District FTE Pupils,119.2
Danvers,2020,Out-of-District FTE Pupils,125.5
Danvers,2021,Out-of-District FTE Pupils,124.1
Danvers,2022,Out-of-District FTE Pupils,131.4
Danvers,2023,Out-of-District FTE Pupils,146.1
Danvers,2024,Out-of-District FTE Pupils,146.7
Dartmouth,2009,In-District FTE Pupils,4070.1
Dartmouth,2010,In-District FTE Pupils,3986.1
Dartmouth,2011,In-District FTE Pupils,3948.1
Dartmouth,2012,In-District FTE Pupils,3834.2
Dartmouth,2013,In-District FTE Pupils,3745.0
Dartmouth,2014,In-District FTE Pupils,3726.7
Dartmouth,2015,In-District FTE Pupils,3697.9
Dartmouth,2016,In-District FTE Pupils,3665.5
Dartmouth,2017,In-District FTE Pupils,3652.0
Dartmouth,2018,In-District FTE Pupils,3681.3
Dartmouth,2019,In-District FTE Pupils,3649.3
Dartmouth,2020,In-District FTE Pupils,3591.4
Dartmouth,2021,In-District FTE Pupils,3444.0
Dartmouth,2022,In-District FTE Pupils,3428.6
Dartmouth,2023,In-District FTE Pupils,3389.2
Dartmouth,2024,In-District FTE Pupils,3394.6
Dartmouth,2009,Out-of-District FTE Pupils,54.5
Dartmouth,2010,Out-of-District FTE Pupils,56.5
Dartmouth,2011,Out-of-District FTE Pupils,49.0
Dartmouth,2012,Out-of-District FTE Pupils,47.1
Dartmouth,2013,Out-of-District FTE Pupils,50.3
Dartmouth,2014,Out-of-District FTE Pupils,58.8
Dartmouth,2015,Out-of-District FTE Pupils,61.3
Dartmouth,2016,Out-of-District FTE Pupils,72.2
Dartmouth,2017,Out-of-District FTE Pupils,70.4
Dartmouth,2018,Out-of-District FTE Pupils,78.9
Dartmouth,2019,Out-of-District FTE Pupils,85.9
Dartmouth,2020,Out-of-District FTE Pupils,84.7
Dartmouth,2021,Out-of-District FTE Pupils,96.9
Dartmouth,2022,Out-of-District FTE Pupils,115.3
Dartmouth,2023,Out-of-District FTE Pupils,123.6
Dartmouth,2024,Out-of-District FTE Pupils,111.9
Dedham,2009,In-District FTE Pupils,2843.2
Dedham,2010,In-District FTE Pupils,2883.1
Dedham,2011,In-District FTE Pupils,2866.6
Dedham,2012,In-District FTE Pupils,2817.9
Dedham,2013,In-District FTE Pupils,2795.8
Dedham,2014,In-District FTE Pupils,2748.9
Dedham,2015,In-District FTE Pupils,2741.8
Dedham,2016,In-District FTE Pupils,2696.6
Dedham,2017,In-District FTE Pupils,2672.2
Dedham,2018,In-District FTE Pupils,2672.9
Dedham,2019,In-District FTE Pupils,2676.2
Dedham,2020,In-District FTE Pupils,2745.3
Dedham,2021,In-District FTE Pupils,2548.7
Dedham,2022,In-District FTE Pupils,2588.3
Dedham,2023,In-District FTE Pupils,2562.6
Dedham,2024,In-District FTE Pupils,2674.0
Dedham,2009,Out-of-District FTE Pupils,93.3
Dedham,2010,Out-of-District FTE Pupils,96.0
Dedham,2011,Out-of-District FTE Pupils,95.0
Dedham,2012,Out-of-District FTE Pupils,105.8
Dedham,2013,Out-of-District FTE Pupils,108.1
Dedham,2014,Out-of-District FTE Pupils,105.8
Dedham,2015,Out-of-District FTE Pupils,92.9
Dedham,2016,Out-of-District FTE Pupils,92.7
Dedham,2017,Out-of-District FTE Pupils,92.0
Dedham,2018,Out-of-District FTE Pupils,81.2
Dedham,2019,Out-of-District FTE Pupils,88.5
Dedham,2020,Out-of-District FTE Pupils,98.4
Dedham,2021,Out-of-District FTE Pupils,110.0
Dedham,2022,Out-of-District FTE Pupils,124.4
Dedham,2023,Out-of-District FTE Pupils,75.6
Dedham,2024,Out-of-District FTE Pupils,131.0
Deerfield,2009,In-District FTE Pupils,488.1
Deerfield,2010,In-District FTE Pupils,493.4
Deerfield,2011,In-District FTE Pupils,478.2
Deerfield,2012,In-District FTE Pupils,460.5
Deerfield,2013,In-District FTE Pupils,438.0
Deerfield,2014,In-District FTE Pupils,433.3
Deerfield,2015,In-District FTE Pupils,430.9
Deerfield,2016,In-District FTE Pupils,398.8
Deerfield,2017,In-District FTE Pupils,408.2
Deerfield,2018,In-District FTE Pupils,407.8
Deerfield,2019,In-District FTE Pupils,395.5
Deerfield,2020,In-District FTE Pupils,390.3
Deerfield,2021,In-District FTE Pupils,318.5
Deerfield,2022,In-District FTE Pupils,330.0
Deerfield,2023,In-District FTE Pupils,332.1
Deerfield,2024,In-District FTE Pupils,316.7
Deerfield,2009,Out-of-District FTE Pupils,17.6
Deerfield,2010,Out-of-District FTE Pupils,22.6
Deerfield,2011,Out-of-District FTE Pupils,26.7
Deerfield,2012,Out-of-District FTE Pupils,17.4
Deerfield,2013,Out-of-District FTE Pupils,23.7
Deerfield,2014,Out-of-District FTE Pupils,21.7
Deerfield,2015,Out-of-District FTE Pupils,29.5
Deerfield,2016,Out-of-District FTE Pupils,31.4
Deerfield,2017,Out-of-District FTE Pupils,35.7
Deerfield,2018,Out-of-District FTE Pupils,35.7
Deerfield,2019,Out-of-District FTE Pupils,36.2
Deerfield,2020,Out-of-District FTE Pupils,32.5
Deerfield,2021,Out-of-District FTE Pupils,32.8
Deerfield,2022,Out-of-District FTE Pupils,42.6
Deerfield,2023,Out-of-District FTE Pupils,47.9
Deerfield,2024,Out-of-District FTE Pupils,38.1
Dennis-Yarmouth,2009,In-District FTE Pupils,3394.3
Dennis-Yarmouth,2010,In-District FTE Pupils,3283.8
Dennis-Yarmouth,2011,In-District FTE Pupils,3128.9
Dennis-Yarmouth,2012,In-District FTE Pupils,3004.3
Dennis-Yarmouth,2013,In-District FTE Pupils,2999.9
Dennis-Yarmouth,2014,In-District FTE Pupils,2965.3
Dennis-Yarmouth,2015,In-District FTE Pupils,2964.4
Dennis-Yarmouth,2016,In-District FTE Pupils,3033.3
Dennis-Yarmouth,2017,In-District FTE Pupils,2987.7
Dennis-Yarmouth,2018,In-District FTE Pupils,3000.6
Dennis-Yarmouth,2019,In-District FTE Pupils,2956.0
Dennis-Yarmouth,2020,In-District FTE Pupils,2898.5
Dennis-Yarmouth,2021,In-District FTE Pupils,2737.2
Dennis-Yarmouth,2022,In-District FTE Pupils,2794.9
Dennis-Yarmouth,2023,In-District FTE Pupils,2854.6
Dennis-Yarmouth,2024,In-District FTE Pupils,2976.8
Dennis-Yarmouth,2009,Out-of-District FTE Pupils,409.6
Dennis-Yarmouth,2010,Out-of-District FTE Pupils,453.1
Dennis-Yarmouth,2011,Out-of-District FTE Pupils,495.2
Dennis-Yarmouth,2012,Out-of-District FTE Pupils,524.5
Dennis-Yarmouth,2013,Out-of-District FTE Pupils,563.4
Dennis-Yarmouth,2014,Out-of-District FTE Pupils,564.0
Dennis-Yarmouth,2015,Out-of-District FTE Pupils,552.6
Dennis-Yarmouth,2016,Out-of-District FTE Pupils,543.9
Dennis-Yarmouth,2017,Out-of-District FTE Pupils,555.1
Dennis-Yarmouth,2018,Out-of-District FTE Pupils,553.0
Dennis-Yarmouth,2019,Out-of-District FTE Pupils,566.7
Dennis-Yarmouth,2020,Out-of-District FTE Pupils,617.4
Dennis-Yarmouth,2021,Out-of-District FTE Pupils,562.7
Dennis-Yarmouth,2022,Out-of-District FTE Pupils,563.5
Dennis-Yarmouth,2023,Out-of-District FTE Pupils,550.3
Dennis-Yarmouth,2024,Out-of-District FTE Pupils,500.9
Dighton-Rehoboth,2009,In-District FTE Pupils,3308.5
Dighton-Rehoboth,2010,In-District FTE Pupils,3249.1
Dighton-Rehoboth,2011,In-District FTE Pupils,3174.0
Dighton-Rehoboth,2012,In-District FTE Pupils,3147.0
Dighton-Rehoboth,2013,In-District FTE Pupils,3019.7
Dighton-Rehoboth,2014,In-District FTE Pupils,2980.7
Dighton-Rehoboth,2015,In-District FTE Pupils,2899.7
Dighton-Rehoboth,2016,In-District FTE Pupils,2868.6
Dighton-Rehoboth,2017,In-District FTE Pupils,2893.6
Dighton-Rehoboth,2018,In-District FTE Pupils,2895.1
Dighton-Rehoboth,2019,In-District FTE Pupils,2913.5
Dighton-Rehoboth,2020,In-District FTE Pupils,2857.6
Dighton-Rehoboth,2021,In-District FTE Pupils,2630.8
Dighton-Rehoboth,2022,In-District FTE Pupils,2620.0
Dighton-Rehoboth,2023,In-District FTE Pupils,2567.6
Dighton-Rehoboth,2024,In-District FTE Pupils,2584.9
Dighton-Rehoboth,2009,Out-of-District FTE Pupils,20.8
Dighton-Rehoboth,2010,Out-of-District FTE Pupils,27.9
Dighton-Rehoboth,2011,Out-of-District FTE Pupils,57.5
Dighton-Rehoboth,2012,Out-of-District FTE Pupils,67.1
Dighton-Rehoboth,2013,Out-of-District FTE Pupils,70.9
Dighton-Rehoboth,2014,Out-of-District FTE Pupils,44.5
Dighton-Rehoboth,2015,Out-of-District FTE Pupils,50.5
Dighton-Rehoboth,2016,Out-of-District FTE Pupils,58.8
Dighton-Rehoboth,2017,Out-of-District FTE Pupils,62.8
Dighton-Rehoboth,2018,Out-of-District FTE Pupils,68.7
Dighton-Rehoboth,2019,Out-of-District FTE Pupils,77.9
Dighton-Rehoboth,2020,Out-of-District FTE Pupils,80.7
Dighton-Rehoboth,2021,Out-of-District FTE Pupils,90.8
Dighton-Rehoboth,2022,Out-of-District FTE Pupils,87.6
Dighton-Rehoboth,2023,Out-of-District FTE Pupils,85.9
Dighton-Rehoboth,2024,Out-of-District FTE Pupils,98.7
Douglas,2009,In-District FTE Pupils,1771.5
Douglas,2010,In-District FTE Pupils,1766.8
Douglas,2011,In-District FTE Pupils,1721.6
Douglas,2012,In-District FTE Pupils,1659.2
Douglas,2013,In-District FTE Pupils,1644.9
Douglas,2014,In-District FTE Pupils,1595.7
Douglas,2015,In-District FTE Pupils,1530.8
Douglas,2016,In-District FTE Pupils,1443.2
Douglas,2017,In-District FTE Pupils,1352.1
Douglas,2018,In-District FTE Pupils,1296.7
Douglas,2019,In-District FTE Pupils,1275.7
Douglas,2020,In-District FTE Pupils,1284.6
Douglas,2021,In-District FTE Pupils,1148.4
Douglas,2022,In-District FTE Pupils,1174.6
Douglas,2023,In-District FTE Pupils,1159.3
Douglas,2024,In-District FTE Pupils,1130.0
Douglas,2009,Out-of-District FTE Pupils,46.7
Douglas,2010,Out-of-District FTE Pupils,45.5
Douglas,2011,Out-of-District FTE Pupils,54.8
Douglas,2012,Out-of-District FTE Pupils,55.2
Douglas,2013,Out-of-District FTE Pupils,60.4
Douglas,2014,Out-of-District FTE Pupils,71.6
Douglas,2015,Out-of-District FTE Pupils,63.8
Douglas,2016,Out-of-District FTE Pupils,68.1
Douglas,2017,Out-of-District FTE Pupils,89.0
Douglas,2018,Out-of-District FTE Pupils,99.5
Douglas,2019,Out-of-District FTE Pupils,89.7
Douglas,2020,Out-of-District FTE Pupils,85.5
Douglas,2021,Out-of-District FTE Pupils,94.0
Douglas,2022,Out-of-District FTE Pupils,79.7
Douglas,2023,Out-of-District FTE Pupils,89.6
Douglas,2024,Out-of-District FTE Pupils,76.6
Dover,2009,In-District FTE Pupils,592.7
Dover,2010,In-District FTE Pupils,581.2
Dover,2011,In-District FTE Pupils,552.4
Dover,2012,In-District FTE Pupils,521.5
Dover,2013,In-District FTE Pupils,527.0
Dover,2014,In-District FTE Pupils,508.3
Dover,2015,In-District FTE Pupils,476.3
Dover,2016,In-District FTE Pupils,480.6
Dover,2017,In-District FTE Pupils,488.6
Dover,2018,In-District FTE Pupils,496.9
Dover,2019,In-District FTE Pupils,500.7
Dover,2020,In-District FTE Pupils,493.7
Dover,2021,In-District FTE Pupils,482.0
Dover,2022,In-District FTE Pupils,501.3
Dover,2023,In-District FTE Pupils,511.4
Dover,2024,In-District FTE Pupils,508.7
Dover,2009,Out-of-District FTE Pupils,9.5
Dover,2010,Out-of-District FTE Pupils,9.5
Dover,2011,Out-of-District FTE Pupils,6.1
Dover,2012,Out-of-District FTE Pupils,11.0
Dover,2013,Out-of-District FTE Pupils,13.8
Dover,2014,Out-of-District FTE Pupils,18.4
Dover,2015,Out-of-District FTE Pupils,18.8
Dover,2016,Out-of-District FTE Pupils,11.5
Dover,2017,Out-of-District FTE Pupils,10.2
Dover,2018,Out-of-District FTE Pupils,9.2
Dover,2019,Out-of-District FTE Pupils,9.2
Dover,2020,Out-of-District FTE Pupils,5.0
Dover,2021,Out-of-District FTE Pupils,10.8
Dover,2022,Out-of-District FTE Pupils,6.6
Dover,2023,Out-of-District FTE Pupils,5.4
Dover,2024,Out-of-District FTE Pupils,9.0
Dover-Sherborn,2009,In-District FTE Pupils,1100.8
Dover-Sherborn,2010,In-District FTE Pupils,1139.8
Dover-Sherborn,2011,In-District FTE Pupils,1140.4
Dover-Sherborn,2012,In-District FTE Pupils,1181.3
Dover-Sherborn,2013,In-District FTE Pupils,1157.2
Dover-Sherborn,2014,In-District FTE Pupils,1163.1
Dover-Sherborn,2015,In-District FTE Pupils,1169.6
Dover-Sherborn,2016,In-District FTE Pupils,1169.2
Dover-Sherborn,2017,In-District FTE Pupils,1160.9
Dover-Sherborn,2018,In-District FTE Pupils,1175.0
Dover-Sherborn,2019,In-District FTE Pupils,1181.2
Dover-Sherborn,2020,In-District FTE Pupils,1204.7
Dover-Sherborn,2021,In-District FTE Pupils,1177.7
Dover-Sherborn,2022,In-District FTE Pupils,1173.3
Dover-Sherborn,2023,In-District FTE Pupils,1142.5
Dover-Sherborn,2024,In-District FTE Pupils,1124.0
Dover-Sherborn,2009,Out-of-District FTE Pupils,32.5
Dover-Sherborn,2010,Out-of-District FTE Pupils,32.5
Dover-Sherborn,2011,Out-of-District FTE Pupils,36.2
Dover-Sherborn,2012,Out-of-District FTE Pupils,31.8
Dover-Sherborn,2013,Out-of-District FTE Pupils,37.2
Dover-Sherborn,2014,Out-of-District FTE Pupils,36.4
Dover-Sherborn,2015,Out-of-District FTE Pupils,36.4
Dover-Sherborn,2016,Out-of-District FTE Pupils,40.7
Dover-Sherborn,2017,Out-of-District FTE Pupils,35.2
Dover-Sherborn,2018,Out-of-District FTE Pupils,35.7
Dover-Sherborn,2019,Out-of-District FTE Pupils,33.4
Dover-Sherborn,2020,Out-of-District FTE Pupils,47.3
Dover-Sherborn,2021,Out-of-District FTE Pupils,41.9
Dover-Sherborn,2022,Out-of-District FTE Pupils,30.3
Dover-Sherborn,2023,Out-of-District FTE Pupils,33.3
Dover-Sherborn,2024,Out-of-District FTE Pupils,28.5
Dracut,2009,In-District FTE Pupils,4184.1
Dracut,2010,In-District FTE Pupils,4119.1
Dracut,2011,In-District FTE Pupils,4029.3
Dracut,2012,In-District FTE Pupils,3957.7
Dracut,2013,In-District FTE Pupils,3839.0
Dracut,2014,In-District FTE Pupils,3793.4
Dracut,2015,In-District FTE Pupils,3672.6
Dracut,2016,In-District FTE Pupils,3591.7
Dracut,2017,In-District FTE Pupils,3544.1
Dracut,2018,In-District FTE Pupils,3584.7
Dracut,2019,In-District FTE Pupils,3661.9
Dracut,2020,In-District FTE Pupils,3709.6
Dracut,2021,In-District FTE Pupils,3673.9
Dracut,2022,In-District FTE Pupils,3676.6
Dracut,2023,In-District FTE Pupils,3612.3
Dracut,2024,In-District FTE Pupils,3588.6
Dracut,2009,Out-of-District FTE Pupils,107.6
Dracut,2010,Out-of-District FTE Pupils,114.1
Dracut,2011,Out-of-District FTE Pupils,137.5
Dracut,2012,Out-of-District FTE Pupils,131.0
Dracut,2013,Out-of-District FTE Pupils,180.4
Dracut,2014,Out-of-District FTE Pupils,223.9
Dracut,2015,Out-of-District FTE Pupils,259.4
Dracut,2016,Out-of-District FTE Pupils,314.2
Dracut,2017,Out-of-District FTE Pupils,349.2
Dracut,2018,Out-of-District FTE Pupils,380.5
Dracut,2019,Out-of-District FTE Pupils,393.9
Dracut,2020,Out-of-District FTE Pupils,369.4
Dracut,2021,Out-of-District FTE Pupils,382.7
Dracut,2022,Out-of-District FTE Pupils,376.3
Dracut,2023,Out-of-District FTE Pupils,383.2
Dracut,2024,Out-of-District FTE Pupils,372.2
Dudley Street Neighborhood Charter School (District),2019,In-District FTE Pupils,527.5
Dudley Street Neighborhood Charter School (District),2020,In-District FTE Pupils,531.1
Dudley Street Neighborhood Charter School (District),2021,In-District FTE Pupils,279.5
Dudley Street Neighborhood Charter School (District),2022,In-District FTE Pupils,284.5
Dudley Street Neighborhood Charter School (District),2023,In-District FTE Pupils,552.1
Dudley Street Neighborhood Charter School (District),2024,In-District FTE Pupils,333.3
Dudley Street Neighborhood Charter School (District),2019,Out-of-District FTE Pupils,0.0
Dudley Street Neighborhood Charter School (District),2020,Out-of-District FTE Pupils,0.0
Dudley Street Neighborhood Charter School (District),2021,Out-of-District FTE Pupils,0.0
Dudley Street Neighborhood Charter School (District),2022,Out-of-District FTE Pupils,0.0
Dudley Street Neighborhood Charter School (District),2023,Out-of-District FTE Pupils,0.0
Dudley Street Neighborhood Charter School (District),2024,Out-of-District FTE Pupils,0.0
Dudley-Charlton Reg,2009,In-District FTE Pupils,4374.4
Dudley-Charlton Reg,2010,In-District FTE Pupils,4330.9
Dudley-Charlton Reg,2011,In-District FTE Pupils,4265.2
Dudley-Charlton Reg,2012,In-District FTE Pupils,4142.1
Dudley-Charlton Reg,2013,In-District FTE Pupils,4035.7
Dudley-Charlton Reg,2014,In-District FTE Pupils,4046.0
Dudley-Charlton Reg,2015,In-District FTE Pupils,4000.0
Dudley-Charlton Reg,2016,In-District FTE Pupils,3989.3
Dudley-Charlton Reg,2017,In-District FTE Pupils,3966.0
Dudley-Charlton Reg,2018,In-District FTE Pupils,3931.6
Dudley-Charlton Reg,2019,In-District FTE Pupils,3817.9
Dudley-Charlton Reg,2020,In-District FTE Pupils,3716.8
Dudley-Charlton Reg,2021,In-District FTE Pupils,3474.6
Dudley-Charlton Reg,2022,In-District FTE Pupils,3494.6
Dudley-Charlton Reg,2023,In-District FTE Pupils,3471.2
Dudley-Charlton Reg,2024,In-District FTE Pupils,3478.1
Dudley-Charlton Reg,2009,Out-of-District FTE Pupils,79.1
Dudley-Charlton Reg,2010,Out-of-District FTE Pupils,88.0
Dudley-Charlton Reg,2011,Out-of-District FTE Pupils,92.8
Dudley-Charlton Reg,2012,Out-of-District FTE Pupils,88.2
Dudley-Charlton Reg,2013,Out-of-District FTE Pupils,97.0
Dudley-Charlton Reg,2014,Out-of-District FTE Pupils,92.2
Dudley-Charlton Reg,2015,Out-of-District FTE Pupils,92.5
Dudley-Charlton Reg,2016,Out-of-District FTE Pupils,103.6
Dudley-Charlton Reg,2017,Out-of-District FTE Pupils,92.9
Dudley-Charlton Reg,2018,Out-of-District FTE Pupils,100.4
Dudley-Charlton Reg,2019,Out-of-District FTE Pupils,99.5
Dudley-Charlton Reg,2020,Out-of-District FTE Pupils,112.4
Dudley-Charlton Reg,2021,Out-of-District FTE Pupils,112.9
Dudley-Charlton Reg,2022,Out-of-District FTE Pupils,110.4
Dudley-Charlton Reg,2023,Out-of-District FTE Pupils,96.4
Dudley-Charlton Reg,2024,Out-of-District FTE Pupils,90.2
Duxbury,2009,In-District FTE Pupils,3351.6
Duxbury,2010,In-District FTE Pupils,3254.6
Duxbury,2011,In-District FTE Pupils,3173.9
Duxbury,2012,In-District FTE Pupils,3179.1
Duxbury,2013,In-District FTE Pupils,3191.3
Duxbury,2014,In-District FTE Pupils,3235.8
Duxbury,2015,In-District FTE Pupils,3204.4
Duxbury,2016,In-District FTE Pupils,3169.5
Duxbury,2017,In-District FTE Pupils,3108.2
Duxbury,2018,In-District FTE Pupils,3070.1
Duxbury,2019,In-District FTE Pupils,2999.9
Duxbury,2020,In-District FTE Pupils,2969.9
Duxbury,2021,In-District FTE Pupils,2786.9
Duxbury,2022,In-District FTE Pupils,2801.8
Duxbury,2023,In-District FTE Pupils,2789.1
Duxbury,2024,In-District FTE Pupils,2739.8
Duxbury,2009,Out-of-District FTE Pupils,35.2
Duxbury,2010,Out-of-District FTE Pupils,34.7
Duxbury,2011,Out-of-District FTE Pupils,27.6
Duxbury,2012,Out-of-District FTE Pupils,34.7
Duxbury,2013,Out-of-District FTE Pupils,30.6
Duxbury,2014,Out-of-District FTE Pupils,41.0
Duxbury,2015,Out-of-District FTE Pupils,41.1
Duxbury,2016,Out-of-District FTE Pupils,41.7
Duxbury,2017,Out-of-District FTE Pupils,45.2
Duxbury,2018,Out-of-District FTE Pupils,51.7
Duxbury,2019,Out-of-District FTE Pupils,47.5
Duxbury,2020,Out-of-District FTE Pupils,62.6
Duxbury,2021,Out-of-District FTE Pupils,57.8
Duxbury,2022,Out-of-District FTE Pupils,53.4
Duxbury,2023,Out-of-District FTE Pupils,51.7
Duxbury,2024,Out-of-District FTE Pupils,46.5
East Bridgewater,2009,In-District FTE Pupils,2412.9
East Bridgewater,2010,In-District FTE Pupils,2381.5
East Bridgewater,2011,In-District FTE Pupils,2303.0
East Bridgewater,2012,In-District FTE Pupils,2278.3
East Bridgewater,2013,In-District FTE Pupils,2253.2
East Bridgewater,2014,In-District FTE Pupils,2290.1
East Bridgewater,2015,In-District FTE Pupils,2280.8
East Bridgewater,2016,In-District FTE Pupils,2290.1
East Bridgewater,2017,In-District FTE Pupils,2317.0
East Bridgewater,2018,In-District FTE Pupils,2289.9
East Bridgewater,2019,In-District FTE Pupils,2251.7
East Bridgewater,2020,In-District FTE Pupils,2216.0
East Bridgewater,2021,In-District FTE Pupils,2077.3
East Bridgewater,2022,In-District FTE Pupils,2107.2
East Bridgewater,2023,In-District FTE Pupils,2050.9
East Bridgewater,2024,In-District FTE Pupils,2010.8
East Bridgewater,2009,Out-of-District FTE Pupils,75.9
East Bridgewater,2010,Out-of-District FTE Pupils,77.9
East Bridgewater,2011,Out-of-District FTE Pupils,86.1
East Bridgewater,2012,Out-of-District FTE Pupils,78.6
East Bridgewater,2013,Out-of-District FTE Pupils,69.4
East Bridgewater,2014,Out-of-District FTE Pupils,75.8
East Bridgewater,2015,Out-of-District FTE Pupils,77.6
East Bridgewater,2016,Out-of-District FTE Pupils,66.2
East Bridgewater,2017,Out-of-District FTE Pupils,70.0
East Bridgewater,2018,Out-of-District FTE Pupils,79.2
East Bridgewater,2019,Out-of-District FTE Pupils,81.5
East Bridgewater,2020,Out-of-District FTE Pupils,93.3
East Bridgewater,2021,Out-of-District FTE Pupils,93.1
East Bridgewater,2022,Out-of-District FTE Pupils,99.3
East Bridgewater,2023,Out-of-District FTE Pupils,97.5
East Bridgewater,2024,Out-of-District FTE Pupils,96.1
East Longmeadow,2009,In-District FTE Pupils,2846.9
East Longmeadow,2010,In-District FTE Pupils,2847.1
East Longmeadow,2011,In-District FTE Pupils,2843.5
East Longmeadow,2012,In-District FTE Pupils,2789.5
East Longmeadow,2013,In-District FTE Pupils,2724.2
East Longmeadow,2014,In-District FTE Pupils,2692.7
East Longmeadow,2015,In-District FTE Pupils,2670.7
East Longmeadow,2016,In-District FTE Pupils,2638.6
East Longmeadow,2017,In-District FTE Pupils,2633.4
East Longmeadow,2018,In-District FTE Pupils,2670.8
East Longmeadow,2019,In-District FTE Pupils,2637.8
East Longmeadow,2020,In-District FTE Pupils,2595.1
East Longmeadow,2021,In-District FTE Pupils,2415.1
East Longmeadow,2022,In-District FTE Pupils,2511.1
East Longmeadow,2023,In-District FTE Pupils,2556.0
East Longmeadow,2024,In-District FTE Pupils,2502.7
East Longmeadow,2009,Out-of-District FTE Pupils,101.8
East Longmeadow,2010,Out-of-District FTE Pupils,106.4
East Longmeadow,2011,Out-of-District FTE Pupils,84.2
East Longmeadow,2012,Out-of-District FTE Pupils,92.7
East Longmeadow,2013,Out-of-District FTE Pupils,90.7
East Longmeadow,2014,Out-of-District FTE Pupils,83.8
East Longmeadow,2015,Out-of-District FTE Pupils,77.3
East Longmeadow,2016,Out-of-District FTE Pupils,79.9
East Longmeadow,2017,Out-of-District FTE Pupils,83.5
East Longmeadow,2018,Out-of-District FTE Pupils,92.1
East Longmeadow,2019,Out-of-District FTE Pupils,90.0
East Longmeadow,2020,Out-of-District FTE Pupils,91.3
East Longmeadow,2021,Out-of-District FTE Pupils,78.5
East Longmeadow,2022,Out-of-District FTE Pupils,94.4
East Longmeadow,2023,Out-of-District FTE Pupils,79.1
East Longmeadow,2024,Out-of-District FTE Pupils,97.1
Eastham,2009,In-District FTE Pupils,220.4
Eastham,2010,In-District FTE Pupils,222.1
Eastham,2011,In-District FTE Pupils,215.6
Eastham,2012,In-District FTE Pupils,206.6
Eastham,2013,In-District FTE Pupils,206.2
Eastham,2014,In-District FTE Pupils,204.6
Eastham,2015,In-District FTE Pupils,174.8
Eastham,2016,In-District FTE Pupils,169.7
Eastham,2017,In-District FTE Pupils,181.6
Eastham,2018,In-District FTE Pupils,176.9
Eastham,2019,In-District FTE Pupils,170.1
Eastham,2020,In-District FTE Pupils,198.4
Eastham,2021,In-District FTE Pupils,189.4
Eastham,2022,In-District FTE Pupils,190.3
Eastham,2023,In-District FTE Pupils,192.6
Eastham,2024,In-District FTE Pupils,179.4
Eastham,2009,Out-of-District FTE Pupils,14.7
Eastham,2010,Out-of-District FTE Pupils,16.4
Eastham,2011,Out-of-District FTE Pupils,20.8
Eastham,2012,Out-of-District FTE Pupils,20.1
Eastham,2013,Out-of-District FTE Pupils,15.0
Eastham,2014,Out-of-District FTE Pupils,13.7
Eastham,2015,Out-of-District FTE Pupils,14.6
Eastham,2016,Out-of-District FTE Pupils,14.4
Eastham,2017,Out-of-District FTE Pupils,19.1
Eastham,2018,Out-of-District FTE Pupils,14.5
Eastham,2019,Out-of-District FTE Pupils,18.3
Eastham,2020,Out-of-District FTE Pupils,19.9
Eastham,2021,Out-of-District FTE Pupils,16.2
Eastham,2022,Out-of-District FTE Pupils,20.0
Eastham,2023,Out-of-District FTE Pupils,20.7
Eastham,2024,Out-of-District FTE Pupils,37.0
Easthampton,2009,In-District FTE Pupils,1655.1
Easthampton,2010,In-District FTE Pupils,1577.5
Easthampton,2011,In-District FTE Pupils,1584.0
Easthampton,2012,In-District FTE Pupils,1597.2
Easthampton,2013,In-District FTE Pupils,1601.0
Easthampton,2014,In-District FTE Pupils,1563.9
Easthampton,2015,In-District FTE Pupils,1529.1
Easthampton,2016,In-District FTE Pupils,1534.7
Easthampton,2017,In-District FTE Pupils,1553.6
Easthampton,2018,In-District FTE Pupils,1557.0
Easthampton,2019,In-District FTE Pupils,1566.1
Easthampton,2020,In-District FTE Pupils,1542.5
Easthampton,2021,In-District FTE Pupils,1428.1
Easthampton,2022,In-District FTE Pupils,1421.7
Easthampton,2023,In-District FTE Pupils,1415.9
Easthampton,2024,In-District FTE Pupils,1403.7
Easthampton,2009,Out-of-District FTE Pupils,312.0
Easthampton,2010,Out-of-District FTE Pupils,336.8
Easthampton,2011,Out-of-District FTE Pupils,309.6
Easthampton,2012,Out-of-District FTE Pupils,316.0
Easthampton,2013,Out-of-District FTE Pupils,319.5
Easthampton,2014,Out-of-District FTE Pupils,309.8
Easthampton,2015,Out-of-District FTE Pupils,338.4
Easthampton,2016,Out-of-District FTE Pupils,345.3
Easthampton,2017,Out-of-District FTE Pupils,336.0
Easthampton,2018,Out-of-District FTE Pupils,313.3
Easthampton,2019,Out-of-District FTE Pupils,333.4
Easthampton,2020,Out-of-District FTE Pupils,326.2
Easthampton,2021,Out-of-District FTE Pupils,329.5
Easthampton,2022,Out-of-District FTE Pupils,330.9
Easthampton,2023,Out-of-District FTE Pupils,306.1
Easthampton,2024,Out-of-District FTE Pupils,308.0
Easton,2009,In-District FTE Pupils,3952.4
Easton,2010,In-District FTE Pupils,3932.6
Easton,2011,In-District FTE Pupils,3858.0
Easton,2012,In-District FTE Pupils,3873.0
Easton,2013,In-District FTE Pupils,3852.7
Easton,2014,In-District FTE Pupils,3820.5
Easton,2015,In-District FTE Pupils,3760.7
Easton,2016,In-District FTE Pupils,3705.3
Easton,2017,In-District FTE Pupils,3737.7
Easton,2018,In-District FTE Pupils,3704.0
Easton,2019,In-District FTE Pupils,3621.5
Easton,2020,In-District FTE Pupils,3594.9
Easton,2021,In-District FTE Pupils,3399.4
Easton,2022,In-District FTE Pupils,3445.1
Easton,2023,In-District FTE Pupils,3412.8
Easton,2024,In-District FTE Pupils,3390.8
Easton,2009,Out-of-District FTE Pupils,71.8
Easton,2010,Out-of-District FTE Pupils,67.9
Easton,2011,Out-of-District FTE Pupils,64.3
Easton,2012,Out-of-District FTE Pupils,59.2
Easton,2013,Out-of-District FTE Pupils,68.8
Easton,2014,Out-of-District FTE Pupils,70.3
Easton,2015,Out-of-District FTE Pupils,72.6
Easton,2016,Out-of-District FTE Pupils,73.0
Easton,2017,Out-of-District FTE Pupils,70.8
Easton,2018,Out-of-District FTE Pupils,90.6
Easton,2019,Out-of-District FTE Pupils,102.1
Easton,2020,Out-of-District FTE Pupils,92.8
Easton,2021,Out-of-District FTE Pupils,80.7
Easton,2022,Out-of-District FTE Pupils,83.2
Easton,2023,Out-of-District FTE Pupils,87.8
Easton,2024,Out-of-District FTE Pupils,91.8
Edgartown,2009,In-District FTE Pupils,355.2
Edgartown,2010,In-District FTE Pupils,328.3
Edgartown,2011,In-District FTE Pupils,335.2
Edgartown,2012,In-District FTE Pupils,340.8
Edgartown,2013,In-District FTE Pupils,347.1
Edgartown,2014,In-District FTE Pupils,357.8
Edgartown,2015,In-District FTE Pupils,353.4
Edgartown,2016,In-District FTE Pupils,358.4
Edgartown,2017,In-District FTE Pupils,357.8
Edgartown,2018,In-District FTE Pupils,351.9
Edgartown,2019,In-District FTE Pupils,382.8
Edgartown,2020,In-District FTE Pupils,403.4
Edgartown,2021,In-District FTE Pupils,387.4
Edgartown,2022,In-District FTE Pupils,416.3
Edgartown,2023,In-District FTE Pupils,418.5
Edgartown,2024,In-District FTE Pupils,391.1
Edgartown,2009,Out-of-District FTE Pupils,68.0
Edgartown,2010,Out-of-District FTE Pupils,75.1
Edgartown,2011,Out-of-District FTE Pupils,80.7
Edgartown,2012,Out-of-District FTE Pupils,81.3
Edgartown,2013,Out-of-District FTE Pupils,66.9
Edgartown,2014,Out-of-District FTE Pupils,66.9
Edgartown,2015,Out-of-District FTE Pupils,62.3
Edgartown,2016,Out-of-District FTE Pupils,69.9
Edgartown,2017,Out-of-District FTE Pupils,77.2
Edgartown,2018,Out-of-District FTE Pupils,85.7
Edgartown,2019,Out-of-District FTE Pupils,77.2
Edgartown,2020,Out-of-District FTE Pupils,58.5
Edgartown,2021,Out-of-District FTE Pupils,52.2
Edgartown,2022,Out-of-District FTE Pupils,42.3
Edgartown,2023,Out-of-District FTE Pupils,41.1
Edgartown,2024,Out-of-District FTE Pupils,51.5
Edward M. Kennedy Academy for Health Careers: A Horace Mann Charter Public School (District),2019,In-District FTE Pupils,381.2
Edward M. Kennedy Academy for Health Careers: A Horace Mann Charter Public School (District),2020,In-District FTE Pupils,377.8
Edward M. Kennedy Academy for Health Careers: A Horace Mann Charter Public School (District),2021,In-District FTE Pupils,394.7
Edward M. Kennedy Academy for Health Careers: A Horace Mann Charter Public School (District),2022,In-District FTE Pupils,371.1
Edward M. Kennedy Academy for Health Careers: A Horace Mann Charter Public School (District),2023,In-District FTE Pupils,371.1
Edward M. Kennedy Academy for Health Careers: A Horace Mann Charter Public School (District),2024,In-District FTE Pupils,367.6
Edward M. Kennedy Academy for Health Careers: A Horace Mann Charter Public School (District),2019,Out-of-District FTE Pupils,0.0
Edward M. Kennedy Academy for Health Careers: A Horace Mann Charter Public School (District),2020,Out-of-District FTE Pupils,0.0
Edward M. Kennedy Academy for Health Careers: A Horace Mann Charter Public School (District),2021,Out-of-District FTE Pupils,0.0
Edward M. Kennedy Academy for Health Careers: A Horace Mann Charter Public School (District),2022,Out-of-District FTE Pupils,0.0
Edward M. Kennedy Academy for Health Careers: A Horace Mann Charter Public School (District),2023,Out-of-District FTE Pupils,0.0
Edward M. Kennedy Academy for Health Careers: A Horace Mann Charter Public School (District),2024,Out-of-District FTE Pupils,0.0
Erving,2009,In-District FTE Pupils,177.5
Erving,2010,In-District FTE Pupils,164.6
Erving,2011,In-District FTE Pupils,153.8
Erving,2012,In-District FTE Pupils,150.0
Erving,2013,In-District FTE Pupils,149.9
Erving,2014,In-District FTE Pupils,146.6
Erving,2015,In-District FTE Pupils,139.6
Erving,2016,In-District FTE Pupils,130.0
Erving,2017,In-District FTE Pupils,138.9
Erving,2018,In-District FTE Pupils,144.3
Erving,2019,In-District FTE Pupils,131.6
Erving,2020,In-District FTE Pupils,133.2
Erving,2021,In-District FTE Pupils,117.3
Erving,2022,In-District FTE Pupils,134.2
Erving,2023,In-District FTE Pupils,126.8
Erving,2024,In-District FTE Pupils,122.7
Erving,2009,Out-of-District FTE Pupils,119.8
Erving,2010,Out-of-District FTE Pupils,126.3
Erving,2011,Out-of-District FTE Pupils,130.2
Erving,2012,Out-of-District FTE Pupils,120.6
Erving,2013,Out-of-District FTE Pupils,125.6
Erving,2014,Out-of-District FTE Pupils,115.2
Erving,2015,Out-of-District FTE Pupils,120.3
Erving,2016,Out-of-District FTE Pupils,109.4
Erving,2017,Out-of-District FTE Pupils,105.1
Erving,2018,Out-of-District FTE Pupils,105.2
Erving,2019,Out-of-District FTE Pupils,93.7
Erving,2020,Out-of-District FTE Pupils,96.5
Erving,2021,Out-of-District FTE Pupils,96.6
Erving,2022,Out-of-District FTE Pupils,86.0
Erving,2023,Out-of-District FTE Pupils,88.2
Erving,2024,Out-of-District FTE Pupils,85.1
Essex Agricultural Technical,2009,In-District FTE Pupils,427.5
Essex Agricultural Technical,2010,In-District FTE Pupils,456.2
Essex Agricultural Technical,2011,In-District FTE Pupils,476.6
Essex Agricultural Technical,2012,In-District FTE Pupils,475.5
Essex Agricultural Technical,2013,In-District FTE Pupils,474.9
Essex Agricultural Technical,2014,In-District FTE Pupils,467.4
Essex Agricultural Technical,2009,Out-of-District FTE Pupils,0.0
Essex Agricultural Technical,2010,Out-of-District FTE Pupils,0.0
Essex Agricultural Technical,2011,Out-of-District FTE Pupils,0.0
Essex Agricultural Technical,2012,Out-of-District FTE Pupils,0.0
Essex Agricultural Technical,2013,Out-of-District FTE Pupils,0.0
Essex Agricultural Technical,2014,Out-of-District FTE Pupils,0.0
Essex North Shore Agricultural and Technical School District,2015,In-District FTE Pupils,1097.0
Essex North Shore Agricultural and Technical School District,2016,In-District FTE Pupils,1209.7
Essex North Shore Agricultural and Technical School District,2017,In-District FTE Pupils,1276.3
Essex North Shore Agricultural and Technical School District,2018,In-District FTE Pupils,1346.8
Essex North Shore Agricultural and Technical School District,2019,In-District FTE Pupils,1397.4
Essex North Shore Agricultural and Technical School District,2020,In-District FTE Pupils,1483.5
Essex North Shore Agricultural and Technical School District,2021,In-District FTE Pupils,1537.7
Essex North Shore Agricultural and Technical School District,2022,In-District FTE Pupils,1641.0
Essex North Shore Agricultural and Technical School District,2023,In-District FTE Pupils,1655.1
Essex North Shore Agricultural and Technical School District,2024,In-District FTE Pupils,1703.4
Essex North Shore Agricultural and Technical School District,2015,Out-of-District FTE Pupils,17.0
Essex North Shore Agricultural and Technical School District,2016,Out-of-District FTE Pupils,21.2
Essex North Shore Agricultural and Technical School District,2017,Out-of-District FTE Pupils,16.7
Essex North Shore Agricultural and Technical School District,2018,Out-of-District FTE Pupils,8.0
Essex North Shore Agricultural and Technical School District,2019,Out-of-District FTE Pupils,6.8
Essex North Shore Agricultural and Technical School District,2020,Out-of-District FTE Pupils,7.5
Essex North Shore Agricultural and Technical School District,2021,Out-of-District FTE Pupils,12.0
Essex North Shore Agricultural and Technical School District,2022,Out-of-District FTE Pupils,8.3
Essex North Shore Agricultural and Technical School District,2023,Out-of-District FTE Pupils,10.6
Essex North Shore Agricultural and Technical School District,2024,Out-of-District FTE Pupils,13.4
Everett,2009,In-District FTE Pupils,5609.6
Everett,2010,In-District FTE Pupils,5965.8
Everett,2011,In-District FTE Pupils,6105.4
Everett,2012,In-District FTE Pupils,6395.1
Everett,2013,In-District FTE Pupils,6648.5
Everett,2014,In-District FTE Pupils,6847.4
Everett,2015,In-District FTE Pupils,7030.5
Everett,2016,In-District FTE Pupils,7083.3
Everett,2017,In-District FTE Pupils,7152.0
Everett,2018,In-District FTE Pupils,7111.1
Everett,2019,In-District FTE Pupils,7144.5
Everett,2020,In-District FTE Pupils,7143.3
Everett,2021,In-District FTE Pupils,6999.5
Everett,2022,In-District FTE Pupils,7237.2
Everett,2023,In-District FTE Pupils,7365.0
Everett,2024,In-District FTE Pupils,7416.1
Everett,2009,Out-of-District FTE Pupils,524.7
Everett,2010,Out-of-District FTE Pupils,545.6
Everett,2011,Out-of-District FTE Pupils,583.8
Everett,2012,Out-of-District FTE Pupils,596.0
Everett,2013,Out-of-District FTE Pupils,638.4
Everett,2014,Out-of-District FTE Pupils,639.0
Everett,2015,Out-of-District FTE Pupils,667.2
Everett,2016,Out-of-District FTE Pupils,680.5
Everett,2017,Out-of-District FTE Pupils,839.3
Everett,2018,Out-of-District FTE Pupils,941.3
Everett,2019,Out-of-District FTE Pupils,886.9
Everett,2020,Out-of-District FTE Pupils,788.8
Everett,2021,Out-of-District FTE Pupils,781.7
Everett,2022,Out-of-District FTE Pupils,819.7
Everett,2023,Out-of-District FTE Pupils,851.3
Everett,2024,Out-of-District FTE Pupils,885.9
Excel Academy Charter (District),2019,In-District FTE Pupils,1295.4
Excel Academy Charter (District),2020,In-District FTE Pupils,1355.2
Excel Academy Charter (District),2021,In-District FTE Pupils,1395.8
Excel Academy Charter (District),2022,In-District FTE Pupils,1374.4
Excel Academy Charter (District),2023,In-District FTE Pupils,1366.4
Excel Academy Charter (District),2024,In-District FTE Pupils,1361.6
Excel Academy Charter (District),2019,Out-of-District FTE Pupils,0.0
Excel Academy Charter (District),2020,Out-of-District FTE Pupils,0.0
Excel Academy Charter (District),2021,Out-of-District FTE Pupils,0.0
Excel Academy Charter (District),2022,Out-of-District FTE Pupils,0.0
Excel Academy Charter (District),2023,Out-of-District FTE Pupils,0.0
Excel Academy Charter (District),2024,Out-of-District FTE Pupils,0.0
Fairhaven,2009,In-District FTE Pupils,2018.9
Fairhaven,2010,In-District FTE Pupils,1986.6
Fairhaven,2011,In-District FTE Pupils,2021.5
Fairhaven,2012,In-District FTE Pupils,1966.3
Fairhaven,2013,In-District FTE Pupils,1996.6
Fairhaven,2014,In-District FTE Pupils,1974.1
Fairhaven,2015,In-District FTE Pupils,2010.2
Fairhaven,2016,In-District FTE Pupils,2023.8
Fairhaven,2017,In-District FTE Pupils,2036.3
Fairhaven,2018,In-District FTE Pupils,2053.5
Fairhaven,2019,In-District FTE Pupils,2030.9
Fairhaven,2020,In-District FTE Pupils,2040.0
Fairhaven,2021,In-District FTE Pupils,1900.8
Fairhaven,2022,In-District FTE Pupils,1856.5
Fairhaven,2023,In-District FTE Pupils,1830.5
Fairhaven,2024,In-District FTE Pupils,1754.0
Fairhaven,2009,Out-of-District FTE Pupils,45.5
Fairhaven,2010,Out-of-District FTE Pupils,45.9
Fairhaven,2011,Out-of-District FTE Pupils,40.2
Fairhaven,2012,Out-of-District FTE Pupils,48.9
Fairhaven,2013,Out-of-District FTE Pupils,55.2
Fairhaven,2014,Out-of-District FTE Pupils,57.8
Fairhaven,2015,Out-of-District FTE Pupils,44.9
Fairhaven,2016,Out-of-District FTE Pupils,47.5
Fairhaven,2017,Out-of-District FTE Pupils,45.1
Fairhaven,2018,Out-of-District FTE Pupils,51.0
Fairhaven,2019,Out-of-District FTE Pupils,58.8
Fairhaven,2020,Out-of-District FTE Pupils,63.5
Fairhaven,2021,Out-of-District FTE Pupils,70.4
Fairhaven,2022,Out-of-District FTE Pupils,72.9
Fairhaven,2023,Out-of-District FTE Pupils,72.7
Fairhaven,2024,Out-of-District FTE Pupils,67.6
Fall River,2009,In-District FTE Pupils,9914.4
Fall River,2010,In-District FTE Pupils,9785.9
Fall River,2011,In-District FTE Pupils,9852.9
Fall River,2012,In-District FTE Pupils,9938.7
Fall River,2013,In-District FTE Pupils,10107.1
Fall River,2014,In-District FTE Pupils,10269.7
Fall River,2015,In-District FTE Pupils,10164.4
Fall River,2016,In-District FTE Pupils,10116.8
Fall River,2017,In-District FTE Pupils,10204.8
Fall River,2018,In-District FTE Pupils,10174.3
Fall River,2019,In-District FTE Pupils,10234.6
Fall River,2020,In-District FTE Pupils,10371.6
Fall River,2021,In-District FTE Pupils,10182.6
Fall River,2022,In-District FTE Pupils,10565.0
Fall River,2023,In-District FTE Pupils,10566.1
Fall River,2024,In-District FTE Pupils,10880.6
Fall River,2009,Out-of-District FTE Pupils,811.0
Fall River,2010,Out-of-District FTE Pupils,841.7
Fall River,2011,Out-of-District FTE Pupils,861.1
Fall River,2012,Out-of-District FTE Pupils,875.1
Fall River,2013,Out-of-District FTE Pupils,920.4
Fall River,2014,Out-of-District FTE Pupils,975.3
Fall River,2015,Out-of-District FTE Pupils,1225.7
Fall River,2016,Out-of-District FTE Pupils,1475.9
Fall River,2017,Out-of-District FTE Pupils,1678.8
Fall River,2018,Out-of-District FTE Pupils,1877.0
Fall River,2019,Out-of-District FTE Pupils,2021.6
Fall River,2020,Out-of-District FTE Pupils,2069.2
Fall River,2021,Out-of-District FTE Pupils,2088.7
Fall River,2022,Out-of-District FTE Pupils,2073.1
Fall River,2023,Out-of-District FTE Pupils,2039.3
Fall River,2024,Out-of-District FTE Pupils,2125.1
Falmouth,2009,In-District FTE Pupils,3780.6
Falmouth,2010,In-District FTE Pupils,3748.6
Falmouth,2011,In-District FTE Pupils,3703.0
Falmouth,2012,In-District FTE Pupils,3528.8
Falmouth,2013,In-District FTE Pupils,3530.9
Falmouth,2014,In-District FTE Pupils,3521.9
Falmouth,2015,In-District FTE Pupils,3529.1
Falmouth,2016,In-District FTE Pupils,3518.9
Falmouth,2017,In-District FTE Pupils,3458.9
Falmouth,2018,In-District FTE Pupils,3369.9
Falmouth,2019,In-District FTE Pupils,3342.4
Falmouth,2020,In-District FTE Pupils,3246.2
Falmouth,2021,In-District FTE Pupils,3004.4
Falmouth,2022,In-District FTE Pupils,3061.2
Falmouth,2023,In-District FTE Pupils,2977.6
Falmouth,2024,In-District FTE Pupils,2907.2
Falmouth,2009,Out-of-District FTE Pupils,126.7
Falmouth,2010,Out-of-District FTE Pupils,144.8
Falmouth,2011,Out-of-District FTE Pupils,141.4
Falmouth,2012,Out-of-District FTE Pupils,171.4
Falmouth,2013,Out-of-District FTE Pupils,176.4
Falmouth,2014,Out-of-District FTE Pupils,171.6
Falmouth,2015,Out-of-District FTE Pupils,188.8
Falmouth,2016,Out-of-District FTE Pupils,159.6
Falmouth,2017,Out-of-District FTE Pupils,162.1
Falmouth,2018,Out-of-District FTE Pupils,184.2
Falmouth,2019,Out-of-District FTE Pupils,206.3
Falmouth,2020,Out-of-District FTE Pupils,228.9
Falmouth,2021,Out-of-District FTE Pupils,227.3
Falmouth,2022,Out-of-District FTE Pupils,239.1
Falmouth,2023,Out-of-District FTE Pupils,247.4
Falmouth,2024,Out-of-District FTE Pupils,222.6
Farmington River Reg,2009,In-District FTE Pupils,149.5
Farmington River Reg,2010,In-District FTE Pupils,148.5
Farmington River Reg,2011,In-District FTE Pupils,149.4
Farmington River Reg,2012,In-District FTE Pupils,151.1
Farmington River Reg,2013,In-District FTE Pupils,145.2
Farmington River Reg,2014,In-District FTE Pupils,129.4
Farmington River Reg,2015,In-District FTE Pupils,124.6
Farmington River Reg,2016,In-District FTE Pupils,117.0
Farmington River Reg,2017,In-District FTE Pupils,119.0
Farmington River Reg,2018,In-District FTE Pupils,125.5
Farmington River Reg,2019,In-District FTE Pupils,117.6
Farmington River Reg,2020,In-District FTE Pupils,114.0
Farmington River Reg,2021,In-District FTE Pupils,113.5
Farmington River Reg,2022,In-District FTE Pupils,116.0
Farmington River Reg,2023,In-District FTE Pupils,122.8
Farmington River Reg,2024,In-District FTE Pupils,127.6
Farmington River Reg,2009,Out-of-District FTE Pupils,151.2
Farmington River Reg,2010,Out-of-District FTE Pupils,152.3
Farmington River Reg,2011,Out-of-District FTE Pupils,151.1
Farmington River Reg,2012,Out-of-District FTE Pupils,115.4
Farmington River Reg,2013,Out-of-District FTE Pupils,151.2
Farmington River Reg,2014,Out-of-District FTE Pupils,154.6
Farmington River Reg,2015,Out-of-District FTE Pupils,161.0
Farmington River Reg,2016,Out-of-District FTE Pupils,153.1
Farmington River Reg,2017,Out-of-District FTE Pupils,154.7
Farmington River Reg,2018,Out-of-District FTE Pupils,142.9
Farmington River Reg,2019,Out-of-District FTE Pupils,141.4
Farmington River Reg,2020,Out-of-District FTE Pupils,141.2
Farmington River Reg,2021,Out-of-District FTE Pupils,128.7
Farmington River Reg,2022,Out-of-District FTE Pupils,136.6
Farmington River Reg,2023,Out-of-District FTE Pupils,120.9
Farmington River Reg,2024,Out-of-District FTE Pupils,125.9
Fitchburg,2009,In-District FTE Pupils,5058.3
Fitchburg,2010,In-District FTE Pupils,4879.3
Fitchburg,2011,In-District FTE Pupils,4865.1
Fitchburg,2012,In-District FTE Pupils,4880.7
Fitchburg,2013,In-District FTE Pupils,4864.8
Fitchburg,2014,In-District FTE Pupils,4920.2
Fitchburg,2015,In-District FTE Pupils,4937.4
Fitchburg,2016,In-District FTE Pupils,5070.2
Fitchburg,2017,In-District FTE Pupils,5221.7
Fitchburg,2018,In-District FTE Pupils,5300.7
Fitchburg,2019,In-District FTE Pupils,5292.8
Fitchburg,2020,In-District FTE Pupils,5315.3
Fitchburg,2021,In-District FTE Pupils,5083.9
Fitchburg,2022,In-District FTE Pupils,5207.8
Fitchburg,2023,In-District FTE Pupils,5135.7
Fitchburg,2024,In-District FTE Pupils,5147.0
Fitchburg,2009,Out-of-District FTE Pupils,563.7
Fitchburg,2010,Out-of-District FTE Pupils,633.7
Fitchburg,2011,Out-of-District FTE Pupils,714.3
Fitchburg,2012,Out-of-District FTE Pupils,727.4
Fitchburg,2013,Out-of-District FTE Pupils,753.5
Fitchburg,2014,Out-of-District FTE Pupils,719.4
Fitchburg,2015,Out-of-District FTE Pupils,721.7
Fitchburg,2016,Out-of-District FTE Pupils,741.5
Fitchburg,2017,Out-of-District FTE Pupils,767.4
Fitchburg,2018,Out-of-District FTE Pupils,750.5
Fitchburg,2019,Out-of-District FTE Pupils,736.5
Fitchburg,2020,Out-of-District FTE Pupils,739.5
Fitchburg,2021,Out-of-District FTE Pupils,746.0
Fitchburg,2022,Out-of-District FTE Pupils,754.5
Fitchburg,2023,Out-of-District FTE Pupils,768.6
Fitchburg,2024,Out-of-District FTE Pupils,748.3
Florida,2009,In-District FTE Pupils,112.8
Florida,2010,In-District FTE Pupils,110.8
Florida,2011,In-District FTE Pupils,111.0
Florida,2012,In-District FTE Pupils,102.7
Florida,2013,In-District FTE Pupils,99.5
Florida,2014,In-District FTE Pupils,93.5
Florida,2015,In-District FTE Pupils,85.1
Florida,2016,In-District FTE Pupils,83.2
Florida,2017,In-District FTE Pupils,81.9
Florida,2018,In-District FTE Pupils,83.2
Florida,2019,In-District FTE Pupils,87.3
Florida,2020,In-District FTE Pupils,94.8
Florida,2021,In-District FTE Pupils,84.6
Florida,2022,In-District FTE Pupils,103.1
Florida,2023,In-District FTE Pupils,90.3
Florida,2024,In-District FTE Pupils,85.8
Florida,2009,Out-of-District FTE Pupils,21.6
Florida,2010,Out-of-District FTE Pupils,18.0
Florida,2011,Out-of-District FTE Pupils,17.9
Florida,2012,Out-of-District FTE Pupils,16.9
Florida,2013,Out-of-District FTE Pupils,20.5
Florida,2014,Out-of-District FTE Pupils,18.8
Florida,2015,Out-of-District FTE Pupils,16.9
Florida,2016,Out-of-District FTE Pupils,25.8
Florida,2017,Out-of-District FTE Pupils,22.1
Florida,2018,Out-of-District FTE Pupils,13.6
Florida,2019,Out-of-District FTE Pupils,16.1
Florida,2020,Out-of-District FTE Pupils,17.5
Florida,2021,Out-of-District FTE Pupils,11.3
Florida,2022,Out-of-District FTE Pupils,11.7
Florida,2023,Out-of-District FTE Pupils,11.4
Florida,2024,Out-of-District FTE Pupils,8.2
Four Rivers Charter Public (District),2019,In-District FTE Pupils,218.6
Four Rivers Charter Public (District),2020,In-District FTE Pupils,216.0
Four Rivers Charter Public (District),2021,In-District FTE Pupils,215.2
Four Rivers Charter Public (District),2022,In-District FTE Pupils,218.7
Four Rivers Charter Public (District),2023,In-District FTE Pupils,217.0
Four Rivers Charter Public (District),2024,In-District FTE Pupils,213.0
Four Rivers Charter Public (District),2019,Out-of-District FTE Pupils,0.0
Four Rivers Charter Public (District),2020,Out-of-District FTE Pupils,0.0
Four Rivers Charter Public (District),2021,Out-of-District FTE Pupils,0.0
Four Rivers Charter Public (District),2022,Out-of-District FTE Pupils,0.0
Four Rivers Charter Public (District),2023,Out-of-District FTE Pupils,0.0
Four Rivers Charter Public (District),2024,Out-of-District FTE Pupils,0.0
Foxborough,2009,In-District FTE Pupils,2891.8
Foxborough,2010,In-District FTE Pupils,2848.1
Foxborough,2011,In-District FTE Pupils,2816.4
Foxborough,2012,In-District FTE Pupils,2750.7
Foxborough,2013,In-District FTE Pupils,2727.8
Foxborough,2014,In-District FTE Pupils,2699.8
Foxborough,2015,In-District FTE Pupils,2678.7
Foxborough,2016,In-District FTE Pupils,2604.0
Foxborough,2017,In-District FTE Pupils,2618.2
Foxborough,2018,In-District FTE Pupils,2606.5
Foxborough,2019,In-District FTE Pupils,2571.2
Foxborough,2020,In-District FTE Pupils,2552.2
Foxborough,2021,In-District FTE Pupils,2462.0
Foxborough,2022,In-District FTE Pupils,2486.3
Foxborough,2023,In-District FTE Pupils,2467.0
Foxborough,2024,In-District FTE Pupils,2512.2
Foxborough,2009,Out-of-District FTE Pupils,166.8
Foxborough,2010,Out-of-District FTE Pupils,150.1
Foxborough,2011,Out-of-District FTE Pupils,149.7
Foxborough,2012,Out-of-District FTE Pupils,143.3
Foxborough,2013,Out-of-District FTE Pupils,141.3
Foxborough,2014,Out-of-District FTE Pupils,136.1
Foxborough,2015,Out-of-District FTE Pupils,125.3
Foxborough,2016,Out-of-District FTE Pupils,142.4
Foxborough,2017,Out-of-District FTE Pupils,138.2
Foxborough,2018,Out-of-District FTE Pupils,148.1
Foxborough,2019,Out-of-District FTE Pupils,144.9
Foxborough,2020,Out-of-District FTE Pupils,152.6
Foxborough,2021,Out-of-District FTE Pupils,153.8
Foxborough,2022,Out-of-District FTE Pupils,153.3
Foxborough,2023,Out-of-District FTE Pupils,150.1
Foxborough,2024,Out-of-District FTE Pupils,142.3
Foxborough Regional Charter (District),2019,In-District FTE Pupils,1619.3
Foxborough Regional Charter (District),2020,In-District FTE Pupils,1642.7
Foxborough Regional Charter (District),2021,In-District FTE Pupils,1694.8
Foxborough Regional Charter (District),2022,In-District FTE Pupils,1665.0
Foxborough Regional Charter (District),2023,In-District FTE Pupils,1556.7
Foxborough Regional Charter (District),2024,In-District FTE Pupils,1508.3
Foxborough Regional Charter (District),2019,Out-of-District FTE Pupils,0.0
Foxborough Regional Charter (District),2020,Out-of-District FTE Pupils,0.0
Foxborough Regional Charter (District),2021,Out-of-District FTE Pupils,0.0
Foxborough Regional Charter (District),2022,Out-of-District FTE Pupils,0.0
Foxborough Regional Charter (District),2023,Out-of-District FTE Pupils,0.0
Foxborough Regional Charter (District),2024,Out-of-District FTE Pupils,0.0
Framingham,2009,In-District FTE Pupils,8063.5
Framingham,2010,In-District FTE Pupils,8073.7
Framingham,2011,In-District FTE Pupils,8124.5
Framingham,2012,In-District FTE Pupils,8123.2
Framingham,2013,In-District FTE Pupils,8152.0
Framingham,2014,In-District FTE Pupils,8307.8
Framingham,2015,In-District FTE Pupils,8320.5
Framingham,2016,In-District FTE Pupils,8545.4
Framingham,2017,In-District FTE Pupils,8667.3
Framingham,2018,In-District FTE Pupils,8770.7
Framingham,2019,In-District FTE Pupils,8852.8
Framingham,2020,In-District FTE Pupils,9202.1
Framingham,2021,In-District FTE Pupils,8690.7
Framingham,2022,In-District FTE Pupils,9223.2
Framingham,2023,In-District FTE Pupils,9212.0
Framingham,2024,In-District FTE Pupils,9208.8
Framingham,2009,Out-of-District FTE Pupils,413.9
Framingham,2010,Out-of-District FTE Pupils,418.9
Framingham,2011,Out-of-District FTE Pupils,473.4
Framingham,2012,Out-of-District FTE Pupils,518.7
Framingham,2013,Out-of-District FTE Pupils,567.8
Framingham,2014,Out-of-District FTE Pupils,592.0
Framingham,2015,Out-of-District FTE Pupils,663.5
Framingham,2016,Out-of-District FTE Pupils,684.0
Framingham,2017,Out-of-District FTE Pupils,711.1
Framingham,2018,Out-of-District FTE Pupils,725.0
Framingham,2019,Out-of-District FTE Pupils,749.9
Framingham,2020,Out-of-District FTE Pupils,718.2
Framingham,2021,Out-of-District FTE Pupils,772.3
Framingham,2022,Out-of-District FTE Pupils,756.2
Framingham,2023,Out-of-District FTE Pupils,722.1
Framingham,2024,Out-of-District FTE Pupils,665.2
Francis W. Parker Charter Essential (District),2019,In-District FTE Pupils,394.6
Francis W. Parker Charter Essential (District),2020,In-District FTE Pupils,396.5
Francis W. Parker Charter Essential (District),2021,In-District FTE Pupils,394.7
Francis W. Parker Charter Essential (District),2022,In-District FTE Pupils,382.2
Francis W. Parker Charter Essential (District),2023,In-District FTE Pupils,390.7
Francis W. Parker Charter Essential (District),2024,In-District FTE Pupils,366.9
Francis W. Parker Charter Essential (District),2019,Out-of-District FTE Pupils,0.0
Francis W. Parker Charter Essential (District),2020,Out-of-District FTE Pupils,0.0
Francis W. Parker Charter Essential (District),2021,Out-of-District FTE Pupils,0.0
Francis W. Parker Charter Essential (District),2022,Out-of-District FTE Pupils,0.0
Francis W. Parker Charter Essential (District),2023,Out-of-District FTE Pupils,0.0
Francis W. Parker Charter Essential (District),2024,Out-of-District FTE Pupils,0.0
Franklin,2009,In-District FTE Pupils,6254.4
Franklin,2010,In-District FTE Pupils,6136.5
Franklin,2011,In-District FTE Pupils,6034.9
Franklin,2012,In-District FTE Pupils,5922.8
Franklin,2013,In-District FTE Pupils,5908.9
Franklin,2014,In-District FTE Pupils,5732.2
Franklin,2015,In-District FTE Pupils,5634.9
Franklin,2016,In-District FTE Pupils,5443.2
Franklin,2017,In-District FTE Pupils,5407.1
Franklin,2018,In-District FTE Pupils,5289.9
Franklin,2019,In-District FTE Pupils,5235.9
Franklin,2020,In-District FTE Pupils,5081.8
Franklin,2021,In-District FTE Pupils,4821.8
Franklin,2022,In-District FTE Pupils,4788.6
Franklin,2023,In-District FTE Pupils,4674.5
Franklin,2024,In-District FTE Pupils,4672.3
Franklin,2009,Out-of-District FTE Pupils,464.3
Franklin,2010,Out-of-District FTE Pupils,480.5
Franklin,2011,Out-of-District FTE Pupils,504.1
Franklin,2012,Out-of-District FTE Pupils,527.5
Franklin,2013,Out-of-District FTE Pupils,526.2
Franklin,2014,Out-of-District FTE Pupils,519.4
Franklin,2015,Out-of-District FTE Pupils,525.2
Franklin,2016,Out-of-District FTE Pupils,505.1
Franklin,2017,Out-of-District FTE Pupils,479.2
Franklin,2018,Out-of-District FTE Pupils,450.2
Franklin,2019,Out-of-District FTE Pupils,441.5
Franklin,2020,Out-of-District FTE Pupils,489.3
Franklin,2021,Out-of-District FTE Pupils,489.1
Franklin,2022,Out-of-District FTE Pupils,476.3
Franklin,2023,Out-of-District FTE Pupils,477.8
Franklin,2024,Out-of-District FTE Pupils,461.2
Franklin County Regional Vocational Technical,2009,In-District FTE Pupils,502.7
Franklin County Regional Vocational Technical,2010,In-District FTE Pupils,499.2
Franklin County Regional Vocational Technical,2011,In-District FTE Pupils,492.0
Franklin County Regional Vocational Technical,2012,In-District FTE Pupils,489.7
Franklin County Regional Vocational Technical,2013,In-District FTE Pupils,489.8
Franklin County Regional Vocational Technical,2014,In-District FTE Pupils,499.0
Franklin County Regional Vocational Technical,2015,In-District FTE Pupils,490.3
Franklin County Regional Vocational Technical,2016,In-District FTE Pupils,480.0
Franklin County Regional Vocational Technical,2017,In-District FTE Pupils,462.7
Franklin County Regional Vocational Technical,2018,In-District FTE Pupils,465.2
Franklin County Regional Vocational Technical,2019,In-District FTE Pupils,474.4
Franklin County Regional Vocational Technical,2020,In-District FTE Pupils,496.2
Franklin County Regional Vocational Technical,2021,In-District FTE Pupils,540.2
Franklin County Regional Vocational Technical,2022,In-District FTE Pupils,558.7
Franklin County Regional Vocational Technical,2023,In-District FTE Pupils,571.2
Franklin County Regional Vocational Technical,2024,In-District FTE Pupils,596.3
Franklin County Regional Vocational Technical,2009,Out-of-District FTE Pupils,2.5
Franklin County Regional Vocational Technical,2010,Out-of-District FTE Pupils,1.0
Franklin County Regional Vocational Technical,2011,Out-of-District FTE Pupils,3.1
Franklin County Regional Vocational Technical,2012,Out-of-District FTE Pupils,2.0
Franklin County Regional Vocational Technical,2013,Out-of-District FTE Pupils,1.0
Franklin County Regional Vocational Technical,2014,Out-of-District FTE Pupils,1.0
Franklin County Regional Vocational Technical,2015,Out-of-District FTE Pupils,2.4
Franklin County Regional Vocational Technical,2016,Out-of-District FTE Pupils,1.5
Franklin County Regional Vocational Technical,2017,Out-of-District FTE Pupils,0.7
Franklin County Regional Vocational Technical,2018,Out-of-District FTE Pupils,0.8
Franklin County Regional Vocational Technical,2019,Out-of-District FTE Pupils,2.3
Franklin County Regional Vocational Technical,2020,Out-of-District FTE Pupils,4.8
Franklin County Regional Vocational Technical,2021,Out-of-District FTE Pupils,5.2
Franklin County Regional Vocational Technical,2022,Out-of-District FTE Pupils,0.0
Franklin County Regional Vocational Technical,2023,Out-of-District FTE Pupils,1.2
Franklin County Regional Vocational Technical,2024,Out-of-District FTE Pupils,3.0
Freetown,2009,In-District FTE Pupils,521.9
Freetown,2010,In-District FTE Pupils,537.8
Freetown,2011,In-District FTE Pupils,559.9
Freetown,2009,Out-of-District FTE Pupils,76.7
Freetown,2010,Out-of-District FTE Pupils,79.2
Freetown,2011,Out-of-District FTE Pupils,96.3
Freetown-Lakeville,2009,In-District FTE Pupils,1919.6
Freetown-Lakeville,2010,In-District FTE Pupils,1912.2
Freetown-Lakeville,2011,In-District FTE Pupils,1914.6
Freetown-Lakeville,2012,In-District FTE Pupils,3088.6
Freetown-Lakeville,2013,In-District FTE Pupils,3023.6
Freetown-Lakeville,2014,In-District FTE Pupils,2950.4
Freetown-Lakeville,2015,In-District FTE Pupils,2840.6
Freetown-Lakeville,2016,In-District FTE Pupils,2805.2
Freetown-Lakeville,2017,In-District FTE Pupils,2745.4
Freetown-Lakeville,2018,In-District FTE Pupils,2810.3
Freetown-Lakeville,2019,In-District FTE Pupils,2799.9
Freetown-Lakeville,2020,In-District FTE Pupils,2829.1
Freetown-Lakeville,2021,In-District FTE Pupils,2705.0
Freetown-Lakeville,2022,In-District FTE Pupils,2769.9
Freetown-Lakeville,2023,In-District FTE Pupils,2753.0
Freetown-Lakeville,2024,In-District FTE Pupils,2686.1
Freetown-Lakeville,2009,Out-of-District FTE Pupils,35.7
Freetown-Lakeville,2010,Out-of-District FTE Pupils,38.6
Freetown-Lakeville,2011,Out-of-District FTE Pupils,27.9
Freetown-Lakeville,2012,Out-of-District FTE Pupils,43.7
Freetown-Lakeville,2013,Out-of-District FTE Pupils,46.4
Freetown-Lakeville,2014,Out-of-District FTE Pupils,58.2
Freetown-Lakeville,2015,Out-of-District FTE Pupils,71.1
Freetown-Lakeville,2016,Out-of-District FTE Pupils,103.0
Freetown-Lakeville,2017,Out-of-District FTE Pupils,125.5
Freetown-Lakeville,2018,Out-of-District FTE Pupils,120.5
Freetown-Lakeville,2019,Out-of-District FTE Pupils,123.4
Freetown-Lakeville,2020,Out-of-District FTE Pupils,97.2
Freetown-Lakeville,2021,Out-of-District FTE Pupils,111.9
Freetown-Lakeville,2022,Out-of-District FTE Pupils,126.1
Freetown-Lakeville,2023,Out-of-District FTE Pupils,118.5
Freetown-Lakeville,2024,Out-of-District FTE Pupils,114.4
Frontier,2009,In-District FTE Pupils,697.2
Frontier,2010,In-District FTE Pupils,705.5
Frontier,2011,In-District FTE Pupils,685.8
Frontier,2012,In-District FTE Pupils,649.2
Frontier,2013,In-District FTE Pupils,618.9
Frontier,2014,In-District FTE Pupils,617.0
Frontier,2015,In-District FTE Pupils,605.1
Frontier,2016,In-District FTE Pupils,617.6
Frontier,2017,In-District FTE Pupils,612.4
Frontier,2018,In-District FTE Pupils,626.5
Frontier,2019,In-District FTE Pupils,655.1
Frontier,2020,In-District FTE Pupils,654.5
Frontier,2021,In-District FTE Pupils,647.8
Frontier,2022,In-District FTE Pupils,607.7
Frontier,2023,In-District FTE Pupils,594.8
Frontier,2024,In-District FTE Pupils,602.1
Frontier,2009,Out-of-District FTE Pupils,79.0
Frontier,2010,Out-of-District FTE Pupils,77.7
Frontier,2011,Out-of-District FTE Pupils,86.9
Frontier,2012,Out-of-District FTE Pupils,80.1
Frontier,2013,Out-of-District FTE Pupils,79.2
Frontier,2014,Out-of-District FTE Pupils,87.8
Frontier,2015,Out-of-District FTE Pupils,89.4
Frontier,2016,Out-of-District FTE Pupils,98.0
Frontier,2017,Out-of-District FTE Pupils,92.8
Frontier,2018,Out-of-District FTE Pupils,102.3
Frontier,2019,Out-of-District FTE Pupils,96.8
Frontier,2020,Out-of-District FTE Pupils,96.5
Frontier,2021,Out-of-District FTE Pupils,89.7
Frontier,2022,Out-of-District FTE Pupils,80.2
Frontier,2023,Out-of-District FTE Pupils,68.8
Frontier,2024,Out-of-District FTE Pupils,54.2
Gardner,2009,In-District FTE Pupils,2665.7
Gardner,2010,In-District FTE Pupils,2592.8
Gardner,2011,In-District FTE Pupils,2557.0
Gardner,2012,In-District FTE Pupils,2487.1
Gardner,2013,In-District FTE Pupils,2483.0
Gardner,2014,In-District FTE Pupils,2423.7
Gardner,2015,In-District FTE Pupils,2426.3
Gardner,2016,In-District FTE Pupils,2398.5
Gardner,2017,In-District FTE Pupils,2375.3
Gardner,2018,In-District FTE Pupils,2338.7
Gardner,2019,In-District FTE Pupils,2284.8
Gardner,2020,In-District FTE Pupils,2332.7
Gardner,2021,In-District FTE Pupils,2187.8
Gardner,2022,In-District FTE Pupils,2287.3
Gardner,2023,In-District FTE Pupils,2392.5
Gardner,2024,In-District FTE Pupils,2470.5
Gardner,2009,Out-of-District FTE Pupils,189.7
Gardner,2010,Out-of-District FTE Pupils,186.0
Gardner,2011,Out-of-District FTE Pupils,168.7
Gardner,2012,Out-of-District FTE Pupils,180.0
Gardner,2013,Out-of-District FTE Pupils,191.1
Gardner,2014,Out-of-District FTE Pupils,200.8
Gardner,2015,Out-of-District FTE Pupils,237.0
Gardner,2016,Out-of-District FTE Pupils,290.2
Gardner,2017,Out-of-District FTE Pupils,328.5
Gardner,2018,Out-of-District FTE Pupils,353.3
Gardner,2019,Out-of-District FTE Pupils,343.9
Gardner,2020,Out-of-District FTE Pupils,293.3
Gardner,2021,Out-of-District FTE Pupils,274.3
Gardner,2022,Out-of-District FTE Pupils,259.4
Gardner,2023,Out-of-District FTE Pupils,225.7
Gardner,2024,Out-of-District FTE Pupils,210.9
Gateway,2009,In-District FTE Pupils,1223.2
Gateway,2010,In-District FTE Pupils,1195.1
Gateway,2011,In-District FTE Pupils,1111.1
Gateway,2012,In-District FTE Pupils,1071.0
Gateway,2013,In-District FTE Pupils,1016.1
Gateway,2014,In-District FTE Pupils,981.4
Gateway,2015,In-District FTE Pupils,942.1
Gateway,2016,In-District FTE Pupils,860.6
Gateway,2017,In-District FTE Pupils,842.2
Gateway,2018,In-District FTE Pupils,830.8
Gateway,2019,In-District FTE Pupils,840.8
Gateway,2020,In-District FTE Pupils,827.9
Gateway,2021,In-District FTE Pupils,756.0
Gateway,2022,In-District FTE Pupils,740.8
Gateway,2023,In-District FTE Pupils,786.1
Gateway,2024,In-District FTE Pupils,739.5
Gateway,2009,Out-of-District FTE Pupils,102.3
Gateway,2010,Out-of-District FTE Pupils,104.0
Gateway,2011,Out-of-District FTE Pupils,101.9
Gateway,2012,Out-of-District FTE Pupils,110.1
Gateway,2013,Out-of-District FTE Pupils,118.4
Gateway,2014,Out-of-District FTE Pupils,128.8
Gateway,2015,Out-of-District FTE Pupils,143.0
Gateway,2016,Out-of-District FTE Pupils,87.9
Gateway,2017,Out-of-District FTE Pupils,113.5
Gateway,2018,Out-of-District FTE Pupils,105.5
Gateway,2019,Out-of-District FTE Pupils,102.9
Gateway,2020,Out-of-District FTE Pupils,109.5
Gateway,2021,Out-of-District FTE Pupils,103.2
Gateway,2022,Out-of-District FTE Pupils,102.3
Gateway,2023,Out-of-District FTE Pupils,101.0
Gateway,2024,Out-of-District FTE Pupils,107.1
Georgetown,2009,In-District FTE Pupils,1693.5
Georgetown,2010,In-District FTE Pupils,1680.5
Georgetown,2011,In-District FTE Pupils,1648.0
Georgetown,2012,In-District FTE Pupils,1604.5
Georgetown,2013,In-District FTE Pupils,1554.5
Georgetown,2014,In-District FTE Pupils,1512.7
Georgetown,2015,In-District FTE Pupils,1469.0
Georgetown,2016,In-District FTE Pupils,1454.3
Georgetown,2017,In-District FTE Pupils,1445.6
Georgetown,2018,In-District FTE Pupils,1392.8
Georgetown,2019,In-District FTE Pupils,1361.6
Georgetown,2020,In-District FTE Pupils,1328.2
Georgetown,2021,In-District FTE Pupils,1222.7
Georgetown,2022,In-District FTE Pupils,1268.1
Georgetown,2023,In-District FTE Pupils,1259.1
Georgetown,2024,In-District FTE Pupils,1257.4
Georgetown,2009,Out-of-District FTE Pupils,49.7
Georgetown,2010,Out-of-District FTE Pupils,55.1
Georgetown,2011,Out-of-District FTE Pupils,55.3
Georgetown,2012,Out-of-District FTE Pupils,55.0
Georgetown,2013,Out-of-District FTE Pupils,48.3
Georgetown,2014,Out-of-District FTE Pupils,50.8
Georgetown,2015,Out-of-District FTE Pupils,44.1
Georgetown,2016,Out-of-District FTE Pupils,44.9
Georgetown,2017,Out-of-District FTE Pupils,49.0
Georgetown,2018,Out-of-District FTE Pupils,39.0
Georgetown,2019,Out-of-District FTE Pupils,40.4
Georgetown,2020,Out-of-District FTE Pupils,55.1
Georgetown,2021,Out-of-District FTE Pupils,56.6
Georgetown,2022,Out-of-District FTE Pupils,52.0
Georgetown,2023,Out-of-District FTE Pupils,59.1
Georgetown,2024,Out-of-District FTE Pupils,53.8
Gill-Montague,2009,In-District FTE Pupils,1094.8
Gill-Montague,2010,In-District FTE Pupils,1074.2
Gill-Montague,2011,In-District FTE Pupils,1062.1
Gill-Montague,2012,In-District FTE Pupils,1030.8
Gill-Montague,2013,In-District FTE Pupils,1044.6
Gill-Montague,2014,In-District FTE Pupils,1006.2
Gill-Montague,2015,In-District FTE Pupils,969.9
Gill-Montague,2016,In-District FTE Pupils,922.4
Gill-Montague,2017,In-District FTE Pupils,949.4
Gill-Montague,2018,In-District FTE Pupils,972.4
Gill-Montague,2019,In-District FTE Pupils,938.3
Gill-Montague,2020,In-District FTE Pupils,933.2
Gill-Montague,2021,In-District FTE Pupils,850.3
Gill-Montague,2022,In-District FTE Pupils,844.4
Gill-Montague,2023,In-District FTE Pupils,866.7
Gill-Montague,2024,In-District FTE Pupils,899.8
Gill-Montague,2009,Out-of-District FTE Pupils,218.3
Gill-Montague,2010,Out-of-District FTE Pupils,238.7
Gill-Montague,2011,Out-of-District FTE Pupils,237.1
Gill-Montague,2012,Out-of-District FTE Pupils,229.3
Gill-Montague,2013,Out-of-District FTE Pupils,248.7
Gill-Montague,2014,Out-of-District FTE Pupils,264.6
Gill-Montague,2015,Out-of-District FTE Pupils,309.1
Gill-Montague,2016,Out-of-District FTE Pupils,325.9
Gill-Montague,2017,Out-of-District FTE Pupils,310.3
Gill-Montague,2018,Out-of-District FTE Pupils,313.4
Gill-Montague,2019,Out-of-District FTE Pupils,336.8
Gill-Montague,2020,Out-of-District FTE Pupils,323.9
Gill-Montague,2021,Out-of-District FTE Pupils,288.7
Gill-Montague,2022,Out-of-District FTE Pupils,300.8
Gill-Montague,2023,Out-of-District FTE Pupils,271.1
Gill-Montague,2024,Out-of-District FTE Pupils,227.4
Global Learning Charter Public (District),2019,In-District FTE Pupils,502.8
Global Learning Charter Public (District),2020,In-District FTE Pupils,502.4
Global Learning Charter Public (District),2021,In-District FTE Pupils,500.4
Global Learning Charter Public (District),2022,In-District FTE Pupils,501.8
Global Learning Charter Public (District),2023,In-District FTE Pupils,499.3
Global Learning Charter Public (District),2024,In-District FTE Pupils,499.6
Global Learning Charter Public (District),2019,Out-of-District FTE Pupils,0.0
Global Learning Charter Public (District),2020,Out-of-District FTE Pupils,0.0
Global Learning Charter Public (District),2021,Out-of-District FTE Pupils,0.0
Global Learning Charter Public (District),2022,Out-of-District FTE Pupils,0.0
Global Learning Charter Public (District),2023,Out-of-District FTE Pupils,0.0
Global Learning Charter Public (District),2024,Out-of-District FTE Pupils,0.0
Gloucester,2009,In-District FTE Pupils,3396.1
Gloucester,2010,In-District FTE Pupils,3371.9
Gloucester,2011,In-District FTE Pupils,3190.0
Gloucester,2012,In-District FTE Pupils,3072.1
Gloucester,2013,In-District FTE Pupils,3047.0
Gloucester,2014,In-District FTE Pupils,3046.2
Gloucester,2015,In-District FTE Pupils,2923.5
Gloucester,2016,In-District FTE Pupils,2895.3
Gloucester,2017,In-District FTE Pupils,2956.5
Gloucester,2018,In-District FTE Pupils,2931.7
Gloucester,2019,In-District FTE Pupils,2917.8
Gloucester,2020,In-District FTE Pupils,2875.1
Gloucester,2021,In-District FTE Pupils,2768.3
Gloucester,2022,In-District FTE Pupils,2868.8
Gloucester,2023,In-District FTE Pupils,2876.7
Gloucester,2024,In-District FTE Pupils,2921.7
Gloucester,2009,Out-of-District FTE Pupils,281.6
Gloucester,2010,Out-of-District FTE Pupils,286.8
Gloucester,2011,Out-of-District FTE Pupils,376.4
Gloucester,2012,Out-of-District FTE Pupils,438.7
Gloucester,2013,Out-of-District FTE Pupils,375.0
Gloucester,2014,Out-of-District FTE Pupils,364.4
Gloucester,2015,Out-of-District FTE Pupils,364.1
Gloucester,2016,Out-of-District FTE Pupils,368.4
Gloucester,2017,Out-of-District FTE Pupils,364.6
Gloucester,2018,Out-of-District FTE Pupils,381.4
Gloucester,2019,Out-of-District FTE Pupils,368.0
Gloucester,2020,Out-of-District FTE Pupils,344.7
Gloucester,2021,Out-of-District FTE Pupils,331.7
Gloucester,2022,Out-of-District FTE Pupils,304.9
Gloucester,2023,Out-of-District FTE Pupils,314.0
Gloucester,2024,Out-of-District FTE Pupils,299.9
Grafton,2009,In-District FTE Pupils,2848.6
Grafton,2010,In-District FTE Pupils,2879.1
Grafton,2011,In-District FTE Pupils,2882.8
Grafton,2012,In-District FTE Pupils,2882.4
Grafton,2013,In-District FTE Pupils,2970.1
Grafton,2014,In-District FTE Pupils,3021.2
Grafton,2015,In-District FTE Pupils,3119.1
Grafton,2016,In-District FTE Pupils,3173.4
Grafton,2017,In-District FTE Pupils,3181.2
Grafton,2018,In-District FTE Pupils,3133.0
Grafton,2019,In-District FTE Pupils,3168.6
Grafton,2020,In-District FTE Pupils,3215.1
Grafton,2021,In-District FTE Pupils,3153.2
Grafton,2022,In-District FTE Pupils,3156.0
Grafton,2023,In-District FTE Pupils,3100.4
Grafton,2024,In-District FTE Pupils,3089.6
Grafton,2009,Out-of-District FTE Pupils,61.6
Grafton,2010,Out-of-District FTE Pupils,68.3
Grafton,2011,Out-of-District FTE Pupils,91.6
Grafton,2012,Out-of-District FTE Pupils,106.6
Grafton,2013,Out-of-District FTE Pupils,114.0
Grafton,2014,Out-of-District FTE Pupils,116.7
Grafton,2015,Out-of-District FTE Pupils,123.3
Grafton,2016,Out-of-District FTE Pupils,132.8
Grafton,2017,Out-of-District FTE Pupils,125.6
Grafton,2018,Out-of-District FTE Pupils,108.1
Grafton,2019,Out-of-District FTE Pupils,105.7
Grafton,2020,Out-of-District FTE Pupils,95.5
Grafton,2021,Out-of-District FTE Pupils,114.9
Grafton,2022,Out-of-District FTE Pupils,111.0
Grafton,2023,Out-of-District FTE Pupils,95.0
Grafton,2024,Out-of-District FTE Pupils,99.2
Granby,2009,In-District FTE Pupils,1112.5
Granby,2010,In-District FTE Pupils,1136.4
Granby,2011,In-District FTE Pupils,1127.9
Granby,2012,In-District FTE Pupils,1093.5
Granby,2013,In-District FTE Pupils,1001.6
Granby,2014,In-District FTE Pupils,935.1
Granby,2015,In-District FTE Pupils,874.7
Granby,2016,In-District FTE Pupils,811.5
Granby,2017,In-District FTE Pupils,754.5
Granby,2018,In-District FTE Pupils,712.4
Granby,2019,In-District FTE Pupils,738.1
Granby,2020,In-District FTE Pupils,759.5
Granby,2021,In-District FTE Pupils,710.1
Granby,2022,In-District FTE Pupils,708.4
Granby,2023,In-District FTE Pupils,715.6
Granby,2024,In-District FTE Pupils,695.4
Granby,2009,Out-of-District FTE Pupils,56.3
Granby,2010,Out-of-District FTE Pupils,50.8
Granby,2011,Out-of-District FTE Pupils,48.0
Granby,2012,Out-of-District FTE Pupils,56.7
Granby,2013,Out-of-District FTE Pupils,71.4
Granby,2014,Out-of-District FTE Pupils,67.9
Granby,2015,Out-of-District FTE Pupils,84.4
Granby,2016,Out-of-District FTE Pupils,95.0
Granby,2017,Out-of-District FTE Pupils,93.6
Granby,2018,Out-of-District FTE Pupils,94.2
Granby,2019,Out-of-District FTE Pupils,95.7
Granby,2020,Out-of-District FTE Pupils,91.5
Granby,2021,Out-of-District FTE Pupils,89.8
Granby,2022,Out-of-District FTE Pupils,83.9
Granby,2023,Out-of-District FTE Pupils,79.0
Granby,2024,Out-of-District FTE Pupils,85.9
Granville,2009,In-District FTE Pupils,166.0
Granville,2010,In-District FTE Pupils,162.3
Granville,2011,In-District FTE Pupils,146.8
Granville,2012,In-District FTE Pupils,146.6
Granville,2009,Out-of-District FTE Pupils,93.6
Granville,2010,Out-of-District FTE Pupils,93.6
Granville,2011,Out-of-District FTE Pupils,88.6
Granville,2012,Out-of-District FTE Pupils,80.5
Greater Commonwealth Virtual District,2019,In-District FTE Pupils,579.0
Greater Commonwealth Virtual District,2020,In-District FTE Pupils,719.0
Greater Commonwealth Virtual District,2023,In-District FTE Pupils,1201.8
Greater Commonwealth Virtual District,2024,In-District FTE Pupils,1204.3
Greater Commonwealth Virtual District,2019,Out-of-District FTE Pupils,0.0
Greater Commonwealth Virtual District,2020,Out-of-District FTE Pupils,0.0
Greater Commonwealth Virtual District,2023,Out-of-District FTE Pupils,0.0
Greater Commonwealth Virtual District,2024,Out-of-District FTE Pupils,0.0
Greater Fall River Regional Vocational Technical,2009,In-District FTE Pupils,1364.3
Greater Fall River Regional Vocational Technical,2010,In-District FTE Pupils,1392.5
Greater Fall River Regional Vocational Technical,2011,In-District FTE Pupils,1376.6
Greater Fall River Regional Vocational Technical,2012,In-District FTE Pupils,1389.9
Greater Fall River Regional Vocational Technical,2013,In-District FTE Pupils,1400.7
Greater Fall River Regional Vocational Technical,2014,In-District FTE Pupils,1436.5
Greater Fall River Regional Vocational Technical,2015,In-District FTE Pupils,1442.7
Greater Fall River Regional Vocational Technical,2016,In-District FTE Pupils,1463.1
Greater Fall River Regional Vocational Technical,2017,In-District FTE Pupils,1445.6
Greater Fall River Regional Vocational Technical,2018,In-District FTE Pupils,1427.8
Greater Fall River Regional Vocational Technical,2019,In-District FTE Pupils,1438.0
Greater Fall River Regional Vocational Technical,2020,In-District FTE Pupils,1466.5
Greater Fall River Regional Vocational Technical,2021,In-District FTE Pupils,1459.7
Greater Fall River Regional Vocational Technical,2022,In-District FTE Pupils,1435.2
Greater Fall River Regional Vocational Technical,2023,In-District FTE Pupils,1397.0
Greater Fall River Regional Vocational Technical,2024,In-District FTE Pupils,1427.9
Greater Fall River Regional Vocational Technical,2009,Out-of-District FTE Pupils,0.7
Greater Fall River Regional Vocational Technical,2010,Out-of-District FTE Pupils,3.0
Greater Fall River Regional Vocational Technical,2011,Out-of-District FTE Pupils,0.0
Greater Fall River Regional Vocational Technical,2012,Out-of-District FTE Pupils,1.0
Greater Fall River Regional Vocational Technical,2013,Out-of-District FTE Pupils,1.0
Greater Fall River Regional Vocational Technical,2014,Out-of-District FTE Pupils,1.0
Greater Fall River Regional Vocational Technical,2015,Out-of-District FTE Pupils,1.5
Greater Fall River Regional Vocational Technical,2016,Out-of-District FTE Pupils,7.9
Greater Fall River Regional Vocational Technical,2017,Out-of-District FTE Pupils,6.4
Greater Fall River Regional Vocational Technical,2018,Out-of-District FTE Pupils,9.5
Greater Fall River Regional Vocational Technical,2019,Out-of-District FTE Pupils,13.2
Greater Fall River Regional Vocational Technical,2020,Out-of-District FTE Pupils,18.0
Greater Fall River Regional Vocational Technical,2021,Out-of-District FTE Pupils,12.7
Greater Fall River Regional Vocational Technical,2022,Out-of-District FTE Pupils,12.8
Greater Fall River Regional Vocational Technical,2023,Out-of-District FTE Pupils,13.6
Greater Fall River Regional Vocational Technical,2024,Out-of-District FTE Pupils,12.1
Greater Lawrence Regional Vocational Technical,2009,In-District FTE Pupils,1124.0
Greater Lawrence Regional Vocational Technical,2010,In-District FTE Pupils,1171.2
Greater Lawrence Regional Vocational Technical,2011,In-District FTE Pupils,1184.2
Greater Lawrence Regional Vocational Technical,2012,In-District FTE Pupils,1243.8
Greater Lawrence Regional Vocational Technical,2013,In-District FTE Pupils,1270.5
Greater Lawrence Regional Vocational Technical,2014,In-District FTE Pupils,1304.1
Greater Lawrence Regional Vocational Technical,2015,In-District FTE Pupils,1314.9
Greater Lawrence Regional Vocational Technical,2016,In-District FTE Pupils,1373.6
Greater Lawrence Regional Vocational Technical,2017,In-District FTE Pupils,1451.3
Greater Lawrence Regional Vocational Technical,2018,In-District FTE Pupils,1473.7
Greater Lawrence Regional Vocational Technical,2019,In-District FTE Pupils,1535.2
Greater Lawrence Regional Vocational Technical,2020,In-District FTE Pupils,1585.6
Greater Lawrence Regional Vocational Technical,2021,In-District FTE Pupils,1606.1
Greater Lawrence Regional Vocational Technical,2022,In-District FTE Pupils,1645.1
Greater Lawrence Regional Vocational Technical,2023,In-District FTE Pupils,1684.6
Greater Lawrence Regional Vocational Technical,2024,In-District FTE Pupils,1742.7
Greater Lawrence Regional Vocational Technical,2009,Out-of-District FTE Pupils,199.4
Greater Lawrence Regional Vocational Technical,2010,Out-of-District FTE Pupils,198.4
Greater Lawrence Regional Vocational Technical,2011,Out-of-District FTE Pupils,191.8
Greater Lawrence Regional Vocational Technical,2012,Out-of-District FTE Pupils,163.8
Greater Lawrence Regional Vocational Technical,2013,Out-of-District FTE Pupils,129.4
Greater Lawrence Regional Vocational Technical,2014,Out-of-District FTE Pupils,158.9
Greater Lawrence Regional Vocational Technical,2015,Out-of-District FTE Pupils,147.0
Greater Lawrence Regional Vocational Technical,2016,Out-of-District FTE Pupils,117.3
Greater Lawrence Regional Vocational Technical,2017,Out-of-District FTE Pupils,89.0
Greater Lawrence Regional Vocational Technical,2018,Out-of-District FTE Pupils,36.9
Greater Lawrence Regional Vocational Technical,2019,Out-of-District FTE Pupils,6.0
Greater Lawrence Regional Vocational Technical,2020,Out-of-District FTE Pupils,7.9
Greater Lawrence Regional Vocational Technical,2021,Out-of-District FTE Pupils,12.3
Greater Lawrence Regional Vocational Technical,2022,Out-of-District FTE Pupils,11.9
Greater Lawrence Regional Vocational Technical,2023,Out-of-District FTE Pupils,4.2
Greater Lawrence Regional Vocational Technical,2024,Out-of-District FTE Pupils,4.5
Greater Lowell Regional Vocational Technical,2009,In-District FTE Pupils,1917.3
Greater Lowell Regional Vocational Technical,2010,In-District FTE Pupils,2007.2
Greater Lowell Regional Vocational Technical,2011,In-District FTE Pupils,2032.1
Greater Lowell Regional Vocational Technical,2012,In-District FTE Pupils,2105.9
Greater Lowell Regional Vocational Technical,2013,In-District FTE Pupils,2093.8
Greater Lowell Regional Vocational Technical,2014,In-District FTE Pupils,2099.8
Greater Lowell Regional Vocational Technical,2015,In-District FTE Pupils,2122.9
Greater Lowell Regional Vocational Technical,2016,In-District FTE Pupils,2181.8
Greater Lowell Regional Vocational Technical,2017,In-District FTE Pupils,2211.1
Greater Lowell Regional Vocational Technical,2018,In-District FTE Pupils,2269.9
Greater Lowell Regional Vocational Technical,2019,In-District FTE Pupils,2259.4
Greater Lowell Regional Vocational Technical,2020,In-District FTE Pupils,2296.7
Greater Lowell Regional Vocational Technical,2021,In-District FTE Pupils,2323.0
Greater Lowell Regional Vocational Technical,2022,In-District FTE Pupils,2318.2
Greater Lowell Regional Vocational Technical,2023,In-District FTE Pupils,2262.0
Greater Lowell Regional Vocational Technical,2024,In-District FTE Pupils,2297.4
Greater Lowell Regional Vocational Technical,2009,Out-of-District FTE Pupils,68.8
Greater Lowell Regional Vocational Technical,2010,Out-of-District FTE Pupils,52.5
Greater Lowell Regional Vocational Technical,2011,Out-of-District FTE Pupils,61.6
Greater Lowell Regional Vocational Technical,2012,Out-of-District FTE Pupils,48.7
Greater Lowell Regional Vocational Technical,2013,Out-of-District FTE Pupils,45.9
Greater Lowell Regional Vocational Technical,2014,Out-of-District FTE Pupils,38.2
Greater Lowell Regional Vocational Technical,2015,Out-of-District FTE Pupils,27.8
Greater Lowell Regional Vocational Technical,2016,Out-of-District FTE Pupils,25.3
Greater Lowell Regional Vocational Technical,2017,Out-of-District FTE Pupils,31.9
Greater Lowell Regional Vocational Technical,2018,Out-of-District FTE Pupils,37.3
Greater Lowell Regional Vocational Technical,2019,Out-of-District FTE Pupils,38.1
Greater Lowell Regional Vocational Technical,2020,Out-of-District FTE Pupils,35.7
Greater Lowell Regional Vocational Technical,2021,Out-of-District FTE Pupils,33.6
Greater Lowell Regional Vocational Technical,2022,Out-of-District FTE Pupils,29.5
Greater Lowell Regional Vocational Technical,2023,Out-of-District FTE Pupils,18.2
Greater Lowell Regional Vocational Technical,2024,Out-of-District FTE Pupils,10.0
Greater New Bedford Regional Vocational Technical,2009,In-District FTE Pupils,2019.4
Greater New Bedford Regional Vocational Technical,2010,In-District FTE Pupils,2088.3
Greater New Bedford Regional Vocational Technical,2011,In-District FTE Pupils,2091.5
Greater New Bedford Regional Vocational Technical,2012,In-District FTE Pupils,2116.0
Greater New Bedford Regional Vocational Technical,2013,In-District FTE Pupils,2076.7
Greater New Bedford Regional Vocational Technical,2014,In-District FTE Pupils,2130.1
Greater New Bedford Regional Vocational Technical,2015,In-District FTE Pupils,2092.3
Greater New Bedford Regional Vocational Technical,2016,In-District FTE Pupils,2111.6
Greater New Bedford Regional Vocational Technical,2017,In-District FTE Pupils,2096.3
Greater New Bedford Regional Vocational Technical,2018,In-District FTE Pupils,2114.6
Greater New Bedford Regional Vocational Technical,2019,In-District FTE Pupils,2114.6
Greater New Bedford Regional Vocational Technical,2020,In-District FTE Pupils,2111.6
Greater New Bedford Regional Vocational Technical,2021,In-District FTE Pupils,2065.6
Greater New Bedford Regional Vocational Technical,2022,In-District FTE Pupils,2088.1
Greater New Bedford Regional Vocational Technical,2023,In-District FTE Pupils,2050.6
Greater New Bedford Regional Vocational Technical,2024,In-District FTE Pupils,2127.1
Greater New Bedford Regional Vocational Technical,2009,Out-of-District FTE Pupils,0.0
Greater New Bedford Regional Vocational Technical,2010,Out-of-District FTE Pupils,1.0
Greater New Bedford Regional Vocational Technical,2011,Out-of-District FTE Pupils,0.4
Greater New Bedford Regional Vocational Technical,2012,Out-of-District FTE Pupils,0.5
Greater New Bedford Regional Vocational Technical,2013,Out-of-District FTE Pupils,2.0
Greater New Bedford Regional Vocational Technical,2014,Out-of-District FTE Pupils,1.8
Greater New Bedford Regional Vocational Technical,2015,Out-of-District FTE Pupils,2.0
Greater New Bedford Regional Vocational Technical,2016,Out-of-District FTE Pupils,5.0
Greater New Bedford Regional Vocational Technical,2017,Out-of-District FTE Pupils,3.2
Greater New Bedford Regional Vocational Technical,2018,Out-of-District FTE Pupils,4.0
Greater New Bedford Regional Vocational Technical,2019,Out-of-District FTE Pupils,2.6
Greater New Bedford Regional Vocational Technical,2020,Out-of-District FTE Pupils,5.9
Greater New Bedford Regional Vocational Technical,2021,Out-of-District FTE Pupils,7.7
Greater New Bedford Regional Vocational Technical,2022,Out-of-District FTE Pupils,7.4
Greater New Bedford Regional Vocational Technical,2023,Out-of-District FTE Pupils,7.3
Greater New Bedford Regional Vocational Technical,2024,Out-of-District FTE Pupils,8.5
Greenfield,2009,In-District FTE Pupils,1504.9
Greenfield,2010,In-District FTE Pupils,1505.3
Greenfield,2011,In-District FTE Pupils,1853.8
Greenfield,2012,In-District FTE Pupils,2085.2
Greenfield,2013,In-District FTE Pupils,2095.3
Greenfield,2014,In-District FTE Pupils,1691.0
Greenfield,2015,In-District FTE Pupils,1676.7
Greenfield,2016,In-District FTE Pupils,1617.8
Greenfield,2017,In-District FTE Pupils,1684.7
Greenfield,2018,In-District FTE Pupils,1700.3
Greenfield,2019,In-District FTE Pupils,1737.0
Greenfield,2020,In-District FTE Pupils,1737.2
Greenfield,2021,In-District FTE Pupils,1539.6
Greenfield,2022,In-District FTE Pupils,1581.0
Greenfield,2023,In-District FTE Pupils,1446.3
Greenfield,2024,In-District FTE Pupils,1394.0
Greenfield,2009,Out-of-District FTE Pupils,465.5
Greenfield,2010,Out-of-District FTE Pupils,518.2
Greenfield,2011,Out-of-District FTE Pupils,512.5
Greenfield,2012,Out-of-District FTE Pupils,493.1
Greenfield,2013,Out-of-District FTE Pupils,498.3
Greenfield,2014,Out-of-District FTE Pupils,474.4
Greenfield,2015,Out-of-District FTE Pupils,471.6
Greenfield,2016,Out-of-District FTE Pupils,460.1
Greenfield,2017,Out-of-District FTE Pupils,455.8
Greenfield,2018,Out-of-District FTE Pupils,476.7
Greenfield,2019,Out-of-District FTE Pupils,426.3
Greenfield,2020,Out-of-District FTE Pupils,435.9
Greenfield,2021,Out-of-District FTE Pupils,406.7
Greenfield,2022,Out-of-District FTE Pupils,403.1
Greenfield,2023,Out-of-District FTE Pupils,474.6
Greenfield,2024,Out-of-District FTE Pupils,475.4
Groton-Dunstable,2009,In-District FTE Pupils,2803.1
Groton-Dunstable,2010,In-District FTE Pupils,2814.0
Groton-Dunstable,2011,In-District FTE Pupils,2776.5
Groton-Dunstable,2012,In-District FTE Pupils,2656.5
Groton-Dunstable,2013,In-District FTE Pupils,2611.2
Groton-Dunstable,2014,In-District FTE Pupils,2602.6
Groton-Dunstable,2015,In-District FTE Pupils,2547.2
Groton-Dunstable,2016,In-District FTE Pupils,2473.7
Groton-Dunstable,2017,In-District FTE Pupils,2442.6
Groton-Dunstable,2018,In-District FTE Pupils,2428.5
Groton-Dunstable,2019,In-District FTE Pupils,2404.8
Groton-Dunstable,2020,In-District FTE Pupils,2360.9
Groton-Dunstable,2021,In-District FTE Pupils,2256.4
Groton-Dunstable,2022,In-District FTE Pupils,2352.6
Groton-Dunstable,2023,In-District FTE Pupils,2346.3
Groton-Dunstable,2024,In-District FTE Pupils,2324.2
Groton-Dunstable,2009,Out-of-District FTE Pupils,104.4
Groton-Dunstable,2010,Out-of-District FTE Pupils,112.5
Groton-Dunstable,2011,Out-of-District FTE Pupils,121.9
Groton-Dunstable,2012,Out-of-District FTE Pupils,119.4
Groton-Dunstable,2013,Out-of-District FTE Pupils,112.9
Groton-Dunstable,2014,Out-of-District FTE Pupils,101.8
Groton-Dunstable,2015,Out-of-District FTE Pupils,95.6
Groton-Dunstable,2016,Out-of-District FTE Pupils,107.3
Groton-Dunstable,2017,Out-of-District FTE Pupils,109.3
Groton-Dunstable,2018,Out-of-District FTE Pupils,110.9
Groton-Dunstable,2019,Out-of-District FTE Pupils,118.5
Groton-Dunstable,2020,Out-of-District FTE Pupils,111.5
Groton-Dunstable,2021,Out-of-District FTE Pupils,109.4
Groton-Dunstable,2022,Out-of-District FTE Pupils,106.3
Groton-Dunstable,2023,Out-of-District FTE Pupils,98.9
Groton-Dunstable,2024,Out-of-District FTE Pupils,94.1
Hadley,2009,In-District FTE Pupils,684.5
Hadley,2010,In-District FTE Pupils,715.5
Hadley,2011,In-District FTE Pupils,714.9
Hadley,2012,In-District FTE Pupils,705.8
Hadley,2013,In-District FTE Pupils,671.4
Hadley,2014,In-District FTE Pupils,626.9
Hadley,2015,In-District FTE Pupils,617.6
Hadley,2016,In-District FTE Pupils,616.5
Hadley,2017,In-District FTE Pupils,567.0
Hadley,2018,In-District FTE Pupils,527.9
Hadley,2019,In-District FTE Pupils,538.2
Hadley,2020,In-District FTE Pupils,535.7
Hadley,2021,In-District FTE Pupils,502.9
Hadley,2022,In-District FTE Pupils,511.3
Hadley,2023,In-District FTE Pupils,495.0
Hadley,2024,In-District FTE Pupils,515.8
Hadley,2009,Out-of-District FTE Pupils,64.8
Hadley,2010,Out-of-District FTE Pupils,78.2
Hadley,2011,Out-of-District FTE Pupils,75.8
Hadley,2012,Out-of-District FTE Pupils,91.2
Hadley,2013,Out-of-District FTE Pupils,129.3
Hadley,2014,Out-of-District FTE Pupils,131.5
Hadley,2015,Out-of-District FTE Pupils,127.7
Hadley,2016,Out-of-District FTE Pupils,118.9
Hadley,2017,Out-of-District FTE Pupils,125.8
Hadley,2018,Out-of-District FTE Pupils,147.2
Hadley,2019,Out-of-District FTE Pupils,148.5
Hadley,2020,Out-of-District FTE Pupils,128.2
Hadley,2021,Out-of-District FTE Pupils,124.1
Hadley,2022,Out-of-District FTE Pupils,117.7
Hadley,2023,Out-of-District FTE Pupils,107.8
Hadley,2024,Out-of-District FTE Pupils,107.9
Halifax,2009,In-District FTE Pupils,678.2
Halifax,2010,In-District FTE Pupils,657.8
Halifax,2011,In-District FTE Pupils,633.0
Halifax,2012,In-District FTE Pupils,596.3
Halifax,2013,In-District FTE Pupils,581.4
Halifax,2014,In-District FTE Pupils,569.8
Halifax,2015,In-District FTE Pupils,562.5
Halifax,2016,In-District FTE Pupils,543.4
Halifax,2017,In-District FTE Pupils,593.7
Halifax,2018,In-District FTE Pupils,602.3
Halifax,2019,In-District FTE Pupils,612.2
Halifax,2020,In-District FTE Pupils,590.4
Halifax,2021,In-District FTE Pupils,570.8
Halifax,2022,In-District FTE Pupils,570.8
Halifax,2023,In-District FTE Pupils,563.2
Halifax,2009,Out-of-District FTE Pupils,26.5
Halifax,2010,Out-of-District FTE Pupils,23.4
Halifax,2011,Out-of-District FTE Pupils,23.3
Halifax,2012,Out-of-District FTE Pupils,20.0
Halifax,2013,Out-of-District FTE Pupils,25.5
Halifax,2014,Out-of-District FTE Pupils,29.2
Halifax,2015,Out-of-District FTE Pupils,27.1
Halifax,2016,Out-of-District FTE Pupils,35.7
Halifax,2017,Out-of-District FTE Pupils,40.5
Halifax,2018,Out-of-District FTE Pupils,41.0
Halifax,2019,Out-of-District FTE Pupils,47.0
Halifax,2020,Out-of-District FTE Pupils,32.6
Halifax,2021,Out-of-District FTE Pupils,43.4
Halifax,2022,Out-of-District FTE Pupils,38.6
Halifax,2023,Out-of-District FTE Pupils,76.6
Hamilton-Wenham,2009,In-District FTE Pupils,2083.5
Hamilton-Wenham,2010,In-District FTE Pupils,2002.9
Hamilton-Wenham,2011,In-District FTE Pupils,1962.0
Hamilton-Wenham,2012,In-District FTE Pupils,1942.0
Hamilton-Wenham,2013,In-District FTE Pupils,1929.8
Hamilton-Wenham,2014,In-District FTE Pupils,1890.7
Hamilton-Wenham,2015,In-District FTE Pupils,1845.0
Hamilton-Wenham,2016,In-District FTE Pupils,1792.4
Hamilton-Wenham,2017,In-District FTE Pupils,1767.8
Hamilton-Wenham,2018,In-District FTE Pupils,1751.9
Hamilton-Wenham,2019,In-District FTE Pupils,1752.7
Hamilton-Wenham,2020,In-District FTE Pupils,1829.0
Hamilton-Wenham,2021,In-District FTE Pupils,1666.6
Hamilton-Wenham,2022,In-District FTE Pupils,1684.0
Hamilton-Wenham,2023,In-District FTE Pupils,1651.5
Hamilton-Wenham,2024,In-District FTE Pupils,1660.6
Hamilton-Wenham,2009,Out-of-District FTE Pupils,31.9
Hamilton-Wenham,2010,Out-of-District FTE Pupils,33.7
Hamilton-Wenham,2011,Out-of-District FTE Pupils,30.1
Hamilton-Wenham,2012,Out-of-District FTE Pupils,34.2
Hamilton-Wenham,2013,Out-of-District FTE Pupils,26.5
Hamilton-Wenham,2014,Out-of-District FTE Pupils,31.0
Hamilton-Wenham,2015,Out-of-District FTE Pupils,42.0
Hamilton-Wenham,2016,Out-of-District FTE Pupils,48.2
Hamilton-Wenham,2017,Out-of-District FTE Pupils,55.7
Hamilton-Wenham,2018,Out-of-District FTE Pupils,61.8
Hamilton-Wenham,2019,Out-of-District FTE Pupils,55.1
Hamilton-Wenham,2020,Out-of-District FTE Pupils,62.7
Hamilton-Wenham,2021,Out-of-District FTE Pupils,59.9
Hamilton-Wenham,2022,Out-of-District FTE Pupils,61.3
Hamilton-Wenham,2023,Out-of-District FTE Pupils,66.3
Hamilton-Wenham,2024,Out-of-District FTE Pupils,53.8
Hampden Charter School of Science (District),2019,In-District FTE Pupils,498.1
Hampden Charter School of Science (District),2020,In-District FTE Pupils,525.1
Hampden Charter School of Science (District),2021,In-District FTE Pupils,537.0
Hampden Charter School of Science (District),2022,In-District FTE Pupils,544.6
Hampden Charter School of Science (District),2023,In-District FTE Pupils,543.3
Hampden Charter School of Science (District),2024,In-District FTE Pupils,540.4
Hampden Charter School of Science (District),2019,Out-of-District FTE Pupils,0.0
Hampden Charter School of Science (District),2020,Out-of-District FTE Pupils,0.0
Hampden Charter School of Science (District),2021,Out-of-District FTE Pupils,0.0
Hampden Charter School of Science (District),2022,Out-of-District FTE Pupils,0.0
Hampden Charter School of Science (District),2023,Out-of-District FTE Pupils,0.0
Hampden Charter School of Science (District),2024,Out-of-District FTE Pupils,0.0
Hampden Charter School of Science West (District),2019,In-District FTE Pupils,212.1
Hampden Charter School of Science West (District),2020,In-District FTE Pupils,258.6
Hampden Charter School of Science West (District),2021,In-District FTE Pupils,320.4
Hampden Charter School of Science West (District),2022,In-District FTE Pupils,356.0
Hampden Charter School of Science West (District),2023,In-District FTE Pupils,360.4
Hampden Charter School of Science West (District),2024,In-District FTE Pupils,392.2
Hampden Charter School of Science West (District),2019,Out-of-District FTE Pupils,0.0
Hampden Charter School of Science West (District),2020,Out-of-District FTE Pupils,0.0
Hampden Charter School of Science West (District),2021,Out-of-District FTE Pupils,0.0
Hampden Charter School of Science West (District),2022,Out-of-District FTE Pupils,0.0
Hampden Charter School of Science West (District),2023,Out-of-District FTE Pupils,0.0
Hampden Charter School of Science West (District),2024,Out-of-District FTE Pupils,0.0
Hampden-Wilbraham,2009,In-District FTE Pupils,3635.2
Hampden-Wilbraham,2010,In-District FTE Pupils,3606.8
Hampden-Wilbraham,2011,In-District FTE Pupils,3573.9
Hampden-Wilbraham,2012,In-District FTE Pupils,3446.3
Hampden-Wilbraham,2013,In-District FTE Pupils,3383.3
Hampden-Wilbraham,2014,In-District FTE Pupils,3306.4
Hampden-Wilbraham,2015,In-District FTE Pupils,3196.1
Hampden-Wilbraham,2016,In-District FTE Pupils,3116.6
Hampden-Wilbraham,2017,In-District FTE Pupils,3102.0
Hampden-Wilbraham,2018,In-District FTE Pupils,3068.2
Hampden-Wilbraham,2019,In-District FTE Pupils,3045.0
Hampden-Wilbraham,2020,In-District FTE Pupils,3014.6
Hampden-Wilbraham,2021,In-District FTE Pupils,2886.0
Hampden-Wilbraham,2022,In-District FTE Pupils,2907.9
Hampden-Wilbraham,2023,In-District FTE Pupils,2880.4
Hampden-Wilbraham,2024,In-District FTE Pupils,2858.0
Hampden-Wilbraham,2009,Out-of-District FTE Pupils,97.1
Hampden-Wilbraham,2010,Out-of-District FTE Pupils,95.0
Hampden-Wilbraham,2011,Out-of-District FTE Pupils,86.8
Hampden-Wilbraham,2012,Out-of-District FTE Pupils,73.4
Hampden-Wilbraham,2013,Out-of-District FTE Pupils,64.7
Hampden-Wilbraham,2014,Out-of-District FTE Pupils,60.3
Hampden-Wilbraham,2015,Out-of-District FTE Pupils,65.8
Hampden-Wilbraham,2016,Out-of-District FTE Pupils,68.0
Hampden-Wilbraham,2017,Out-of-District FTE Pupils,66.6
Hampden-Wilbraham,2018,Out-of-District FTE Pupils,66.1
Hampden-Wilbraham,2019,Out-of-District FTE Pupils,74.4
Hampden-Wilbraham,2020,Out-of-District FTE Pupils,67.2
Hampden-Wilbraham,2021,Out-of-District FTE Pupils,77.3
Hampden-Wilbraham,2022,Out-of-District FTE Pupils,91.9
Hampden-Wilbraham,2023,Out-of-District FTE Pupils,98.1
Hampden-Wilbraham,2024,Out-of-District FTE Pupils,92.4
Hampshire,2009,In-District FTE Pupils,843.4
Hampshire,2010,In-District FTE Pupils,819.0
Hampshire,2011,In-District FTE Pupils,810.2
Hampshire,2012,In-District FTE Pupils,792.7
Hampshire,2013,In-District FTE Pupils,763.7
Hampshire,2014,In-District FTE Pupils,755.1
Hampshire,2015,In-District FTE Pupils,747.0
Hampshire,2016,In-District FTE Pupils,742.8
Hampshire,2017,In-District FTE Pupils,740.1
Hampshire,2018,In-District FTE Pupils,701.5
Hampshire,2019,In-District FTE Pupils,719.0
Hampshire,2020,In-District FTE Pupils,733.3
Hampshire,2021,In-District FTE Pupils,679.2
Hampshire,2022,In-District FTE Pupils,685.7
Hampshire,2023,In-District FTE Pupils,654.9
Hampshire,2009,Out-of-District FTE Pupils,114.7
Hampshire,2010,Out-of-District FTE Pupils,106.6
Hampshire,2011,Out-of-District FTE Pupils,109.2
Hampshire,2012,Out-of-District FTE Pupils,101.7
Hampshire,2013,Out-of-District FTE Pupils,104.7
Hampshire,2014,Out-of-District FTE Pupils,115.2
Hampshire,2015,Out-of-District FTE Pupils,100.6
Hampshire,2016,Out-of-District FTE Pupils,93.4
Hampshire,2017,Out-of-District FTE Pupils,105.2
Hampshire,2018,Out-of-District FTE Pupils,110.3
Hampshire,2019,Out-of-District FTE Pupils,105.1
Hampshire,2020,Out-of-District FTE Pupils,92.9
Hampshire,2021,Out-of-District FTE Pupils,103.0
Hampshire,2022,Out-of-District FTE Pupils,96.0
Hampshire,2023,Out-of-District FTE Pupils,99.7
Hancock,2009,In-District FTE Pupils,33.1
Hancock,2010,In-District FTE Pupils,41.0
Hancock,2011,In-District FTE Pupils,48.4
Hancock,2012,In-District FTE Pupils,48.5
Hancock,2013,In-District FTE Pupils,44.7
Hancock,2014,In-District FTE Pupils,46.9
Hancock,2015,In-District FTE Pupils,41.8
Hancock,2016,In-District FTE Pupils,41.9
Hancock,2017,In-District FTE Pupils,37.6
Hancock,2018,In-District FTE Pupils,41.8
Hancock,2019,In-District FTE Pupils,39.5
Hancock,2020,In-District FTE Pupils,47.0
Hancock,2021,In-District FTE Pupils,54.6
Hancock,2022,In-District FTE Pupils,56.0
Hancock,2023,In-District FTE Pupils,59.9
Hancock,2024,In-District FTE Pupils,56.4
Hancock,2009,Out-of-District FTE Pupils,75.2
Hancock,2010,Out-of-District FTE Pupils,75.9
Hancock,2011,Out-of-District FTE Pupils,68.1
Hancock,2012,Out-of-District FTE Pupils,66.0
Hancock,2013,Out-of-District FTE Pupils,70.3
Hancock,2014,Out-of-District FTE Pupils,55.5
Hancock,2015,Out-of-District FTE Pupils,45.9
Hancock,2016,Out-of-District FTE Pupils,40.1
Hancock,2017,Out-of-District FTE Pupils,38.0
Hancock,2018,Out-of-District FTE Pupils,45.1
Hancock,2019,Out-of-District FTE Pupils,45.4
Hancock,2020,Out-of-District FTE Pupils,50.2
Hancock,2021,Out-of-District FTE Pupils,43.5
Hancock,2022,Out-of-District FTE Pupils,48.1
Hancock,2023,Out-of-District FTE Pupils,54.0
Hancock,2024,Out-of-District FTE Pupils,49.1
Hanover,2009,In-District FTE Pupils,2736.4
Hanover,2010,In-District FTE Pupils,2712.2
Hanover,2011,In-District FTE Pupils,2704.0
Hanover,2012,In-District FTE Pupils,2747.8
Hanover,2013,In-District FTE Pupils,2691.5
Hanover,2014,In-District FTE Pupils,2665.2
Hanover,2015,In-District FTE Pupils,2630.5
Hanover,2016,In-District FTE Pupils,2612.5
Hanover,2017,In-District FTE Pupils,2622.7
Hanover,2018,In-District FTE Pupils,2616.8
Hanover,2019,In-District FTE Pupils,2658.7
Hanover,2020,In-District FTE Pupils,2662.4
Hanover,2021,In-District FTE Pupils,2546.0
Hanover,2022,In-District FTE Pupils,2621.0
Hanover,2023,In-District FTE Pupils,2598.1
Hanover,2024,In-District FTE Pupils,2605.4
Hanover,2009,Out-of-District FTE Pupils,45.2
Hanover,2010,Out-of-District FTE Pupils,46.3
Hanover,2011,Out-of-District FTE Pupils,53.0
Hanover,2012,Out-of-District FTE Pupils,49.4
Hanover,2013,Out-of-District FTE Pupils,52.1
Hanover,2014,Out-of-District FTE Pupils,60.0
Hanover,2015,Out-of-District FTE Pupils,55.5
Hanover,2016,Out-of-District FTE Pupils,57.9
Hanover,2017,Out-of-District FTE Pupils,59.6
Hanover,2018,Out-of-District FTE Pupils,59.8
Hanover,2019,Out-of-District FTE Pupils,64.8
Hanover,2020,Out-of-District FTE Pupils,75.8
Hanover,2021,Out-of-District FTE Pupils,81.9
Hanover,2022,Out-of-District FTE Pupils,76.4
Hanover,2023,Out-of-District FTE Pupils,77.7
Hanover,2024,Out-of-District FTE Pupils,86.8
Harvard,2009,In-District FTE Pupils,1275.3
Harvard,2010,In-District FTE Pupils,1272.6
Harvard,2011,In-District FTE Pupils,1261.3
Harvard,2012,In-District FTE Pupils,1257.0
Harvard,2013,In-District FTE Pupils,1205.8
Harvard,2014,In-District FTE Pupils,1169.9
Harvard,2015,In-District FTE Pupils,1149.6
Harvard,2016,In-District FTE Pupils,1140.9
Harvard,2017,In-District FTE Pupils,1126.5
Harvard,2018,In-District FTE Pupils,1101.8
Harvard,2019,In-District FTE Pupils,1072.1
Harvard,2020,In-District FTE Pupils,1051.6
Harvard,2021,In-District FTE Pupils,1008.1
Harvard,2022,In-District FTE Pupils,1034.2
Harvard,2023,In-District FTE Pupils,1023.8
Harvard,2024,In-District FTE Pupils,1012.8
Harvard,2009,Out-of-District FTE Pupils,45.0
Harvard,2010,Out-of-District FTE Pupils,48.7
Harvard,2011,Out-of-District FTE Pupils,56.0
Harvard,2012,Out-of-District FTE Pupils,54.0
Harvard,2013,Out-of-District FTE Pupils,59.7
Harvard,2014,Out-of-District FTE Pupils,56.3
Harvard,2015,Out-of-District FTE Pupils,50.8
Harvard,2016,Out-of-District FTE Pupils,48.1
Harvard,2017,Out-of-District FTE Pupils,43.6
Harvard,2018,Out-of-District FTE Pupils,40.6
Harvard,2019,Out-of-District FTE Pupils,44.0
Harvard,2020,Out-of-District FTE Pupils,45.4
Harvard,2021,Out-of-District FTE Pupils,50.5
Harvard,2022,Out-of-District FTE Pupils,60.1
Harvard,2023,Out-of-District FTE Pupils,56.4
Harvard,2024,Out-of-District FTE Pupils,59.3
Harwich,2009,In-District FTE Pupils,1316.0
Harwich,2010,In-District FTE Pupils,1313.1
Harwich,2011,In-District FTE Pupils,1322.2
Harwich,2012,In-District FTE Pupils,1285.0
Harwich,2009,Out-of-District FTE Pupils,228.5
Harwich,2010,Out-of-District FTE Pupils,225.7
Harwich,2011,Out-of-District FTE Pupils,240.0
Harwich,2012,Out-of-District FTE Pupils,256.8
Hatfield,2009,In-District FTE Pupils,417.3
Hatfield,2010,In-District FTE Pupils,460.9
Hatfield,2011,In-District FTE Pupils,466.5
Hatfield,2012,In-District FTE Pupils,485.5
Hatfield,2013,In-District FTE Pupils,414.1
Hatfield,2014,In-District FTE Pupils,450.6
Hatfield,2015,In-District FTE Pupils,451.6
Hatfield,2016,In-District FTE Pupils,441.7
Hatfield,2017,In-District FTE Pupils,444.2
Hatfield,2018,In-District FTE Pupils,435.8
Hatfield,2019,In-District FTE Pupils,441.1
Hatfield,2020,In-District FTE Pupils,432.5
Hatfield,2021,In-District FTE Pupils,396.2
Hatfield,2022,In-District FTE Pupils,386.5
Hatfield,2023,In-District FTE Pupils,349.4
Hatfield,2024,In-District FTE Pupils,332.4
Hatfield,2009,Out-of-District FTE Pupils,86.4
Hatfield,2010,Out-of-District FTE Pupils,88.4
Hatfield,2011,Out-of-District FTE Pupils,61.5
Hatfield,2012,Out-of-District FTE Pupils,57.2
Hatfield,2013,Out-of-District FTE Pupils,72.3
Hatfield,2014,Out-of-District FTE Pupils,66.3
Hatfield,2015,Out-of-District FTE Pupils,56.0
Hatfield,2016,Out-of-District FTE Pupils,60.8
Hatfield,2017,Out-of-District FTE Pupils,59.1
Hatfield,2018,Out-of-District FTE Pupils,62.1
Hatfield,2019,Out-of-District FTE Pupils,67.4
Hatfield,2020,Out-of-District FTE Pupils,81.6
Hatfield,2021,Out-of-District FTE Pupils,76.5
Hatfield,2022,Out-of-District FTE Pupils,74.5
Hatfield,2023,Out-of-District FTE Pupils,79.6
Hatfield,2024,Out-of-District FTE Pupils,79.7
Haverhill,2009,In-District FTE Pupils,6977.9
Haverhill,2010,In-District FTE Pupils,6942.6
Haverhill,2011,In-District FTE Pupils,6906.1
Haverhill,2012,In-District FTE Pupils,7091.0
Haverhill,2013,In-District FTE Pupils,7078.9
Haverhill,2014,In-District FTE Pupils,7139.9
Haverhill,2015,In-District FTE Pupils,7202.0
Haverhill,2016,In-District FTE Pupils,7308.5
Haverhill,2017,In-District FTE Pupils,7429.4
Haverhill,2018,In-District FTE Pupils,7519.4
Haverhill,2019,In-District FTE Pupils,8091.6
Haverhill,2020,In-District FTE Pupils,8123.0
Haverhill,2021,In-District FTE Pupils,7773.7
Haverhill,2022,In-District FTE Pupils,7853.6
Haverhill,2023,In-District FTE Pupils,7875.4
Haverhill,2024,In-District FTE Pupils,7996.0
Haverhill,2009,Out-of-District FTE Pupils,1082.6
Haverhill,2010,Out-of-District FTE Pupils,1145.7
Haverhill,2011,Out-of-District FTE Pupils,1230.1
Haverhill,2012,Out-of-District FTE Pupils,1204.1
Haverhill,2013,Out-of-District FTE Pupils,1253.2
Haverhill,2014,Out-of-District FTE Pupils,1212.7
Haverhill,2015,Out-of-District FTE Pupils,1268.6
Haverhill,2016,Out-of-District FTE Pupils,1224.9
Haverhill,2017,Out-of-District FTE Pupils,1212.4
Haverhill,2018,Out-of-District FTE Pupils,1192.8
Haverhill,2019,Out-of-District FTE Pupils,636.8
Haverhill,2020,Out-of-District FTE Pupils,670.2
Haverhill,2021,Out-of-District FTE Pupils,676.8
Haverhill,2022,Out-of-District FTE Pupils,699.5
Haverhill,2023,Out-of-District FTE Pupils,689.0
Haverhill,2024,Out-of-District FTE Pupils,725.9
Hawlemont,2009,In-District FTE Pupils,115.5
Hawlemont,2010,In-District FTE Pupils,104.4
Hawlemont,2011,In-District FTE Pupils,96.1
Hawlemont,2012,In-District FTE Pupils,104.3
Hawlemont,2013,In-District FTE Pupils,94.5
Hawlemont,2014,In-District FTE Pupils,97.5
Hawlemont,2015,In-District FTE Pupils,108.2
Hawlemont,2016,In-District FTE Pupils,101.4
Hawlemont,2017,In-District FTE Pupils,125.7
Hawlemont,2018,In-District FTE Pupils,162.7
Hawlemont,2019,In-District FTE Pupils,151.0
Hawlemont,2020,In-District FTE Pupils,142.7
Hawlemont,2021,In-District FTE Pupils,119.8
Hawlemont,2022,In-District FTE Pupils,118.0
Hawlemont,2023,In-District FTE Pupils,92.4
Hawlemont,2024,In-District FTE Pupils,66.9
Hawlemont,2009,Out-of-District FTE Pupils,14.0
Hawlemont,2010,Out-of-District FTE Pupils,16.2
Hawlemont,2011,Out-of-District FTE Pupils,17.0
Hawlemont,2012,Out-of-District FTE Pupils,18.3
Hawlemont,2013,Out-of-District FTE Pupils,20.7
Hawlemont,2014,Out-of-District FTE Pupils,16.5
Hawlemont,2015,Out-of-District FTE Pupils,20.5
Hawlemont,2016,Out-of-District FTE Pupils,24.9
Hawlemont,2017,Out-of-District FTE Pupils,30.1
Hawlemont,2018,Out-of-District FTE Pupils,23.7
Hawlemont,2019,Out-of-District FTE Pupils,26.9
Hawlemont,2020,Out-of-District FTE Pupils,18.0
Hawlemont,2021,Out-of-District FTE Pupils,26.0
Hawlemont,2022,Out-of-District FTE Pupils,35.1
Hawlemont,2023,Out-of-District FTE Pupils,39.6
Hawlemont,2024,Out-of-District FTE Pupils,40.8
Helen Y. Davis Leadership Academy Charter Public (District),2019,In-District FTE Pupils,188.4
Helen Y. Davis Leadership Academy Charter Public (District),2020,In-District FTE Pupils,201.5
Helen Y. Davis Leadership Academy Charter Public (District),2021,In-District FTE Pupils,186.9
Helen Y. Davis Leadership Academy Charter Public (District),2022,In-District FTE Pupils,130.0
Helen Y. Davis Leadership Academy Charter Public (District),2023,In-District FTE Pupils,111.9
Helen Y. Davis Leadership Academy Charter Public (District),2024,In-District FTE Pupils,88.3
Helen Y. Davis Leadership Academy Charter Public (District),2019,Out-of-District FTE Pupils,0.0
Helen Y. Davis Leadership Academy Charter Public (District),2020,Out-of-District FTE Pupils,0.0
Helen Y. Davis Leadership Academy Charter Public (District),2021,Out-of-District FTE Pupils,0.0
Helen Y. Davis Leadership Academy Charter Public (District),2022,Out-of-District FTE Pupils,0.0
Helen Y. Davis Leadership Academy Charter Public (District),2023,Out-of-District FTE Pupils,0.0
Helen Y. Davis Leadership Academy Charter Public (District),2024,Out-of-District FTE Pupils,0.0
Hill View Montessori Charter Public (District),2019,In-District FTE Pupils,305.3
Hill View Montessori Charter Public (District),2020,In-District FTE Pupils,312.5
Hill View Montessori Charter Public (District),2021,In-District FTE Pupils,305.1
Hill View Montessori Charter Public (District),2022,In-District FTE Pupils,304.4
Hill View Montessori Charter Public (District),2023,In-District FTE Pupils,304.9
Hill View Montessori Charter Public (District),2024,In-District FTE Pupils,305.6
Hill View Montessori Charter Public (District),2019,Out-of-District FTE Pupils,0.0
Hill View Montessori Charter Public (District),2020,Out-of-District FTE Pupils,0.0
Hill View Montessori Charter Public (District),2021,Out-of-District FTE Pupils,0.0
Hill View Montessori Charter Public (District),2022,Out-of-District FTE Pupils,0.0
Hill View Montessori Charter Public (District),2023,Out-of-District FTE Pupils,0.0
Hill View Montessori Charter Public (District),2024,Out-of-District FTE Pupils,0.0
Hilltown Cooperative Charter Public (District),2019,In-District FTE Pupils,218.3
Hilltown Cooperative Charter Public (District),2020,In-District FTE Pupils,217.9
Hilltown Cooperative Charter Public (District),2021,In-District FTE Pupils,218.0
Hilltown Cooperative Charter Public (District),2022,In-District FTE Pupils,217.3
Hilltown Cooperative Charter Public (District),2023,In-District FTE Pupils,217.8
Hilltown Cooperative Charter Public (District),2024,In-District FTE Pupils,217.5
Hilltown Cooperative Charter Public (District),2019,Out-of-District FTE Pupils,0.0
Hilltown Cooperative Charter Public (District),2020,Out-of-District FTE Pupils,0.0
Hilltown Cooperative Charter Public (District),2021,Out-of-District FTE Pupils,0.0
Hilltown Cooperative Charter Public (District),2022,Out-of-District FTE Pupils,0.0
Hilltown Cooperative Charter Public (District),2023,Out-of-District FTE Pupils,0.0
Hilltown Cooperative Charter Public (District),2024,Out-of-District FTE Pupils,0.0
Hingham,2009,In-District FTE Pupils,3959.1
Hingham,2010,In-District FTE Pupils,4058.8
Hingham,2011,In-District FTE Pupils,4105.3
Hingham,2012,In-District FTE Pupils,4134.9
Hingham,2013,In-District FTE Pupils,4195.9
Hingham,2014,In-District FTE Pupils,4207.1
Hingham,2015,In-District FTE Pupils,4265.1
Hingham,2016,In-District FTE Pupils,4285.3
Hingham,2017,In-District FTE Pupils,4278.5
Hingham,2018,In-District FTE Pupils,4247.2
Hingham,2019,In-District FTE Pupils,4217.6
Hingham,2020,In-District FTE Pupils,4254.4
Hingham,2021,In-District FTE Pupils,3877.5
Hingham,2022,In-District FTE Pupils,3840.1
Hingham,2023,In-District FTE Pupils,3785.5
Hingham,2024,In-District FTE Pupils,3679.1
Hingham,2009,Out-of-District FTE Pupils,66.6
Hingham,2010,Out-of-District FTE Pupils,65.3
Hingham,2011,Out-of-District FTE Pupils,63.9
Hingham,2012,Out-of-District FTE Pupils,78.2
Hingham,2013,Out-of-District FTE Pupils,75.8
Hingham,2014,Out-of-District FTE Pupils,72.3
Hingham,2015,Out-of-District FTE Pupils,60.1
Hingham,2016,Out-of-District FTE Pupils,67.3
Hingham,2017,Out-of-District FTE Pupils,76.1
Hingham,2018,Out-of-District FTE Pupils,80.2
Hingham,2019,Out-of-District FTE Pupils,77.8
Hingham,2020,Out-of-District FTE Pupils,76.8
Hingham,2021,Out-of-District FTE Pupils,80.1
Hingham,2022,Out-of-District FTE Pupils,74.5
Hingham,2023,Out-of-District FTE Pupils,72.9
Hingham,2024,Out-of-District FTE Pupils,59.7
Holbrook,2009,In-District FTE Pupils,1187.2
Holbrook,2010,In-District FTE Pupils,1161.1
Holbrook,2011,In-District FTE Pupils,1177.3
Holbrook,2012,In-District FTE Pupils,1184.3
Holbrook,2013,In-District FTE Pupils,1211.1
Holbrook,2014,In-District FTE Pupils,1219.4
Holbrook,2015,In-District FTE Pupils,1169.7
Holbrook,2016,In-District FTE Pupils,1175.9
Holbrook,2017,In-District FTE Pupils,1165.9
Holbrook,2018,In-District FTE Pupils,1218.8
Holbrook,2019,In-District FTE Pupils,1259.7
Holbrook,2020,In-District FTE Pupils,1305.6
Holbrook,2021,In-District FTE Pupils,1264.7
Holbrook,2022,In-District FTE Pupils,1293.8
Holbrook,2023,In-District FTE Pupils,1325.2
Holbrook,2024,In-District FTE Pupils,1322.4
Holbrook,2009,Out-of-District FTE Pupils,74.5
Holbrook,2010,Out-of-District FTE Pupils,74.5
Holbrook,2011,Out-of-District FTE Pupils,78.2
Holbrook,2012,Out-of-District FTE Pupils,69.0
Holbrook,2013,Out-of-District FTE Pupils,68.4
Holbrook,2014,Out-of-District FTE Pupils,72.8
Holbrook,2015,Out-of-District FTE Pupils,73.3
Holbrook,2016,Out-of-District FTE Pupils,73.7
Holbrook,2017,Out-of-District FTE Pupils,82.6
Holbrook,2018,Out-of-District FTE Pupils,96.8
Holbrook,2019,Out-of-District FTE Pupils,100.6
Holbrook,2020,Out-of-District FTE Pupils,95.2
Holbrook,2021,Out-of-District FTE Pupils,90.4
Holbrook,2022,Out-of-District FTE Pupils,104.6
Holbrook,2023,Out-of-District FTE Pupils,94.9
Holbrook,2024,Out-of-District FTE Pupils,100.4
Holland,2009,In-District FTE Pupils,280.4
Holland,2010,In-District FTE Pupils,250.3
Holland,2011,In-District FTE Pupils,250.0
Holland,2012,In-District FTE Pupils,222.2
Holland,2013,In-District FTE Pupils,228.2
Holland,2014,In-District FTE Pupils,236.6
Holland,2015,In-District FTE Pupils,239.4
Holland,2016,In-District FTE Pupils,228.2
Holland,2017,In-District FTE Pupils,236.1
Holland,2018,In-District FTE Pupils,235.3
Holland,2019,In-District FTE Pupils,229.6
Holland,2020,In-District FTE Pupils,229.1
Holland,2021,In-District FTE Pupils,198.9
Holland,2022,In-District FTE Pupils,231.3
Holland,2023,In-District FTE Pupils,228.9
Holland,2024,In-District FTE Pupils,227.2
Holland,2009,Out-of-District FTE Pupils,2.3
Holland,2010,Out-of-District FTE Pupils,2.3
Holland,2011,Out-of-District FTE Pupils,4.7
Holland,2012,Out-of-District FTE Pupils,4.3
Holland,2013,Out-of-District FTE Pupils,4.0
Holland,2014,Out-of-District FTE Pupils,4.0
Holland,2015,Out-of-District FTE Pupils,2.0
Holland,2016,Out-of-District FTE Pupils,2.5
Holland,2017,Out-of-District FTE Pupils,0.0
Holland,2018,Out-of-District FTE Pupils,5.0
Holland,2019,Out-of-District FTE Pupils,7.6
Holland,2020,Out-of-District FTE Pupils,6.5
Holland,2021,Out-of-District FTE Pupils,13.5
Holland,2022,Out-of-District FTE Pupils,10.0
Holland,2023,Out-of-District FTE Pupils,15.0
Holland,2024,Out-of-District FTE Pupils,7.2
Holliston,2009,In-District FTE Pupils,2921.0
Holliston,2010,In-District FTE Pupils,2869.4
Holliston,2011,In-District FTE Pupils,2863.5
Holliston,2012,In-District FTE Pupils,2844.1
Holliston,2013,In-District FTE Pupils,2817.9
Holliston,2014,In-District FTE Pupils,2821.5
Holliston,2015,In-District FTE Pupils,2820.3
Holliston,2016,In-District FTE Pupils,2888.6
Holliston,2017,In-District FTE Pupils,2889.3
Holliston,2018,In-District FTE Pupils,2903.9
Holliston,2019,In-District FTE Pupils,2887.3
Holliston,2020,In-District FTE Pupils,2919.7
Holliston,2021,In-District FTE Pupils,2770.6
Holliston,2022,In-District FTE Pupils,2837.0
Holliston,2023,In-District FTE Pupils,2785.5
Holliston,2024,In-District FTE Pupils,2740.7
Holliston,2009,Out-of-District FTE Pupils,84.3
Holliston,2010,Out-of-District FTE Pupils,72.5
Holliston,2011,Out-of-District FTE Pupils,63.3
Holliston,2012,Out-of-District FTE Pupils,68.2
Holliston,2013,Out-of-District FTE Pupils,69.3
Holliston,2014,Out-of-District FTE Pupils,70.1
Holliston,2015,Out-of-District FTE Pupils,79.8
Holliston,2016,Out-of-District FTE Pupils,86.1
Holliston,2017,Out-of-District FTE Pupils,74.9
Holliston,2018,Out-of-District FTE Pupils,83.5
Holliston,2019,Out-of-District FTE Pupils,91.0
Holliston,2020,Out-of-District FTE Pupils,94.9
Holliston,2021,Out-of-District FTE Pupils,103.7
Holliston,2022,Out-of-District FTE Pupils,104.2
Holliston,2023,Out-of-District FTE Pupils,103.6
Holliston,2024,Out-of-District FTE Pupils,120.7
Holyoke,2009,In-District FTE Pupils,5875.9
Holyoke,2010,In-District FTE Pupils,5756.7
Holyoke,2011,In-District FTE Pupils,5737.3
Holyoke,2012,In-District FTE Pupils,5720.5
Holyoke,2013,In-District FTE Pupils,5585.3
Holyoke,2014,In-District FTE Pupils,5444.6
Holyoke,2015,In-District FTE Pupils,5459.3
Holyoke,2016,In-District FTE Pupils,5340.6
Holyoke,2017,In-District FTE Pupils,5360.5
Holyoke,2018,In-District FTE Pupils,5404.8
Holyoke,2019,In-District FTE Pupils,5231.4
Holyoke,2020,In-District FTE Pupils,5338.0
Holyoke,2021,In-District FTE Pupils,5175.7
Holyoke,2022,In-District FTE Pupils,5144.6
Holyoke,2023,In-District FTE Pupils,4953.4
Holyoke,2024,In-District FTE Pupils,4898.9
Holyoke,2009,Out-of-District FTE Pupils,860.2
Holyoke,2010,Out-of-District FTE Pupils,837.5
Holyoke,2011,Out-of-District FTE Pupils,980.3
Holyoke,2012,Out-of-District FTE Pupils,977.1
Holyoke,2013,Out-of-District FTE Pupils,1005.2
Holyoke,2014,Out-of-District FTE Pupils,1144.9
Holyoke,2015,Out-of-District FTE Pupils,1233.0
Holyoke,2016,Out-of-District FTE Pupils,1265.7
Holyoke,2017,Out-of-District FTE Pupils,1318.3
Holyoke,2018,Out-of-District FTE Pupils,1302.5
Holyoke,2019,Out-of-District FTE Pupils,1358.4
Holyoke,2020,Out-of-District FTE Pupils,1361.1
Holyoke,2021,Out-of-District FTE Pupils,1284.4
Holyoke,2022,Out-of-District FTE Pupils,1251.6
Holyoke,2023,Out-of-District FTE Pupils,1292.7
Holyoke,2024,Out-of-District FTE Pupils,1265.8
Holyoke Community Charter (District),2019,In-District FTE Pupils,702.3
Holyoke Community Charter (District),2020,In-District FTE Pupils,701.2
Holyoke Community Charter (District),2021,In-District FTE Pupils,700.8
Holyoke Community Charter (District),2022,In-District FTE Pupils,647.8
Holyoke Community Charter (District),2023,In-District FTE Pupils,685.8
Holyoke Community Charter (District),2024,In-District FTE Pupils,694.9
Holyoke Community Charter (District),2019,Out-of-District FTE Pupils,0.0
Holyoke Community Charter (District),2020,Out-of-District FTE Pupils,0.0
Holyoke Community Charter (District),2021,Out-of-District FTE Pupils,0.0
Holyoke Community Charter (District),2022,Out-of-District FTE Pupils,0.0
Holyoke Community Charter (District),2023,Out-of-District FTE Pupils,0.0
Holyoke Community Charter (District),2024,Out-of-District FTE Pupils,0.0
Hoosac Valley Regional,2009,In-District FTE Pupils,1599.5
Hoosac Valley Regional,2010,In-District FTE Pupils,1551.9
Hoosac Valley Regional,2011,In-District FTE Pupils,1493.5
Hoosac Valley Regional,2012,In-District FTE Pupils,1459.3
Hoosac Valley Regional,2013,In-District FTE Pupils,1393.9
Hoosac Valley Regional,2014,In-District FTE Pupils,1375.0
Hoosac Valley Regional,2015,In-District FTE Pupils,1392.8
Hoosac Valley Regional,2016,In-District FTE Pupils,1335.1
Hoosac Valley Regional,2017,In-District FTE Pupils,1305.4
Hoosac Valley Regional,2018,In-District FTE Pupils,1202.2
Hoosac Valley Regional,2019,In-District FTE Pupils,1161.6
Hoosac Valley Regional,2020,In-District FTE Pupils,1112.6
Hoosac Valley Regional,2021,In-District FTE Pupils,1013.8
Hoosac Valley Regional,2022,In-District FTE Pupils,1019.2
Hoosac Valley Regional,2023,In-District FTE Pupils,1009.6
Hoosac Valley Regional,2024,In-District FTE Pupils,1002.7
Hoosac Valley Regional,2009,Out-of-District FTE Pupils,104.4
Hoosac Valley Regional,2010,Out-of-District FTE Pupils,103.8
Hoosac Valley Regional,2011,Out-of-District FTE Pupils,129.2
Hoosac Valley Regional,2012,Out-of-District FTE Pupils,135.4
Hoosac Valley Regional,2013,Out-of-District FTE Pupils,139.1
Hoosac Valley Regional,2014,Out-of-District FTE Pupils,136.8
Hoosac Valley Regional,2015,Out-of-District FTE Pupils,146.0
Hoosac Valley Regional,2016,Out-of-District FTE Pupils,160.5
Hoosac Valley Regional,2017,Out-of-District FTE Pupils,151.6
Hoosac Valley Regional,2018,Out-of-District FTE Pupils,215.9
Hoosac Valley Regional,2019,Out-of-District FTE Pupils,234.6
Hoosac Valley Regional,2020,Out-of-District FTE Pupils,224.5
Hoosac Valley Regional,2021,Out-of-District FTE Pupils,214.9
Hoosac Valley Regional,2022,Out-of-District FTE Pupils,223.8
Hoosac Valley Regional,2023,Out-of-District FTE Pupils,213.1
Hoosac Valley Regional,2024,Out-of-District FTE Pupils,237.3
Hopedale,2009,In-District FTE Pupils,1335.9
Hopedale,2010,In-District FTE Pupils,1314.9
Hopedale,2011,In-District FTE Pupils,1280.6
Hopedale,2012,In-District FTE Pupils,1276.9
Hopedale,2013,In-District FTE Pupils,1265.2
Hopedale,2014,In-District FTE Pupils,1261.5
Hopedale,2015,In-District FTE Pupils,1221.0
Hopedale,2016,In-District FTE Pupils,1176.9
Hopedale,2017,In-District FTE Pupils,1155.3
Hopedale,2018,In-District FTE Pupils,1138.9
Hopedale,2019,In-District FTE Pupils,1091.0
Hopedale,2020,In-District FTE Pupils,1092.9
Hopedale,2021,In-District FTE Pupils,1095.0
Hopedale,2022,In-District FTE Pupils,1122.3
Hopedale,2023,In-District FTE Pupils,1096.7
Hopedale,2024,In-District FTE Pupils,1114.1
Hopedale,2009,Out-of-District FTE Pupils,73.3
Hopedale,2010,Out-of-District FTE Pupils,60.3
Hopedale,2011,Out-of-District FTE Pupils,66.1
Hopedale,2012,Out-of-District FTE Pupils,69.2
Hopedale,2013,Out-of-District FTE Pupils,62.8
Hopedale,2014,Out-of-District FTE Pupils,66.8
Hopedale,2015,Out-of-District FTE Pupils,70.3
Hopedale,2016,Out-of-District FTE Pupils,75.8
Hopedale,2017,Out-of-District FTE Pupils,74.1
Hopedale,2018,Out-of-District FTE Pupils,75.2
Hopedale,2019,Out-of-District FTE Pupils,75.2
Hopedale,2020,Out-of-District FTE Pupils,81.8
Hopedale,2021,Out-of-District FTE Pupils,65.4
Hopedale,2022,Out-of-District FTE Pupils,56.2
Hopedale,2023,Out-of-District FTE Pupils,45.8
Hopedale,2024,Out-of-District FTE Pupils,46.1
Hopkinton,2009,In-District FTE Pupils,3439.8
Hopkinton,2010,In-District FTE Pupils,3440.9
Hopkinton,2011,In-District FTE Pupils,3391.6
Hopkinton,2012,In-District FTE Pupils,3402.8
Hopkinton,2013,In-District FTE Pupils,3392.1
Hopkinton,2014,In-District FTE Pupils,3437.3
Hopkinton,2015,In-District FTE Pupils,3425.3
Hopkinton,2016,In-District FTE Pupils,3425.6
Hopkinton,2017,In-District FTE Pupils,3483.8
Hopkinton,2018,In-District FTE Pupils,3565.7
Hopkinton,2019,In-District FTE Pupils,3715.2
Hopkinton,2020,In-District FTE Pupils,3872.7
Hopkinton,2021,In-District FTE Pupils,3947.8
Hopkinton,2022,In-District FTE Pupils,4049.5
Hopkinton,2023,In-District FTE Pupils,4191.1
Hopkinton,2024,In-District FTE Pupils,4199.5
Hopkinton,2009,Out-of-District FTE Pupils,73.9
Hopkinton,2010,Out-of-District FTE Pupils,80.0
Hopkinton,2011,Out-of-District FTE Pupils,82.0
Hopkinton,2012,Out-of-District FTE Pupils,79.7
Hopkinton,2013,Out-of-District FTE Pupils,74.6
Hopkinton,2014,Out-of-District FTE Pupils,73.1
Hopkinton,2015,Out-of-District FTE Pupils,77.6
Hopkinton,2016,Out-of-District FTE Pupils,78.3
Hopkinton,2017,Out-of-District FTE Pupils,65.9
Hopkinton,2018,Out-of-District FTE Pupils,70.8
Hopkinton,2019,Out-of-District FTE Pupils,78.6
Hopkinton,2020,Out-of-District FTE Pupils,75.4
Hopkinton,2021,Out-of-District FTE Pupils,60.5
Hopkinton,2022,Out-of-District FTE Pupils,64.3
Hopkinton,2023,Out-of-District FTE Pupils,54.3
Hopkinton,2024,Out-of-District FTE Pupils,57.6
Hudson,2009,In-District FTE Pupils,2983.8
Hudson,2010,In-District FTE Pupils,3076.9
Hudson,2011,In-District FTE Pupils,2988.5
Hudson,2012,In-District FTE Pupils,2936.0
Hudson,2013,In-District FTE Pupils,2886.1
Hudson,2014,In-District FTE Pupils,2934.7
Hudson,2015,In-District FTE Pupils,2853.1
Hudson,2016,In-District FTE Pupils,2788.7
Hudson,2017,In-District FTE Pupils,2668.0
Hudson,2018,In-District FTE Pupils,2654.9
Hudson,2019,In-District FTE Pupils,2571.5
Hudson,2020,In-District FTE Pupils,2609.9
Hudson,2021,In-District FTE Pupils,2424.4
Hudson,2022,In-District FTE Pupils,2402.1
Hudson,2023,In-District FTE Pupils,2364.6
Hudson,2009,Out-of-District FTE Pupils,87.1
Hudson,2010,Out-of-District FTE Pupils,93.7
Hudson,2011,Out-of-District FTE Pupils,123.9
Hudson,2012,Out-of-District FTE Pupils,143.8
Hudson,2013,Out-of-District FTE Pupils,156.9
Hudson,2014,Out-of-District FTE Pupils,144.4
Hudson,2015,Out-of-District FTE Pupils,153.1
Hudson,2016,Out-of-District FTE Pupils,170.2
Hudson,2017,Out-of-District FTE Pupils,194.2
Hudson,2018,Out-of-District FTE Pupils,197.9
Hudson,2019,Out-of-District FTE Pupils,210.8
Hudson,2020,Out-of-District FTE Pupils,203.7
Hudson,2021,Out-of-District FTE Pupils,252.3
Hudson,2022,Out-of-District FTE Pupils,274.2
Hudson,2023,Out-of-District FTE Pupils,278.4
Hull,2009,In-District FTE Pupils,1213.2
Hull,2010,In-District FTE Pupils,1199.9
Hull,2011,In-District FTE Pupils,1167.7
Hull,2012,In-District FTE Pupils,1095.2
Hull,2013,In-District FTE Pupils,1081.0
Hull,2014,In-District FTE Pupils,1058.0
Hull,2015,In-District FTE Pupils,1023.1
Hull,2016,In-District FTE Pupils,958.5
Hull,2017,In-District FTE Pupils,927.7
Hull,2018,In-District FTE Pupils,901.4
Hull,2019,In-District FTE Pupils,878.3
Hull,2020,In-District FTE Pupils,854.7
Hull,2021,In-District FTE Pupils,801.2
Hull,2022,In-District FTE Pupils,804.3
Hull,2023,In-District FTE Pupils,767.5
Hull,2024,In-District FTE Pupils,752.3
Hull,2009,Out-of-District FTE Pupils,104.7
Hull,2010,Out-of-District FTE Pupils,87.4
Hull,2011,Out-of-District FTE Pupils,74.5
Hull,2012,Out-of-District FTE Pupils,62.6
Hull,2013,Out-of-District FTE Pupils,60.4
Hull,2014,Out-of-District FTE Pupils,55.5
Hull,2015,Out-of-District FTE Pupils,63.9
Hull,2016,Out-of-District FTE Pupils,75.0
Hull,2017,Out-of-District FTE Pupils,77.0
Hull,2018,Out-of-District FTE Pupils,76.4
Hull,2019,Out-of-District FTE Pupils,66.3
Hull,2020,Out-of-District FTE Pupils,64.0
Hull,2021,Out-of-District FTE Pupils,54.0
Hull,2022,Out-of-District FTE Pupils,47.0
Hull,2023,Out-of-District FTE Pupils,37.8
Hull,2024,Out-of-District FTE Pupils,39.0
Innovation Academy Charter (District),2019,In-District FTE Pupils,793.7
Innovation Academy Charter (District),2020,In-District FTE Pupils,794.9
Innovation Academy Charter (District),2021,In-District FTE Pupils,785.3
Innovation Academy Charter (District),2022,In-District FTE Pupils,768.2
Innovation Academy Charter (District),2023,In-District FTE Pupils,785.6
Innovation Academy Charter (District),2024,In-District FTE Pupils,790.5
Innovation Academy Charter (District),2019,Out-of-District FTE Pupils,0.0
Innovation Academy Charter (District),2020,Out-of-District FTE Pupils,0.0
Innovation Academy Charter (District),2021,Out-of-District FTE Pupils,0.0
Innovation Academy Charter (District),2022,Out-of-District FTE Pupils,0.0
Innovation Academy Charter (District),2023,Out-of-District FTE Pupils,0.0
Innovation Academy Charter (District),2024,Out-of-District FTE Pupils,0.0
Ipswich,2009,In-District FTE Pupils,2115.8
Ipswich,2010,In-District FTE Pupils,2131.8
Ipswich,2011,In-District FTE Pupils,2096.7
Ipswich,2012,In-District FTE Pupils,2100.1
Ipswich,2013,In-District FTE Pupils,2038.3
Ipswich,2014,In-District FTE Pupils,1983.7
Ipswich,2015,In-District FTE Pupils,1893.5
Ipswich,2016,In-District FTE Pupils,1803.5
Ipswich,2017,In-District FTE Pupils,1757.3
Ipswich,2018,In-District FTE Pupils,1701.6
Ipswich,2019,In-District FTE Pupils,1691.8
Ipswich,2020,In-District FTE Pupils,1679.6
Ipswich,2021,In-District FTE Pupils,1605.7
Ipswich,2022,In-District FTE Pupils,1642.0
Ipswich,2023,In-District FTE Pupils,1609.6
Ipswich,2024,In-District FTE Pupils,1613.9
Ipswich,2009,Out-of-District FTE Pupils,24.9
Ipswich,2010,Out-of-District FTE Pupils,23.6
Ipswich,2011,Out-of-District FTE Pupils,35.9
Ipswich,2012,Out-of-District FTE Pupils,43.7
Ipswich,2013,Out-of-District FTE Pupils,58.4
Ipswich,2014,Out-of-District FTE Pupils,54.3
Ipswich,2015,Out-of-District FTE Pupils,59.0
Ipswich,2016,Out-of-District FTE Pupils,59.4
Ipswich,2017,Out-of-District FTE Pupils,58.1
Ipswich,2018,Out-of-District FTE Pupils,49.0
Ipswich,2019,Out-of-District FTE Pupils,51.0
Ipswich,2020,Out-of-District FTE Pupils,60.7
Ipswich,2021,Out-of-District FTE Pupils,59.8
Ipswich,2022,Out-of-District FTE Pupils,56.6
Ipswich,2023,Out-of-District FTE Pupils,53.2
Ipswich,2024,Out-of-District FTE Pupils,60.0
KIPP Academy Boston Charter School (District),2019,In-District FTE Pupils,592.0
KIPP Academy Boston Charter School (District),2020,In-District FTE Pupils,595.2
KIPP Academy Boston Charter School (District),2021,In-District FTE Pupils,621.4
KIPP Academy Boston Charter School (District),2022,In-District FTE Pupils,600.6
KIPP Academy Boston Charter School (District),2023,In-District FTE Pupils,579.5
KIPP Academy Boston Charter School (District),2024,In-District FTE Pupils,597.9
KIPP Academy Boston Charter School (District),2019,Out-of-District FTE Pupils,0.0
KIPP Academy Boston Charter School (District),2020,Out-of-District FTE Pupils,0.0
KIPP Academy Boston Charter School (District),2021,Out-of-District FTE Pupils,0.0
KIPP Academy Boston Charter School (District),2022,Out-of-District FTE Pupils,0.0
KIPP Academy Boston Charter School (District),2023,Out-of-District FTE Pupils,0.0
KIPP Academy Boston Charter School (District),2024,Out-of-District FTE Pupils,0.0
KIPP Academy Lynn Charter (District),2019,In-District FTE Pupils,1452.2
KIPP Academy Lynn Charter (District),2020,In-District FTE Pupils,1595.0
KIPP Academy Lynn Charter (District),2021,In-District FTE Pupils,1613.8
KIPP Academy Lynn Charter (District),2022,In-District FTE Pupils,1606.6
KIPP Academy Lynn Charter (District),2023,In-District FTE Pupils,1612.6
KIPP Academy Lynn Charter (District),2024,In-District FTE Pupils,1613.1
KIPP Academy Lynn Charter (District),2019,Out-of-District FTE Pupils,0.0
KIPP Academy Lynn Charter (District),2020,Out-of-District FTE Pupils,0.0
KIPP Academy Lynn Charter (District),2021,Out-of-District FTE Pupils,0.0
KIPP Academy Lynn Charter (District),2022,Out-of-District FTE Pupils,0.0
KIPP Academy Lynn Charter (District),2023,Out-of-District FTE Pupils,0.0
KIPP Academy Lynn Charter (District),2024,Out-of-District FTE Pupils,0.0
King Philip,2009,In-District FTE Pupils,2065.1
King Philip,2010,In-District FTE Pupils,2045.0
King Philip,2011,In-District FTE Pupils,2108.2
King Philip,2012,In-District FTE Pupils,2107.3
King Philip,2013,In-District FTE Pupils,2120.1
King Philip,2014,In-District FTE Pupils,2084.9
King Philip,2015,In-District FTE Pupils,2075.4
King Philip,2016,In-District FTE Pupils,2131.7
King Philip,2017,In-District FTE Pupils,2081.1
King Philip,2018,In-District FTE Pupils,2035.9
King Philip,2019,In-District FTE Pupils,2021.4
King Philip,2020,In-District FTE Pupils,1978.6
King Philip,2021,In-District FTE Pupils,1929.3
King Philip,2022,In-District FTE Pupils,1895.3
King Philip,2023,In-District FTE Pupils,1794.4
King Philip,2024,In-District FTE Pupils,1852.9
King Philip,2009,Out-of-District FTE Pupils,92.0
King Philip,2010,Out-of-District FTE Pupils,92.3
King Philip,2011,Out-of-District FTE Pupils,76.8
King Philip,2012,Out-of-District FTE Pupils,74.8
King Philip,2013,Out-of-District FTE Pupils,77.6
King Philip,2014,Out-of-District FTE Pupils,76.6
King Philip,2015,Out-of-District FTE Pupils,78.4
King Philip,2016,Out-of-District FTE Pupils,77.2
King Philip,2017,Out-of-District FTE Pupils,82.4
King Philip,2018,Out-of-District FTE Pupils,96.5
King Philip,2019,Out-of-District FTE Pupils,90.8
King Philip,2020,Out-of-District FTE Pupils,84.0
King Philip,2021,Out-of-District FTE Pupils,84.8
King Philip,2022,Out-of-District FTE Pupils,77.2
King Philip,2023,Out-of-District FTE Pupils,90.0
King Philip,2024,Out-of-District FTE Pupils,124.6
Kingston,2009,In-District FTE Pupils,1174.8
Kingston,2010,In-District FTE Pupils,1184.6
Kingston,2011,In-District FTE Pupils,1185.4
Kingston,2012,In-District FTE Pupils,1171.5
Kingston,2013,In-District FTE Pupils,1127.8
Kingston,2014,In-District FTE Pupils,1130.1
Kingston,2015,In-District FTE Pupils,1067.1
Kingston,2016,In-District FTE Pupils,1064.0
Kingston,2017,In-District FTE Pupils,1031.8
Kingston,2018,In-District FTE Pupils,1029.9
Kingston,2019,In-District FTE Pupils,1050.5
Kingston,2020,In-District FTE Pupils,1073.5
Kingston,2021,In-District FTE Pupils,1038.3
Kingston,2022,In-District FTE Pupils,1066.5
Kingston,2023,In-District FTE Pupils,1251.7
Kingston,2009,Out-of-District FTE Pupils,42.4
Kingston,2010,Out-of-District FTE Pupils,41.4
Kingston,2011,Out-of-District FTE Pupils,35.8
Kingston,2012,Out-of-District FTE Pupils,35.4
Kingston,2013,Out-of-District FTE Pupils,41.7
Kingston,2014,Out-of-District FTE Pupils,42.4
Kingston,2015,Out-of-District FTE Pupils,48.4
Kingston,2016,Out-of-District FTE Pupils,50.5
Kingston,2017,Out-of-District FTE Pupils,51.1
Kingston,2018,Out-of-District FTE Pupils,53.8
Kingston,2019,Out-of-District FTE Pupils,59.7
Kingston,2020,Out-of-District FTE Pupils,40.4
Kingston,2021,Out-of-District FTE Pupils,63.5
Kingston,2022,Out-of-District FTE Pupils,55.1
Kingston,2023,Out-of-District FTE Pupils,47.1
Lakeville,2009,In-District FTE Pupils,771.7
Lakeville,2010,In-District FTE Pupils,744.9
Lakeville,2011,In-District FTE Pupils,668.0
Lakeville,2009,Out-of-District FTE Pupils,14.1
Lakeville,2010,Out-of-District FTE Pupils,15.1
Lakeville,2011,Out-of-District FTE Pupils,65.5
Lanesborough,2009,In-District FTE Pupils,284.1
Lanesborough,2010,In-District FTE Pupils,276.3
Lanesborough,2011,In-District FTE Pupils,258.1
Lanesborough,2012,In-District FTE Pupils,243.1
Lanesborough,2013,In-District FTE Pupils,223.5
Lanesborough,2014,In-District FTE Pupils,202.5
Lanesborough,2015,In-District FTE Pupils,215.5
Lanesborough,2016,In-District FTE Pupils,205.5
Lanesborough,2017,In-District FTE Pupils,205.3
Lanesborough,2018,In-District FTE Pupils,212.4
Lanesborough,2009,Out-of-District FTE Pupils,32.4
Lanesborough,2010,Out-of-District FTE Pupils,28.7
Lanesborough,2011,Out-of-District FTE Pupils,35.8
Lanesborough,2012,Out-of-District FTE Pupils,46.5
Lanesborough,2013,Out-of-District FTE Pupils,48.9
Lanesborough,2014,Out-of-District FTE Pupils,23.2
Lanesborough,2015,Out-of-District FTE Pupils,22.3
Lanesborough,2016,Out-of-District FTE Pupils,25.1
Lanesborough,2017,Out-of-District FTE Pupils,25.2
Lanesborough,2018,Out-of-District FTE Pupils,25.0
Lawrence,2009,In-District FTE Pupils,12222.1
Lawrence,2010,In-District FTE Pupils,12442.1
Lawrence,2011,In-District FTE Pupils,12834.1
Lawrence,2012,In-District FTE Pupils,12895.0
Lawrence,2013,In-District FTE Pupils,13071.8
Lawrence,2014,In-District FTE Pupils,13598.4
Lawrence,2015,In-District FTE Pupils,13845.2
Lawrence,2016,In-District FTE Pupils,13646.1
Lawrence,2017,In-District FTE Pupils,13969.0
Lawrence,2018,In-District FTE Pupils,14032.7
Lawrence,2019,In-District FTE Pupils,13729.7
Lawrence,2020,In-District FTE Pupils,13586.7
Lawrence,2021,In-District FTE Pupils,13167.0
Lawrence,2022,In-District FTE Pupils,13176.9
Lawrence,2023,In-District FTE Pupils,13231.3
Lawrence,2024,In-District FTE Pupils,13351.5
Lawrence,2009,Out-of-District FTE Pupils,1201.5
Lawrence,2010,Out-of-District FTE Pupils,1220.9
Lawrence,2011,Out-of-District FTE Pupils,1189.5
Lawrence,2012,Out-of-District FTE Pupils,1175.8
Lawrence,2013,Out-of-District FTE Pupils,1408.2
Lawrence,2014,Out-of-District FTE Pupils,1462.0
Lawrence,2015,Out-of-District FTE Pupils,1649.1
Lawrence,2016,Out-of-District FTE Pupils,1750.6
Lawrence,2017,Out-of-District FTE Pupils,1813.6
Lawrence,2018,Out-of-District FTE Pupils,1853.3
Lawrence,2019,Out-of-District FTE Pupils,2074.0
Lawrence,2020,Out-of-District FTE Pupils,2157.4
Lawrence,2021,Out-of-District FTE Pupils,2112.1
Lawrence,2022,Out-of-District FTE Pupils,2104.2
Lawrence,2023,Out-of-District FTE Pupils,2127.1
Lawrence,2024,Out-of-District FTE Pupils,2148.1
Lawrence Family Development Charter (District),2019,In-District FTE Pupils,759.4
Lawrence Family Development Charter (District),2020,In-District FTE Pupils,778.0
Lawrence Family Development Charter (District),2021,In-District FTE Pupils,793.9
Lawrence Family Development Charter (District),2022,In-District FTE Pupils,795.0
Lawrence Family Development Charter (District),2023,In-District FTE Pupils,856.8
Lawrence Family Development Charter (District),2024,In-District FTE Pupils,878.8
Lawrence Family Development Charter (District),2019,Out-of-District FTE Pupils,0.0
Lawrence Family Development Charter (District),2020,Out-of-District FTE Pupils,0.0
Lawrence Family Development Charter (District),2021,Out-of-District FTE Pupils,0.0
Lawrence Family Development Charter (District),2022,Out-of-District FTE Pupils,0.0
Lawrence Family Development Charter (District),2023,Out-of-District FTE Pupils,0.0
Lawrence Family Development Charter (District),2024,Out-of-District FTE Pupils,0.0
Learning First Charter Public School (District),2019,In-District FTE Pupils,665.6
Learning First Charter Public School (District),2020,In-District FTE Pupils,667.1
Learning First Charter Public School (District),2021,In-District FTE Pupils,668.6
Learning First Charter Public School (District),2022,In-District FTE Pupils,667.0
Learning First Charter Public School (District),2023,In-District FTE Pupils,667.0
Learning First Charter Public School (District),2024,In-District FTE Pupils,667.8
Learning First Charter Public School (District),2019,Out-of-District FTE Pupils,0.0
Learning First Charter Public School (District),2020,Out-of-District FTE Pupils,0.0
Learning First Charter Public School (District),2021,Out-of-District FTE Pupils,0.0
Learning First Charter Public School (District),2022,Out-of-District FTE Pupils,0.0
Learning First Charter Public School (District),2023,Out-of-District FTE Pupils,0.0
Learning First Charter Public School (District),2024,Out-of-District FTE Pupils,0.0
Lee,2009,In-District FTE Pupils,859.6
Lee,2010,In-District FTE Pupils,831.3
Lee,2011,In-District FTE Pupils,825.9
Lee,2012,In-District FTE Pupils,792.8
Lee,2013,In-District FTE Pupils,750.9
Lee,2014,In-District FTE Pupils,715.5
Lee,2015,In-District FTE Pupils,684.3
Lee,2016,In-District FTE Pupils,685.1
Lee,2017,In-District FTE Pupils,683.3
Lee,2018,In-District FTE Pupils,688.3
Lee,2019,In-District FTE Pupils,706.0
Lee,2020,In-District FTE Pupils,711.5
Lee,2021,In-District FTE Pupils,671.8
Lee,2022,In-District FTE Pupils,661.6
Lee,2023,In-District FTE Pupils,660.2
Lee,2024,In-District FTE Pupils,643.4
Lee,2009,Out-of-District FTE Pupils,74.5
Lee,2010,Out-of-District FTE Pupils,82.6
Lee,2011,Out-of-District FTE Pupils,80.0
Lee,2012,Out-of-District FTE Pupils,84.8
Lee,2013,Out-of-District FTE Pupils,88.2
Lee,2014,Out-of-District FTE Pupils,102.2
Lee,2015,Out-of-District FTE Pupils,103.4
Lee,2016,Out-of-District FTE Pupils,107.0
Lee,2017,Out-of-District FTE Pupils,112.2
Lee,2018,Out-of-District FTE Pupils,105.7
Lee,2019,Out-of-District FTE Pupils,112.8
Lee,2020,Out-of-District FTE Pupils,113.9
Lee,2021,Out-of-District FTE Pupils,109.7
Lee,2022,Out-of-District FTE Pupils,110.4
Lee,2023,Out-of-District FTE Pupils,116.6
Lee,2024,Out-of-District FTE Pupils,102.5
Leicester,2009,In-District FTE Pupils,1861.6
Leicester,2010,In-District FTE Pupils,1881.7
Leicester,2011,In-District FTE Pupils,1818.8
Leicester,2012,In-District FTE Pupils,1757.4
Leicester,2013,In-District FTE Pupils,1688.6
Leicester,2014,In-District FTE Pupils,1612.3
Leicester,2015,In-District FTE Pupils,1601.0
Leicester,2016,In-District FTE Pupils,1599.6
Leicester,2017,In-District FTE Pupils,1550.1
Leicester,2018,In-District FTE Pupils,1548.4
Leicester,2019,In-District FTE Pupils,1527.4
Leicester,2020,In-District FTE Pupils,1488.3
Leicester,2021,In-District FTE Pupils,1372.2
Leicester,2022,In-District FTE Pupils,1408.7
Leicester,2023,In-District FTE Pupils,1345.0
Leicester,2024,In-District FTE Pupils,1297.1
Leicester,2009,Out-of-District FTE Pupils,121.2
Leicester,2010,Out-of-District FTE Pupils,113.0
Leicester,2011,Out-of-District FTE Pupils,124.1
Leicester,2012,Out-of-District FTE Pupils,121.9
Leicester,2013,Out-of-District FTE Pupils,137.5
Leicester,2014,Out-of-District FTE Pupils,142.7
Leicester,2015,Out-of-District FTE Pupils,135.4
Leicester,2016,Out-of-District FTE Pupils,142.4
Leicester,2017,Out-of-District FTE Pupils,163.9
Leicester,2018,Out-of-District FTE Pupils,170.9
Leicester,2019,Out-of-District FTE Pupils,170.9
Leicester,2020,Out-of-District FTE Pupils,166.9
Leicester,2021,Out-of-District FTE Pupils,158.3
Leicester,2022,Out-of-District FTE Pupils,181.7
Leicester,2023,Out-of-District FTE Pupils,189.8
Leicester,2024,Out-of-District FTE Pupils,200.2
Lenox,2009,In-District FTE Pupils,814.4
Lenox,2010,In-District FTE Pupils,820.5
Lenox,2011,In-District FTE Pupils,795.2
Lenox,2012,In-District FTE Pupils,794.2
Lenox,2013,In-District FTE Pupils,763.4
Lenox,2014,In-District FTE Pupils,744.9
Lenox,2015,In-District FTE Pupils,731.1
Lenox,2016,In-District FTE Pupils,737.4
Lenox,2017,In-District FTE Pupils,766.8
Lenox,2018,In-District FTE Pupils,748.4
Lenox,2019,In-District FTE Pupils,752.4
Lenox,2020,In-District FTE Pupils,781.1
Lenox,2021,In-District FTE Pupils,744.7
Lenox,2022,In-District FTE Pupils,733.2
Lenox,2023,In-District FTE Pupils,785.4
Lenox,2024,In-District FTE Pupils,779.1
Lenox,2009,Out-of-District FTE Pupils,47.2
Lenox,2010,Out-of-District FTE Pupils,48.3
Lenox,2011,Out-of-District FTE Pupils,48.4
Lenox,2012,Out-of-District FTE Pupils,48.6
Lenox,2013,Out-of-District FTE Pupils,51.4
Lenox,2014,Out-of-District FTE Pupils,60.8
Lenox,2015,Out-of-District FTE Pupils,56.7
Lenox,2016,Out-of-District FTE Pupils,55.5
Lenox,2017,Out-of-District FTE Pupils,45.1
Lenox,2018,Out-of-District FTE Pupils,38.1
Lenox,2019,Out-of-District FTE Pupils,39.8
Lenox,2020,Out-of-District FTE Pupils,40.0
Lenox,2021,Out-of-District FTE Pupils,46.8
Lenox,2022,Out-of-District FTE Pupils,44.6
Lenox,2023,Out-of-District FTE Pupils,49.5
Lenox,2024,Out-of-District FTE Pupils,35.0
Leominster,2009,In-District FTE Pupils,6138.6
Leominster,2010,In-District FTE Pupils,6251.7
Leominster,2011,In-District FTE Pupils,6144.9
Leominster,2012,In-District FTE Pupils,6114.4
Leominster,2013,In-District FTE Pupils,6152.6
Leominster,2014,In-District FTE Pupils,6117.8
Leominster,2015,In-District FTE Pupils,6061.3
Leominster,2016,In-District FTE Pupils,6028.6
Leominster,2017,In-District FTE Pupils,6018.5
Leominster,2018,In-District FTE Pupils,6023.3
Leominster,2019,In-District FTE Pupils,6024.1
Leominster,2020,In-District FTE Pupils,6061.1
Leominster,2021,In-District FTE Pupils,5829.0
Leominster,2022,In-District FTE Pupils,5969.6
Leominster,2023,In-District FTE Pupils,5959.5
Leominster,2024,In-District FTE Pupils,6007.0
Leominster,2009,Out-of-District FTE Pupils,400.2
Leominster,2010,Out-of-District FTE Pupils,406.0
Leominster,2011,Out-of-District FTE Pupils,487.2
Leominster,2012,Out-of-District FTE Pupils,509.6
Leominster,2013,Out-of-District FTE Pupils,518.6
Leominster,2014,Out-of-District FTE Pupils,519.3
Leominster,2015,Out-of-District FTE Pupils,507.5
Leominster,2016,Out-of-District FTE Pupils,504.3
Leominster,2017,Out-of-District FTE Pupils,467.1
Leominster,2018,Out-of-District FTE Pupils,453.6
Leominster,2019,Out-of-District FTE Pupils,454.6
Leominster,2020,Out-of-District FTE Pupils,440.4
Leominster,2021,Out-of-District FTE Pupils,424.6
Leominster,2022,Out-of-District FTE Pupils,406.7
Leominster,2023,Out-of-District FTE Pupils,405.7
Leominster,2024,Out-of-District FTE Pupils,386.9
Leverett,2009,In-District FTE Pupils,161.5
Leverett,2010,In-District FTE Pupils,164.4
Leverett,2011,In-District FTE Pupils,160.8
Leverett,2012,In-District FTE Pupils,149.7
Leverett,2013,In-District FTE Pupils,147.0
Leverett,2014,In-District FTE Pupils,123.5
Leverett,2015,In-District FTE Pupils,133.5
Leverett,2016,In-District FTE Pupils,134.9
Leverett,2017,In-District FTE Pupils,133.5
Leverett,2018,In-District FTE Pupils,128.6
Leverett,2019,In-District FTE Pupils,136.5
Leverett,2020,In-District FTE Pupils,141.8
Leverett,2021,In-District FTE Pupils,116.6
Leverett,2022,In-District FTE Pupils,141.9
Leverett,2023,In-District FTE Pupils,140.4
Leverett,2024,In-District FTE Pupils,141.9
Leverett,2009,Out-of-District FTE Pupils,6.7
Leverett,2010,Out-of-District FTE Pupils,6.6
Leverett,2011,Out-of-District FTE Pupils,6.4
Leverett,2012,Out-of-District FTE Pupils,9.0
Leverett,2013,Out-of-District FTE Pupils,9.6
Leverett,2014,Out-of-District FTE Pupils,9.0
Leverett,2015,Out-of-District FTE Pupils,8.3
Leverett,2016,Out-of-District FTE Pupils,6.4
Leverett,2017,Out-of-District FTE Pupils,14.0
Leverett,2018,Out-of-District FTE Pupils,8.0
Leverett,2019,Out-of-District FTE Pupils,8.9
Leverett,2020,Out-of-District FTE Pupils,12.3
Leverett,2021,Out-of-District FTE Pupils,8.6
Leverett,2022,Out-of-District FTE Pupils,12.0
Leverett,2023,Out-of-District FTE Pupils,7.0
Leverett,2024,Out-of-District FTE Pupils,3.4
Lexington,2009,In-District FTE Pupils,6261.0
Lexington,2010,In-District FTE Pupils,6231.0
Lexington,2011,In-District FTE Pupils,6315.0
Lexington,2012,In-District FTE Pupils,6437.7
Lexington,2013,In-District FTE Pupils,6519.8
Lexington,2014,In-District FTE Pupils,6599.8
Lexington,2015,In-District FTE Pupils,6777.3
Lexington,2016,In-District FTE Pupils,6913.1
Lexington,2017,In-District FTE Pupils,7099.9
Lexington,2018,In-District FTE Pupils,7239.4
Lexington,2019,In-District FTE Pupils,7261.4
Lexington,2020,In-District FTE Pupils,7212.0
Lexington,2021,In-District FTE Pupils,6884.1
Lexington,2022,In-District FTE Pupils,6854.6
Lexington,2023,In-District FTE Pupils,6867.8
Lexington,2009,Out-of-District FTE Pupils,70.6
Lexington,2010,Out-of-District FTE Pupils,73.1
Lexington,2011,Out-of-District FTE Pupils,105.1
Lexington,2012,Out-of-District FTE Pupils,96.4
Lexington,2013,Out-of-District FTE Pupils,104.4
Lexington,2014,Out-of-District FTE Pupils,98.1
Lexington,2015,Out-of-District FTE Pupils,98.0
Lexington,2016,Out-of-District FTE Pupils,113.1
Lexington,2017,Out-of-District FTE Pupils,107.8
Lexington,2018,Out-of-District FTE Pupils,115.1
Lexington,2019,Out-of-District FTE Pupils,120.4
Lexington,2020,Out-of-District FTE Pupils,125.7
Lexington,2021,Out-of-District FTE Pupils,117.5
Lexington,2022,Out-of-District FTE Pupils,116.9
Lexington,2023,Out-of-District FTE Pupils,112.9
Libertas Academy Charter School (District),2019,In-District FTE Pupils,167.7
Libertas Academy Charter School (District),2020,In-District FTE Pupils,259.7
Libertas Academy Charter School (District),2021,In-District FTE Pupils,255.4
Libertas Academy Charter School (District),2022,In-District FTE Pupils,323.3
Libertas Academy Charter School (District),2023,In-District FTE Pupils,418.1
Libertas Academy Charter School (District),2024,In-District FTE Pupils,503.9
Libertas Academy Charter School (District),2019,Out-of-District FTE Pupils,0.0
Libertas Academy Charter School (District),2020,Out-of-District FTE Pupils,0.0
Libertas Academy Charter School (District),2021,Out-of-District FTE Pupils,0.0
Libertas Academy Charter School (District),2022,Out-of-District FTE Pupils,0.0
Libertas Academy Charter School (District),2023,Out-of-District FTE Pupils,0.0
Libertas Academy Charter School (District),2024,Out-of-District FTE Pupils,0.0
Lincoln,2009,In-District FTE Pupils,1116.7
Lincoln,2010,In-District FTE Pupils,1036.1
Lincoln,2011,In-District FTE Pupils,1091.7
Lincoln,2012,In-District FTE Pupils,1160.2
Lincoln,2013,In-District FTE Pupils,1222.4
Lincoln,2014,In-District FTE Pupils,1232.3
Lincoln,2015,In-District FTE Pupils,1201.3
Lincoln,2016,In-District FTE Pupils,1204.7
Lincoln,2017,In-District FTE Pupils,1211.7
Lincoln,2018,In-District FTE Pupils,1200.3
Lincoln,2019,In-District FTE Pupils,1201.9
Lincoln,2020,In-District FTE Pupils,1132.4
Lincoln,2021,In-District FTE Pupils,1075.9
Lincoln,2022,In-District FTE Pupils,1063.4
Lincoln,2023,In-District FTE Pupils,1011.6
Lincoln,2024,In-District FTE Pupils,1034.2
Lincoln,2009,Out-of-District FTE Pupils,7.6
Lincoln,2010,Out-of-District FTE Pupils,7.6
Lincoln,2011,Out-of-District FTE Pupils,8.9
Lincoln,2012,Out-of-District FTE Pupils,9.9
Lincoln,2013,Out-of-District FTE Pupils,16.3
Lincoln,2014,Out-of-District FTE Pupils,13.7
Lincoln,2015,Out-of-District FTE Pupils,16.8
Lincoln,2016,Out-of-District FTE Pupils,23.9
Lincoln,2017,Out-of-District FTE Pupils,24.0
Lincoln,2018,Out-of-District FTE Pupils,40.4
Lincoln,2019,Out-of-District FTE Pupils,40.8
Lincoln,2020,Out-of-District FTE Pupils,37.5
Lincoln,2021,Out-of-District FTE Pupils,39.4
Lincoln,2022,Out-of-District FTE Pupils,34.5
Lincoln,2023,Out-of-District FTE Pupils,32.5
Lincoln,2024,Out-of-District FTE Pupils,36.6
Lincoln-Sudbury,2009,In-District FTE Pupils,1604.3
Lincoln-Sudbury,2010,In-District FTE Pupils,1583.2
Lincoln-Sudbury,2011,In-District FTE Pupils,1583.9
Lincoln-Sudbury,2012,In-District FTE Pupils,1564.5
Lincoln-Sudbury,2013,In-District FTE Pupils,1547.1
Lincoln-Sudbury,2014,In-District FTE Pupils,1597.4
Lincoln-Sudbury,2015,In-District FTE Pupils,1575.3
Lincoln-Sudbury,2016,In-District FTE Pupils,1571.3
Lincoln-Sudbury,2017,In-District FTE Pupils,1535.5
Lincoln-Sudbury,2018,In-District FTE Pupils,1489.5
Lincoln-Sudbury,2019,In-District FTE Pupils,1493.6
Lincoln-Sudbury,2020,In-District FTE Pupils,1509.7
Lincoln-Sudbury,2021,In-District FTE Pupils,1491.6
Lincoln-Sudbury,2022,In-District FTE Pupils,1507.4
Lincoln-Sudbury,2023,In-District FTE Pupils,1457.1
Lincoln-Sudbury,2024,In-District FTE Pupils,1437.2
Lincoln-Sudbury,2009,Out-of-District FTE Pupils,33.9
Lincoln-Sudbury,2010,Out-of-District FTE Pupils,33.9
Lincoln-Sudbury,2011,Out-of-District FTE Pupils,41.5
Lincoln-Sudbury,2012,Out-of-District FTE Pupils,53.7
Lincoln-Sudbury,2013,Out-of-District FTE Pupils,61.0
Lincoln-Sudbury,2014,Out-of-District FTE Pupils,62.5
Lincoln-Sudbury,2015,Out-of-District FTE Pupils,65.1
Lincoln-Sudbury,2016,Out-of-District FTE Pupils,62.2
Lincoln-Sudbury,2017,Out-of-District FTE Pupils,67.2
Lincoln-Sudbury,2018,Out-of-District FTE Pupils,64.8
Lincoln-Sudbury,2019,Out-of-District FTE Pupils,65.7
Lincoln-Sudbury,2020,Out-of-District FTE Pupils,58.5
Lincoln-Sudbury,2021,Out-of-District FTE Pupils,69.6
Lincoln-Sudbury,2022,Out-of-District FTE Pupils,69.0
Lincoln-Sudbury,2023,Out-of-District FTE Pupils,65.7
Lincoln-Sudbury,2024,Out-of-District FTE Pupils,58.0
Littleton,2009,In-District FTE Pupils,1647.6
Littleton,2010,In-District FTE Pupils,1607.6
Littleton,2011,In-District FTE Pupils,1567.1
Littleton,2012,In-District FTE Pupils,1619.2
Littleton,2013,In-District FTE Pupils,1585.7
Littleton,2014,In-District FTE Pupils,1582.5
Littleton,2015,In-District FTE Pupils,1597.0
Littleton,2016,In-District FTE Pupils,1627.0
Littleton,2017,In-District FTE Pupils,1636.3
Littleton,2018,In-District FTE Pupils,1656.8
Littleton,2019,In-District FTE Pupils,1645.7
Littleton,2020,In-District FTE Pupils,1667.2
Littleton,2021,In-District FTE Pupils,1563.5
Littleton,2022,In-District FTE Pupils,1649.9
Littleton,2023,In-District FTE Pupils,1691.1
Littleton,2024,In-District FTE Pupils,1667.7
Littleton,2009,Out-of-District FTE Pupils,135.8
Littleton,2010,Out-of-District FTE Pupils,137.1
Littleton,2011,Out-of-District FTE Pupils,139.0
Littleton,2012,Out-of-District FTE Pupils,147.1
Littleton,2013,Out-of-District FTE Pupils,137.1
Littleton,2014,Out-of-District FTE Pupils,124.5
Littleton,2015,Out-of-District FTE Pupils,123.5
Littleton,2016,Out-of-District FTE Pupils,132.3
Littleton,2017,Out-of-District FTE Pupils,139.6
Littleton,2018,Out-of-District FTE Pupils,135.0
Littleton,2019,Out-of-District FTE Pupils,137.3
Littleton,2020,Out-of-District FTE Pupils,115.4
Littleton,2021,Out-of-District FTE Pupils,108.9
Littleton,2022,Out-of-District FTE Pupils,110.4
Littleton,2023,Out-of-District FTE Pupils,102.4
Littleton,2024,Out-of-District FTE Pupils,94.8
Longmeadow,2009,In-District FTE Pupils,3111.0
Longmeadow,2010,In-District FTE Pupils,3077.6
Longmeadow,2011,In-District FTE Pupils,2984.5
Longmeadow,2012,In-District FTE Pupils,2927.3
Longmeadow,2013,In-District FTE Pupils,2850.9
Longmeadow,2014,In-District FTE Pupils,2836.8
Longmeadow,2015,In-District FTE Pupils,2866.5
Longmeadow,2016,In-District FTE Pupils,2865.5
Longmeadow,2017,In-District FTE Pupils,2833.8
Longmeadow,2018,In-District FTE Pupils,2867.2
Longmeadow,2019,In-District FTE Pupils,2858.2
Longmeadow,2020,In-District FTE Pupils,2862.6
Longmeadow,2021,In-District FTE Pupils,2753.4
Longmeadow,2022,In-District FTE Pupils,2824.2
Longmeadow,2023,In-District FTE Pupils,2773.1
Longmeadow,2024,In-District FTE Pupils,2776.9
Longmeadow,2009,Out-of-District FTE Pupils,52.6
Longmeadow,2010,Out-of-District FTE Pupils,53.8
Longmeadow,2011,Out-of-District FTE Pupils,62.5
Longmeadow,2012,Out-of-District FTE Pupils,72.1
Longmeadow,2013,Out-of-District FTE Pupils,69.7
Longmeadow,2014,Out-of-District FTE Pupils,60.7
Longmeadow,2015,Out-of-District FTE Pupils,58.9
Longmeadow,2016,Out-of-District FTE Pupils,66.1
Longmeadow,2017,Out-of-District FTE Pupils,59.0
Longmeadow,2018,Out-of-District FTE Pupils,63.0
Longmeadow,2019,Out-of-District FTE Pupils,62.1
Longmeadow,2020,Out-of-District FTE Pupils,45.5
Longmeadow,2021,Out-of-District FTE Pupils,54.5
Longmeadow,2022,Out-of-District FTE Pupils,48.9
Longmeadow,2023,Out-of-District FTE Pupils,55.5
Longmeadow,2024,Out-of-District FTE Pupils,49.6
Lowell,2009,In-District FTE Pupils,13444.6
Lowell,2010,In-District FTE Pupils,13553.6
Lowell,2011,In-District FTE Pupils,13587.1
Lowell,2012,In-District FTE Pupils,13518.1
Lowell,2013,In-District FTE Pupils,13809.8
Lowell,2014,In-District FTE Pupils,13829.7
Lowell,2015,In-District FTE Pupils,13957.2
Lowell,2016,In-District FTE Pupils,14085.4
Lowell,2017,In-District FTE Pupils,14427.7
Lowell,2018,In-District FTE Pupils,14575.1
Lowell,2019,In-District FTE Pupils,14618.8
Lowell,2020,In-District FTE Pupils,14458.8
Lowell,2021,In-District FTE Pupils,13964.8
Lowell,2022,In-District FTE Pupils,14210.0
Lowell,2023,In-District FTE Pupils,14252.9
Lowell,2024,In-District FTE Pupils,14517.8
Lowell,2009,Out-of-District FTE Pupils,1212.2
Lowell,2010,Out-of-District FTE Pupils,1251.1
Lowell,2011,Out-of-District FTE Pupils,1153.9
Lowell,2012,Out-of-District FTE Pupils,1055.8
Lowell,2013,Out-of-District FTE Pupils,1069.5
Lowell,2014,Out-of-District FTE Pupils,1392.5
Lowell,2015,Out-of-District FTE Pupils,1577.2
Lowell,2016,Out-of-District FTE Pupils,1810.1
Lowell,2017,Out-of-District FTE Pupils,1967.4
Lowell,2018,Out-of-District FTE Pupils,2060.7
Lowell,2019,Out-of-District FTE Pupils,2159.5
Lowell,2020,Out-of-District FTE Pupils,2246.5
Lowell,2021,Out-of-District FTE Pupils,2298.7
Lowell,2022,Out-of-District FTE Pupils,2394.0
Lowell,2023,Out-of-District FTE Pupils,2527.7
Lowell,2024,Out-of-District FTE Pupils,2616.1
Lowell Community Charter Public (District),2019,In-District FTE Pupils,810.3
Lowell Community Charter Public (District),2020,In-District FTE Pupils,813.8
Lowell Community Charter Public (District),2021,In-District FTE Pupils,803.8
Lowell Community Charter Public (District),2022,In-District FTE Pupils,817.4
Lowell Community Charter Public (District),2023,In-District FTE Pupils,811.9
Lowell Community Charter Public (District),2024,In-District FTE Pupils,813.5
Lowell Community Charter Public (District),2019,Out-of-District FTE Pupils,0.0
Lowell Community Charter Public (District),2020,Out-of-District FTE Pupils,0.0
Lowell Community Charter Public (District),2021,Out-of-District FTE Pupils,0.0
Lowell Community Charter Public (District),2022,Out-of-District FTE Pupils,0.0
Lowell Community Charter Public (District),2023,Out-of-District FTE Pupils,0.0
Lowell Community Charter Public (District),2024,Out-of-District FTE Pupils,0.0
Lowell Middlesex Academy Charter (District),2019,In-District FTE Pupils,89.7
Lowell Middlesex Academy Charter (District),2020,In-District FTE Pupils,97.1
Lowell Middlesex Academy Charter (District),2021,In-District FTE Pupils,83.9
Lowell Middlesex Academy Charter (District),2022,In-District FTE Pupils,90.9
Lowell Middlesex Academy Charter (District),2023,In-District FTE Pupils,96.6
Lowell Middlesex Academy Charter (District),2024,In-District FTE Pupils,112.0
Lowell Middlesex Academy Charter (District),2019,Out-of-District FTE Pupils,0.0
Lowell Middlesex Academy Charter (District),2020,Out-of-District FTE Pupils,0.0
Lowell Middlesex Academy Charter (District),2021,Out-of-District FTE Pupils,0.0
Lowell Middlesex Academy Charter (District),2022,Out-of-District FTE Pupils,0.0
Lowell Middlesex Academy Charter (District),2023,Out-of-District FTE Pupils,0.0
Lowell Middlesex Academy Charter (District),2024,Out-of-District FTE Pupils,0.0
Ludlow,2009,In-District FTE Pupils,3051.2
Ludlow,2010,In-District FTE Pupils,3004.4
Ludlow,2011,In-District FTE Pupils,2968.3
Ludlow,2012,In-District FTE Pupils,2865.7
Ludlow,2013,In-District FTE Pupils,2830.8
Ludlow,2014,In-District FTE Pupils,2776.6
Ludlow,2015,In-District FTE Pupils,2683.2
Ludlow,2016,In-District FTE Pupils,2659.7
Ludlow,2017,In-District FTE Pupils,2637.0
Ludlow,2018,In-District FTE Pupils,2629.1
Ludlow,2019,In-District FTE Pupils,2562.1
Ludlow,2020,In-District FTE Pupils,2539.3
Ludlow,2021,In-District FTE Pupils,2367.9
Ludlow,2022,In-District FTE Pupils,2348.9
Ludlow,2023,In-District FTE Pupils,2299.9
Ludlow,2024,In-District FTE Pupils,2251.0
Ludlow,2009,Out-of-District FTE Pupils,89.3
Ludlow,2010,Out-of-District FTE Pupils,93.3
Ludlow,2011,Out-of-District FTE Pupils,96.1
Ludlow,2012,Out-of-District FTE Pupils,104.3
Ludlow,2013,Out-of-District FTE Pupils,100.8
Ludlow,2014,Out-of-District FTE Pupils,93.9
Ludlow,2015,Out-of-District FTE Pupils,96.3
Ludlow,2016,Out-of-District FTE Pupils,99.5
Ludlow,2017,Out-of-District FTE Pupils,94.1
Ludlow,2018,Out-of-District FTE Pupils,106.6
Ludlow,2019,Out-of-District FTE Pupils,118.2
Ludlow,2020,Out-of-District FTE Pupils,128.5
Ludlow,2021,Out-of-District FTE Pupils,119.1
Ludlow,2022,Out-of-District FTE Pupils,121.3
Ludlow,2023,Out-of-District FTE Pupils,129.4
Ludlow,2024,Out-of-District FTE Pupils,125.6
Lunenburg,2009,In-District FTE Pupils,1750.0
Lunenburg,2010,In-District FTE Pupils,1719.2
Lunenburg,2011,In-District FTE Pupils,1663.5
Lunenburg,2012,In-District FTE Pupils,1639.5
Lunenburg,2013,In-District FTE Pupils,1581.0
Lunenburg,2014,In-District FTE Pupils,1565.6
Lunenburg,2015,In-District FTE Pupils,1563.3
Lunenburg,2016,In-District FTE Pupils,1567.3
Lunenburg,2017,In-District FTE Pupils,1619.3
Lunenburg,2018,In-District FTE Pupils,1620.5
Lunenburg,2019,In-District FTE Pupils,1654.0
Lunenburg,2020,In-District FTE Pupils,1651.3
Lunenburg,2021,In-District FTE Pupils,1575.5
Lunenburg,2022,In-District FTE Pupils,1599.8
Lunenburg,2023,In-District FTE Pupils,1566.1
Lunenburg,2024,In-District FTE Pupils,1580.5
Lunenburg,2009,Out-of-District FTE Pupils,83.8
Lunenburg,2010,Out-of-District FTE Pupils,89.7
Lunenburg,2011,Out-of-District FTE Pupils,91.7
Lunenburg,2012,Out-of-District FTE Pupils,124.4
Lunenburg,2013,Out-of-District FTE Pupils,138.2
Lunenburg,2014,Out-of-District FTE Pupils,139.5
Lunenburg,2015,Out-of-District FTE Pupils,160.8
Lunenburg,2016,Out-of-District FTE Pupils,142.5
Lunenburg,2017,Out-of-District FTE Pupils,161.8
Lunenburg,2018,Out-of-District FTE Pupils,143.4
Lunenburg,2019,Out-of-District FTE Pupils,130.4
Lunenburg,2020,Out-of-District FTE Pupils,121.5
Lunenburg,2021,Out-of-District FTE Pupils,124.2
Lunenburg,2022,Out-of-District FTE Pupils,125.1
Lunenburg,2023,Out-of-District FTE Pupils,105.4
Lunenburg,2024,Out-of-District FTE Pupils,99.9
Lynn,2009,In-District FTE Pupils,13255.6
Lynn,2010,In-District FTE Pupils,13359.2
Lynn,2011,In-District FTE Pupils,13563.6
Lynn,2012,In-District FTE Pupils,13661.9
Lynn,2013,In-District FTE Pupils,14145.3
Lynn,2014,In-District FTE Pupils,14461.2
Lynn,2015,In-District FTE Pupils,14935.1
Lynn,2016,In-District FTE Pupils,15189.2
Lynn,2017,In-District FTE Pupils,15377.3
Lynn,2018,In-District FTE Pupils,15551.9
Lynn,2019,In-District FTE Pupils,15768.2
Lynn,2020,In-District FTE Pupils,15997.7
Lynn,2021,In-District FTE Pupils,15549.5
Lynn,2022,In-District FTE Pupils,15975.0
Lynn,2023,In-District FTE Pupils,16064.7
Lynn,2024,In-District FTE Pupils,16296.3
Lynn,2009,Out-of-District FTE Pupils,729.1
Lynn,2010,Out-of-District FTE Pupils,741.5
Lynn,2011,Out-of-District FTE Pupils,763.6
Lynn,2012,Out-of-District FTE Pupils,877.7
Lynn,2013,Out-of-District FTE Pupils,999.8
Lynn,2014,Out-of-District FTE Pupils,1224.5
Lynn,2015,Out-of-District FTE Pupils,1339.4
Lynn,2016,Out-of-District FTE Pupils,1560.9
Lynn,2017,Out-of-District FTE Pupils,1735.2
Lynn,2018,Out-of-District FTE Pupils,1895.5
Lynn,2019,Out-of-District FTE Pupils,2031.8
Lynn,2020,Out-of-District FTE Pupils,2196.1
Lynn,2021,Out-of-District FTE Pupils,2224.6
Lynn,2022,Out-of-District FTE Pupils,2238.5
Lynn,2023,Out-of-District FTE Pupils,2263.5
Lynn,2024,Out-of-District FTE Pupils,2331.9
Lynnfield,2009,In-District FTE Pupils,2342.5
Lynnfield,2010,In-District FTE Pupils,2333.4
Lynnfield,2011,In-District FTE Pupils,2297.4
Lynnfield,2012,In-District FTE Pupils,2263.6
Lynnfield,2013,In-District FTE Pupils,2240.9
Lynnfield,2014,In-District FTE Pupils,2195.2
Lynnfield,2015,In-District FTE Pupils,2194.8
Lynnfield,2016,In-District FTE Pupils,2231.5
Lynnfield,2017,In-District FTE Pupils,2220.7
Lynnfield,2018,In-District FTE Pupils,2221.3
Lynnfield,2019,In-District FTE Pupils,2202.4
Lynnfield,2020,In-District FTE Pupils,2211.5
Lynnfield,2021,In-District FTE Pupils,2172.7
Lynnfield,2022,In-District FTE Pupils,2185.9
Lynnfield,2023,In-District FTE Pupils,2203.8
Lynnfield,2024,In-District FTE Pupils,2200.8
Lynnfield,2009,Out-of-District FTE Pupils,34.7
Lynnfield,2010,Out-of-District FTE Pupils,36.7
Lynnfield,2011,Out-of-District FTE Pupils,37.6
Lynnfield,2012,Out-of-District FTE Pupils,35.8
Lynnfield,2013,Out-of-District FTE Pupils,27.2
Lynnfield,2014,Out-of-District FTE Pupils,23.5
Lynnfield,2015,Out-of-District FTE Pupils,20.5
Lynnfield,2016,Out-of-District FTE Pupils,19.4
Lynnfield,2017,Out-of-District FTE Pupils,18.8
Lynnfield,2018,Out-of-District FTE Pupils,35.0
Lynnfield,2019,Out-of-District FTE Pupils,33.9
Lynnfield,2020,Out-of-District FTE Pupils,29.8
Lynnfield,2021,Out-of-District FTE Pupils,32.1
Lynnfield,2022,Out-of-District FTE Pupils,37.1
Lynnfield,2023,Out-of-District FTE Pupils,41.6
Lynnfield,2024,Out-of-District FTE Pupils,37.8
Malden,2009,In-District FTE Pupils,6420.2
Malden,2010,In-District FTE Pupils,6408.4
Malden,2011,In-District FTE Pupils,6602.6
Malden,2012,In-District FTE Pupils,6556.6
Malden,2013,In-District FTE Pupils,6522.3
Malden,2014,In-District FTE Pupils,6502.0
Malden,2015,In-District FTE Pupils,6515.1
Malden,2016,In-District FTE Pupils,6576.1
Malden,2017,In-District FTE Pupils,6540.6
Malden,2018,In-District FTE Pupils,6501.1
Malden,2019,In-District FTE Pupils,6483.6
Malden,2020,In-District FTE Pupils,6433.8
Malden,2021,In-District FTE Pupils,6020.7
Malden,2022,In-District FTE Pupils,6244.1
Malden,2023,In-District FTE Pupils,6270.2
Malden,2024,In-District FTE Pupils,6272.2
Malden,2009,Out-of-District FTE Pupils,662.5
Malden,2010,Out-of-District FTE Pupils,708.5
Malden,2011,Out-of-District FTE Pupils,772.6
Malden,2012,Out-of-District FTE Pupils,864.9
Malden,2013,Out-of-District FTE Pupils,892.5
Malden,2014,Out-of-District FTE Pupils,948.7
Malden,2015,Out-of-District FTE Pupils,982.6
Malden,2016,Out-of-District FTE Pupils,967.5
Malden,2017,Out-of-District FTE Pupils,1079.3
Malden,2018,Out-of-District FTE Pupils,1134.8
Malden,2019,Out-of-District FTE Pupils,1077.2
Malden,2020,Out-of-District FTE Pupils,967.4
Malden,2021,Out-of-District FTE Pupils,911.9
Malden,2022,Out-of-District FTE Pupils,825.6
Malden,2023,Out-of-District FTE Pupils,781.8
Malden,2024,Out-of-District FTE Pupils,742.1
Manchester Essex Regional,2009,In-District FTE Pupils,1383.8
Manchester Essex Regional,2010,In-District FTE Pupils,1457.2
Manchester Essex Regional,2011,In-District FTE Pupils,1518.4
Manchester Essex Regional,2012,In-District FTE Pupils,1549.1
Manchester Essex Regional,2013,In-District FTE Pupils,1555.6
Manchester Essex Regional,2014,In-District FTE Pupils,1541.6
Manchester Essex Regional,2015,In-District FTE Pupils,1488.8
Manchester Essex Regional,2016,In-District FTE Pupils,1433.2
Manchester Essex Regional,2017,In-District FTE Pupils,1399.9
Manchester Essex Regional,2018,In-District FTE Pupils,1378.8
Manchester Essex Regional,2019,In-District FTE Pupils,1385.1
Manchester Essex Regional,2020,In-District FTE Pupils,1371.2
Manchester Essex Regional,2021,In-District FTE Pupils,1265.6
Manchester Essex Regional,2022,In-District FTE Pupils,1258.0
Manchester Essex Regional,2023,In-District FTE Pupils,1207.6
Manchester Essex Regional,2024,In-District FTE Pupils,1195.4
Manchester Essex Regional,2009,Out-of-District FTE Pupils,22.0
Manchester Essex Regional,2010,Out-of-District FTE Pupils,21.7
Manchester Essex Regional,2011,Out-of-District FTE Pupils,20.1
Manchester Essex Regional,2012,Out-of-District FTE Pupils,30.6
Manchester Essex Regional,2013,Out-of-District FTE Pupils,41.5
Manchester Essex Regional,2014,Out-of-District FTE Pupils,39.3
Manchester Essex Regional,2015,Out-of-District FTE Pupils,36.9
Manchester Essex Regional,2016,Out-of-District FTE Pupils,30.9
Manchester Essex Regional,2017,Out-of-District FTE Pupils,28.1
Manchester Essex Regional,2018,Out-of-District FTE Pupils,28.6
Manchester Essex Regional,2019,Out-of-District FTE Pupils,33.2
Manchester Essex Regional,2020,Out-of-District FTE Pupils,37.5
Manchester Essex Regional,2021,Out-of-District FTE Pupils,35.0
Manchester Essex Regional,2022,Out-of-District FTE Pupils,37.5
Manchester Essex Regional,2023,Out-of-District FTE Pupils,34.4
Manchester Essex Regional,2024,Out-of-District FTE Pupils,32.5
Mansfield,2009,In-District FTE Pupils,4915.6
Mansfield,2010,In-District FTE Pupils,4920.3
Mansfield,2011,In-District FTE Pupils,4765.1
Mansfield,2012,In-District FTE Pupils,4617.3
Mansfield,2013,In-District FTE Pupils,4439.1
Mansfield,2014,In-District FTE Pupils,4290.2
Mansfield,2015,In-District FTE Pupils,4125.9
Mansfield,2016,In-District FTE Pupils,4007.7
Mansfield,2017,In-District FTE Pupils,3926.0
Mansfield,2018,In-District FTE Pupils,3807.4
Mansfield,2019,In-District FTE Pupils,3728.3
Mansfield,2020,In-District FTE Pupils,3672.5
Mansfield,2021,In-District FTE Pupils,3498.3
Mansfield,2022,In-District FTE Pupils,3459.3
Mansfield,2023,In-District FTE Pupils,3442.8
Mansfield,2024,In-District FTE Pupils,3347.3
Mansfield,2009,Out-of-District FTE Pupils,173.4
Mansfield,2010,Out-of-District FTE Pupils,182.8
Mansfield,2011,Out-of-District FTE Pupils,177.7
Mansfield,2012,Out-of-District FTE Pupils,192.9
Mansfield,2013,Out-of-District FTE Pupils,193.7
Mansfield,2014,Out-of-District FTE Pupils,196.9
Mansfield,2015,Out-of-District FTE Pupils,187.9
Mansfield,2016,Out-of-District FTE Pupils,154.4
Mansfield,2017,Out-of-District FTE Pupils,131.7
Mansfield,2018,Out-of-District FTE Pupils,137.1
Mansfield,2019,Out-of-District FTE Pupils,137.4
Mansfield,2020,Out-of-District FTE Pupils,132.2
Mansfield,2021,Out-of-District FTE Pupils,140.8
Mansfield,2022,Out-of-District FTE Pupils,125.5
Mansfield,2023,Out-of-District FTE Pupils,116.8
Mansfield,2024,Out-of-District FTE Pupils,110.1
Map Academy Charter School (District),2019,In-District FTE Pupils,125.7
Map Academy Charter School (District),2020,In-District FTE Pupils,162.5
Map Academy Charter School (District),2021,In-District FTE Pupils,197.2
Map Academy Charter School (District),2022,In-District FTE Pupils,223.7
Map Academy Charter School (District),2023,In-District FTE Pupils,251.0
Map Academy Charter School (District),2024,In-District FTE Pupils,278.6
Map Academy Charter School (District),2019,Out-of-District FTE Pupils,0.0
Map Academy Charter School (District),2020,Out-of-District FTE Pupils,0.0
Map Academy Charter School (District),2021,Out-of-District FTE Pupils,0.0
Map Academy Charter School (District),2022,Out-of-District FTE Pupils,0.0
Map Academy Charter School (District),2023,Out-of-District FTE Pupils,0.0
Map Academy Charter School (District),2024,Out-of-District FTE Pupils,0.0
Marblehead,2009,In-District FTE Pupils,3291.9
Marblehead,2010,In-District FTE Pupils,3255.2
Marblehead,2011,In-District FTE Pupils,3243.4
Marblehead,2012,In-District FTE Pupils,3177.2
Marblehead,2013,In-District FTE Pupils,3253.3
Marblehead,2014,In-District FTE Pupils,3292.5
Marblehead,2015,In-District FTE Pupils,3223.8
Marblehead,2016,In-District FTE Pupils,3185.2
Marblehead,2017,In-District FTE Pupils,3154.0
Marblehead,2018,In-District FTE Pupils,3102.2
Marblehead,2019,In-District FTE Pupils,3057.2
Marblehead,2020,In-District FTE Pupils,2969.3
Marblehead,2021,In-District FTE Pupils,2698.5
Marblehead,2022,In-District FTE Pupils,2621.2
Marblehead,2023,In-District FTE Pupils,2621.5
Marblehead,2024,In-District FTE Pupils,2612.0
Marblehead,2009,Out-of-District FTE Pupils,98.9
Marblehead,2010,Out-of-District FTE Pupils,123.7
Marblehead,2011,Out-of-District FTE Pupils,170.0
Marblehead,2012,Out-of-District FTE Pupils,193.7
Marblehead,2013,Out-of-District FTE Pupils,202.4
Marblehead,2014,Out-of-District FTE Pupils,207.7
Marblehead,2015,Out-of-District FTE Pupils,208.2
Marblehead,2016,Out-of-District FTE Pupils,217.7
Marblehead,2017,Out-of-District FTE Pupils,229.4
Marblehead,2018,Out-of-District FTE Pupils,218.6
Marblehead,2019,Out-of-District FTE Pupils,210.4
Marblehead,2020,Out-of-District FTE Pupils,170.2
Marblehead,2021,Out-of-District FTE Pupils,167.2
Marblehead,2022,Out-of-District FTE Pupils,169.1
Marblehead,2023,Out-of-District FTE Pupils,148.1
Marblehead,2024,Out-of-District FTE Pupils,116.5
Marblehead Community Charter Public (District),2019,In-District FTE Pupils,227.4
Marblehead Community Charter Public (District),2020,In-District FTE Pupils,206.2
Marblehead Community Charter Public (District),2021,In-District FTE Pupils,210.9
Marblehead Community Charter Public (District),2022,In-District FTE Pupils,227.0
Marblehead Community Charter Public (District),2023,In-District FTE Pupils,221.4
Marblehead Community Charter Public (District),2024,In-District FTE Pupils,174.0
Marblehead Community Charter Public (District),2019,Out-of-District FTE Pupils,0.0
Marblehead Community Charter Public (District),2020,Out-of-District FTE Pupils,0.0
Marblehead Community Charter Public (District),2021,Out-of-District FTE Pupils,0.0
Marblehead Community Charter Public (District),2022,Out-of-District FTE Pupils,0.0
Marblehead Community Charter Public (District),2023,Out-of-District FTE Pupils,0.0
Marblehead Community Charter Public (District),2024,Out-of-District FTE Pupils,0.0
Marion,2009,In-District FTE Pupils,447.8
Marion,2010,In-District FTE Pupils,444.5
Marion,2011,In-District FTE Pupils,465.1
Marion,2012,In-District FTE Pupils,469.2
Marion,2013,In-District FTE Pupils,469.9
Marion,2014,In-District FTE Pupils,452.2
Marion,2015,In-District FTE Pupils,432.4
Marion,2016,In-District FTE Pupils,441.7
Marion,2017,In-District FTE Pupils,461.5
Marion,2018,In-District FTE Pupils,455.9
Marion,2019,In-District FTE Pupils,452.2
Marion,2020,In-District FTE Pupils,435.3
Marion,2021,In-District FTE Pupils,391.9
Marion,2022,In-District FTE Pupils,408.7
Marion,2023,In-District FTE Pupils,394.0
Marion,2024,In-District FTE Pupils,375.8
Marion,2009,Out-of-District FTE Pupils,4.6
Marion,2010,Out-of-District FTE Pupils,4.6
Marion,2011,Out-of-District FTE Pupils,5.8
Marion,2012,Out-of-District FTE Pupils,5.4
Marion,2013,Out-of-District FTE Pupils,9.3
Marion,2014,Out-of-District FTE Pupils,11.4
Marion,2015,Out-of-District FTE Pupils,10.9
Marion,2016,Out-of-District FTE Pupils,11.7
Marion,2017,Out-of-District FTE Pupils,9.3
Marion,2018,Out-of-District FTE Pupils,11.7
Marion,2019,Out-of-District FTE Pupils,12.5
Marion,2020,Out-of-District FTE Pupils,9.0
Marion,2021,Out-of-District FTE Pupils,14.7
Marion,2022,Out-of-District FTE Pupils,13.8
Marion,2023,Out-of-District FTE Pupils,14.6
Marion,2024,Out-of-District FTE Pupils,13.2
Marlborough,2009,In-District FTE Pupils,4567.4
Marlborough,2010,In-District FTE Pupils,4586.3
Marlborough,2011,In-District FTE Pupils,4560.0
Marlborough,2012,In-District FTE Pupils,4587.9
Marlborough,2013,In-District FTE Pupils,4650.5
Marlborough,2014,In-District FTE Pupils,4576.5
Marlborough,2015,In-District FTE Pupils,4561.0
Marlborough,2016,In-District FTE Pupils,4523.4
Marlborough,2017,In-District FTE Pupils,4578.9
Marlborough,2018,In-District FTE Pupils,4639.8
Marlborough,2019,In-District FTE Pupils,4728.4
Marlborough,2020,In-District FTE Pupils,4792.0
Marlborough,2021,In-District FTE Pupils,4695.1
Marlborough,2022,In-District FTE Pupils,4900.7
Marlborough,2023,In-District FTE Pupils,4805.5
Marlborough,2024,In-District FTE Pupils,4810.9
Marlborough,2009,Out-of-District FTE Pupils,345.4
Marlborough,2010,Out-of-District FTE Pupils,411.2
Marlborough,2011,Out-of-District FTE Pupils,462.1
Marlborough,2012,Out-of-District FTE Pupils,472.5
Marlborough,2013,Out-of-District FTE Pupils,517.6
Marlborough,2014,Out-of-District FTE Pupils,579.5
Marlborough,2015,Out-of-District FTE Pupils,614.8
Marlborough,2016,Out-of-District FTE Pupils,677.5
Marlborough,2017,Out-of-District FTE Pupils,733.2
Marlborough,2018,Out-of-District FTE Pupils,764.1
Marlborough,2019,Out-of-District FTE Pupils,739.4
Marlborough,2020,Out-of-District FTE Pupils,733.8
Marlborough,2021,Out-of-District FTE Pupils,670.7
Marlborough,2022,Out-of-District FTE Pupils,683.2
Marlborough,2023,Out-of-District FTE Pupils,727.7
Marlborough,2024,Out-of-District FTE Pupils,761.0
Marshfield,2009,In-District FTE Pupils,4739.8
Marshfield,2010,In-District FTE Pupils,4736.1
Marshfield,2011,In-District FTE Pupils,4664.4
Marshfield,2012,In-District FTE Pupils,4560.4
Marshfield,2013,In-District FTE Pupils,4450.8
Marshfield,2014,In-District FTE Pupils,4365.3
Marshfield,2015,In-District FTE Pupils,4205.3
Marshfield,2016,In-District FTE Pupils,4214.8
Marshfield,2017,In-District FTE Pupils,4226.3
Marshfield,2018,In-District FTE Pupils,4135.1
Marshfield,2019,In-District FTE Pupils,4045.4
Marshfield,2020,In-District FTE Pupils,3961.3
Marshfield,2021,In-District FTE Pupils,3784.4
Marshfield,2022,In-District FTE Pupils,3826.2
Marshfield,2023,In-District FTE Pupils,3766.8
Marshfield,2024,In-District FTE Pupils,3668.6
Marshfield,2009,Out-of-District FTE Pupils,89.4
Marshfield,2010,Out-of-District FTE Pupils,90.7
Marshfield,2011,Out-of-District FTE Pupils,98.2
Marshfield,2012,Out-of-District FTE Pupils,98.5
Marshfield,2013,Out-of-District FTE Pupils,106.0
Marshfield,2014,Out-of-District FTE Pupils,111.7
Marshfield,2015,Out-of-District FTE Pupils,115.3
Marshfield,2016,Out-of-District FTE Pupils,94.6
Marshfield,2017,Out-of-District FTE Pupils,97.2
Marshfield,2018,Out-of-District FTE Pupils,95.9
Marshfield,2019,Out-of-District FTE Pupils,103.3
Marshfield,2020,Out-of-District FTE Pupils,97.9
Marshfield,2021,Out-of-District FTE Pupils,117.7
Marshfield,2022,Out-of-District FTE Pupils,108.3
Marshfield,2023,Out-of-District FTE Pupils,110.0
Marshfield,2024,Out-of-District FTE Pupils,100.6
Martha's Vineyard,2009,In-District FTE Pupils,707.6
Martha's Vineyard,2010,In-District FTE Pupils,700.2
Martha's Vineyard,2011,In-District FTE Pupils,683.8
Martha's Vineyard,2012,In-District FTE Pupils,666.9
Martha's Vineyard,2013,In-District FTE Pupils,681.5
Martha's Vineyard,2014,In-District FTE Pupils,681.9
Martha's Vineyard,2015,In-District FTE Pupils,675.3
Martha's Vineyard,2016,In-District FTE Pupils,654.4
Martha's Vineyard,2017,In-District FTE Pupils,654.8
Martha's Vineyard,2018,In-District FTE Pupils,631.7
Martha's Vineyard,2019,In-District FTE Pupils,618.1
Martha's Vineyard,2020,In-District FTE Pupils,670.6
Martha's Vineyard,2021,In-District FTE Pupils,676.3
Martha's Vineyard,2022,In-District FTE Pupils,709.9
Martha's Vineyard,2023,In-District FTE Pupils,747.7
Martha's Vineyard,2024,In-District FTE Pupils,734.6
Martha's Vineyard,2009,Out-of-District FTE Pupils,45.7
Martha's Vineyard,2010,Out-of-District FTE Pupils,52.9
Martha's Vineyard,2011,Out-of-District FTE Pupils,47.2
Martha's Vineyard,2012,Out-of-District FTE Pupils,48.1
Martha's Vineyard,2013,Out-of-District FTE Pupils,44.4
Martha's Vineyard,2014,Out-of-District FTE Pupils,48.5
Martha's Vineyard,2015,Out-of-District FTE Pupils,47.2
Martha's Vineyard,2016,Out-of-District FTE Pupils,52.8
Martha's Vineyard,2017,Out-of-District FTE Pupils,43.6
Martha's Vineyard,2018,Out-of-District FTE Pupils,43.0
Martha's Vineyard,2019,Out-of-District FTE Pupils,40.5
Martha's Vineyard,2020,Out-of-District FTE Pupils,41.8
Martha's Vineyard,2021,Out-of-District FTE Pupils,53.3
Martha's Vineyard,2022,Out-of-District FTE Pupils,50.1
Martha's Vineyard,2023,Out-of-District FTE Pupils,50.2
Martha's Vineyard,2024,Out-of-District FTE Pupils,44.2
Martha's Vineyard Charter Public School (District),2019,In-District FTE Pupils,178.2
Martha's Vineyard Charter Public School (District),2020,In-District FTE Pupils,173.0
Martha's Vineyard Charter Public School (District),2021,In-District FTE Pupils,168.3
Martha's Vineyard Charter Public School (District),2022,In-District FTE Pupils,174.6
Martha's Vineyard Charter Public School (District),2023,In-District FTE Pupils,180.2
Martha's Vineyard Charter Public School (District),2024,In-District FTE Pupils,177.8
Martha's Vineyard Charter Public School (District),2019,Out-of-District FTE Pupils,0.0
Martha's Vineyard Charter Public School (District),2020,Out-of-District FTE Pupils,0.0
Martha's Vineyard Charter Public School (District),2021,Out-of-District FTE Pupils,0.0
Martha's Vineyard Charter Public School (District),2022,Out-of-District FTE Pupils,0.0
Martha's Vineyard Charter Public School (District),2023,Out-of-District FTE Pupils,0.0
Martha's Vineyard Charter Public School (District),2024,Out-of-District FTE Pupils,0.0
"Martin Luther King, Jr. Charter School of Excellence (District)",2019,In-District FTE Pupils,369.7
"Martin Luther King, Jr. Charter School of Excellence (District)",2020,In-District FTE Pupils,363.6
"Martin Luther King, Jr. Charter School of Excellence (District)",2021,In-District FTE Pupils,362.6
"Martin Luther King, Jr. Charter School of Excellence (District)",2022,In-District FTE Pupils,357.1
"Martin Luther King, Jr. Charter School of Excellence (District)",2023,In-District FTE Pupils,354.9
"Martin Luther King, Jr. Charter School of Excellence (District)",2024,In-District FTE Pupils,357.4
"Martin Luther King, Jr. Charter School of Excellence (District)",2019,Out-of-District FTE Pupils,0.0
"Martin Luther King, Jr. Charter School of Excellence (District)",2020,Out-of-District FTE Pupils,0.0
"Martin Luther King, Jr. Charter School of Excellence (District)",2021,Out-of-District FTE Pupils,0.0
"Martin Luther King, Jr. Charter School of Excellence (District)",2022,Out-of-District FTE Pupils,0.0
"Martin Luther King, Jr. Charter School of Excellence (District)",2023,Out-of-District FTE Pupils,0.0
"Martin Luther King, Jr. Charter School of Excellence (District)",2024,Out-of-District FTE Pupils,0.0
Masconomet,2009,In-District FTE Pupils,2144.4
Masconomet,2010,In-District FTE Pupils,2082.8
Masconomet,2011,In-District FTE Pupils,2080.7
Masconomet,2012,In-District FTE Pupils,2061.2
Masconomet,2013,In-District FTE Pupils,2043.2
Masconomet,2014,In-District FTE Pupils,2016.7
Masconomet,2015,In-District FTE Pupils,1946.6
Masconomet,2016,In-District FTE Pupils,1904.3
Masconomet,2017,In-District FTE Pupils,1829.9
Masconomet,2018,In-District FTE Pupils,1792.6
Masconomet,2019,In-District FTE Pupils,1758.5
Masconomet,2020,In-District FTE Pupils,1719.8
Masconomet,2021,In-District FTE Pupils,1667.7
Masconomet,2022,In-District FTE Pupils,1632.7
Masconomet,2023,In-District FTE Pupils,1532.7
Masconomet,2024,In-District FTE Pupils,1514.9
Masconomet,2009,Out-of-District FTE Pupils,48.0
Masconomet,2010,Out-of-District FTE Pupils,47.3
Masconomet,2011,Out-of-District FTE Pupils,38.9
Masconomet,2012,Out-of-District FTE Pupils,34.7
Masconomet,2013,Out-of-District FTE Pupils,49.8
Masconomet,2014,Out-of-District FTE Pupils,43.5
Masconomet,2015,Out-of-District FTE Pupils,44.6
Masconomet,2016,Out-of-District FTE Pupils,49.8
Masconomet,2017,Out-of-District FTE Pupils,50.4
Masconomet,2018,Out-of-District FTE Pupils,51.7
Masconomet,2019,Out-of-District FTE Pupils,54.1
Masconomet,2020,Out-of-District FTE Pupils,46.6
Masconomet,2021,Out-of-District FTE Pupils,65.8
Masconomet,2022,Out-of-District FTE Pupils,72.8
Masconomet,2023,Out-of-District FTE Pupils,78.6
Masconomet,2024,Out-of-District FTE Pupils,80.7
Mashpee,2009,In-District FTE Pupils,1785.5
Mashpee,2010,In-District FTE Pupils,1811.5
Mashpee,2011,In-District FTE Pupils,1767.6
Mashpee,2012,In-District FTE Pupils,1744.2
Mashpee,2013,In-District FTE Pupils,1715.4
Mashpee,2014,In-District FTE Pupils,1681.0
Mashpee,2015,In-District FTE Pupils,1677.8
Mashpee,2016,In-District FTE Pupils,1625.3
Mashpee,2017,In-District FTE Pupils,1658.6
Mashpee,2018,In-District FTE Pupils,1643.3
Mashpee,2019,In-District FTE Pupils,1614.6
Mashpee,2020,In-District FTE Pupils,1579.9
Mashpee,2021,In-District FTE Pupils,1474.4
Mashpee,2022,In-District FTE Pupils,1467.8
Mashpee,2023,In-District FTE Pupils,1454.9
Mashpee,2024,In-District FTE Pupils,1435.5
Mashpee,2009,Out-of-District FTE Pupils,69.4
Mashpee,2010,Out-of-District FTE Pupils,69.6
Mashpee,2011,Out-of-District FTE Pupils,82.9
Mashpee,2012,Out-of-District FTE Pupils,115.6
Mashpee,2013,Out-of-District FTE Pupils,150.5
Mashpee,2014,Out-of-District FTE Pupils,137.3
Mashpee,2015,Out-of-District FTE Pupils,134.7
Mashpee,2016,Out-of-District FTE Pupils,147.1
Mashpee,2017,Out-of-District FTE Pupils,171.5
Mashpee,2018,Out-of-District FTE Pupils,156.2
Mashpee,2019,Out-of-District FTE Pupils,177.5
Mashpee,2020,Out-of-District FTE Pupils,175.0
Mashpee,2021,Out-of-District FTE Pupils,181.7
Mashpee,2022,Out-of-District FTE Pupils,158.0
Mashpee,2023,Out-of-District FTE Pupils,145.5
Mashpee,2024,Out-of-District FTE Pupils,158.0
Match Charter Public School (District),2019,In-District FTE Pupils,1220.3
Match Charter Public School (District),2020,In-District FTE Pupils,1216.2
Match Charter Public School (District),2021,In-District FTE Pupils,1223.5
Match Charter Public School (District),2022,In-District FTE Pupils,1208.9
Match Charter Public School (District),2023,In-District FTE Pupils,1172.2
Match Charter Public School (District),2024,In-District FTE Pupils,1157.6
Match Charter Public School (District),2019,Out-of-District FTE Pupils,0.0
Match Charter Public School (District),2020,Out-of-District FTE Pupils,0.0
Match Charter Public School (District),2021,Out-of-District FTE Pupils,0.0
Match Charter Public School (District),2022,Out-of-District FTE Pupils,0.0
Match Charter Public School (District),2023,Out-of-District FTE Pupils,0.0
Match Charter Public School (District),2024,Out-of-District FTE Pupils,0.0
Mattapoisett,2009,In-District FTE Pupils,519.3
Mattapoisett,2010,In-District FTE Pupils,519.4
Mattapoisett,2011,In-District FTE Pupils,525.7
Mattapoisett,2012,In-District FTE Pupils,513.9
Mattapoisett,2013,In-District FTE Pupils,501.8
Mattapoisett,2014,In-District FTE Pupils,507.5
Mattapoisett,2015,In-District FTE Pupils,501.5
Mattapoisett,2016,In-District FTE Pupils,480.1
Mattapoisett,2017,In-District FTE Pupils,446.3
Mattapoisett,2018,In-District FTE Pupils,448.2
Mattapoisett,2019,In-District FTE Pupils,443.9
Mattapoisett,2020,In-District FTE Pupils,438.9
Mattapoisett,2021,In-District FTE Pupils,398.0
Mattapoisett,2022,In-District FTE Pupils,425.7
Mattapoisett,2023,In-District FTE Pupils,413.1
Mattapoisett,2024,In-District FTE Pupils,389.1
Mattapoisett,2009,Out-of-District FTE Pupils,9.6
Mattapoisett,2010,Out-of-District FTE Pupils,9.6
Mattapoisett,2011,Out-of-District FTE Pupils,13.1
Mattapoisett,2012,Out-of-District FTE Pupils,12.2
Mattapoisett,2013,Out-of-District FTE Pupils,12.3
Mattapoisett,2014,Out-of-District FTE Pupils,13.9
Mattapoisett,2015,Out-of-District FTE Pupils,19.3
Mattapoisett,2016,Out-of-District FTE Pupils,16.7
Mattapoisett,2017,Out-of-District FTE Pupils,16.9
Mattapoisett,2018,Out-of-District FTE Pupils,16.8
Mattapoisett,2019,Out-of-District FTE Pupils,17.8
Mattapoisett,2020,Out-of-District FTE Pupils,7.0
Mattapoisett,2021,Out-of-District FTE Pupils,10.0
Mattapoisett,2022,Out-of-District FTE Pupils,7.4
Mattapoisett,2023,Out-of-District FTE Pupils,8.9
Mattapoisett,2024,Out-of-District FTE Pupils,9.6
Maynard,2009,In-District FTE Pupils,1247.8
Maynard,2010,In-District FTE Pupils,1331.9
Maynard,2011,In-District FTE Pupils,1308.8
Maynard,2012,In-District FTE Pupils,1308.3
Maynard,2013,In-District FTE Pupils,1340.1
Maynard,2014,In-District FTE Pupils,1391.1
Maynard,2015,In-District FTE Pupils,1418.3
Maynard,2016,In-District FTE Pupils,1419.3
Maynard,2017,In-District FTE Pupils,1441.0
Maynard,2018,In-District FTE Pupils,1386.0
Maynard,2019,In-District FTE Pupils,1348.5
Maynard,2020,In-District FTE Pupils,1263.0
Maynard,2021,In-District FTE Pupils,1173.7
Maynard,2022,In-District FTE Pupils,1199.9
Maynard,2023,In-District FTE Pupils,1196.6
Maynard,2024,In-District FTE Pupils,1218.4
Maynard,2009,Out-of-District FTE Pupils,89.0
Maynard,2010,Out-of-District FTE Pupils,100.4
Maynard,2011,Out-of-District FTE Pupils,103.2
Maynard,2012,Out-of-District FTE Pupils,96.0
Maynard,2013,Out-of-District FTE Pupils,90.1
Maynard,2014,Out-of-District FTE Pupils,94.3
Maynard,2015,Out-of-District FTE Pupils,89.1
Maynard,2016,Out-of-District FTE Pupils,106.5
Maynard,2017,Out-of-District FTE Pupils,117.8
Maynard,2018,Out-of-District FTE Pupils,135.3
Maynard,2019,Out-of-District FTE Pupils,144.1
Maynard,2020,Out-of-District FTE Pupils,170.4
Maynard,2021,Out-of-District FTE Pupils,171.2
Maynard,2022,Out-of-District FTE Pupils,173.5
Maynard,2023,Out-of-District FTE Pupils,161.8
Maynard,2024,Out-of-District FTE Pupils,166.4
Medfield,2009,In-District FTE Pupils,2993.8
Medfield,2010,In-District FTE Pupils,3004.3
Medfield,2011,In-District FTE Pupils,2921.1
Medfield,2012,In-District FTE Pupils,2832.1
Medfield,2013,In-District FTE Pupils,2757.7
Medfield,2014,In-District FTE Pupils,2656.4
Medfield,2015,In-District FTE Pupils,2590.7
Medfield,2016,In-District FTE Pupils,2598.5
Medfield,2017,In-District FTE Pupils,2581.8
Medfield,2018,In-District FTE Pupils,2596.7
Medfield,2019,In-District FTE Pupils,2578.1
Medfield,2020,In-District FTE Pupils,2603.7
Medfield,2021,In-District FTE Pupils,2482.9
Medfield,2022,In-District FTE Pupils,2532.5
Medfield,2023,In-District FTE Pupils,2504.9
Medfield,2024,In-District FTE Pupils,2486.0
Medfield,2009,Out-of-District FTE Pupils,31.8
Medfield,2010,Out-of-District FTE Pupils,35.9
Medfield,2011,Out-of-District FTE Pupils,40.7
Medfield,2012,Out-of-District FTE Pupils,27.9
Medfield,2013,Out-of-District FTE Pupils,28.5
Medfield,2014,Out-of-District FTE Pupils,31.9
Medfield,2015,Out-of-District FTE Pupils,37.8
Medfield,2016,Out-of-District FTE Pupils,37.7
Medfield,2017,Out-of-District FTE Pupils,38.4
Medfield,2018,Out-of-District FTE Pupils,39.7
Medfield,2019,Out-of-District FTE Pupils,35.7
Medfield,2020,Out-of-District FTE Pupils,25.1
Medfield,2021,Out-of-District FTE Pupils,27.0
Medfield,2022,Out-of-District FTE Pupils,29.9
Medfield,2023,Out-of-District FTE Pupils,28.9
Medfield,2024,Out-of-District FTE Pupils,21.3
Medford,2009,In-District FTE Pupils,4807.9
Medford,2010,In-District FTE Pupils,4847.6
Medford,2011,In-District FTE Pupils,4865.0
Medford,2012,In-District FTE Pupils,4799.1
Medford,2013,In-District FTE Pupils,4617.4
Medford,2014,In-District FTE Pupils,4541.5
Medford,2015,In-District FTE Pupils,4435.9
Medford,2016,In-District FTE Pupils,4339.9
Medford,2017,In-District FTE Pupils,4394.4
Medford,2018,In-District FTE Pupils,4359.3
Medford,2019,In-District FTE Pupils,4243.0
Medford,2020,In-District FTE Pupils,4206.4
Medford,2021,In-District FTE Pupils,3943.0
Medford,2022,In-District FTE Pupils,4140.2
Medford,2023,In-District FTE Pupils,4171.2
Medford,2024,In-District FTE Pupils,4159.7
Medford,2009,Out-of-District FTE Pupils,424.0
Medford,2010,Out-of-District FTE Pupils,429.9
Medford,2011,Out-of-District FTE Pupils,460.2
Medford,2012,Out-of-District FTE Pupils,448.9
Medford,2013,Out-of-District FTE Pupils,447.6
Medford,2014,Out-of-District FTE Pupils,440.0
Medford,2015,Out-of-District FTE Pupils,439.7
Medford,2016,Out-of-District FTE Pupils,435.3
Medford,2017,Out-of-District FTE Pupils,414.1
Medford,2018,Out-of-District FTE Pupils,448.9
Medford,2019,Out-of-District FTE Pupils,502.1
Medford,2020,Out-of-District FTE Pupils,512.8
Medford,2021,Out-of-District FTE Pupils,530.0
Medford,2022,Out-of-District FTE Pupils,505.5
Medford,2023,Out-of-District FTE Pupils,476.3
Medford,2024,Out-of-District FTE Pupils,464.3
Medway,2009,In-District FTE Pupils,2739.4
Medway,2010,In-District FTE Pupils,2681.9
Medway,2011,In-District FTE Pupils,2638.2
Medway,2012,In-District FTE Pupils,2568.3
Medway,2013,In-District FTE Pupils,2482.1
Medway,2014,In-District FTE Pupils,2434.6
Medway,2015,In-District FTE Pupils,2394.9
Medway,2016,In-District FTE Pupils,2351.6
Medway,2017,In-District FTE Pupils,2325.9
Medway,2018,In-District FTE Pupils,2280.4
Medway,2019,In-District FTE Pupils,2216.4
Medway,2020,In-District FTE Pupils,2178.8
Medway,2021,In-District FTE Pupils,2073.3
Medway,2022,In-District FTE Pupils,2122.5
Medway,2023,In-District FTE Pupils,2137.3
Medway,2024,In-District FTE Pupils,2180.4
Medway,2009,Out-of-District FTE Pupils,80.1
Medway,2010,Out-of-District FTE Pupils,90.3
Medway,2011,Out-of-District FTE Pupils,93.7
Medway,2012,Out-of-District FTE Pupils,99.2
Medway,2013,Out-of-District FTE Pupils,105.7
Medway,2014,Out-of-District FTE Pupils,101.4
Medway,2015,Out-of-District FTE Pupils,105.3
Medway,2016,Out-of-District FTE Pupils,105.7
Medway,2017,Out-of-District FTE Pupils,104.8
Medway,2018,Out-of-District FTE Pupils,99.6
Medway,2019,Out-of-District FTE Pupils,102.1
Medway,2020,Out-of-District FTE Pupils,96.1
Medway,2021,Out-of-District FTE Pupils,107.5
Medway,2022,Out-of-District FTE Pupils,103.3
Medway,2023,Out-of-District FTE Pupils,95.4
Medway,2024,Out-of-District FTE Pupils,102.8
Melrose,2009,In-District FTE Pupils,3672.4
Melrose,2010,In-District FTE Pupils,3756.3
Melrose,2011,In-District FTE Pupils,3727.1
Melrose,2012,In-District FTE Pupils,3670.6
Melrose,2013,In-District FTE Pupils,3670.2
Melrose,2014,In-District FTE Pupils,3672.4
Melrose,2015,In-District FTE Pupils,3691.8
Melrose,2016,In-District FTE Pupils,3741.6
Melrose,2017,In-District FTE Pupils,3788.6
Melrose,2018,In-District FTE Pupils,3905.1
Melrose,2019,In-District FTE Pupils,3949.0
Melrose,2020,In-District FTE Pupils,3994.4
Melrose,2021,In-District FTE Pupils,3693.3
Melrose,2022,In-District FTE Pupils,3847.8
Melrose,2023,In-District FTE Pupils,3869.2
Melrose,2024,In-District FTE Pupils,3911.4
Melrose,2009,Out-of-District FTE Pupils,278.3
Melrose,2010,Out-of-District FTE Pupils,285.1
Melrose,2011,Out-of-District FTE Pupils,302.0
Melrose,2012,Out-of-District FTE Pupils,312.4
Melrose,2013,Out-of-District FTE Pupils,312.5
Melrose,2014,Out-of-District FTE Pupils,306.2
Melrose,2015,Out-of-District FTE Pupils,315.8
Melrose,2016,Out-of-District FTE Pupils,305.5
Melrose,2017,Out-of-District FTE Pupils,307.8
Melrose,2018,Out-of-District FTE Pupils,295.1
Melrose,2019,Out-of-District FTE Pupils,287.1
Melrose,2020,Out-of-District FTE Pupils,305.9
Melrose,2021,Out-of-District FTE Pupils,322.1
Melrose,2022,Out-of-District FTE Pupils,318.6
Melrose,2023,Out-of-District FTE Pupils,326.1
Melrose,2024,Out-of-District FTE Pupils,346.0
Mendon-Upton,2009,In-District FTE Pupils,2848.2
Mendon-Upton,2010,In-District FTE Pupils,2831.1
Mendon-Upton,2011,In-District FTE Pupils,2706.8
Mendon-Upton,2012,In-District FTE Pupils,2560.2
Mendon-Upton,2013,In-District FTE Pupils,2520.1
Mendon-Upton,2014,In-District FTE Pupils,2389.6
Mendon-Upton,2015,In-District FTE Pupils,2326.6
Mendon-Upton,2016,In-District FTE Pupils,2261.5
Mendon-Upton,2017,In-District FTE Pupils,2222.5
Mendon-Upton,2018,In-District FTE Pupils,2252.3
Mendon-Upton,2019,In-District FTE Pupils,2288.6
Mendon-Upton,2020,In-District FTE Pupils,2249.8
Mendon-Upton,2021,In-District FTE Pupils,2158.2
Mendon-Upton,2022,In-District FTE Pupils,2157.8
Mendon-Upton,2023,In-District FTE Pupils,2115.9
Mendon-Upton,2024,In-District FTE Pupils,2073.5
Mendon-Upton,2009,Out-of-District FTE Pupils,88.6
Mendon-Upton,2010,Out-of-District FTE Pupils,96.2
Mendon-Upton,2011,Out-of-District FTE Pupils,118.5
Mendon-Upton,2012,Out-of-District FTE Pupils,113.5
Mendon-Upton,2013,Out-of-District FTE Pupils,124.2
Mendon-Upton,2014,Out-of-District FTE Pupils,126.1
Mendon-Upton,2015,Out-of-District FTE Pupils,124.8
Mendon-Upton,2016,Out-of-District FTE Pupils,109.8
Mendon-Upton,2017,Out-of-District FTE Pupils,113.9
Mendon-Upton,2018,Out-of-District FTE Pupils,108.7
Mendon-Upton,2019,Out-of-District FTE Pupils,105.8
Mendon-Upton,2020,Out-of-District FTE Pupils,117.5
Mendon-Upton,2021,Out-of-District FTE Pupils,113.0
Mendon-Upton,2022,Out-of-District FTE Pupils,108.8
Mendon-Upton,2023,Out-of-District FTE Pupils,97.9
Mendon-Upton,2024,Out-of-District FTE Pupils,87.5
Methuen,2009,In-District FTE Pupils,7381.9
Methuen,2010,In-District FTE Pupils,7273.4
Methuen,2011,In-District FTE Pupils,7146.1
Methuen,2012,In-District FTE Pupils,7126.6
Methuen,2013,In-District FTE Pupils,7022.0
Methuen,2014,In-District FTE Pupils,6909.4
Methuen,2015,In-District FTE Pupils,6952.0
Methuen,2016,In-District FTE Pupils,6940.4
Methuen,2017,In-District FTE Pupils,6952.8
Methuen,2018,In-District FTE Pupils,6978.6
Methuen,2019,In-District FTE Pupils,7004.1
Methuen,2020,In-District FTE Pupils,6895.5
Methuen,2021,In-District FTE Pupils,6553.3
Methuen,2022,In-District FTE Pupils,6552.6
Methuen,2023,In-District FTE Pupils,6574.1
Methuen,2024,In-District FTE Pupils,6602.6
Methuen,2009,Out-of-District FTE Pupils,200.0
Methuen,2010,Out-of-District FTE Pupils,194.6
Methuen,2011,Out-of-District FTE Pupils,206.1
Methuen,2012,Out-of-District FTE Pupils,214.1
Methuen,2013,Out-of-District FTE Pupils,228.3
Methuen,2014,Out-of-District FTE Pupils,243.2
Methuen,2015,Out-of-District FTE Pupils,223.5
Methuen,2016,Out-of-District FTE Pupils,255.2
Methuen,2017,Out-of-District FTE Pupils,299.5
Methuen,2018,Out-of-District FTE Pupils,335.9
Methuen,2019,Out-of-District FTE Pupils,343.3
Methuen,2020,Out-of-District FTE Pupils,348.4
Methuen,2021,Out-of-District FTE Pupils,386.1
Methuen,2022,Out-of-District FTE Pupils,441.9
Methuen,2023,Out-of-District FTE Pupils,494.7
Methuen,2024,Out-of-District FTE Pupils,489.4
Middleborough,2009,In-District FTE Pupils,3499.1
Middleborough,2010,In-District FTE Pupils,3469.7
Middleborough,2011,In-District FTE Pupils,3431.8
Middleborough,2012,In-District FTE Pupils,3321.7
Middleborough,2013,In-District FTE Pupils,3245.6
Middleborough,2014,In-District FTE Pupils,3192.0
Middleborough,2015,In-District FTE Pupils,3102.8
Middleborough,2016,In-District FTE Pupils,3000.5
Middleborough,2017,In-District FTE Pupils,2912.9
Middleborough,2018,In-District FTE Pupils,2971.2
Middleborough,2019,In-District FTE Pupils,2976.9
Middleborough,2020,In-District FTE Pupils,3032.1
Middleborough,2021,In-District FTE Pupils,2910.5
Middleborough,2022,In-District FTE Pupils,3061.4
Middleborough,2023,In-District FTE Pupils,3029.9
Middleborough,2024,In-District FTE Pupils,2983.6
Middleborough,2009,Out-of-District FTE Pupils,110.3
Middleborough,2010,Out-of-District FTE Pupils,107.4
Middleborough,2011,Out-of-District FTE Pupils,101.0
Middleborough,2012,Out-of-District FTE Pupils,108.7
Middleborough,2013,Out-of-District FTE Pupils,106.9
Middleborough,2014,Out-of-District FTE Pupils,102.9
Middleborough,2015,Out-of-District FTE Pupils,115.5
Middleborough,2016,Out-of-District FTE Pupils,131.0
Middleborough,2017,Out-of-District FTE Pupils,138.1
Middleborough,2018,Out-of-District FTE Pupils,141.8
Middleborough,2019,Out-of-District FTE Pupils,147.0
Middleborough,2020,Out-of-District FTE Pupils,166.3
Middleborough,2021,Out-of-District FTE Pupils,190.4
Middleborough,2022,Out-of-District FTE Pupils,178.1
Middleborough,2023,Out-of-District FTE Pupils,172.9
Middleborough,2024,Out-of-District FTE Pupils,185.6
Middleton,2009,In-District FTE Pupils,877.1
Middleton,2010,In-District FTE Pupils,858.0
Middleton,2011,In-District FTE Pupils,822.2
Middleton,2012,In-District FTE Pupils,806.1
Middleton,2013,In-District FTE Pupils,812.5
Middleton,2014,In-District FTE Pupils,769.4
Middleton,2015,In-District FTE Pupils,752.6
Middleton,2016,In-District FTE Pupils,702.4
Middleton,2017,In-District FTE Pupils,702.9
Middleton,2018,In-District FTE Pupils,687.7
Middleton,2019,In-District FTE Pupils,705.6
Middleton,2020,In-District FTE Pupils,719.1
Middleton,2021,In-District FTE Pupils,677.2
Middleton,2022,In-District FTE Pupils,709.1
Middleton,2023,In-District FTE Pupils,728.3
Middleton,2024,In-District FTE Pupils,725.9
Middleton,2009,Out-of-District FTE Pupils,13.5
Middleton,2010,Out-of-District FTE Pupils,13.5
Middleton,2011,Out-of-District FTE Pupils,8.8
Middleton,2012,Out-of-District FTE Pupils,9.9
Middleton,2013,Out-of-District FTE Pupils,3.4
Middleton,2014,Out-of-District FTE Pupils,3.6
Middleton,2015,Out-of-District FTE Pupils,4.0
Middleton,2016,Out-of-District FTE Pupils,6.4
Middleton,2017,Out-of-District FTE Pupils,5.0
Middleton,2018,Out-of-District FTE Pupils,5.8
Middleton,2019,Out-of-District FTE Pupils,9.7
Middleton,2020,Out-of-District FTE Pupils,13.1
Middleton,2021,Out-of-District FTE Pupils,12.0
Middleton,2022,Out-of-District FTE Pupils,10.1
Middleton,2023,Out-of-District FTE Pupils,15.2
Middleton,2024,Out-of-District FTE Pupils,9.5
Milford,2009,In-District FTE Pupils,4098.1
Milford,2010,In-District FTE Pupils,4050.1
Milford,2011,In-District FTE Pupils,4111.7
Milford,2012,In-District FTE Pupils,4139.5
Milford,2013,In-District FTE Pupils,4143.7
Milford,2014,In-District FTE Pupils,4151.4
Milford,2015,In-District FTE Pupils,4125.0
Milford,2016,In-District FTE Pupils,4097.3
Milford,2017,In-District FTE Pupils,4207.9
Milford,2018,In-District FTE Pupils,4197.4
Milford,2019,In-District FTE Pupils,4276.6
Milford,2020,In-District FTE Pupils,4382.7
Milford,2021,In-District FTE Pupils,4204.8
Milford,2022,In-District FTE Pupils,4435.4
Milford,2023,In-District FTE Pupils,4438.2
Milford,2024,In-District FTE Pupils,4431.5
Milford,2009,Out-of-District FTE Pupils,201.2
Milford,2010,Out-of-District FTE Pupils,210.8
Milford,2011,Out-of-District FTE Pupils,224.5
Milford,2012,Out-of-District FTE Pupils,215.0
Milford,2013,Out-of-District FTE Pupils,251.1
Milford,2014,Out-of-District FTE Pupils,254.5
Milford,2015,Out-of-District FTE Pupils,267.0
Milford,2016,Out-of-District FTE Pupils,281.0
Milford,2017,Out-of-District FTE Pupils,277.2
Milford,2018,Out-of-District FTE Pupils,305.8
Milford,2019,Out-of-District FTE Pupils,286.7
Milford,2020,Out-of-District FTE Pupils,351.0
Milford,2021,Out-of-District FTE Pupils,405.7
Milford,2022,Out-of-District FTE Pupils,424.0
Milford,2023,Out-of-District FTE Pupils,445.6
Milford,2024,Out-of-District FTE Pupils,482.9
Millbury,2009,In-District FTE Pupils,1920.8
Millbury,2010,In-District FTE Pupils,1872.3
Millbury,2011,In-District FTE Pupils,1824.6
Millbury,2012,In-District FTE Pupils,1769.1
Millbury,2013,In-District FTE Pupils,1758.3
Millbury,2014,In-District FTE Pupils,1726.8
Millbury,2015,In-District FTE Pupils,1694.2
Millbury,2016,In-District FTE Pupils,1708.9
Millbury,2017,In-District FTE Pupils,1732.4
Millbury,2018,In-District FTE Pupils,1706.5
Millbury,2019,In-District FTE Pupils,1683.8
Millbury,2020,In-District FTE Pupils,1692.0
Millbury,2021,In-District FTE Pupils,1576.1
Millbury,2022,In-District FTE Pupils,1621.8
Millbury,2023,In-District FTE Pupils,1640.6
Millbury,2024,In-District FTE Pupils,1658.1
Millbury,2009,Out-of-District FTE Pupils,43.8
Millbury,2010,Out-of-District FTE Pupils,35.5
Millbury,2011,Out-of-District FTE Pupils,44.1
Millbury,2012,Out-of-District FTE Pupils,45.8
Millbury,2013,Out-of-District FTE Pupils,47.3
Millbury,2014,Out-of-District FTE Pupils,54.7
Millbury,2015,Out-of-District FTE Pupils,54.4
Millbury,2016,Out-of-District FTE Pupils,52.4
Millbury,2017,Out-of-District FTE Pupils,61.0
Millbury,2018,Out-of-District FTE Pupils,78.7
Millbury,2019,Out-of-District FTE Pupils,83.7
Millbury,2020,Out-of-District FTE Pupils,92.0
Millbury,2021,Out-of-District FTE Pupils,89.2
Millbury,2022,Out-of-District FTE Pupils,91.4
Millbury,2023,Out-of-District FTE Pupils,84.3
Millbury,2024,Out-of-District FTE Pupils,88.6
Millis,2009,In-District FTE Pupils,1390.0
Millis,2010,In-District FTE Pupils,1431.0
Millis,2011,In-District FTE Pupils,1447.5
Millis,2012,In-District FTE Pupils,1449.6
Millis,2013,In-District FTE Pupils,1437.9
Millis,2014,In-District FTE Pupils,1400.6
Millis,2015,In-District FTE Pupils,1369.4
Millis,2016,In-District FTE Pupils,1337.8
Millis,2017,In-District FTE Pupils,1318.2
Millis,2018,In-District FTE Pupils,1284.9
Millis,2019,In-District FTE Pupils,1222.2
Millis,2020,In-District FTE Pupils,1190.8
Millis,2021,In-District FTE Pupils,1161.3
Millis,2022,In-District FTE Pupils,1180.5
Millis,2023,In-District FTE Pupils,1204.3
Millis,2024,In-District FTE Pupils,1180.4
Millis,2009,Out-of-District FTE Pupils,64.5
Millis,2010,Out-of-District FTE Pupils,62.0
Millis,2011,Out-of-District FTE Pupils,73.4
Millis,2012,Out-of-District FTE Pupils,69.5
Millis,2013,Out-of-District FTE Pupils,62.7
Millis,2014,Out-of-District FTE Pupils,62.8
Millis,2015,Out-of-District FTE Pupils,57.6
Millis,2016,Out-of-District FTE Pupils,61.8
Millis,2017,Out-of-District FTE Pupils,58.7
Millis,2018,Out-of-District FTE Pupils,64.2
Millis,2019,Out-of-District FTE Pupils,62.3
Millis,2020,Out-of-District FTE Pupils,61.8
Millis,2021,Out-of-District FTE Pupils,60.1
Millis,2022,Out-of-District FTE Pupils,51.6
Millis,2023,Out-of-District FTE Pupils,56.6
Millis,2024,Out-of-District FTE Pupils,44.9
Milton,2009,In-District FTE Pupils,3899.8
Milton,2010,In-District FTE Pupils,3948.2
Milton,2011,In-District FTE Pupils,3917.3
Milton,2012,In-District FTE Pupils,3866.0
Milton,2013,In-District FTE Pupils,3944.9
Milton,2014,In-District FTE Pupils,3923.9
Milton,2015,In-District FTE Pupils,3991.6
Milton,2016,In-District FTE Pupils,4080.0
Milton,2017,In-District FTE Pupils,4128.4
Milton,2018,In-District FTE Pupils,4185.3
Milton,2019,In-District FTE Pupils,4280.7
Milton,2020,In-District FTE Pupils,4439.1
Milton,2021,In-District FTE Pupils,4351.2
Milton,2022,In-District FTE Pupils,4386.0
Milton,2023,In-District FTE Pupils,4339.7
Milton,2024,In-District FTE Pupils,4324.6
Milton,2009,Out-of-District FTE Pupils,72.4
Milton,2010,Out-of-District FTE Pupils,68.9
Milton,2011,Out-of-District FTE Pupils,67.2
Milton,2012,Out-of-District FTE Pupils,64.8
Milton,2013,Out-of-District FTE Pupils,67.5
Milton,2014,Out-of-District FTE Pupils,69.3
Milton,2015,Out-of-District FTE Pupils,74.9
Milton,2016,Out-of-District FTE Pupils,75.0
Milton,2017,Out-of-District FTE Pupils,79.1
Milton,2018,Out-of-District FTE Pupils,89.6
Milton,2019,Out-of-District FTE Pupils,95.7
Milton,2020,Out-of-District FTE Pupils,65.5
Milton,2021,Out-of-District FTE Pupils,61.5
Milton,2022,Out-of-District FTE Pupils,68.1
Milton,2023,Out-of-District FTE Pupils,82.0
Milton,2024,Out-of-District FTE Pupils,79.5
Minuteman Regional Vocational Technical,2009,In-District FTE Pupils,646.4
Minuteman Regional Vocational Technical,2010,In-District FTE Pupils,620.7
Minuteman Regional Vocational Technical,2011,In-District FTE Pupils,668.0
Minuteman Regional Vocational Technical,2012,In-District FTE Pupils,683.5
Minuteman Regional Vocational Technical,2013,In-District FTE Pupils,672.1
Minuteman Regional Vocational Technical,2014,In-District FTE Pupils,730.2
Minuteman Regional Vocational Technical,2015,In-District FTE Pupils,675.6
Minuteman Regional Vocational Technical,2016,In-District FTE Pupils,653.8
Minuteman Regional Vocational Technical,2017,In-District FTE Pupils,593.0
Minuteman Regional Vocational Technical,2018,In-District FTE Pupils,564.3
Minuteman Regional Vocational Technical,2019,In-District FTE Pupils,519.3
Minuteman Regional Vocational Technical,2020,In-District FTE Pupils,606.4
Minuteman Regional Vocational Technical,2021,In-District FTE Pupils,645.4
Minuteman Regional Vocational Technical,2022,In-District FTE Pupils,655.0
Minuteman Regional Vocational Technical,2023,In-District FTE Pupils,685.8
Minuteman Regional Vocational Technical,2024,In-District FTE Pupils,667.3
Minuteman Regional Vocational Technical,2009,Out-of-District FTE Pupils,2.0
Minuteman Regional Vocational Technical,2010,Out-of-District FTE Pupils,2.5
Minuteman Regional Vocational Technical,2011,Out-of-District FTE Pupils,3.0
Minuteman Regional Vocational Technical,2012,Out-of-District FTE Pupils,2.4
Minuteman Regional Vocational Technical,2013,Out-of-District FTE Pupils,0.0
Minuteman Regional Vocational Technical,2014,Out-of-District FTE Pupils,1.0
Minuteman Regional Vocational Technical,2015,Out-of-District FTE Pupils,1.8
Minuteman Regional Vocational Technical,2016,Out-of-District FTE Pupils,1.6
Minuteman Regional Vocational Technical,2017,Out-of-District FTE Pupils,6.0
Minuteman Regional Vocational Technical,2018,Out-of-District FTE Pupils,3.8
Minuteman Regional Vocational Technical,2019,Out-of-District FTE Pupils,5.7
Minuteman Regional Vocational Technical,2020,Out-of-District FTE Pupils,3.0
Minuteman Regional Vocational Technical,2021,Out-of-District FTE Pupils,3.0
Minuteman Regional Vocational Technical,2022,Out-of-District FTE Pupils,3.0
Minuteman Regional Vocational Technical,2023,Out-of-District FTE Pupils,4.0
Minuteman Regional Vocational Technical,2024,Out-of-District FTE Pupils,2.0
Mohawk Trail,2009,In-District FTE Pupils,1127.5
Mohawk Trail,2010,In-District FTE Pupils,1025.8
Mohawk Trail,2011,In-District FTE Pupils,1073.4
Mohawk Trail,2012,In-District FTE Pupils,1050.8
Mohawk Trail,2013,In-District FTE Pupils,999.6
Mohawk Trail,2014,In-District FTE Pupils,948.1
Mohawk Trail,2015,In-District FTE Pupils,958.0
Mohawk Trail,2016,In-District FTE Pupils,1012.7
Mohawk Trail,2017,In-District FTE Pupils,961.4
Mohawk Trail,2018,In-District FTE Pupils,925.4
Mohawk Trail,2019,In-District FTE Pupils,899.4
Mohawk Trail,2020,In-District FTE Pupils,842.4
Mohawk Trail,2021,In-District FTE Pupils,729.6
Mohawk Trail,2022,In-District FTE Pupils,768.7
Mohawk Trail,2023,In-District FTE Pupils,798.3
Mohawk Trail,2024,In-District FTE Pupils,804.8
Mohawk Trail,2009,Out-of-District FTE Pupils,121.1
Mohawk Trail,2010,Out-of-District FTE Pupils,125.4
Mohawk Trail,2011,Out-of-District FTE Pupils,135.7
Mohawk Trail,2012,Out-of-District FTE Pupils,130.7
Mohawk Trail,2013,Out-of-District FTE Pupils,119.9
Mohawk Trail,2014,Out-of-District FTE Pupils,136.0
Mohawk Trail,2015,Out-of-District FTE Pupils,122.9
Mohawk Trail,2016,Out-of-District FTE Pupils,132.9
Mohawk Trail,2017,Out-of-District FTE Pupils,164.8
Mohawk Trail,2018,Out-of-District FTE Pupils,206.2
Mohawk Trail,2019,Out-of-District FTE Pupils,206.0
Mohawk Trail,2020,Out-of-District FTE Pupils,186.9
Mohawk Trail,2021,Out-of-District FTE Pupils,186.4
Mohawk Trail,2022,Out-of-District FTE Pupils,183.7
Mohawk Trail,2023,Out-of-District FTE Pupils,155.0
Mohawk Trail,2024,Out-of-District FTE Pupils,145.8
Monomoy Regional School District,2013,In-District FTE Pupils,1894.3
Monomoy Regional School District,2014,In-District FTE Pupils,1886.5
Monomoy Regional School District,2015,In-District FTE Pupils,1918.4
Monomoy Regional School District,2016,In-District FTE Pupils,1896.3
Monomoy Regional School District,2017,In-District FTE Pupils,1865.2
Monomoy Regional School District,2018,In-District FTE Pupils,1873.5
Monomoy Regional School District,2019,In-District FTE Pupils,1888.8
Monomoy Regional School District,2020,In-District FTE Pupils,1881.9
Monomoy Regional School District,2021,In-District FTE Pupils,1749.6
Monomoy Regional School District,2022,In-District FTE Pupils,1771.0
Monomoy Regional School District,2023,In-District FTE Pupils,1759.3
Monomoy Regional School District,2024,In-District FTE Pupils,1731.4
Monomoy Regional School District,2013,Out-of-District FTE Pupils,269.2
Monomoy Regional School District,2014,Out-of-District FTE Pupils,276.4
Monomoy Regional School District,2015,Out-of-District FTE Pupils,272.0
Monomoy Regional School District,2016,Out-of-District FTE Pupils,284.4
Monomoy Regional School District,2017,Out-of-District FTE Pupils,306.1
Monomoy Regional School District,2018,Out-of-District FTE Pupils,306.9
Monomoy Regional School District,2019,Out-of-District FTE Pupils,269.6
Monomoy Regional School District,2020,Out-of-District FTE Pupils,243.4
Monomoy Regional School District,2021,Out-of-District FTE Pupils,229.3
Monomoy Regional School District,2022,Out-of-District FTE Pupils,185.0
Monomoy Regional School District,2023,Out-of-District FTE Pupils,167.5
Monomoy Regional School District,2024,Out-of-District FTE Pupils,137.8
Monson,2009,In-District FTE Pupils,1466.2
Monson,2010,In-District FTE Pupils,1401.8
Monson,2011,In-District FTE Pupils,1333.0
Monson,2012,In-District FTE Pupils,1305.8
Monson,2013,In-District FTE Pupils,1244.1
Monson,2014,In-District FTE Pupils,1177.2
Monson,2015,In-District FTE Pupils,1085.6
Monson,2016,In-District FTE Pupils,1035.6
Monson,2017,In-District FTE Pupils,969.8
Monson,2018,In-District FTE Pupils,929.8
Monson,2019,In-District FTE Pupils,908.4
Monson,2020,In-District FTE Pupils,921.7
Monson,2021,In-District FTE Pupils,845.6
Monson,2022,In-District FTE Pupils,843.1
Monson,2023,In-District FTE Pupils,824.3
Monson,2024,In-District FTE Pupils,807.8
Monson,2009,Out-of-District FTE Pupils,31.6
Monson,2010,Out-of-District FTE Pupils,36.0
Monson,2011,Out-of-District FTE Pupils,39.6
Monson,2012,Out-of-District FTE Pupils,58.5
Monson,2013,Out-of-District FTE Pupils,61.7
Monson,2014,Out-of-District FTE Pupils,62.4
Monson,2015,Out-of-District FTE Pupils,55.9
Monson,2016,Out-of-District FTE Pupils,63.7
Monson,2017,Out-of-District FTE Pupils,62.2
Monson,2018,Out-of-District FTE Pupils,89.2
Monson,2019,Out-of-District FTE Pupils,104.5
Monson,2020,Out-of-District FTE Pupils,106.6
Monson,2021,Out-of-District FTE Pupils,107.6
Monson,2022,Out-of-District FTE Pupils,105.4
Monson,2023,Out-of-District FTE Pupils,99.9
Monson,2024,Out-of-District FTE Pupils,102.3
Montachusett Regional Vocational Technical,2009,In-District FTE Pupils,1321.4
Montachusett Regional Vocational Technical,2010,In-District FTE Pupils,1323.3
Montachusett Regional Vocational Technical,2011,In-District FTE Pupils,1355.0
Montachusett Regional Vocational Technical,2012,In-District FTE Pupils,1401.5
Montachusett Regional Vocational Technical,2013,In-District FTE Pupils,1381.4
Montachusett Regional Vocational Technical,2014,In-District FTE Pupils,1412.8
Montachusett Regional Vocational Technical,2015,In-District FTE Pupils,1416.0
Montachusett Regional Vocational Technical,2016,In-District FTE Pupils,1431.6
Montachusett Regional Vocational Technical,2017,In-District FTE Pupils,1436.9
Montachusett Regional Vocational Technical,2018,In-District FTE Pupils,1413.9
Montachusett Regional Vocational Technical,2019,In-District FTE Pupils,1414.5
Montachusett Regional Vocational Technical,2020,In-District FTE Pupils,1442.1
Montachusett Regional Vocational Technical,2021,In-District FTE Pupils,1398.4
Montachusett Regional Vocational Technical,2022,In-District FTE Pupils,1408.8
Montachusett Regional Vocational Technical,2023,In-District FTE Pupils,1402.7
Montachusett Regional Vocational Technical,2024,In-District FTE Pupils,1426.8
Montachusett Regional Vocational Technical,2009,Out-of-District FTE Pupils,25.7
Montachusett Regional Vocational Technical,2010,Out-of-District FTE Pupils,29.0
Montachusett Regional Vocational Technical,2011,Out-of-District FTE Pupils,22.9
Montachusett Regional Vocational Technical,2012,Out-of-District FTE Pupils,31.0
Montachusett Regional Vocational Technical,2013,Out-of-District FTE Pupils,37.8
Montachusett Regional Vocational Technical,2014,Out-of-District FTE Pupils,37.1
Montachusett Regional Vocational Technical,2015,Out-of-District FTE Pupils,49.4
Montachusett Regional Vocational Technical,2016,Out-of-District FTE Pupils,65.1
Montachusett Regional Vocational Technical,2017,Out-of-District FTE Pupils,58.1
Montachusett Regional Vocational Technical,2018,Out-of-District FTE Pupils,53.6
Montachusett Regional Vocational Technical,2019,Out-of-District FTE Pupils,47.5
Montachusett Regional Vocational Technical,2020,Out-of-District FTE Pupils,47.1
Montachusett Regional Vocational Technical,2021,Out-of-District FTE Pupils,48.8
Montachusett Regional Vocational Technical,2022,Out-of-District FTE Pupils,52.9
Montachusett Regional Vocational Technical,2023,Out-of-District FTE Pupils,53.3
Montachusett Regional Vocational Technical,2024,Out-of-District FTE Pupils,44.2
Mount Greylock,2009,In-District FTE Pupils,639.2
Mount Greylock,2010,In-District FTE Pupils,631.0
Mount Greylock,2011,In-District FTE Pupils,598.9
Mount Greylock,2012,In-District FTE Pupils,581.0
Mount Greylock,2013,In-District FTE Pupils,560.5
Mount Greylock,2014,In-District FTE Pupils,558.8
Mount Greylock,2015,In-District FTE Pupils,540.6
Mount Greylock,2016,In-District FTE Pupils,546.6
Mount Greylock,2017,In-District FTE Pupils,548.2
Mount Greylock,2018,In-District FTE Pupils,531.5
Mount Greylock,2019,In-District FTE Pupils,1187.0
Mount Greylock,2020,In-District FTE Pupils,1158.6
Mount Greylock,2021,In-District FTE Pupils,1074.5
Mount Greylock,2022,In-District FTE Pupils,1159.6
Mount Greylock,2023,In-District FTE Pupils,1200.8
Mount Greylock,2024,In-District FTE Pupils,1206.9
Mount Greylock,2009,Out-of-District FTE Pupils,26.2
Mount Greylock,2010,Out-of-District FTE Pupils,35.3
Mount Greylock,2011,Out-of-District FTE Pupils,39.3
Mount Greylock,2012,Out-of-District FTE Pupils,34.6
Mount Greylock,2013,Out-of-District FTE Pupils,30.2
Mount Greylock,2014,Out-of-District FTE Pupils,39.0
Mount Greylock,2015,Out-of-District FTE Pupils,37.4
Mount Greylock,2016,Out-of-District FTE Pupils,48.3
Mount Greylock,2017,Out-of-District FTE Pupils,54.0
Mount Greylock,2018,Out-of-District FTE Pupils,47.8
Mount Greylock,2019,Out-of-District FTE Pupils,64.1
Mount Greylock,2020,Out-of-District FTE Pupils,61.3
Mount Greylock,2021,Out-of-District FTE Pupils,58.4
Mount Greylock,2022,Out-of-District FTE Pupils,57.9
Mount Greylock,2023,Out-of-District FTE Pupils,61.2
Mount Greylock,2024,Out-of-District FTE Pupils,61.8
Mystic Valley Regional Charter (District),2019,In-District FTE Pupils,1572.1
Mystic Valley Regional Charter (District),2020,In-District FTE Pupils,1588.3
Mystic Valley Regional Charter (District),2021,In-District FTE Pupils,1626.1
Mystic Valley Regional Charter (District),2022,In-District FTE Pupils,1586.9
Mystic Valley Regional Charter (District),2023,In-District FTE Pupils,1608.2
Mystic Valley Regional Charter (District),2024,In-District FTE Pupils,1654.4
Mystic Valley Regional Charter (District),2019,Out-of-District FTE Pupils,0.0
Mystic Valley Regional Charter (District),2020,Out-of-District FTE Pupils,0.0
Mystic Valley Regional Charter (District),2021,Out-of-District FTE Pupils,0.0
Mystic Valley Regional Charter (District),2022,Out-of-District FTE Pupils,0.0
Mystic Valley Regional Charter (District),2023,Out-of-District FTE Pupils,0.0
Mystic Valley Regional Charter (District),2024,Out-of-District FTE Pupils,0.0
Nahant,2009,In-District FTE Pupils,247.1
Nahant,2010,In-District FTE Pupils,227.1
Nahant,2011,In-District FTE Pupils,234.2
Nahant,2012,In-District FTE Pupils,211.3
Nahant,2013,In-District FTE Pupils,186.6
Nahant,2014,In-District FTE Pupils,180.7
Nahant,2015,In-District FTE Pupils,174.6
Nahant,2016,In-District FTE Pupils,150.6
Nahant,2017,In-District FTE Pupils,146.9
Nahant,2018,In-District FTE Pupils,148.2
Nahant,2019,In-District FTE Pupils,154.3
Nahant,2020,In-District FTE Pupils,156.6
Nahant,2021,In-District FTE Pupils,151.9
Nahant,2022,In-District FTE Pupils,168.2
Nahant,2023,In-District FTE Pupils,153.9
Nahant,2024,In-District FTE Pupils,152.4
Nahant,2009,Out-of-District FTE Pupils,176.2
Nahant,2010,Out-of-District FTE Pupils,175.2
Nahant,2011,Out-of-District FTE Pupils,154.5
Nahant,2012,Out-of-District FTE Pupils,157.1
Nahant,2013,Out-of-District FTE Pupils,157.5
Nahant,2014,Out-of-District FTE Pupils,154.4
Nahant,2015,Out-of-District FTE Pupils,138.3
Nahant,2016,Out-of-District FTE Pupils,147.8
Nahant,2017,Out-of-District FTE Pupils,140.7
Nahant,2018,Out-of-District FTE Pupils,121.9
Nahant,2019,Out-of-District FTE Pupils,122.8
Nahant,2020,Out-of-District FTE Pupils,130.2
Nahant,2021,Out-of-District FTE Pupils,115.8
Nahant,2022,Out-of-District FTE Pupils,101.0
Nahant,2023,Out-of-District FTE Pupils,111.0
Nahant,2024,Out-of-District FTE Pupils,118.4
Nantucket,2009,In-District FTE Pupils,1266.9
Nantucket,2010,In-District FTE Pupils,1231.9
Nantucket,2011,In-District FTE Pupils,1285.4
Nantucket,2012,In-District FTE Pupils,1330.5
Nantucket,2013,In-District FTE Pupils,1385.7
Nantucket,2014,In-District FTE Pupils,1486.1
Nantucket,2015,In-District FTE Pupils,1525.0
Nantucket,2016,In-District FTE Pupils,1553.8
Nantucket,2017,In-District FTE Pupils,1571.9
Nantucket,2018,In-District FTE Pupils,1625.4
Nantucket,2019,In-District FTE Pupils,1649.2
Nantucket,2020,In-District FTE Pupils,1673.2
Nantucket,2021,In-District FTE Pupils,1636.9
Nantucket,2022,In-District FTE Pupils,1692.3
Nantucket,2023,In-District FTE Pupils,1703.8
Nantucket,2024,In-District FTE Pupils,1681.2
Nantucket,2009,Out-of-District FTE Pupils,10.7
Nantucket,2010,Out-of-District FTE Pupils,10.7
Nantucket,2011,Out-of-District FTE Pupils,10.0
Nantucket,2012,Out-of-District FTE Pupils,11.0
Nantucket,2013,Out-of-District FTE Pupils,11.2
Nantucket,2014,Out-of-District FTE Pupils,8.9
Nantucket,2015,Out-of-District FTE Pupils,10.9
Nantucket,2016,Out-of-District FTE Pupils,8.9
Nantucket,2017,Out-of-District FTE Pupils,10.6
Nantucket,2018,Out-of-District FTE Pupils,10.6
Nantucket,2019,Out-of-District FTE Pupils,15.3
Nantucket,2020,Out-of-District FTE Pupils,9.3
Nantucket,2021,Out-of-District FTE Pupils,15.5
Nantucket,2022,Out-of-District FTE Pupils,12.9
Nantucket,2023,Out-of-District FTE Pupils,13.2
Nantucket,2024,Out-of-District FTE Pupils,12.2
Narragansett,2009,In-District FTE Pupils,1625.9
Narragansett,2010,In-District FTE Pupils,1574.5
Narragansett,2011,In-District FTE Pupils,1481.6
Narragansett,2012,In-District FTE Pupils,1445.0
Narragansett,2013,In-District FTE Pupils,1400.1
Narragansett,2014,In-District FTE Pupils,1335.6
Narragansett,2015,In-District FTE Pupils,1343.9
Narragansett,2016,In-District FTE Pupils,1356.2
Narragansett,2017,In-District FTE Pupils,1394.3
Narragansett,2018,In-District FTE Pupils,1449.3
Narragansett,2019,In-District FTE Pupils,1421.7
Narragansett,2020,In-District FTE Pupils,1462.5
Narragansett,2021,In-District FTE Pupils,1331.0
Narragansett,2022,In-District FTE Pupils,1402.8
Narragansett,2023,In-District FTE Pupils,1471.9
Narragansett,2024,In-District FTE Pupils,1465.6
Narragansett,2009,Out-of-District FTE Pupils,118.0
Narragansett,2010,Out-of-District FTE Pupils,128.2
Narragansett,2011,Out-of-District FTE Pupils,123.1
Narragansett,2012,Out-of-District FTE Pupils,138.0
Narragansett,2013,Out-of-District FTE Pupils,136.3
Narragansett,2014,Out-of-District FTE Pupils,160.8
Narragansett,2015,Out-of-District FTE Pupils,172.8
Narragansett,2016,Out-of-District FTE Pupils,175.7
Narragansett,2017,Out-of-District FTE Pupils,169.5
Narragansett,2018,Out-of-District FTE Pupils,156.7
Narragansett,2019,Out-of-District FTE Pupils,181.8
Narragansett,2020,Out-of-District FTE Pupils,151.8
Narragansett,2021,Out-of-District FTE Pupils,137.8
Narragansett,2022,Out-of-District FTE Pupils,143.1
Narragansett,2023,Out-of-District FTE Pupils,120.1
Narragansett,2024,Out-of-District FTE Pupils,106.6
Nashoba,2009,In-District FTE Pupils,3332.3
Nashoba,2010,In-District FTE Pupils,3405.9
Nashoba,2011,In-District FTE Pupils,3462.4
Nashoba,2012,In-District FTE Pupils,3467.3
Nashoba,2013,In-District FTE Pupils,3448.3
Nashoba,2014,In-District FTE Pupils,3402.8
Nashoba,2015,In-District FTE Pupils,3449.3
Nashoba,2016,In-District FTE Pupils,3395.2
Nashoba,2017,In-District FTE Pupils,3380.9
Nashoba,2018,In-District FTE Pupils,3314.1
Nashoba,2019,In-District FTE Pupils,3229.4
Nashoba,2020,In-District FTE Pupils,3182.6
Nashoba,2021,In-District FTE Pupils,3080.6
Nashoba,2022,In-District FTE Pupils,3107.4
Nashoba,2023,In-District FTE Pupils,3053.2
Nashoba,2024,In-District FTE Pupils,3039.8
Nashoba,2009,Out-of-District FTE Pupils,154.1
Nashoba,2010,Out-of-District FTE Pupils,132.5
Nashoba,2011,Out-of-District FTE Pupils,127.2
Nashoba,2012,Out-of-District FTE Pupils,122.9
Nashoba,2013,Out-of-District FTE Pupils,151.8
Nashoba,2014,Out-of-District FTE Pupils,157.7
Nashoba,2015,Out-of-District FTE Pupils,156.5
Nashoba,2016,Out-of-District FTE Pupils,148.1
Nashoba,2017,Out-of-District FTE Pupils,130.0
Nashoba,2018,Out-of-District FTE Pupils,141.8
Nashoba,2019,Out-of-District FTE Pupils,136.7
Nashoba,2020,Out-of-District FTE Pupils,139.8
Nashoba,2021,Out-of-District FTE Pupils,131.7
Nashoba,2022,Out-of-District FTE Pupils,136.3
Nashoba,2023,Out-of-District FTE Pupils,142.3
Nashoba,2024,Out-of-District FTE Pupils,139.8
Nashoba Valley Regional Vocational Technical,2009,In-District FTE Pupils,644.2
Nashoba Valley Regional Vocational Technical,2010,In-District FTE Pupils,694.0
Nashoba Valley Regional Vocational Technical,2011,In-District FTE Pupils,691.1
Nashoba Valley Regional Vocational Technical,2012,In-District FTE Pupils,691.7
Nashoba Valley Regional Vocational Technical,2013,In-District FTE Pupils,694.5
Nashoba Valley Regional Vocational Technical,2014,In-District FTE Pupils,721.6
Nashoba Valley Regional Vocational Technical,2015,In-District FTE Pupils,727.8
Nashoba Valley Regional Vocational Technical,2016,In-District FTE Pupils,724.8
Nashoba Valley Regional Vocational Technical,2017,In-District FTE Pupils,723.0
Nashoba Valley Regional Vocational Technical,2018,In-District FTE Pupils,695.2
Nashoba Valley Regional Vocational Technical,2019,In-District FTE Pupils,697.1
Nashoba Valley Regional Vocational Technical,2020,In-District FTE Pupils,718.7
Nashoba Valley Regional Vocational Technical,2021,In-District FTE Pupils,721.3
Nashoba Valley Regional Vocational Technical,2022,In-District FTE Pupils,732.9
Nashoba Valley Regional Vocational Technical,2023,In-District FTE Pupils,737.6
Nashoba Valley Regional Vocational Technical,2024,In-District FTE Pupils,760.2
Nashoba Valley Regional Vocational Technical,2009,Out-of-District FTE Pupils,2.5
Nashoba Valley Regional Vocational Technical,2010,Out-of-District FTE Pupils,1.0
Nashoba Valley Regional Vocational Technical,2011,Out-of-District FTE Pupils,2.0
Nashoba Valley Regional Vocational Technical,2012,Out-of-District FTE Pupils,3.7
Nashoba Valley Regional Vocational Technical,2013,Out-of-District FTE Pupils,5.0
Nashoba Valley Regional Vocational Technical,2014,Out-of-District FTE Pupils,6.6
Nashoba Valley Regional Vocational Technical,2015,Out-of-District FTE Pupils,6.8
Nashoba Valley Regional Vocational Technical,2016,Out-of-District FTE Pupils,2.1
Nashoba Valley Regional Vocational Technical,2017,Out-of-District FTE Pupils,1.0
Nashoba Valley Regional Vocational Technical,2018,Out-of-District FTE Pupils,0.0
Nashoba Valley Regional Vocational Technical,2019,Out-of-District FTE Pupils,0.0
Nashoba Valley Regional Vocational Technical,2020,Out-of-District FTE Pupils,2.9
Nashoba Valley Regional Vocational Technical,2021,Out-of-District FTE Pupils,2.6
Nashoba Valley Regional Vocational Technical,2022,Out-of-District FTE Pupils,1.4
Nashoba Valley Regional Vocational Technical,2023,Out-of-District FTE Pupils,2.0
Nashoba Valley Regional Vocational Technical,2024,Out-of-District FTE Pupils,1.4
Natick,2009,In-District FTE Pupils,4708.4
Natick,2010,In-District FTE Pupils,4737.5
Natick,2011,In-District FTE Pupils,4798.8
Natick,2012,In-District FTE Pupils,4928.1
Natick,2013,In-District FTE Pupils,5075.3
Natick,2014,In-District FTE Pupils,5266.8
Natick,2015,In-District FTE Pupils,5339.4
Natick,2016,In-District FTE Pupils,5372.8
Natick,2017,In-District FTE Pupils,5452.6
Natick,2018,In-District FTE Pupils,5474.0
Natick,2019,In-District FTE Pupils,5497.2
Natick,2020,In-District FTE Pupils,5510.2
Natick,2021,In-District FTE Pupils,5265.0
Natick,2022,In-District FTE Pupils,5329.2
Natick,2023,In-District FTE Pupils,5333.1
Natick,2024,In-District FTE Pupils,5314.7
Natick,2009,Out-of-District FTE Pupils,175.8
Natick,2010,Out-of-District FTE Pupils,164.6
Natick,2011,Out-of-District FTE Pupils,158.6
Natick,2012,Out-of-District FTE Pupils,149.8
Natick,2013,Out-of-District FTE Pupils,167.4
Natick,2014,Out-of-District FTE Pupils,173.5
Natick,2015,Out-of-District FTE Pupils,180.7
Natick,2016,Out-of-District FTE Pupils,168.6
Natick,2017,Out-of-District FTE Pupils,164.6
Natick,2018,Out-of-District FTE Pupils,156.6
Natick,2019,Out-of-District FTE Pupils,154.3
Natick,2020,Out-of-District FTE Pupils,134.2
Natick,2021,Out-of-District FTE Pupils,137.1
Natick,2022,Out-of-District FTE Pupils,143.1
Natick,2023,Out-of-District FTE Pupils,134.2
Natick,2024,Out-of-District FTE Pupils,127.5
Nauset,2009,In-District FTE Pupils,1521.6
Nauset,2010,In-District FTE Pupils,1520.9
Nauset,2011,In-District FTE Pupils,1535.2
Nauset,2012,In-District FTE Pupils,1524.9
Nauset,2013,In-District FTE Pupils,1535.3
Nauset,2014,In-District FTE Pupils,1574.9
Nauset,2015,In-District FTE Pupils,1515.6
Nauset,2016,In-District FTE Pupils,1502.0
Nauset,2017,In-District FTE Pupils,1456.3
Nauset,2018,In-District FTE Pupils,1467.8
Nauset,2019,In-District FTE Pupils,1494.1
Nauset,2020,In-District FTE Pupils,1481.1
Nauset,2021,In-District FTE Pupils,1407.4
Nauset,2022,In-District FTE Pupils,1359.6
Nauset,2023,In-District FTE Pupils,1296.5
Nauset,2024,In-District FTE Pupils,1211.1
Nauset,2009,Out-of-District FTE Pupils,162.4
Nauset,2010,Out-of-District FTE Pupils,157.6
Nauset,2011,Out-of-District FTE Pupils,147.4
Nauset,2012,Out-of-District FTE Pupils,133.2
Nauset,2013,Out-of-District FTE Pupils,146.1
Nauset,2014,Out-of-District FTE Pupils,134.2
Nauset,2015,Out-of-District FTE Pupils,138.3
Nauset,2016,Out-of-District FTE Pupils,134.2
Nauset,2017,Out-of-District FTE Pupils,135.0
Nauset,2018,Out-of-District FTE Pupils,140.1
Nauset,2019,Out-of-District FTE Pupils,119.1
Nauset,2020,Out-of-District FTE Pupils,123.3
Nauset,2021,Out-of-District FTE Pupils,138.3
Nauset,2022,Out-of-District FTE Pupils,165.5
Nauset,2023,Out-of-District FTE Pupils,193.8
Nauset,2024,Out-of-District FTE Pupils,200.5
Needham,2009,In-District FTE Pupils,5151.5
Needham,2010,In-District FTE Pupils,5334.7
Needham,2011,In-District FTE Pupils,5365.8
Needham,2012,In-District FTE Pupils,5437.7
Needham,2013,In-District FTE Pupils,5481.6
Needham,2014,In-District FTE Pupils,5528.4
Needham,2015,In-District FTE Pupils,5534.6
Needham,2016,In-District FTE Pupils,5583.2
Needham,2017,In-District FTE Pupils,5621.0
Needham,2018,In-District FTE Pupils,5677.4
Needham,2019,In-District FTE Pupils,5736.2
Needham,2020,In-District FTE Pupils,5728.4
Needham,2021,In-District FTE Pupils,5531.0
Needham,2022,In-District FTE Pupils,5561.6
Needham,2023,In-District FTE Pupils,5550.8
Needham,2024,In-District FTE Pupils,5570.5
Needham,2009,Out-of-District FTE Pupils,73.0
Needham,2010,Out-of-District FTE Pupils,75.7
Needham,2011,Out-of-District FTE Pupils,84.7
Needham,2012,Out-of-District FTE Pupils,78.9
Needham,2013,Out-of-District FTE Pupils,79.9
Needham,2014,Out-of-District FTE Pupils,80.2
Needham,2015,Out-of-District FTE Pupils,91.3
Needham,2016,Out-of-District FTE Pupils,94.7
Needham,2017,Out-of-District FTE Pupils,92.4
Needham,2018,Out-of-District FTE Pupils,96.1
Needham,2019,Out-of-District FTE Pupils,96.0
Needham,2020,Out-of-District FTE Pupils,98.4
Needham,2021,Out-of-District FTE Pupils,102.4
Needham,2022,Out-of-District FTE Pupils,93.0
Needham,2023,Out-of-District FTE Pupils,97.8
Needham,2024,Out-of-District FTE Pupils,96.0
Neighborhood House Charter (District),2019,In-District FTE Pupils,642.1
Neighborhood House Charter (District),2020,In-District FTE Pupils,709.1
Neighborhood House Charter (District),2021,In-District FTE Pupils,802.2
Neighborhood House Charter (District),2022,In-District FTE Pupils,793.2
Neighborhood House Charter (District),2023,In-District FTE Pupils,783.5
Neighborhood House Charter (District),2024,In-District FTE Pupils,836.6
Neighborhood House Charter (District),2019,Out-of-District FTE Pupils,0.0
Neighborhood House Charter (District),2020,Out-of-District FTE Pupils,0.0
Neighborhood House Charter (District),2021,Out-of-District FTE Pupils,0.0
Neighborhood House Charter (District),2022,Out-of-District FTE Pupils,0.0
Neighborhood House Charter (District),2023,Out-of-District FTE Pupils,0.0
Neighborhood House Charter (District),2024,Out-of-District FTE Pupils,0.0
New Bedford,2009,In-District FTE Pupils,12521.6
New Bedford,2010,In-District FTE Pupils,12602.1
New Bedford,2011,In-District FTE Pupils,12630.9
New Bedford,2012,In-District FTE Pupils,12541.4
New Bedford,2013,In-District FTE Pupils,12583.0
New Bedford,2014,In-District FTE Pupils,12679.5
New Bedford,2015,In-District FTE Pupils,12564.2
New Bedford,2016,In-District FTE Pupils,12615.3
New Bedford,2017,In-District FTE Pupils,12817.0
New Bedford,2018,In-District FTE Pupils,12735.8
New Bedford,2019,In-District FTE Pupils,12971.9
New Bedford,2020,In-District FTE Pupils,12945.7
New Bedford,2021,In-District FTE Pupils,12565.2
New Bedford,2022,In-District FTE Pupils,12744.9
New Bedford,2023,In-District FTE Pupils,12651.9
New Bedford,2024,In-District FTE Pupils,12612.0
New Bedford,2009,Out-of-District FTE Pupils,566.8
New Bedford,2010,Out-of-District FTE Pupils,589.5
New Bedford,2011,Out-of-District FTE Pupils,605.6
New Bedford,2012,Out-of-District FTE Pupils,720.6
New Bedford,2013,Out-of-District FTE Pupils,785.5
New Bedford,2014,Out-of-District FTE Pupils,857.8
New Bedford,2015,Out-of-District FTE Pupils,1008.7
New Bedford,2016,Out-of-District FTE Pupils,1151.2
New Bedford,2017,Out-of-District FTE Pupils,1278.7
New Bedford,2018,Out-of-District FTE Pupils,1454.4
New Bedford,2019,Out-of-District FTE Pupils,1519.5
New Bedford,2020,Out-of-District FTE Pupils,1622.4
New Bedford,2021,Out-of-District FTE Pupils,1630.8
New Bedford,2022,Out-of-District FTE Pupils,1816.7
New Bedford,2023,Out-of-District FTE Pupils,1959.7
New Bedford,2024,Out-of-District FTE Pupils,1975.3
New Heights Charter School of Brockton (District),2019,In-District FTE Pupils,542.8
New Heights Charter School of Brockton (District),2020,In-District FTE Pupils,623.3
New Heights Charter School of Brockton (District),2021,In-District FTE Pupils,740.4
New Heights Charter School of Brockton (District),2022,In-District FTE Pupils,732.3
New Heights Charter School of Brockton (District),2023,In-District FTE Pupils,741.4
New Heights Charter School of Brockton (District),2024,In-District FTE Pupils,731.8
New Heights Charter School of Brockton (District),2019,Out-of-District FTE Pupils,0.0
New Heights Charter School of Brockton (District),2020,Out-of-District FTE Pupils,0.0
New Heights Charter School of Brockton (District),2021,Out-of-District FTE Pupils,0.0
New Heights Charter School of Brockton (District),2022,Out-of-District FTE Pupils,0.0
New Heights Charter School of Brockton (District),2023,Out-of-District FTE Pupils,0.0
New Heights Charter School of Brockton (District),2024,Out-of-District FTE Pupils,0.0
New Salem-Wendell,2009,In-District FTE Pupils,141.1
New Salem-Wendell,2010,In-District FTE Pupils,136.5
New Salem-Wendell,2011,In-District FTE Pupils,142.1
New Salem-Wendell,2012,In-District FTE Pupils,131.9
New Salem-Wendell,2013,In-District FTE Pupils,132.2
New Salem-Wendell,2014,In-District FTE Pupils,132.6
New Salem-Wendell,2015,In-District FTE Pupils,151.8
New Salem-Wendell,2016,In-District FTE Pupils,158.8
New Salem-Wendell,2017,In-District FTE Pupils,170.3
New Salem-Wendell,2018,In-District FTE Pupils,158.9
New Salem-Wendell,2019,In-District FTE Pupils,151.2
New Salem-Wendell,2020,In-District FTE Pupils,145.3
New Salem-Wendell,2021,In-District FTE Pupils,130.8
New Salem-Wendell,2022,In-District FTE Pupils,131.1
New Salem-Wendell,2023,In-District FTE Pupils,137.2
New Salem-Wendell,2024,In-District FTE Pupils,137.6
New Salem-Wendell,2009,Out-of-District FTE Pupils,9.0
New Salem-Wendell,2010,Out-of-District FTE Pupils,11.5
New Salem-Wendell,2011,Out-of-District FTE Pupils,11.1
New Salem-Wendell,2012,Out-of-District FTE Pupils,11.9
New Salem-Wendell,2013,Out-of-District FTE Pupils,9.0
New Salem-Wendell,2014,Out-of-District FTE Pupils,6.1
New Salem-Wendell,2015,Out-of-District FTE Pupils,9.2
New Salem-Wendell,2016,Out-of-District FTE Pupils,13.6
New Salem-Wendell,2017,Out-of-District FTE Pupils,6.1
New Salem-Wendell,2018,Out-of-District FTE Pupils,8.4
New Salem-Wendell,2019,Out-of-District FTE Pupils,10.0
New Salem-Wendell,2020,Out-of-District FTE Pupils,9.0
New Salem-Wendell,2021,Out-of-District FTE Pupils,10.9
New Salem-Wendell,2022,Out-of-District FTE Pupils,9.5
New Salem-Wendell,2023,Out-of-District FTE Pupils,10.4
New Salem-Wendell,2024,Out-of-District FTE Pupils,10.0
Newburyport,2009,In-District FTE Pupils,2271.3
Newburyport,2010,In-District FTE Pupils,2267.4
Newburyport,2011,In-District FTE Pupils,2279.3
Newburyport,2012,In-District FTE Pupils,2325.9
Newburyport,2013,In-District FTE Pupils,2338.6
Newburyport,2014,In-District FTE Pupils,2327.2
Newburyport,2015,In-District FTE Pupils,2340.1
Newburyport,2016,In-District FTE Pupils,2292.3
Newburyport,2017,In-District FTE Pupils,2288.9
Newburyport,2018,In-District FTE Pupils,2260.7
Newburyport,2019,In-District FTE Pupils,2233.7
Newburyport,2020,In-District FTE Pupils,2265.7
Newburyport,2021,In-District FTE Pupils,2129.6
Newburyport,2022,In-District FTE Pupils,2182.7
Newburyport,2023,In-District FTE Pupils,2159.5
Newburyport,2024,In-District FTE Pupils,2168.8
Newburyport,2009,Out-of-District FTE Pupils,236.3
Newburyport,2010,Out-of-District FTE Pupils,231.7
Newburyport,2011,Out-of-District FTE Pupils,230.5
Newburyport,2012,Out-of-District FTE Pupils,260.1
Newburyport,2013,Out-of-District FTE Pupils,253.5
Newburyport,2014,Out-of-District FTE Pupils,274.3
Newburyport,2015,Out-of-District FTE Pupils,241.2
Newburyport,2016,Out-of-District FTE Pupils,226.1
Newburyport,2017,Out-of-District FTE Pupils,224.1
Newburyport,2018,Out-of-District FTE Pupils,223.2
Newburyport,2019,Out-of-District FTE Pupils,229.1
Newburyport,2020,Out-of-District FTE Pupils,212.2
Newburyport,2021,Out-of-District FTE Pupils,198.9
Newburyport,2022,Out-of-District FTE Pupils,196.1
Newburyport,2023,Out-of-District FTE Pupils,181.9
Newburyport,2024,Out-of-District FTE Pupils,161.5
Newton,2009,In-District FTE Pupils,11631.5
Newton,2010,In-District FTE Pupils,11714.9
Newton,2011,In-District FTE Pupils,11892.1
Newton,2012,In-District FTE Pupils,12024.8
Newton,2013,In-District FTE Pupils,12213.2
Newton,2014,In-District FTE Pupils,12456.5
Newton,2015,In-District FTE Pupils,12506.2
Newton,2016,In-District FTE Pupils,12635.2
Newton,2017,In-District FTE Pupils,12876.8
Newton,2018,In-District FTE Pupils,12893.1
Newton,2019,In-District FTE Pupils,12829.4
Newton,2020,In-District FTE Pupils,12806.3
Newton,2021,In-District FTE Pupils,12019.4
Newton,2022,In-District FTE Pupils,12074.2
Newton,2023,In-District FTE Pupils,11903.7
Newton,2024,In-District FTE Pupils,11764.7
Newton,2009,Out-of-District FTE Pupils,146.5
Newton,2010,Out-of-District FTE Pupils,148.6
Newton,2011,Out-of-District FTE Pupils,167.4
Newton,2012,Out-of-District FTE Pupils,174.3
Newton,2013,Out-of-District FTE Pupils,172.7
Newton,2014,Out-of-District FTE Pupils,166.6
Newton,2015,Out-of-District FTE Pupils,151.0
Newton,2016,Out-of-District FTE Pupils,171.7
Newton,2017,Out-of-District FTE Pupils,165.7
Newton,2018,Out-of-District FTE Pupils,148.6
Newton,2019,Out-of-District FTE Pupils,156.3
Newton,2020,Out-of-District FTE Pupils,164.1
Newton,2021,Out-of-District FTE Pupils,181.3
Newton,2022,Out-of-District FTE Pupils,159.9
Newton,2023,Out-of-District FTE Pupils,150.2
Newton,2024,Out-of-District FTE Pupils,153.3
Norfolk,2009,In-District FTE Pupils,1068.0
Norfolk,2010,In-District FTE Pupils,1070.9
Norfolk,2011,In-District FTE Pupils,1005.3
Norfolk,2012,In-District FTE Pupils,968.0
Norfolk,2013,In-District FTE Pupils,929.5
Norfolk,2014,In-District FTE Pupils,921.8
Norfolk,2015,In-District FTE Pupils,890.8
Norfolk,2016,In-District FTE Pupils,913.4
Norfolk,2017,In-District FTE Pupils,948.3
Norfolk,2018,In-District FTE Pupils,962.0
Norfolk,2019,In-District FTE Pupils,965.1
Norfolk,2020,In-District FTE Pupils,990.7
Norfolk,2021,In-District FTE Pupils,996.6
Norfolk,2022,In-District FTE Pupils,1047.8
Norfolk,2023,In-District FTE Pupils,1026.0
Norfolk,2024,In-District FTE Pupils,1058.1
Norfolk,2009,Out-of-District FTE Pupils,20.4
Norfolk,2010,Out-of-District FTE Pupils,16.6
Norfolk,2011,Out-of-District FTE Pupils,15.1
Norfolk,2012,Out-of-District FTE Pupils,11.8
Norfolk,2013,Out-of-District FTE Pupils,14.0
Norfolk,2014,Out-of-District FTE Pupils,14.3
Norfolk,2015,Out-of-District FTE Pupils,12.7
Norfolk,2016,Out-of-District FTE Pupils,13.0
Norfolk,2017,Out-of-District FTE Pupils,10.0
Norfolk,2018,Out-of-District FTE Pupils,11.4
Norfolk,2019,Out-of-District FTE Pupils,15.4
Norfolk,2020,Out-of-District FTE Pupils,21.0
Norfolk,2021,Out-of-District FTE Pupils,19.7
Norfolk,2022,Out-of-District FTE Pupils,21.1
Norfolk,2023,Out-of-District FTE Pupils,20.0
Norfolk,2024,Out-of-District FTE Pupils,19.8
Norfolk County Agricultural,2009,In-District FTE Pupils,451.6
Norfolk County Agricultural,2010,In-District FTE Pupils,464.6
Norfolk County Agricultural,2011,In-District FTE Pupils,471.8
Norfolk County Agricultural,2012,In-District FTE Pupils,478.9
Norfolk County Agricultural,2013,In-District FTE Pupils,465.4
Norfolk County Agricultural,2014,In-District FTE Pupils,459.7
Norfolk County Agricultural,2015,In-District FTE Pupils,485.9
Norfolk County Agricultural,2016,In-District FTE Pupils,512.6
Norfolk County Agricultural,2017,In-District FTE Pupils,521.0
Norfolk County Agricultural,2018,In-District FTE Pupils,534.7
Norfolk County Agricultural,2019,In-District FTE Pupils,553.2
Norfolk County Agricultural,2020,In-District FTE Pupils,549.3
Norfolk County Agricultural,2021,In-District FTE Pupils,572.7
Norfolk County Agricultural,2022,In-District FTE Pupils,584.5
Norfolk County Agricultural,2023,In-District FTE Pupils,566.3
Norfolk County Agricultural,2024,In-District FTE Pupils,573.7
Norfolk County Agricultural,2009,Out-of-District FTE Pupils,0.0
Norfolk County Agricultural,2010,Out-of-District FTE Pupils,0.0
Norfolk County Agricultural,2011,Out-of-District FTE Pupils,0.0
Norfolk County Agricultural,2012,Out-of-District FTE Pupils,0.0
Norfolk County Agricultural,2013,Out-of-District FTE Pupils,0.0
Norfolk County Agricultural,2014,Out-of-District FTE Pupils,0.0
Norfolk County Agricultural,2015,Out-of-District FTE Pupils,0.0
Norfolk County Agricultural,2016,Out-of-District FTE Pupils,0.0
Norfolk County Agricultural,2017,Out-of-District FTE Pupils,0.0
Norfolk County Agricultural,2018,Out-of-District FTE Pupils,0.0
Norfolk County Agricultural,2019,Out-of-District FTE Pupils,0.0
Norfolk County Agricultural,2020,Out-of-District FTE Pupils,0.0
Norfolk County Agricultural,2021,Out-of-District FTE Pupils,0.0
Norfolk County Agricultural,2022,Out-of-District FTE Pupils,0.0
Norfolk County Agricultural,2023,Out-of-District FTE Pupils,0.0
Norfolk County Agricultural,2024,Out-of-District FTE Pupils,0.0
North Adams,2009,In-District FTE Pupils,1558.1
North Adams,2010,In-District FTE Pupils,1568.9
North Adams,2011,In-District FTE Pupils,1534.0
North Adams,2012,In-District FTE Pupils,1547.2
North Adams,2013,In-District FTE Pupils,1516.9
North Adams,2014,In-District FTE Pupils,1497.7
North Adams,2015,In-District FTE Pupils,1469.7
North Adams,2016,In-District FTE Pupils,1440.0
North Adams,2017,In-District FTE Pupils,1460.1
North Adams,2018,In-District FTE Pupils,1425.1
North Adams,2019,In-District FTE Pupils,1365.4
North Adams,2020,In-District FTE Pupils,1339.0
North Adams,2021,In-District FTE Pupils,1247.0
North Adams,2022,In-District FTE Pupils,1262.1
North Adams,2023,In-District FTE Pupils,1209.5
North Adams,2024,In-District FTE Pupils,1196.0
North Adams,2009,Out-of-District FTE Pupils,196.4
North Adams,2010,Out-of-District FTE Pupils,183.9
North Adams,2011,Out-of-District FTE Pupils,198.1
North Adams,2012,Out-of-District FTE Pupils,203.3
North Adams,2013,Out-of-District FTE Pupils,209.6
North Adams,2014,Out-of-District FTE Pupils,195.9
North Adams,2015,Out-of-District FTE Pupils,189.7
North Adams,2016,Out-of-District FTE Pupils,180.1
North Adams,2017,Out-of-District FTE Pupils,189.8
North Adams,2018,Out-of-District FTE Pupils,201.6
North Adams,2019,Out-of-District FTE Pupils,221.9
North Adams,2020,Out-of-District FTE Pupils,224.4
North Adams,2021,Out-of-District FTE Pupils,208.1
North Adams,2022,Out-of-District FTE Pupils,214.4
North Adams,2023,Out-of-District FTE Pupils,250.3
North Adams,2024,Out-of-District FTE Pupils,251.4
North Andover,2009,In-District FTE Pupils,4631.0
North Andover,2010,In-District FTE Pupils,4623.3
North Andover,2011,In-District FTE Pupils,4659.3
North Andover,2012,In-District FTE Pupils,4719.8
North Andover,2013,In-District FTE Pupils,4747.2
North Andover,2014,In-District FTE Pupils,4789.0
North Andover,2015,In-District FTE Pupils,4764.6
North Andover,2016,In-District FTE Pupils,4684.3
North Andover,2017,In-District FTE Pupils,4797.8
North Andover,2018,In-District FTE Pupils,4846.8
North Andover,2019,In-District FTE Pupils,4775.8
North Andover,2020,In-District FTE Pupils,4674.0
North Andover,2021,In-District FTE Pupils,4537.0
North Andover,2022,In-District FTE Pupils,4543.4
North Andover,2023,In-District FTE Pupils,4479.6
North Andover,2024,In-District FTE Pupils,4533.8
North Andover,2009,Out-of-District FTE Pupils,100.5
North Andover,2010,Out-of-District FTE Pupils,97.6
North Andover,2011,Out-of-District FTE Pupils,97.2
North Andover,2012,Out-of-District FTE Pupils,84.2
North Andover,2013,Out-of-District FTE Pupils,91.3
North Andover,2014,Out-of-District FTE Pupils,97.2
North Andover,2015,Out-of-District FTE Pupils,103.7
North Andover,2016,Out-of-District FTE Pupils,103.2
North Andover,2017,Out-of-District FTE Pupils,117.5
North Andover,2018,Out-of-District FTE Pupils,97.7
North Andover,2019,Out-of-District FTE Pupils,98.3
North Andover,2020,Out-of-District FTE Pupils,105.2
North Andover,2021,Out-of-District FTE Pupils,125.9
North Andover,2022,Out-of-District FTE Pupils,114.1
North Andover,2023,Out-of-District FTE Pupils,119.1
North Andover,2024,Out-of-District FTE Pupils,118.9
North Attleborough,2009,In-District FTE Pupils,4744.5
North Attleborough,2010,In-District FTE Pupils,4723.0
North Attleborough,2011,In-District FTE Pupils,4667.0
North Attleborough,2012,In-District FTE Pupils,4643.3
North Attleborough,2013,In-District FTE Pupils,4633.7
North Attleborough,2014,In-District FTE Pupils,4586.0
North Attleborough,2015,In-District FTE Pupils,4557.4
North Attleborough,2016,In-District FTE Pupils,4430.1
North Attleborough,2017,In-District FTE Pupils,4394.2
North Attleborough,2018,In-District FTE Pupils,4271.8
North Attleborough,2019,In-District FTE Pupils,4176.4
North Attleborough,2020,In-District FTE Pupils,4189.4
North Attleborough,2021,In-District FTE Pupils,3971.0
North Attleborough,2022,In-District FTE Pupils,4034.8
North Attleborough,2023,In-District FTE Pupils,3966.5
North Attleborough,2024,In-District FTE Pupils,3988.4
North Attleborough,2009,Out-of-District FTE Pupils,137.2
North Attleborough,2010,Out-of-District FTE Pupils,136.4
North Attleborough,2011,Out-of-District FTE Pupils,125.3
North Attleborough,2012,Out-of-District FTE Pupils,124.3
North Attleborough,2013,Out-of-District FTE Pupils,131.3
North Attleborough,2014,Out-of-District FTE Pupils,138.6
North Attleborough,2015,Out-of-District FTE Pupils,152.6
North Attleborough,2016,Out-of-District FTE Pupils,167.3
North Attleborough,2017,Out-of-District FTE Pupils,166.2
North Attleborough,2018,Out-of-District FTE Pupils,196.4
North Attleborough,2019,Out-of-District FTE Pupils,209.7
North Attleborough,2020,Out-of-District FTE Pupils,209.7
North Attleborough,2021,Out-of-District FTE Pupils,236.2
North Attleborough,2022,Out-of-District FTE Pupils,221.8
North Attleborough,2023,Out-of-District FTE Pupils,196.0
North Attleborough,2024,Out-of-District FTE Pupils,161.3
North Brookfield,2009,In-District FTE Pupils,664.9
North Brookfield,2010,In-District FTE Pupils,635.1
North Brookfield,2011,In-District FTE Pupils,601.4
North Brookfield,2012,In-District FTE Pupils,571.6
North Brookfield,2013,In-District FTE Pupils,581.4
North Brookfield,2014,In-District FTE Pupils,565.6
North Brookfield,2015,In-District FTE Pupils,570.2
North Brookfield,2016,In-District FTE Pupils,560.0
North Brookfield,2017,In-District FTE Pupils,556.9
North Brookfield,2018,In-District FTE Pupils,564.1
North Brookfield,2019,In-District FTE Pupils,584.5
North Brookfield,2020,In-District FTE Pupils,551.1
North Brookfield,2021,In-District FTE Pupils,519.7
North Brookfield,2022,In-District FTE Pupils,470.3
North Brookfield,2023,In-District FTE Pupils,437.9
North Brookfield,2024,In-District FTE Pupils,404.5
North Brookfield,2009,Out-of-District FTE Pupils,124.3
North Brookfield,2010,Out-of-District FTE Pupils,130.2
North Brookfield,2011,Out-of-District FTE Pupils,115.9
North Brookfield,2012,Out-of-District FTE Pupils,124.3
North Brookfield,2013,Out-of-District FTE Pupils,123.6
North Brookfield,2014,Out-of-District FTE Pupils,133.2
North Brookfield,2015,Out-of-District FTE Pupils,133.7
North Brookfield,2016,Out-of-District FTE Pupils,122.1
North Brookfield,2017,Out-of-District FTE Pupils,120.1
North Brookfield,2018,Out-of-District FTE Pupils,124.3
North Brookfield,2019,Out-of-District FTE Pupils,110.3
North Brookfield,2020,Out-of-District FTE Pupils,137.7
North Brookfield,2021,Out-of-District FTE Pupils,137.6
North Brookfield,2022,Out-of-District FTE Pupils,170.1
North Brookfield,2023,Out-of-District FTE Pupils,184.9
North Brookfield,2024,Out-of-District FTE Pupils,214.4
North Middlesex,2009,In-District FTE Pupils,4205.0
North Middlesex,2010,In-District FTE Pupils,4075.6
North Middlesex,2011,In-District FTE Pupils,3922.6
North Middlesex,2012,In-District FTE Pupils,3780.4
North Middlesex,2013,In-District FTE Pupils,3562.8
North Middlesex,2014,In-District FTE Pupils,3386.5
North Middlesex,2015,In-District FTE Pupils,3269.8
North Middlesex,2016,In-District FTE Pupils,3152.1
North Middlesex,2017,In-District FTE Pupils,3066.1
North Middlesex,2018,In-District FTE Pupils,3042.0
North Middlesex,2019,In-District FTE Pupils,3057.9
North Middlesex,2020,In-District FTE Pupils,3078.4
North Middlesex,2021,In-District FTE Pupils,2898.0
North Middlesex,2022,In-District FTE Pupils,3025.3
North Middlesex,2023,In-District FTE Pupils,2976.9
North Middlesex,2024,In-District FTE Pupils,2987.3
North Middlesex,2009,Out-of-District FTE Pupils,191.1
North Middlesex,2010,Out-of-District FTE Pupils,202.4
North Middlesex,2011,Out-of-District FTE Pupils,210.5
North Middlesex,2012,Out-of-District FTE Pupils,209.4
North Middlesex,2013,Out-of-District FTE Pupils,212.1
North Middlesex,2014,Out-of-District FTE Pupils,239.1
North Middlesex,2015,Out-of-District FTE Pupils,246.6
North Middlesex,2016,Out-of-District FTE Pupils,235.8
North Middlesex,2017,Out-of-District FTE Pupils,255.0
North Middlesex,2018,Out-of-District FTE Pupils,230.0
North Middlesex,2019,Out-of-District FTE Pupils,225.1
North Middlesex,2020,Out-of-District FTE Pupils,208.5
North Middlesex,2021,Out-of-District FTE Pupils,191.7
North Middlesex,2022,Out-of-District FTE Pupils,202.1
North Middlesex,2023,Out-of-District FTE Pupils,198.1
North Middlesex,2024,Out-of-District FTE Pupils,208.0
North Reading,2009,In-District FTE Pupils,2790.0
North Reading,2010,In-District FTE Pupils,2742.2
North Reading,2011,In-District FTE Pupils,2671.6
North Reading,2012,In-District FTE Pupils,2607.4
North Reading,2013,In-District FTE Pupils,2463.6
North Reading,2014,In-District FTE Pupils,2592.9
North Reading,2015,In-District FTE Pupils,2546.2
North Reading,2016,In-District FTE Pupils,2520.1
North Reading,2017,In-District FTE Pupils,2488.4
North Reading,2018,In-District FTE Pupils,2478.3
North Reading,2019,In-District FTE Pupils,2405.2
North Reading,2020,In-District FTE Pupils,2407.7
North Reading,2021,In-District FTE Pupils,2329.2
North Reading,2022,In-District FTE Pupils,2332.3
North Reading,2023,In-District FTE Pupils,2361.4
North Reading,2024,In-District FTE Pupils,2323.8
North Reading,2009,Out-of-District FTE Pupils,50.9
North Reading,2010,Out-of-District FTE Pupils,50.4
North Reading,2011,Out-of-District FTE Pupils,50.2
North Reading,2012,Out-of-District FTE Pupils,44.1
North Reading,2013,Out-of-District FTE Pupils,48.8
North Reading,2014,Out-of-District FTE Pupils,47.3
North Reading,2015,Out-of-District FTE Pupils,39.9
North Reading,2016,Out-of-District FTE Pupils,42.6
North Reading,2017,Out-of-District FTE Pupils,39.8
North Reading,2018,Out-of-District FTE Pupils,50.8
North Reading,2019,Out-of-District FTE Pupils,47.5
North Reading,2020,Out-of-District FTE Pupils,40.8
North Reading,2021,Out-of-District FTE Pupils,38.0
North Reading,2022,Out-of-District FTE Pupils,39.0
North Reading,2023,Out-of-District FTE Pupils,44.0
North Reading,2024,Out-of-District FTE Pupils,55.2
North Shore Regional Vocational Technical,2009,In-District FTE Pupils,443.6
North Shore Regional Vocational Technical,2010,In-District FTE Pupils,442.9
North Shore Regional Vocational Technical,2011,In-District FTE Pupils,457.5
North Shore Regional Vocational Technical,2012,In-District FTE Pupils,459.7
North Shore Regional Vocational Technical,2013,In-District FTE Pupils,468.3
North Shore Regional Vocational Technical,2014,In-District FTE Pupils,450.8
North Shore Regional Vocational Technical,2009,Out-of-District FTE Pupils,3.1
North Shore Regional Vocational Technical,2010,Out-of-District FTE Pupils,4.6
North Shore Regional Vocational Technical,2011,Out-of-District FTE Pupils,2.0
North Shore Regional Vocational Technical,2012,Out-of-District FTE Pupils,5.6
North Shore Regional Vocational Technical,2013,Out-of-District FTE Pupils,2.3
North Shore Regional Vocational Technical,2014,Out-of-District FTE Pupils,15.6
Northampton,2009,In-District FTE Pupils,2788.2
Northampton,2010,In-District FTE Pupils,2699.7
Northampton,2011,In-District FTE Pupils,2697.3
Northampton,2012,In-District FTE Pupils,2704.7
Northampton,2013,In-District FTE Pupils,2722.8
Northampton,2014,In-District FTE Pupils,2732.1
Northampton,2015,In-District FTE Pupils,2664.6
Northampton,2016,In-District FTE Pupils,2621.3
Northampton,2017,In-District FTE Pupils,2684.3
Northampton,2018,In-District FTE Pupils,2689.2
Northampton,2019,In-District FTE Pupils,2647.9
Northampton,2020,In-District FTE Pupils,2741.8
Northampton,2021,In-District FTE Pupils,2607.2
Northampton,2022,In-District FTE Pupils,2670.3
Northampton,2023,In-District FTE Pupils,2614.8
Northampton,2024,In-District FTE Pupils,2562.4
Northampton,2009,Out-of-District FTE Pupils,268.1
Northampton,2010,Out-of-District FTE Pupils,290.6
Northampton,2011,Out-of-District FTE Pupils,307.7
Northampton,2012,Out-of-District FTE Pupils,312.4
Northampton,2013,Out-of-District FTE Pupils,302.9
Northampton,2014,Out-of-District FTE Pupils,307.4
Northampton,2015,Out-of-District FTE Pupils,315.9
Northampton,2016,Out-of-District FTE Pupils,328.4
Northampton,2017,Out-of-District FTE Pupils,306.7
Northampton,2018,Out-of-District FTE Pupils,293.0
Northampton,2019,Out-of-District FTE Pupils,295.5
Northampton,2020,Out-of-District FTE Pupils,278.6
Northampton,2021,Out-of-District FTE Pupils,273.5
Northampton,2022,Out-of-District FTE Pupils,270.0
Northampton,2023,Out-of-District FTE Pupils,280.2
Northampton,2024,Out-of-District FTE Pupils,283.8
Northampton-Smith Vocational Agricultural,2009,In-District FTE Pupils,464.2
Northampton-Smith Vocational Agricultural,2010,In-District FTE Pupils,452.4
Northampton-Smith Vocational Agricultural,2011,In-District FTE Pupils,435.0
Northampton-Smith Vocational Agricultural,2012,In-District FTE Pupils,429.1
Northampton-Smith Vocational Agricultural,2013,In-District FTE Pupils,413.9
Northampton-Smith Vocational Agricultural,2014,In-District FTE Pupils,411.9
Northampton-Smith Vocational Agricultural,2015,In-District FTE Pupils,425.4
Northampton-Smith Vocational Agricultural,2016,In-District FTE Pupils,465.9
Northampton-Smith Vocational Agricultural,2017,In-District FTE Pupils,483.7
Northampton-Smith Vocational Agricultural,2018,In-District FTE Pupils,488.9
Northampton-Smith Vocational Agricultural,2019,In-District FTE Pupils,481.8
Northampton-Smith Vocational Agricultural,2020,In-District FTE Pupils,497.1
Northampton-Smith Vocational Agricultural,2021,In-District FTE Pupils,528.2
Northampton-Smith Vocational Agricultural,2022,In-District FTE Pupils,540.4
Northampton-Smith Vocational Agricultural,2023,In-District FTE Pupils,554.9
Northampton-Smith Vocational Agricultural,2024,In-District FTE Pupils,561.4
Northampton-Smith Vocational Agricultural,2009,Out-of-District FTE Pupils,0.0
Northampton-Smith Vocational Agricultural,2010,Out-of-District FTE Pupils,0.0
Northampton-Smith Vocational Agricultural,2011,Out-of-District FTE Pupils,0.0
Northampton-Smith Vocational Agricultural,2012,Out-of-District FTE Pupils,0.0
Northampton-Smith Vocational Agricultural,2013,Out-of-District FTE Pupils,0.0
Northampton-Smith Vocational Agricultural,2014,Out-of-District FTE Pupils,0.0
Northampton-Smith Vocational Agricultural,2015,Out-of-District FTE Pupils,0.0
Northampton-Smith Vocational Agricultural,2016,Out-of-District FTE Pupils,0.0
Northampton-Smith Vocational Agricultural,2017,Out-of-District FTE Pupils,0.0
Northampton-Smith Vocational Agricultural,2018,Out-of-District FTE Pupils,0.0
Northampton-Smith Vocational Agricultural,2019,Out-of-District FTE Pupils,0.0
Northampton-Smith Vocational Agricultural,2020,Out-of-District FTE Pupils,0.0
Northampton-Smith Vocational Agricultural,2021,Out-of-District FTE Pupils,0.0
Northampton-Smith Vocational Agricultural,2022,Out-of-District FTE Pupils,0.0
Northampton-Smith Vocational Agricultural,2023,Out-of-District FTE Pupils,0.0
Northampton-Smith Vocational Agricultural,2024,Out-of-District FTE Pupils,0.0
Northboro-Southboro,2009,In-District FTE Pupils,1386.2
Northboro-Southboro,2010,In-District FTE Pupils,1385.8
Northboro-Southboro,2011,In-District FTE Pupils,1414.4
Northboro-Southboro,2012,In-District FTE Pupils,1415.1
Northboro-Southboro,2013,In-District FTE Pupils,1444.5
Northboro-Southboro,2014,In-District FTE Pupils,1454.3
Northboro-Southboro,2015,In-District FTE Pupils,1421.7
Northboro-Southboro,2016,In-District FTE Pupils,1424.1
Northboro-Southboro,2017,In-District FTE Pupils,1414.3
Northboro-Southboro,2018,In-District FTE Pupils,1433.4
Northboro-Southboro,2019,In-District FTE Pupils,1423.9
Northboro-Southboro,2020,In-District FTE Pupils,1391.5
Northboro-Southboro,2021,In-District FTE Pupils,1352.3
Northboro-Southboro,2022,In-District FTE Pupils,1263.4
Northboro-Southboro,2023,In-District FTE Pupils,1214.5
Northboro-Southboro,2024,In-District FTE Pupils,1193.4
Northboro-Southboro,2009,Out-of-District FTE Pupils,27.9
Northboro-Southboro,2010,Out-of-District FTE Pupils,33.0
Northboro-Southboro,2011,Out-of-District FTE Pupils,23.1
Northboro-Southboro,2012,Out-of-District FTE Pupils,26.9
Northboro-Southboro,2013,Out-of-District FTE Pupils,39.7
Northboro-Southboro,2014,Out-of-District FTE Pupils,34.6
Northboro-Southboro,2015,Out-of-District FTE Pupils,37.7
Northboro-Southboro,2016,Out-of-District FTE Pupils,38.7
Northboro-Southboro,2017,Out-of-District FTE Pupils,36.8
Northboro-Southboro,2018,Out-of-District FTE Pupils,41.7
Northboro-Southboro,2019,Out-of-District FTE Pupils,36.3
Northboro-Southboro,2020,Out-of-District FTE Pupils,26.6
Northboro-Southboro,2021,Out-of-District FTE Pupils,32.0
Northboro-Southboro,2022,Out-of-District FTE Pupils,33.8
Northboro-Southboro,2023,Out-of-District FTE Pupils,31.2
Northboro-Southboro,2024,Out-of-District FTE Pupils,34.2
Northborough,2009,In-District FTE Pupils,1902.3
Northborough,2010,In-District FTE Pupils,1882.1
Northborough,2011,In-District FTE Pupils,1902.9
Northborough,2012,In-District FTE Pupils,1923.3
Northborough,2013,In-District FTE Pupils,1902.6
Northborough,2014,In-District FTE Pupils,1798.1
Northborough,2015,In-District FTE Pupils,1797.9
Northborough,2016,In-District FTE Pupils,1746.9
Northborough,2017,In-District FTE Pupils,1749.7
Northborough,2018,In-District FTE Pupils,1647.2
Northborough,2019,In-District FTE Pupils,1595.5
Northborough,2020,In-District FTE Pupils,1603.4
Northborough,2021,In-District FTE Pupils,1538.1
Northborough,2022,In-District FTE Pupils,1571.5
Northborough,2023,In-District FTE Pupils,1613.3
Northborough,2024,In-District FTE Pupils,1637.3
Northborough,2009,Out-of-District FTE Pupils,46.2
Northborough,2010,Out-of-District FTE Pupils,54.8
Northborough,2011,Out-of-District FTE Pupils,53.2
Northborough,2012,Out-of-District FTE Pupils,44.5
Northborough,2013,Out-of-District FTE Pupils,49.8
Northborough,2014,Out-of-District FTE Pupils,52.3
Northborough,2015,Out-of-District FTE Pupils,48.9
Northborough,2016,Out-of-District FTE Pupils,41.7
Northborough,2017,Out-of-District FTE Pupils,45.1
Northborough,2018,Out-of-District FTE Pupils,76.6
Northborough,2019,Out-of-District FTE Pupils,76.4
Northborough,2020,Out-of-District FTE Pupils,68.2
Northborough,2021,Out-of-District FTE Pupils,83.0
Northborough,2022,Out-of-District FTE Pupils,88.6
Northborough,2023,Out-of-District FTE Pupils,83.2
Northborough,2024,Out-of-District FTE Pupils,78.8
Northbridge,2009,In-District FTE Pupils,2443.5
Northbridge,2010,In-District FTE Pupils,2497.7
Northbridge,2011,In-District FTE Pupils,2539.4
Northbridge,2012,In-District FTE Pupils,2545.5
Northbridge,2013,In-District FTE Pupils,2532.0
Northbridge,2014,In-District FTE Pupils,2533.6
Northbridge,2015,In-District FTE Pupils,2410.6
Northbridge,2016,In-District FTE Pupils,2336.1
Northbridge,2017,In-District FTE Pupils,2251.0
Northbridge,2018,In-District FTE Pupils,2150.0
Northbridge,2019,In-District FTE Pupils,2046.7
Northbridge,2020,In-District FTE Pupils,2005.1
Northbridge,2021,In-District FTE Pupils,1916.5
Northbridge,2022,In-District FTE Pupils,1978.0
Northbridge,2023,In-District FTE Pupils,1962.5
Northbridge,2024,In-District FTE Pupils,1875.3
Northbridge,2009,Out-of-District FTE Pupils,160.9
Northbridge,2010,Out-of-District FTE Pupils,166.0
Northbridge,2011,Out-of-District FTE Pupils,136.2
Northbridge,2012,Out-of-District FTE Pupils,145.4
Northbridge,2013,Out-of-District FTE Pupils,138.8
Northbridge,2014,Out-of-District FTE Pupils,143.2
Northbridge,2015,Out-of-District FTE Pupils,150.8
Northbridge,2016,Out-of-District FTE Pupils,178.7
Northbridge,2017,Out-of-District FTE Pupils,200.6
Northbridge,2018,Out-of-District FTE Pupils,199.4
Northbridge,2019,Out-of-District FTE Pupils,226.0
Northbridge,2020,Out-of-District FTE Pupils,229.0
Northbridge,2021,Out-of-District FTE Pupils,229.6
Northbridge,2022,Out-of-District FTE Pupils,220.1
Northbridge,2023,Out-of-District FTE Pupils,215.5
Northbridge,2024,Out-of-District FTE Pupils,222.6
Northeast Metropolitan Regional Vocational Technical,2009,In-District FTE Pupils,1214.5
Northeast Metropolitan Regional Vocational Technical,2010,In-District FTE Pupils,1223.6
Northeast Metropolitan Regional Vocational Technical,2011,In-District FTE Pupils,1225.9
Northeast Metropolitan Regional Vocational Technical,2012,In-District FTE Pupils,1224.8
Northeast Metropolitan Regional Vocational Technical,2013,In-District FTE Pupils,1223.5
Northeast Metropolitan Regional Vocational Technical,2014,In-District FTE Pupils,1234.8
Northeast Metropolitan Regional Vocational Technical,2015,In-District FTE Pupils,1238.4
Northeast Metropolitan Regional Vocational Technical,2016,In-District FTE Pupils,1231.2
Northeast Metropolitan Regional Vocational Technical,2017,In-District FTE Pupils,1226.9
Northeast Metropolitan Regional Vocational Technical,2018,In-District FTE Pupils,1211.1
Northeast Metropolitan Regional Vocational Technical,2019,In-District FTE Pupils,1231.8
Northeast Metropolitan Regional Vocational Technical,2020,In-District FTE Pupils,1263.8
Northeast Metropolitan Regional Vocational Technical,2021,In-District FTE Pupils,1283.5
Northeast Metropolitan Regional Vocational Technical,2022,In-District FTE Pupils,1294.2
Northeast Metropolitan Regional Vocational Technical,2023,In-District FTE Pupils,1273.2
Northeast Metropolitan Regional Vocational Technical,2024,In-District FTE Pupils,1327.0
Northeast Metropolitan Regional Vocational Technical,2009,Out-of-District FTE Pupils,0.0
Northeast Metropolitan Regional Vocational Technical,2010,Out-of-District FTE Pupils,0.5
Northeast Metropolitan Regional Vocational Technical,2011,Out-of-District FTE Pupils,1.0
Northeast Metropolitan Regional Vocational Technical,2012,Out-of-District FTE Pupils,1.5
Northeast Metropolitan Regional Vocational Technical,2013,Out-of-District FTE Pupils,1.9
Northeast Metropolitan Regional Vocational Technical,2014,Out-of-District FTE Pupils,0.0
Northeast Metropolitan Regional Vocational Technical,2015,Out-of-District FTE Pupils,0.0
Northeast Metropolitan Regional Vocational Technical,2016,Out-of-District FTE Pupils,2.0
Northeast Metropolitan Regional Vocational Technical,2017,Out-of-District FTE Pupils,0.3
Northeast Metropolitan Regional Vocational Technical,2018,Out-of-District FTE Pupils,0.0
Northeast Metropolitan Regional Vocational Technical,2019,Out-of-District FTE Pupils,0.0
Northeast Metropolitan Regional Vocational Technical,2020,Out-of-District FTE Pupils,0.0
Northeast Metropolitan Regional Vocational Technical,2021,Out-of-District FTE Pupils,1.0
Northeast Metropolitan Regional Vocational Technical,2022,Out-of-District FTE Pupils,3.9
Northeast Metropolitan Regional Vocational Technical,2023,Out-of-District FTE Pupils,4.7
Northeast Metropolitan Regional Vocational Technical,2024,Out-of-District FTE Pupils,1.0
Northern Berkshire Regional Vocational Technical,2009,In-District FTE Pupils,518.3
Northern Berkshire Regional Vocational Technical,2010,In-District FTE Pupils,502.2
Northern Berkshire Regional Vocational Technical,2011,In-District FTE Pupils,488.5
Northern Berkshire Regional Vocational Technical,2012,In-District FTE Pupils,468.3
Northern Berkshire Regional Vocational Technical,2013,In-District FTE Pupils,486.8
Northern Berkshire Regional Vocational Technical,2014,In-District FTE Pupils,492.1
Northern Berkshire Regional Vocational Technical,2015,In-District FTE Pupils,496.6
Northern Berkshire Regional Vocational Technical,2016,In-District FTE Pupils,492.4
Northern Berkshire Regional Vocational Technical,2017,In-District FTE Pupils,491.9
Northern Berkshire Regional Vocational Technical,2018,In-District FTE Pupils,474.4
Northern Berkshire Regional Vocational Technical,2019,In-District FTE Pupils,466.5
Northern Berkshire Regional Vocational Technical,2020,In-District FTE Pupils,487.8
Northern Berkshire Regional Vocational Technical,2021,In-District FTE Pupils,470.1
Northern Berkshire Regional Vocational Technical,2022,In-District FTE Pupils,503.7
Northern Berkshire Regional Vocational Technical,2023,In-District FTE Pupils,498.6
Northern Berkshire Regional Vocational Technical,2024,In-District FTE Pupils,491.2
Northern Berkshire Regional Vocational Technical,2009,Out-of-District FTE Pupils,0.0
Northern Berkshire Regional Vocational Technical,2010,Out-of-District FTE Pupils,0.5
Northern Berkshire Regional Vocational Technical,2011,Out-of-District FTE Pupils,0.0
Northern Berkshire Regional Vocational Technical,2012,Out-of-District FTE Pupils,0.0
Northern Berkshire Regional Vocational Technical,2013,Out-of-District FTE Pupils,1.0
Northern Berkshire Regional Vocational Technical,2014,Out-of-District FTE Pupils,2.0
Northern Berkshire Regional Vocational Technical,2015,Out-of-District FTE Pupils,4.0
Northern Berkshire Regional Vocational Technical,2016,Out-of-District FTE Pupils,0.0
Northern Berkshire Regional Vocational Technical,2017,Out-of-District FTE Pupils,0.0
Northern Berkshire Regional Vocational Technical,2018,Out-of-District FTE Pupils,2.0
Northern Berkshire Regional Vocational Technical,2019,Out-of-District FTE Pupils,5.0
Northern Berkshire Regional Vocational Technical,2020,Out-of-District FTE Pupils,4.0
Northern Berkshire Regional Vocational Technical,2021,Out-of-District FTE Pupils,5.7
Northern Berkshire Regional Vocational Technical,2022,Out-of-District FTE Pupils,6.0
Northern Berkshire Regional Vocational Technical,2023,Out-of-District FTE Pupils,5.0
Northern Berkshire Regional Vocational Technical,2024,Out-of-District FTE Pupils,5.0
Norton,2009,In-District FTE Pupils,2868.3
Norton,2010,In-District FTE Pupils,2834.2
Norton,2011,In-District FTE Pupils,2760.4
Norton,2012,In-District FTE Pupils,2663.6
Norton,2013,In-District FTE Pupils,2615.6
Norton,2014,In-District FTE Pupils,2657.9
Norton,2015,In-District FTE Pupils,2551.7
Norton,2016,In-District FTE Pupils,2533.3
Norton,2017,In-District FTE Pupils,2511.1
Norton,2018,In-District FTE Pupils,2460.3
Norton,2019,In-District FTE Pupils,2455.2
Norton,2020,In-District FTE Pupils,2439.0
Norton,2021,In-District FTE Pupils,2376.2
Norton,2022,In-District FTE Pupils,2383.0
Norton,2023,In-District FTE Pupils,2368.7
Norton,2024,In-District FTE Pupils,2395.5
Norton,2009,Out-of-District FTE Pupils,258.7
Norton,2010,Out-of-District FTE Pupils,265.9
Norton,2011,Out-of-District FTE Pupils,269.5
Norton,2012,Out-of-District FTE Pupils,263.0
Norton,2013,Out-of-District FTE Pupils,255.6
Norton,2014,Out-of-District FTE Pupils,237.3
Norton,2015,Out-of-District FTE Pupils,222.5
Norton,2016,Out-of-District FTE Pupils,195.5
Norton,2017,Out-of-District FTE Pupils,175.4
Norton,2018,Out-of-District FTE Pupils,171.5
Norton,2019,Out-of-District FTE Pupils,155.3
Norton,2020,Out-of-District FTE Pupils,158.8
Norton,2021,Out-of-District FTE Pupils,141.7
Norton,2022,Out-of-District FTE Pupils,117.8
Norton,2023,Out-of-District FTE Pupils,111.5
Norton,2024,Out-of-District FTE Pupils,101.3
Norwell,2009,In-District FTE Pupils,2326.5
Norwell,2010,In-District FTE Pupils,2337.6
Norwell,2011,In-District FTE Pupils,2326.1
Norwell,2012,In-District FTE Pupils,2317.0
Norwell,2013,In-District FTE Pupils,2302.5
Norwell,2014,In-District FTE Pupils,2241.9
Norwell,2015,In-District FTE Pupils,2234.8
Norwell,2016,In-District FTE Pupils,2180.2
Norwell,2017,In-District FTE Pupils,2179.3
Norwell,2018,In-District FTE Pupils,2167.2
Norwell,2019,In-District FTE Pupils,2181.5
Norwell,2020,In-District FTE Pupils,2211.3
Norwell,2021,In-District FTE Pupils,2185.6
Norwell,2022,In-District FTE Pupils,2184.2
Norwell,2023,In-District FTE Pupils,2140.7
Norwell,2024,In-District FTE Pupils,2150.6
Norwell,2009,Out-of-District FTE Pupils,30.6
Norwell,2010,Out-of-District FTE Pupils,31.5
Norwell,2011,Out-of-District FTE Pupils,23.7
Norwell,2012,Out-of-District FTE Pupils,21.8
Norwell,2013,Out-of-District FTE Pupils,29.8
Norwell,2014,Out-of-District FTE Pupils,31.9
Norwell,2015,Out-of-District FTE Pupils,34.5
Norwell,2016,Out-of-District FTE Pupils,40.0
Norwell,2017,Out-of-District FTE Pupils,36.6
Norwell,2018,Out-of-District FTE Pupils,45.6
Norwell,2019,Out-of-District FTE Pupils,46.2
Norwell,2020,Out-of-District FTE Pupils,45.1
Norwell,2021,Out-of-District FTE Pupils,47.7
Norwell,2022,Out-of-District FTE Pupils,49.7
Norwell,2023,Out-of-District FTE Pupils,52.1
Norwell,2024,Out-of-District FTE Pupils,49.6
Norwood,2009,In-District FTE Pupils,3445.3
Norwood,2010,In-District FTE Pupils,3462.9
Norwood,2011,In-District FTE Pupils,3415.4
Norwood,2012,In-District FTE Pupils,3438.7
Norwood,2013,In-District FTE Pupils,3512.2
Norwood,2014,In-District FTE Pupils,3411.6
Norwood,2015,In-District FTE Pupils,3426.8
Norwood,2016,In-District FTE Pupils,3381.2
Norwood,2017,In-District FTE Pupils,3417.2
Norwood,2018,In-District FTE Pupils,3420.7
Norwood,2019,In-District FTE Pupils,3452.2
Norwood,2020,In-District FTE Pupils,3527.1
Norwood,2021,In-District FTE Pupils,3410.9
Norwood,2022,In-District FTE Pupils,3514.4
Norwood,2023,In-District FTE Pupils,3530.2
Norwood,2024,In-District FTE Pupils,3596.0
Norwood,2009,Out-of-District FTE Pupils,83.4
Norwood,2010,Out-of-District FTE Pupils,88.5
Norwood,2011,Out-of-District FTE Pupils,83.8
Norwood,2012,Out-of-District FTE Pupils,72.8
Norwood,2013,Out-of-District FTE Pupils,75.7
Norwood,2014,Out-of-District FTE Pupils,85.7
Norwood,2015,Out-of-District FTE Pupils,89.5
Norwood,2016,Out-of-District FTE Pupils,108.2
Norwood,2017,Out-of-District FTE Pupils,118.7
Norwood,2018,Out-of-District FTE Pupils,122.8
Norwood,2019,Out-of-District FTE Pupils,147.9
Norwood,2020,Out-of-District FTE Pupils,141.5
Norwood,2021,Out-of-District FTE Pupils,148.5
Norwood,2022,Out-of-District FTE Pupils,163.7
Norwood,2023,Out-of-District FTE Pupils,172.7
Norwood,2024,Out-of-District FTE Pupils,168.0
Oak Bluffs,2009,In-District FTE Pupils,419.0
Oak Bluffs,2010,In-District FTE Pupils,416.6
Oak Bluffs,2011,In-District FTE Pupils,405.1
Oak Bluffs,2012,In-District FTE Pupils,384.9
Oak Bluffs,2013,In-District FTE Pupils,394.7
Oak Bluffs,2014,In-District FTE Pupils,383.7
Oak Bluffs,2015,In-District FTE Pupils,407.2
Oak Bluffs,2016,In-District FTE Pupils,429.8
Oak Bluffs,2017,In-District FTE Pupils,451.0
Oak Bluffs,2018,In-District FTE Pupils,427.4
Oak Bluffs,2019,In-District FTE Pupils,446.9
Oak Bluffs,2020,In-District FTE Pupils,427.8
Oak Bluffs,2021,In-District FTE Pupils,423.6
Oak Bluffs,2022,In-District FTE Pupils,434.9
Oak Bluffs,2023,In-District FTE Pupils,434.6
Oak Bluffs,2024,In-District FTE Pupils,418.4
Oak Bluffs,2009,Out-of-District FTE Pupils,59.6
Oak Bluffs,2010,Out-of-District FTE Pupils,55.8
Oak Bluffs,2011,Out-of-District FTE Pupils,45.0
Oak Bluffs,2012,Out-of-District FTE Pupils,46.0
Oak Bluffs,2013,Out-of-District FTE Pupils,67.0
Oak Bluffs,2014,Out-of-District FTE Pupils,66.6
Oak Bluffs,2015,Out-of-District FTE Pupils,58.9
Oak Bluffs,2016,Out-of-District FTE Pupils,59.8
Oak Bluffs,2017,Out-of-District FTE Pupils,62.9
Oak Bluffs,2018,Out-of-District FTE Pupils,55.6
Oak Bluffs,2019,Out-of-District FTE Pupils,53.2
Oak Bluffs,2020,Out-of-District FTE Pupils,62.6
Oak Bluffs,2021,Out-of-District FTE Pupils,57.3
Oak Bluffs,2022,Out-of-District FTE Pupils,62.2
Oak Bluffs,2023,Out-of-District FTE Pupils,49.8
Oak Bluffs,2024,Out-of-District FTE Pupils,39.8
Old Colony Regional Vocational Technical,2009,In-District FTE Pupils,559.2
Old Colony Regional Vocational Technical,2010,In-District FTE Pupils,563.5
Old Colony Regional Vocational Technical,2011,In-District FTE Pupils,548.5
Old Colony Regional Vocational Technical,2012,In-District FTE Pupils,562.5
Old Colony Regional Vocational Technical,2013,In-District FTE Pupils,567.5
Old Colony Regional Vocational Technical,2014,In-District FTE Pupils,565.7
Old Colony Regional Vocational Technical,2015,In-District FTE Pupils,556.5
Old Colony Regional Vocational Technical,2016,In-District FTE Pupils,551.1
Old Colony Regional Vocational Technical,2017,In-District FTE Pupils,540.4
Old Colony Regional Vocational Technical,2018,In-District FTE Pupils,524.7
Old Colony Regional Vocational Technical,2019,In-District FTE Pupils,539.7
Old Colony Regional Vocational Technical,2020,In-District FTE Pupils,553.3
Old Colony Regional Vocational Technical,2021,In-District FTE Pupils,559.3
Old Colony Regional Vocational Technical,2022,In-District FTE Pupils,553.9
Old Colony Regional Vocational Technical,2023,In-District FTE Pupils,549.7
Old Colony Regional Vocational Technical,2024,In-District FTE Pupils,545.4
Old Colony Regional Vocational Technical,2009,Out-of-District FTE Pupils,0.0
Old Colony Regional Vocational Technical,2010,Out-of-District FTE Pupils,0.0
Old Colony Regional Vocational Technical,2011,Out-of-District FTE Pupils,0.0
Old Colony Regional Vocational Technical,2012,Out-of-District FTE Pupils,0.0
Old Colony Regional Vocational Technical,2013,Out-of-District FTE Pupils,1.0
Old Colony Regional Vocational Technical,2014,Out-of-District FTE Pupils,0.0
Old Colony Regional Vocational Technical,2015,Out-of-District FTE Pupils,0.0
Old Colony Regional Vocational Technical,2016,Out-of-District FTE Pupils,0.8
Old Colony Regional Vocational Technical,2017,Out-of-District FTE Pupils,3.0
Old Colony Regional Vocational Technical,2018,Out-of-District FTE Pupils,2.4
Old Colony Regional Vocational Technical,2019,Out-of-District FTE Pupils,3.0
Old Colony Regional Vocational Technical,2020,Out-of-District FTE Pupils,2.4
Old Colony Regional Vocational Technical,2021,Out-of-District FTE Pupils,3.0
Old Colony Regional Vocational Technical,2022,Out-of-District FTE Pupils,3.0
Old Colony Regional Vocational Technical,2023,Out-of-District FTE Pupils,3.0
Old Colony Regional Vocational Technical,2024,Out-of-District FTE Pupils,5.0
Old Rochester,2009,In-District FTE Pupils,1140.0
Old Rochester,2010,In-District FTE Pupils,1152.9
Old Rochester,2011,In-District FTE Pupils,1165.9
Old Rochester,2012,In-District FTE Pupils,1152.4
Old Rochester,2013,In-District FTE Pupils,1180.2
Old Rochester,2014,In-District FTE Pupils,1218.2
Old Rochester,2015,In-District FTE Pupils,1253.6
Old Rochester,2016,In-District FTE Pupils,1226.2
Old Rochester,2017,In-District FTE Pupils,1234.0
Old Rochester,2018,In-District FTE Pupils,1254.5
Old Rochester,2019,In-District FTE Pupils,1208.8
Old Rochester,2020,In-District FTE Pupils,1175.3
Old Rochester,2021,In-District FTE Pupils,1129.5
Old Rochester,2022,In-District FTE Pupils,1090.5
Old Rochester,2023,In-District FTE Pupils,1048.2
Old Rochester,2024,In-District FTE Pupils,1039.9
Old Rochester,2009,Out-of-District FTE Pupils,8.9
Old Rochester,2010,Out-of-District FTE Pupils,7.5
Old Rochester,2011,Out-of-District FTE Pupils,6.5
Old Rochester,2012,Out-of-District FTE Pupils,6.1
Old Rochester,2013,Out-of-District FTE Pupils,4.6
Old Rochester,2014,Out-of-District FTE Pupils,5.6
Old Rochester,2015,Out-of-District FTE Pupils,11.3
Old Rochester,2016,Out-of-District FTE Pupils,10.8
Old Rochester,2017,Out-of-District FTE Pupils,12.7
Old Rochester,2018,Out-of-District FTE Pupils,15.4
Old Rochester,2019,Out-of-District FTE Pupils,12.0
Old Rochester,2020,Out-of-District FTE Pupils,15.9
Old Rochester,2021,Out-of-District FTE Pupils,16.0
Old Rochester,2022,Out-of-District FTE Pupils,23.4
Old Rochester,2023,Out-of-District FTE Pupils,27.6
Old Rochester,2024,Out-of-District FTE Pupils,23.8
Old Sturbridge Academy Charter Public School (District),2019,In-District FTE Pupils,199.4
Old Sturbridge Academy Charter Public School (District),2020,In-District FTE Pupils,239.8
Old Sturbridge Academy Charter Public School (District),2021,In-District FTE Pupils,279.4
Old Sturbridge Academy Charter Public School (District),2022,In-District FTE Pupils,322.8
Old Sturbridge Academy Charter Public School (District),2023,In-District FTE Pupils,357.3
Old Sturbridge Academy Charter Public School (District),2024,In-District FTE Pupils,349.4
Old Sturbridge Academy Charter Public School (District),2019,Out-of-District FTE Pupils,0.0
Old Sturbridge Academy Charter Public School (District),2020,Out-of-District FTE Pupils,0.0
Old Sturbridge Academy Charter Public School (District),2021,Out-of-District FTE Pupils,0.0
Old Sturbridge Academy Charter Public School (District),2022,Out-of-District FTE Pupils,0.0
Old Sturbridge Academy Charter Public School (District),2023,Out-of-District FTE Pupils,0.0
Old Sturbridge Academy Charter Public School (District),2024,Out-of-District FTE Pupils,0.0
Orange,2009,In-District FTE Pupils,823.6
Orange,2010,In-District FTE Pupils,817.1
Orange,2011,In-District FTE Pupils,771.9
Orange,2012,In-District FTE Pupils,715.8
Orange,2013,In-District FTE Pupils,658.9
Orange,2014,In-District FTE Pupils,656.4
Orange,2015,In-District FTE Pupils,640.9
Orange,2016,In-District FTE Pupils,645.1
Orange,2017,In-District FTE Pupils,623.4
Orange,2018,In-District FTE Pupils,591.1
Orange,2019,In-District FTE Pupils,585.8
Orange,2020,In-District FTE Pupils,549.6
Orange,2021,In-District FTE Pupils,468.9
Orange,2022,In-District FTE Pupils,528.0
Orange,2023,In-District FTE Pupils,513.5
Orange,2024,In-District FTE Pupils,520.9
Orange,2009,Out-of-District FTE Pupils,23.6
Orange,2010,Out-of-District FTE Pupils,30.5
Orange,2011,Out-of-District FTE Pupils,28.5
Orange,2012,Out-of-District FTE Pupils,39.6
Orange,2013,Out-of-District FTE Pupils,49.4
Orange,2014,Out-of-District FTE Pupils,49.5
Orange,2015,Out-of-District FTE Pupils,73.1
Orange,2016,Out-of-District FTE Pupils,77.0
Orange,2017,Out-of-District FTE Pupils,82.7
Orange,2018,Out-of-District FTE Pupils,91.0
Orange,2019,Out-of-District FTE Pupils,93.2
Orange,2020,Out-of-District FTE Pupils,89.1
Orange,2021,Out-of-District FTE Pupils,76.9
Orange,2022,Out-of-District FTE Pupils,83.8
Orange,2023,Out-of-District FTE Pupils,90.2
Orange,2024,Out-of-District FTE Pupils,72.0
Orleans,2009,In-District FTE Pupils,194.0
Orleans,2010,In-District FTE Pupils,187.6
Orleans,2011,In-District FTE Pupils,191.9
Orleans,2012,In-District FTE Pupils,204.8
Orleans,2013,In-District FTE Pupils,202.5
Orleans,2014,In-District FTE Pupils,207.2
Orleans,2015,In-District FTE Pupils,221.9
Orleans,2016,In-District FTE Pupils,212.4
Orleans,2017,In-District FTE Pupils,217.1
Orleans,2018,In-District FTE Pupils,226.8
Orleans,2019,In-District FTE Pupils,212.9
Orleans,2020,In-District FTE Pupils,194.5
Orleans,2021,In-District FTE Pupils,172.5
Orleans,2022,In-District FTE Pupils,163.7
Orleans,2023,In-District FTE Pupils,146.1
Orleans,2024,In-District FTE Pupils,144.0
Orleans,2009,Out-of-District FTE Pupils,1.5
Orleans,2010,Out-of-District FTE Pupils,1.1
Orleans,2011,Out-of-District FTE Pupils,4.2
Orleans,2012,Out-of-District FTE Pupils,2.5
Orleans,2013,Out-of-District FTE Pupils,5.5
Orleans,2014,Out-of-District FTE Pupils,13.6
Orleans,2015,Out-of-District FTE Pupils,13.6
Orleans,2016,Out-of-District FTE Pupils,13.2
Orleans,2017,Out-of-District FTE Pupils,14.6
Orleans,2018,Out-of-District FTE Pupils,11.0
Orleans,2019,Out-of-District FTE Pupils,11.8
Orleans,2020,Out-of-District FTE Pupils,17.7
Orleans,2021,Out-of-District FTE Pupils,13.9
Orleans,2022,Out-of-District FTE Pupils,9.5
Orleans,2023,Out-of-District FTE Pupils,10.2
Orleans,2024,Out-of-District FTE Pupils,10.1
Oxford,2009,In-District FTE Pupils,2022.1
Oxford,2010,In-District FTE Pupils,2034.9
Oxford,2011,In-District FTE Pupils,1988.3
Oxford,2012,In-District FTE Pupils,1951.4
Oxford,2013,In-District FTE Pupils,1906.8
Oxford,2014,In-District FTE Pupils,1869.1
Oxford,2015,In-District FTE Pupils,1839.3
Oxford,2016,In-District FTE Pupils,1761.2
Oxford,2017,In-District FTE Pupils,1716.8
Oxford,2018,In-District FTE Pupils,1686.1
Oxford,2019,In-District FTE Pupils,1627.4
Oxford,2020,In-District FTE Pupils,1578.0
Oxford,2021,In-District FTE Pupils,1459.8
Oxford,2022,In-District FTE Pupils,1466.1
Oxford,2023,In-District FTE Pupils,1453.3
Oxford,2024,In-District FTE Pupils,1487.0
Oxford,2009,Out-of-District FTE Pupils,120.9
Oxford,2010,Out-of-District FTE Pupils,121.0
Oxford,2011,Out-of-District FTE Pupils,108.3
Oxford,2012,Out-of-District FTE Pupils,107.5
Oxford,2013,Out-of-District FTE Pupils,106.5
Oxford,2014,Out-of-District FTE Pupils,110.2
Oxford,2015,Out-of-District FTE Pupils,123.7
Oxford,2016,Out-of-District FTE Pupils,128.0
Oxford,2017,Out-of-District FTE Pupils,120.3
Oxford,2018,Out-of-District FTE Pupils,143.5
Oxford,2019,Out-of-District FTE Pupils,149.9
Oxford,2020,Out-of-District FTE Pupils,152.3
Oxford,2021,Out-of-District FTE Pupils,148.4
Oxford,2022,Out-of-District FTE Pupils,141.2
Oxford,2023,Out-of-District FTE Pupils,124.2
Oxford,2024,Out-of-District FTE Pupils,144.6
Palmer,2009,In-District FTE Pupils,1824.0
Palmer,2010,In-District FTE Pupils,1743.2
Palmer,2011,In-District FTE Pupils,1616.0
Palmer,2012,In-District FTE Pupils,1570.4
Palmer,2013,In-District FTE Pupils,1522.2
Palmer,2014,In-District FTE Pupils,1444.4
Palmer,2015,In-District FTE Pupils,1425.5
Palmer,2016,In-District FTE Pupils,1429.9
Palmer,2017,In-District FTE Pupils,1430.0
Palmer,2018,In-District FTE Pupils,1393.5
Palmer,2019,In-District FTE Pupils,1317.6
Palmer,2020,In-District FTE Pupils,1282.7
Palmer,2021,In-District FTE Pupils,1182.6
Palmer,2022,In-District FTE Pupils,1178.1
Palmer,2023,In-District FTE Pupils,1113.2
Palmer,2024,In-District FTE Pupils,1061.5
Palmer,2009,Out-of-District FTE Pupils,81.9
Palmer,2010,Out-of-District FTE Pupils,78.8
Palmer,2011,Out-of-District FTE Pupils,93.1
Palmer,2012,Out-of-District FTE Pupils,99.9
Palmer,2013,Out-of-District FTE Pupils,102.8
Palmer,2014,Out-of-District FTE Pupils,92.1
Palmer,2015,Out-of-District FTE Pupils,108.2
Palmer,2016,Out-of-District FTE Pupils,116.5
Palmer,2017,Out-of-District FTE Pupils,124.5
Palmer,2018,Out-of-District FTE Pupils,120.7
Palmer,2019,Out-of-District FTE Pupils,142.0
Palmer,2020,Out-of-District FTE Pupils,152.7
Palmer,2021,Out-of-District FTE Pupils,151.4
Palmer,2022,Out-of-District FTE Pupils,161.2
Palmer,2023,Out-of-District FTE Pupils,158.7
Palmer,2024,Out-of-District FTE Pupils,172.4
Pathfinder Regional Vocational Technical,2009,In-District FTE Pupils,619.1
Pathfinder Regional Vocational Technical,2010,In-District FTE Pupils,651.2
Pathfinder Regional Vocational Technical,2011,In-District FTE Pupils,632.3
Pathfinder Regional Vocational Technical,2012,In-District FTE Pupils,653.4
Pathfinder Regional Vocational Technical,2013,In-District FTE Pupils,646.0
Pathfinder Regional Vocational Technical,2014,In-District FTE Pupils,605.6
Pathfinder Regional Vocational Technical,2015,In-District FTE Pupils,603.4
Pathfinder Regional Vocational Technical,2016,In-District FTE Pupils,610.0
Pathfinder Regional Vocational Technical,2017,In-District FTE Pupils,610.9
Pathfinder Regional Vocational Technical,2018,In-District FTE Pupils,605.1
Pathfinder Regional Vocational Technical,2019,In-District FTE Pupils,639.2
Pathfinder Regional Vocational Technical,2020,In-District FTE Pupils,621.8
Pathfinder Regional Vocational Technical,2021,In-District FTE Pupils,604.0
Pathfinder Regional Vocational Technical,2022,In-District FTE Pupils,617.4
Pathfinder Regional Vocational Technical,2023,In-District FTE Pupils,629.7
Pathfinder Regional Vocational Technical,2024,In-District FTE Pupils,631.9
Pathfinder Regional Vocational Technical,2009,Out-of-District FTE Pupils,2.0
Pathfinder Regional Vocational Technical,2010,Out-of-District FTE Pupils,3.0
Pathfinder Regional Vocational Technical,2011,Out-of-District FTE Pupils,2.1
Pathfinder Regional Vocational Technical,2012,Out-of-District FTE Pupils,3.8
Pathfinder Regional Vocational Technical,2013,Out-of-District FTE Pupils,8.0
Pathfinder Regional Vocational Technical,2014,Out-of-District FTE Pupils,14.9
Pathfinder Regional Vocational Technical,2015,Out-of-District FTE Pupils,13.0
Pathfinder Regional Vocational Technical,2016,Out-of-District FTE Pupils,11.0
Pathfinder Regional Vocational Technical,2017,Out-of-District FTE Pupils,17.7
Pathfinder Regional Vocational Technical,2018,Out-of-District FTE Pupils,15.4
Pathfinder Regional Vocational Technical,2019,Out-of-District FTE Pupils,14.0
Pathfinder Regional Vocational Technical,2020,Out-of-District FTE Pupils,13.0
Pathfinder Regional Vocational Technical,2021,Out-of-District FTE Pupils,11.0
Pathfinder Regional Vocational Technical,2022,Out-of-District FTE Pupils,21.0
Pathfinder Regional Vocational Technical,2023,Out-of-District FTE Pupils,16.3
Pathfinder Regional Vocational Technical,2024,Out-of-District FTE Pupils,15.7
Paulo Freire Social Justice Charter School (District),2019,In-District FTE Pupils,284.7
Paulo Freire Social Justice Charter School (District),2020,In-District FTE Pupils,279.6
Paulo Freire Social Justice Charter School (District),2021,In-District FTE Pupils,261.2
Paulo Freire Social Justice Charter School (District),2022,In-District FTE Pupils,244.0
Paulo Freire Social Justice Charter School (District),2023,In-District FTE Pupils,222.1
Paulo Freire Social Justice Charter School (District),2019,Out-of-District FTE Pupils,0.0
Paulo Freire Social Justice Charter School (District),2020,Out-of-District FTE Pupils,0.0
Paulo Freire Social Justice Charter School (District),2021,Out-of-District FTE Pupils,0.0
Paulo Freire Social Justice Charter School (District),2022,Out-of-District FTE Pupils,0.0
Paulo Freire Social Justice Charter School (District),2023,Out-of-District FTE Pupils,0.0
Peabody,2009,In-District FTE Pupils,6234.2
Peabody,2010,In-District FTE Pupils,6129.8
Peabody,2011,In-District FTE Pupils,6150.0
Peabody,2012,In-District FTE Pupils,6053.5
Peabody,2013,In-District FTE Pupils,6105.5
Peabody,2014,In-District FTE Pupils,6132.6
Peabody,2015,In-District FTE Pupils,5993.4
Peabody,2016,In-District FTE Pupils,5900.1
Peabody,2017,In-District FTE Pupils,5986.3
Peabody,2018,In-District FTE Pupils,5924.1
Peabody,2019,In-District FTE Pupils,5966.5
Peabody,2020,In-District FTE Pupils,6000.3
Peabody,2021,In-District FTE Pupils,5784.7
Peabody,2022,In-District FTE Pupils,5989.9
Peabody,2023,In-District FTE Pupils,5917.1
Peabody,2024,In-District FTE Pupils,5905.6
Peabody,2009,Out-of-District FTE Pupils,228.8
Peabody,2010,Out-of-District FTE Pupils,231.1
Peabody,2011,Out-of-District FTE Pupils,248.5
Peabody,2012,Out-of-District FTE Pupils,226.7
Peabody,2013,Out-of-District FTE Pupils,244.4
Peabody,2014,Out-of-District FTE Pupils,254.8
Peabody,2015,Out-of-District FTE Pupils,197.9
Peabody,2016,Out-of-District FTE Pupils,209.1
Peabody,2017,Out-of-District FTE Pupils,195.4
Peabody,2018,Out-of-District FTE Pupils,218.0
Peabody,2019,Out-of-District FTE Pupils,211.9
Peabody,2020,Out-of-District FTE Pupils,221.9
Peabody,2021,Out-of-District FTE Pupils,251.8
Peabody,2022,Out-of-District FTE Pupils,253.1
Peabody,2023,Out-of-District FTE Pupils,281.3
Peabody,2024,Out-of-District FTE Pupils,347.1
Pelham,2009,In-District FTE Pupils,117.6
Pelham,2010,In-District FTE Pupils,125.3
Pelham,2011,In-District FTE Pupils,122.2
Pelham,2012,In-District FTE Pupils,127.7
Pelham,2013,In-District FTE Pupils,132.2
Pelham,2014,In-District FTE Pupils,128.5
Pelham,2015,In-District FTE Pupils,122.6
Pelham,2016,In-District FTE Pupils,123.0
Pelham,2017,In-District FTE Pupils,130.1
Pelham,2018,In-District FTE Pupils,127.2
Pelham,2019,In-District FTE Pupils,134.5
Pelham,2020,In-District FTE Pupils,124.6
Pelham,2021,In-District FTE Pupils,105.5
Pelham,2022,In-District FTE Pupils,119.0
Pelham,2023,In-District FTE Pupils,134.5
Pelham,2024,In-District FTE Pupils,126.5
Pelham,2009,Out-of-District FTE Pupils,2.6
Pelham,2010,Out-of-District FTE Pupils,3.0
Pelham,2011,Out-of-District FTE Pupils,4.0
Pelham,2012,Out-of-District FTE Pupils,1.0
Pelham,2013,Out-of-District FTE Pupils,4.0
Pelham,2014,Out-of-District FTE Pupils,6.6
Pelham,2015,Out-of-District FTE Pupils,5.4
Pelham,2016,Out-of-District FTE Pupils,6.8
Pelham,2017,Out-of-District FTE Pupils,11.0
Pelham,2018,Out-of-District FTE Pupils,11.8
Pelham,2019,Out-of-District FTE Pupils,10.3
Pelham,2020,Out-of-District FTE Pupils,4.0
Pelham,2021,Out-of-District FTE Pupils,7.7
Pelham,2022,Out-of-District FTE Pupils,6.0
Pelham,2023,Out-of-District FTE Pupils,5.0
Pelham,2024,Out-of-District FTE Pupils,9.0
Pembroke,2009,In-District FTE Pupils,3456.5
Pembroke,2010,In-District FTE Pupils,3432.7
Pembroke,2011,In-District FTE Pupils,3388.1
Pembroke,2012,In-District FTE Pupils,3339.7
Pembroke,2013,In-District FTE Pupils,3305.5
Pembroke,2014,In-District FTE Pupils,3283.7
Pembroke,2015,In-District FTE Pupils,3201.2
Pembroke,2016,In-District FTE Pupils,3107.8
Pembroke,2017,In-District FTE Pupils,3006.8
Pembroke,2018,In-District FTE Pupils,2891.3
Pembroke,2019,In-District FTE Pupils,2802.9
Pembroke,2020,In-District FTE Pupils,2717.8
Pembroke,2021,In-District FTE Pupils,2615.2
Pembroke,2022,In-District FTE Pupils,2569.1
Pembroke,2023,In-District FTE Pupils,2508.4
Pembroke,2024,In-District FTE Pupils,2425.9
Pembroke,2009,Out-of-District FTE Pupils,84.9
Pembroke,2010,Out-of-District FTE Pupils,90.0
Pembroke,2011,Out-of-District FTE Pupils,72.7
Pembroke,2012,Out-of-District FTE Pupils,77.1
Pembroke,2013,Out-of-District FTE Pupils,93.4
Pembroke,2014,Out-of-District FTE Pupils,96.6
Pembroke,2015,Out-of-District FTE Pupils,101.0
Pembroke,2016,Out-of-District FTE Pupils,107.9
Pembroke,2017,Out-of-District FTE Pupils,136.9
Pembroke,2018,Out-of-District FTE Pupils,146.3
Pembroke,2019,Out-of-District FTE Pupils,157.1
Pembroke,2020,Out-of-District FTE Pupils,185.4
Pembroke,2021,Out-of-District FTE Pupils,181.4
Pembroke,2022,Out-of-District FTE Pupils,196.0
Pembroke,2023,Out-of-District FTE Pupils,158.1
Pembroke,2024,Out-of-District FTE Pupils,137.1
Pentucket,2009,In-District FTE Pupils,3272.6
Pentucket,2010,In-District FTE Pupils,3235.2
Pentucket,2011,In-District FTE Pupils,3129.4
Pentucket,2012,In-District FTE Pupils,3025.0
Pentucket,2013,In-District FTE Pupils,2921.7
Pentucket,2014,In-District FTE Pupils,2799.0
Pentucket,2015,In-District FTE Pupils,2680.7
Pentucket,2016,In-District FTE Pupils,2519.3
Pentucket,2017,In-District FTE Pupils,2500.8
Pentucket,2018,In-District FTE Pupils,2458.4
Pentucket,2019,In-District FTE Pupils,2404.6
Pentucket,2020,In-District FTE Pupils,2402.3
Pentucket,2021,In-District FTE Pupils,2228.5
Pentucket,2022,In-District FTE Pupils,2228.6
Pentucket,2023,In-District FTE Pupils,2233.7
Pentucket,2024,In-District FTE Pupils,2230.3
Pentucket,2009,Out-of-District FTE Pupils,127.1
Pentucket,2010,Out-of-District FTE Pupils,129.5
Pentucket,2011,Out-of-District FTE Pupils,119.0
Pentucket,2012,Out-of-District FTE Pupils,112.0
Pentucket,2013,Out-of-District FTE Pupils,121.0
Pentucket,2014,Out-of-District FTE Pupils,110.1
Pentucket,2015,Out-of-District FTE Pupils,98.2
Pentucket,2016,Out-of-District FTE Pupils,93.8
Pentucket,2017,Out-of-District FTE Pupils,102.7
Pentucket,2018,Out-of-District FTE Pupils,102.3
Pentucket,2019,Out-of-District FTE Pupils,108.5
Pentucket,2020,Out-of-District FTE Pupils,108.4
Pentucket,2021,Out-of-District FTE Pupils,118.8
Pentucket,2022,Out-of-District FTE Pupils,113.9
Pentucket,2023,Out-of-District FTE Pupils,134.1
Pentucket,2024,Out-of-District FTE Pupils,139.5
Petersham,2009,In-District FTE Pupils,102.5
Petersham,2010,In-District FTE Pupils,107.6
Petersham,2011,In-District FTE Pupils,111.2
Petersham,2012,In-District FTE Pupils,114.0
Petersham,2013,In-District FTE Pupils,104.8
Petersham,2014,In-District FTE Pupils,110.7
Petersham,2015,In-District FTE Pupils,115.8
Petersham,2016,In-District FTE Pupils,120.0
Petersham,2017,In-District FTE Pupils,125.9
Petersham,2018,In-District FTE Pupils,116.3
Petersham,2019,In-District FTE Pupils,120.3
Petersham,2020,In-District FTE Pupils,132.3
Petersham,2021,In-District FTE Pupils,121.4
Petersham,2022,In-District FTE Pupils,116.2
Petersham,2023,In-District FTE Pupils,125.5
Petersham,2024,In-District FTE Pupils,133.8
Petersham,2009,Out-of-District FTE Pupils,17.9
Petersham,2010,Out-of-District FTE Pupils,11.2
Petersham,2011,Out-of-District FTE Pupils,8.0
Petersham,2012,Out-of-District FTE Pupils,8.4
Petersham,2013,Out-of-District FTE Pupils,4.6
Petersham,2014,Out-of-District FTE Pupils,6.5
Petersham,2015,Out-of-District FTE Pupils,10.0
Petersham,2016,Out-of-District FTE Pupils,8.0
Petersham,2017,Out-of-District FTE Pupils,9.0
Petersham,2018,Out-of-District FTE Pupils,15.2
Petersham,2019,Out-of-District FTE Pupils,14.9
Petersham,2020,Out-of-District FTE Pupils,10.0
Petersham,2021,Out-of-District FTE Pupils,5.9
Petersham,2022,Out-of-District FTE Pupils,10.1
Petersham,2023,Out-of-District FTE Pupils,10.9
Petersham,2024,Out-of-District FTE Pupils,7.0
"Phoenix Academy Charter Public High School, Chelsea (District)",2019,In-District FTE Pupils,195.4
"Phoenix Academy Charter Public High School, Chelsea (District)",2020,In-District FTE Pupils,199.3
"Phoenix Academy Charter Public High School, Chelsea (District)",2021,In-District FTE Pupils,208.6
"Phoenix Academy Charter Public High School, Chelsea (District)",2022,In-District FTE Pupils,185.6
"Phoenix Academy Charter Public High School, Chelsea (District)",2023,In-District FTE Pupils,199.9
"Phoenix Academy Charter Public High School, Chelsea (District)",2024,In-District FTE Pupils,190.0
"Phoenix Academy Charter Public High School, Chelsea (District)",2019,Out-of-District FTE Pupils,0.0
"Phoenix Academy Charter Public High School, Chelsea (District)",2020,Out-of-District FTE Pupils,0.0
"Phoenix Academy Charter Public High School, Chelsea (District)",2021,Out-of-District FTE Pupils,0.0
"Phoenix Academy Charter Public High School, Chelsea (District)",2022,Out-of-District FTE Pupils,0.0
"Phoenix Academy Charter Public High School, Chelsea (District)",2023,Out-of-District FTE Pupils,0.0
"Phoenix Academy Charter Public High School, Chelsea (District)",2024,Out-of-District FTE Pupils,0.0
"Phoenix Academy Public Charter High School, Lawrence (District)",2019,In-District FTE Pupils,128.3
"Phoenix Academy Public Charter High School, Lawrence (District)",2020,In-District FTE Pupils,150.0
"Phoenix Academy Public Charter High School, Lawrence (District)",2021,In-District FTE Pupils,153.6
"Phoenix Academy Public Charter High School, Lawrence (District)",2022,In-District FTE Pupils,121.3
"Phoenix Academy Public Charter High School, Lawrence (District)",2023,In-District FTE Pupils,114.5
"Phoenix Academy Public Charter High School, Lawrence (District)",2024,In-District FTE Pupils,104.4
"Phoenix Academy Public Charter High School, Lawrence (District)",2019,Out-of-District FTE Pupils,0.0
"Phoenix Academy Public Charter High School, Lawrence (District)",2020,Out-of-District FTE Pupils,0.0
"Phoenix Academy Public Charter High School, Lawrence (District)",2021,Out-of-District FTE Pupils,0.0
"Phoenix Academy Public Charter High School, Lawrence (District)",2022,Out-of-District FTE Pupils,0.0
"Phoenix Academy Public Charter High School, Lawrence (District)",2023,Out-of-District FTE Pupils,0.0
"Phoenix Academy Public Charter High School, Lawrence (District)",2024,Out-of-District FTE Pupils,0.0
"Phoenix Academy Public Charter High School, Springfield (District)",2019,In-District FTE Pupils,188.2
"Phoenix Academy Public Charter High School, Springfield (District)",2020,In-District FTE Pupils,183.3
"Phoenix Academy Public Charter High School, Springfield (District)",2021,In-District FTE Pupils,199.3
"Phoenix Academy Public Charter High School, Springfield (District)",2022,In-District FTE Pupils,169.6
"Phoenix Academy Public Charter High School, Springfield (District)",2023,In-District FTE Pupils,167.8
"Phoenix Academy Public Charter High School, Springfield (District)",2024,In-District FTE Pupils,157.9
"Phoenix Academy Public Charter High School, Springfield (District)",2019,Out-of-District FTE Pupils,0.0
"Phoenix Academy Public Charter High School, Springfield (District)",2020,Out-of-District FTE Pupils,0.0
"Phoenix Academy Public Charter High School, Springfield (District)",2021,Out-of-District FTE Pupils,0.0
"Phoenix Academy Public Charter High School, Springfield (District)",2022,Out-of-District FTE Pupils,0.0
"Phoenix Academy Public Charter High School, Springfield (District)",2023,Out-of-District FTE Pupils,0.0
"Phoenix Academy Public Charter High School, Springfield (District)",2024,Out-of-District FTE Pupils,0.0
Pioneer Charter School of Science (District),2019,In-District FTE Pupils,784.0
Pioneer Charter School of Science (District),2020,In-District FTE Pupils,790.1
Pioneer Charter School of Science (District),2021,In-District FTE Pupils,791.6
Pioneer Charter School of Science (District),2022,In-District FTE Pupils,777.2
Pioneer Charter School of Science (District),2023,In-District FTE Pupils,777.9
Pioneer Charter School of Science (District),2024,In-District FTE Pupils,780.0
Pioneer Charter School of Science (District),2019,Out-of-District FTE Pupils,0.0
Pioneer Charter School of Science (District),2020,Out-of-District FTE Pupils,0.0
Pioneer Charter School of Science (District),2021,Out-of-District FTE Pupils,0.0
Pioneer Charter School of Science (District),2022,Out-of-District FTE Pupils,0.0
Pioneer Charter School of Science (District),2023,Out-of-District FTE Pupils,0.0
Pioneer Charter School of Science (District),2024,Out-of-District FTE Pupils,0.0
Pioneer Charter School of Science II (District),2019,In-District FTE Pupils,360.2
Pioneer Charter School of Science II (District),2020,In-District FTE Pupils,357.4
Pioneer Charter School of Science II (District),2021,In-District FTE Pupils,361.1
Pioneer Charter School of Science II (District),2022,In-District FTE Pupils,369.3
Pioneer Charter School of Science II (District),2023,In-District FTE Pupils,458.6
Pioneer Charter School of Science II (District),2024,In-District FTE Pupils,565.2
Pioneer Charter School of Science II (District),2019,Out-of-District FTE Pupils,0.0
Pioneer Charter School of Science II (District),2020,Out-of-District FTE Pupils,0.0
Pioneer Charter School of Science II (District),2021,Out-of-District FTE Pupils,0.0
Pioneer Charter School of Science II (District),2022,Out-of-District FTE Pupils,0.0
Pioneer Charter School of Science II (District),2023,Out-of-District FTE Pupils,0.0
Pioneer Charter School of Science II (District),2024,Out-of-District FTE Pupils,0.0
Pioneer Valley,2009,In-District FTE Pupils,1101.7
Pioneer Valley,2010,In-District FTE Pupils,1109.3
Pioneer Valley,2011,In-District FTE Pupils,1074.1
Pioneer Valley,2012,In-District FTE Pupils,1056.1
Pioneer Valley,2013,In-District FTE Pupils,990.1
Pioneer Valley,2014,In-District FTE Pupils,942.2
Pioneer Valley,2015,In-District FTE Pupils,873.4
Pioneer Valley,2016,In-District FTE Pupils,846.7
Pioneer Valley,2017,In-District FTE Pupils,821.8
Pioneer Valley,2018,In-District FTE Pupils,774.2
Pioneer Valley,2019,In-District FTE Pupils,738.0
Pioneer Valley,2020,In-District FTE Pupils,674.4
Pioneer Valley,2021,In-District FTE Pupils,605.7
Pioneer Valley,2022,In-District FTE Pupils,637.9
Pioneer Valley,2023,In-District FTE Pupils,646.6
Pioneer Valley,2024,In-District FTE Pupils,580.7
Pioneer Valley,2009,Out-of-District FTE Pupils,46.8
Pioneer Valley,2010,Out-of-District FTE Pupils,48.3
Pioneer Valley,2011,Out-of-District FTE Pupils,47.1
Pioneer Valley,2012,Out-of-District FTE Pupils,44.1
Pioneer Valley,2013,Out-of-District FTE Pupils,50.6
Pioneer Valley,2014,Out-of-District FTE Pupils,50.4
Pioneer Valley,2015,Out-of-District FTE Pupils,69.0
Pioneer Valley,2016,Out-of-District FTE Pupils,69.5
Pioneer Valley,2017,Out-of-District FTE Pupils,82.4
Pioneer Valley,2018,Out-of-District FTE Pupils,93.0
Pioneer Valley,2019,Out-of-District FTE Pupils,99.3
Pioneer Valley,2020,Out-of-District FTE Pupils,94.1
Pioneer Valley,2021,Out-of-District FTE Pupils,80.5
Pioneer Valley,2022,Out-of-District FTE Pupils,88.5
Pioneer Valley,2023,Out-of-District FTE Pupils,85.2
Pioneer Valley,2024,Out-of-District FTE Pupils,83.8
Pioneer Valley Chinese Immersion Charter (District),2019,In-District FTE Pupils,517.8
Pioneer Valley Chinese Immersion Charter (District),2020,In-District FTE Pupils,535.6
Pioneer Valley Chinese Immersion Charter (District),2021,In-District FTE Pupils,558.9
Pioneer Valley Chinese Immersion Charter (District),2022,In-District FTE Pupils,563.6
Pioneer Valley Chinese Immersion Charter (District),2023,In-District FTE Pupils,544.9
Pioneer Valley Chinese Immersion Charter (District),2024,In-District FTE Pupils,547.9
Pioneer Valley Chinese Immersion Charter (District),2019,Out-of-District FTE Pupils,0.0
Pioneer Valley Chinese Immersion Charter (District),2020,Out-of-District FTE Pupils,0.0
Pioneer Valley Chinese Immersion Charter (District),2021,Out-of-District FTE Pupils,0.0
Pioneer Valley Chinese Immersion Charter (District),2022,Out-of-District FTE Pupils,0.0
Pioneer Valley Chinese Immersion Charter (District),2023,Out-of-District FTE Pupils,0.0
Pioneer Valley Chinese Immersion Charter (District),2024,Out-of-District FTE Pupils,0.0
Pioneer Valley Performing Arts Charter Public (District),2019,In-District FTE Pupils,392.3
Pioneer Valley Performing Arts Charter Public (District),2020,In-District FTE Pupils,396.9
Pioneer Valley Performing Arts Charter Public (District),2021,In-District FTE Pupils,396.7
Pioneer Valley Performing Arts Charter Public (District),2022,In-District FTE Pupils,393.9
Pioneer Valley Performing Arts Charter Public (District),2023,In-District FTE Pupils,398.9
Pioneer Valley Performing Arts Charter Public (District),2024,In-District FTE Pupils,404.6
Pioneer Valley Performing Arts Charter Public (District),2019,Out-of-District FTE Pupils,0.0
Pioneer Valley Performing Arts Charter Public (District),2020,Out-of-District FTE Pupils,0.0
Pioneer Valley Performing Arts Charter Public (District),2021,Out-of-District FTE Pupils,0.0
Pioneer Valley Performing Arts Charter Public (District),2022,Out-of-District FTE Pupils,0.0
Pioneer Valley Performing Arts Charter Public (District),2023,Out-of-District FTE Pupils,0.0
Pioneer Valley Performing Arts Charter Public (District),2024,Out-of-District FTE Pupils,0.0
Pittsfield,2009,In-District FTE Pupils,6200.5
Pittsfield,2010,In-District FTE Pupils,6132.1
Pittsfield,2011,In-District FTE Pupils,6068.3
Pittsfield,2012,In-District FTE Pupils,6091.0
Pittsfield,2013,In-District FTE Pupils,6039.2
Pittsfield,2014,In-District FTE Pupils,5916.6
Pittsfield,2015,In-District FTE Pupils,5781.5
Pittsfield,2016,In-District FTE Pupils,5670.2
Pittsfield,2017,In-District FTE Pupils,5537.3
Pittsfield,2018,In-District FTE Pupils,5502.3
Pittsfield,2019,In-District FTE Pupils,5420.4
Pittsfield,2020,In-District FTE Pupils,5265.3
Pittsfield,2021,In-District FTE Pupils,4972.0
Pittsfield,2022,In-District FTE Pupils,4949.1
Pittsfield,2023,In-District FTE Pupils,4920.9
Pittsfield,2024,In-District FTE Pupils,4930.8
Pittsfield,2009,Out-of-District FTE Pupils,422.8
Pittsfield,2010,Out-of-District FTE Pupils,457.2
Pittsfield,2011,Out-of-District FTE Pupils,498.6
Pittsfield,2012,Out-of-District FTE Pupils,528.0
Pittsfield,2013,Out-of-District FTE Pupils,564.2
Pittsfield,2014,Out-of-District FTE Pupils,580.1
Pittsfield,2015,Out-of-District FTE Pupils,680.5
Pittsfield,2016,Out-of-District FTE Pupils,717.7
Pittsfield,2017,Out-of-District FTE Pupils,750.1
Pittsfield,2018,Out-of-District FTE Pupils,733.0
Pittsfield,2019,Out-of-District FTE Pupils,781.2
Pittsfield,2020,Out-of-District FTE Pupils,839.5
Pittsfield,2021,Out-of-District FTE Pupils,838.2
Pittsfield,2022,Out-of-District FTE Pupils,816.4
Pittsfield,2023,Out-of-District FTE Pupils,826.6
Pittsfield,2024,Out-of-District FTE Pupils,874.7
Plainville,2009,In-District FTE Pupils,795.6
Plainville,2010,In-District FTE Pupils,787.0
Plainville,2011,In-District FTE Pupils,783.0
Plainville,2012,In-District FTE Pupils,788.4
Plainville,2013,In-District FTE Pupils,791.8
Plainville,2014,In-District FTE Pupils,754.9
Plainville,2015,In-District FTE Pupils,733.9
Plainville,2016,In-District FTE Pupils,734.7
Plainville,2017,In-District FTE Pupils,712.0
Plainville,2018,In-District FTE Pupils,713.8
Plainville,2019,In-District FTE Pupils,719.0
Plainville,2020,In-District FTE Pupils,711.2
Plainville,2021,In-District FTE Pupils,628.9
Plainville,2022,In-District FTE Pupils,656.8
Plainville,2023,In-District FTE Pupils,647.0
Plainville,2024,In-District FTE Pupils,649.1
Plainville,2009,Out-of-District FTE Pupils,18.0
Plainville,2010,Out-of-District FTE Pupils,18.5
Plainville,2011,Out-of-District FTE Pupils,14.1
Plainville,2012,Out-of-District FTE Pupils,16.3
Plainville,2013,Out-of-District FTE Pupils,13.7
Plainville,2014,Out-of-District FTE Pupils,19.7
Plainville,2015,Out-of-District FTE Pupils,24.8
Plainville,2016,Out-of-District FTE Pupils,24.9
Plainville,2017,Out-of-District FTE Pupils,23.5
Plainville,2018,Out-of-District FTE Pupils,34.7
Plainville,2019,Out-of-District FTE Pupils,46.4
Plainville,2020,Out-of-District FTE Pupils,52.9
Plainville,2021,Out-of-District FTE Pupils,63.0
Plainville,2022,Out-of-District FTE Pupils,60.1
Plainville,2023,Out-of-District FTE Pupils,53.9
Plainville,2024,Out-of-District FTE Pupils,40.7
Plymouth,2009,In-District FTE Pupils,8262.1
Plymouth,2010,In-District FTE Pupils,8182.2
Plymouth,2011,In-District FTE Pupils,8054.3
Plymouth,2012,In-District FTE Pupils,7995.7
Plymouth,2013,In-District FTE Pupils,7968.9
Plymouth,2014,In-District FTE Pupils,7764.4
Plymouth,2015,In-District FTE Pupils,7700.4
Plymouth,2016,In-District FTE Pupils,7602.2
Plymouth,2017,In-District FTE Pupils,7594.6
Plymouth,2018,In-District FTE Pupils,7507.4
Plymouth,2019,In-District FTE Pupils,7410.3
Plymouth,2020,In-District FTE Pupils,7398.4
Plymouth,2021,In-District FTE Pupils,7059.9
Plymouth,2022,In-District FTE Pupils,7254.3
Plymouth,2023,In-District FTE Pupils,7064.7
Plymouth,2024,In-District FTE Pupils,7011.0
Plymouth,2009,Out-of-District FTE Pupils,441.1
Plymouth,2010,Out-of-District FTE Pupils,469.0
Plymouth,2011,Out-of-District FTE Pupils,484.7
Plymouth,2012,Out-of-District FTE Pupils,543.5
Plymouth,2013,Out-of-District FTE Pupils,605.6
Plymouth,2014,Out-of-District FTE Pupils,657.8
Plymouth,2015,Out-of-District FTE Pupils,678.5
Plymouth,2016,Out-of-District FTE Pupils,706.6
Plymouth,2017,Out-of-District FTE Pupils,705.3
Plymouth,2018,Out-of-District FTE Pupils,664.4
Plymouth,2019,Out-of-District FTE Pupils,706.6
Plymouth,2020,Out-of-District FTE Pupils,682.5
Plymouth,2021,Out-of-District FTE Pupils,670.8
Plymouth,2022,Out-of-District FTE Pupils,647.9
Plymouth,2023,Out-of-District FTE Pupils,638.5
Plymouth,2024,Out-of-District FTE Pupils,628.4
Plympton,2009,In-District FTE Pupils,228.8
Plympton,2010,In-District FTE Pupils,247.4
Plympton,2011,In-District FTE Pupils,231.7
Plympton,2012,In-District FTE Pupils,230.6
Plympton,2013,In-District FTE Pupils,239.2
Plympton,2014,In-District FTE Pupils,235.3
Plympton,2015,In-District FTE Pupils,217.9
Plympton,2016,In-District FTE Pupils,219.4
Plympton,2017,In-District FTE Pupils,210.2
Plympton,2018,In-District FTE Pupils,204.5
Plympton,2019,In-District FTE Pupils,201.0
Plympton,2020,In-District FTE Pupils,217.4
Plympton,2021,In-District FTE Pupils,214.9
Plympton,2022,In-District FTE Pupils,241.9
Plympton,2023,In-District FTE Pupils,240.5
Plympton,2009,Out-of-District FTE Pupils,7.5
Plympton,2010,Out-of-District FTE Pupils,7.5
Plympton,2011,Out-of-District FTE Pupils,8.4
Plympton,2012,Out-of-District FTE Pupils,10.1
Plympton,2013,Out-of-District FTE Pupils,12.4
Plympton,2014,Out-of-District FTE Pupils,12.4
Plympton,2015,Out-of-District FTE Pupils,15.8
Plympton,2016,Out-of-District FTE Pupils,18.8
Plympton,2017,Out-of-District FTE Pupils,18.4
Plympton,2018,Out-of-District FTE Pupils,18.6
Plympton,2019,Out-of-District FTE Pupils,18.5
Plympton,2020,Out-of-District FTE Pupils,12.1
Plympton,2021,Out-of-District FTE Pupils,10.2
Plympton,2022,Out-of-District FTE Pupils,11.0
Plympton,2023,Out-of-District FTE Pupils,20.7
Prospect Hill Academy Charter (District),2019,In-District FTE Pupils,1118.2
Prospect Hill Academy Charter (District),2020,In-District FTE Pupils,1098.4
Prospect Hill Academy Charter (District),2021,In-District FTE Pupils,1106.3
Prospect Hill Academy Charter (District),2022,In-District FTE Pupils,1094.1
Prospect Hill Academy Charter (District),2023,In-District FTE Pupils,985.8
Prospect Hill Academy Charter (District),2024,In-District FTE Pupils,911.2
Prospect Hill Academy Charter (District),2019,Out-of-District FTE Pupils,0.0
Prospect Hill Academy Charter (District),2020,Out-of-District FTE Pupils,0.0
Prospect Hill Academy Charter (District),2021,Out-of-District FTE Pupils,0.0
Prospect Hill Academy Charter (District),2022,Out-of-District FTE Pupils,0.0
Prospect Hill Academy Charter (District),2023,Out-of-District FTE Pupils,0.0
Prospect Hill Academy Charter (District),2024,Out-of-District FTE Pupils,0.0
Provincetown,2009,In-District FTE Pupils,177.0
Provincetown,2010,In-District FTE Pupils,156.6
Provincetown,2011,In-District FTE Pupils,125.8
Provincetown,2012,In-District FTE Pupils,105.7
Provincetown,2013,In-District FTE Pupils,109.7
Provincetown,2014,In-District FTE Pupils,109.3
Provincetown,2015,In-District FTE Pupils,112.2
Provincetown,2016,In-District FTE Pupils,115.6
Provincetown,2017,In-District FTE Pupils,129.3
Provincetown,2018,In-District FTE Pupils,119.7
Provincetown,2019,In-District FTE Pupils,127.1
Provincetown,2020,In-District FTE Pupils,132.6
Provincetown,2021,In-District FTE Pupils,132.8
Provincetown,2022,In-District FTE Pupils,147.0
Provincetown,2023,In-District FTE Pupils,139.3
Provincetown,2024,In-District FTE Pupils,139.7
Provincetown,2009,Out-of-District FTE Pupils,49.9
Provincetown,2010,Out-of-District FTE Pupils,58.2
Provincetown,2011,Out-of-District FTE Pupils,65.6
Provincetown,2012,Out-of-District FTE Pupils,63.0
Provincetown,2013,Out-of-District FTE Pupils,66.0
Provincetown,2014,Out-of-District FTE Pupils,65.1
Provincetown,2015,Out-of-District FTE Pupils,64.7
Provincetown,2016,Out-of-District FTE Pupils,61.4
Provincetown,2017,Out-of-District FTE Pupils,59.6
Provincetown,2018,Out-of-District FTE Pupils,56.2
Provincetown,2019,Out-of-District FTE Pupils,57.9
Provincetown,2020,Out-of-District FTE Pupils,39.1
Provincetown,2021,Out-of-District FTE Pupils,30.5
Provincetown,2022,Out-of-District FTE Pupils,25.7
Provincetown,2023,Out-of-District FTE Pupils,26.3
Provincetown,2024,Out-of-District FTE Pupils,20.2
Quabbin,2009,In-District FTE Pupils,3104.2
Quabbin,2010,In-District FTE Pupils,3001.4
Quabbin,2011,In-District FTE Pupils,2856.2
Quabbin,2012,In-District FTE Pupils,2703.2
Quabbin,2013,In-District FTE Pupils,2559.0
Quabbin,2014,In-District FTE Pupils,2481.1
Quabbin,2015,In-District FTE Pupils,2445.2
Quabbin,2016,In-District FTE Pupils,2360.2
Quabbin,2017,In-District FTE Pupils,2236.2
Quabbin,2018,In-District FTE Pupils,2209.5
Quabbin,2019,In-District FTE Pupils,2118.8
Quabbin,2020,In-District FTE Pupils,2153.5
Quabbin,2021,In-District FTE Pupils,2103.5
Quabbin,2022,In-District FTE Pupils,2222.6
Quabbin,2023,In-District FTE Pupils,2179.1
Quabbin,2024,In-District FTE Pupils,2151.7
Quabbin,2009,Out-of-District FTE Pupils,122.9
Quabbin,2010,Out-of-District FTE Pupils,139.7
Quabbin,2011,Out-of-District FTE Pupils,144.9
Quabbin,2012,Out-of-District FTE Pupils,127.6
Quabbin,2013,Out-of-District FTE Pupils,137.0
Quabbin,2014,Out-of-District FTE Pupils,140.2
Quabbin,2015,Out-of-District FTE Pupils,158.5
Quabbin,2016,Out-of-District FTE Pupils,188.6
Quabbin,2017,Out-of-District FTE Pupils,182.7
Quabbin,2018,Out-of-District FTE Pupils,175.4
Quabbin,2019,Out-of-District FTE Pupils,189.2
Quabbin,2020,Out-of-District FTE Pupils,156.7
Quabbin,2021,Out-of-District FTE Pupils,134.0
Quabbin,2022,Out-of-District FTE Pupils,101.8
Quabbin,2023,Out-of-District FTE Pupils,105.1
Quabbin,2024,Out-of-District FTE Pupils,109.6
Quaboag Regional,2009,In-District FTE Pupils,1439.2
Quaboag Regional,2010,In-District FTE Pupils,1436.2
Quaboag Regional,2011,In-District FTE Pupils,1446.6
Quaboag Regional,2012,In-District FTE Pupils,1369.8
Quaboag Regional,2013,In-District FTE Pupils,1358.7
Quaboag Regional,2014,In-District FTE Pupils,1383.2
Quaboag Regional,2015,In-District FTE Pupils,1382.2
Quaboag Regional,2016,In-District FTE Pupils,1407.2
Quaboag Regional,2017,In-District FTE Pupils,1412.1
Quaboag Regional,2018,In-District FTE Pupils,1342.1
Quaboag Regional,2019,In-District FTE Pupils,1310.0
Quaboag Regional,2020,In-District FTE Pupils,1227.8
Quaboag Regional,2021,In-District FTE Pupils,1142.5
Quaboag Regional,2022,In-District FTE Pupils,1150.3
Quaboag Regional,2023,In-District FTE Pupils,1157.6
Quaboag Regional,2024,In-District FTE Pupils,1116.3
Quaboag Regional,2009,Out-of-District FTE Pupils,103.6
Quaboag Regional,2010,Out-of-District FTE Pupils,104.5
Quaboag Regional,2011,Out-of-District FTE Pupils,127.0
Quaboag Regional,2012,Out-of-District FTE Pupils,123.8
Quaboag Regional,2013,Out-of-District FTE Pupils,127.0
Quaboag Regional,2014,Out-of-District FTE Pupils,107.4
Quaboag Regional,2015,Out-of-District FTE Pupils,99.1
Quaboag Regional,2016,Out-of-District FTE Pupils,102.2
Quaboag Regional,2017,Out-of-District FTE Pupils,114.9
Quaboag Regional,2018,Out-of-District FTE Pupils,89.3
Quaboag Regional,2019,Out-of-District FTE Pupils,96.2
Quaboag Regional,2020,Out-of-District FTE Pupils,125.8
Quaboag Regional,2021,Out-of-District FTE Pupils,119.2
Quaboag Regional,2022,Out-of-District FTE Pupils,128.8
Quaboag Regional,2023,Out-of-District FTE Pupils,134.6
Quaboag Regional,2024,Out-of-District FTE Pupils,133.9
Quincy,2009,In-District FTE Pupils,8905.7
Quincy,2010,In-District FTE Pupils,8932.1
Quincy,2011,In-District FTE Pupils,9085.5
Quincy,2012,In-District FTE Pupils,9137.8
Quincy,2013,In-District FTE Pupils,9085.0
Quincy,2014,In-District FTE Pupils,9150.1
Quincy,2015,In-District FTE Pupils,9044.4
Quincy,2016,In-District FTE Pupils,9093.0
Quincy,2017,In-District FTE Pupils,9267.3
Quincy,2018,In-District FTE Pupils,9388.4
Quincy,2019,In-District FTE Pupils,9500.8
Quincy,2020,In-District FTE Pupils,9624.9
Quincy,2021,In-District FTE Pupils,9459.2
Quincy,2022,In-District FTE Pupils,9630.2
Quincy,2023,In-District FTE Pupils,9701.0
Quincy,2024,In-District FTE Pupils,9787.7
Quincy,2009,Out-of-District FTE Pupils,156.4
Quincy,2010,Out-of-District FTE Pupils,162.5
Quincy,2011,Out-of-District FTE Pupils,176.5
Quincy,2012,Out-of-District FTE Pupils,167.6
Quincy,2013,Out-of-District FTE Pupils,170.7
Quincy,2014,Out-of-District FTE Pupils,198.5
Quincy,2015,Out-of-District FTE Pupils,215.8
Quincy,2016,Out-of-District FTE Pupils,209.1
Quincy,2017,Out-of-District FTE Pupils,238.8
Quincy,2018,Out-of-District FTE Pupils,245.4
Quincy,2019,Out-of-District FTE Pupils,241.1
Quincy,2020,Out-of-District FTE Pupils,239.2
Quincy,2021,Out-of-District FTE Pupils,256.7
Quincy,2022,Out-of-District FTE Pupils,246.4
Quincy,2023,Out-of-District FTE Pupils,286.5
Quincy,2024,Out-of-District FTE Pupils,306.1
Ralph C Mahar,2009,In-District FTE Pupils,761.2
Ralph C Mahar,2010,In-District FTE Pupils,769.1
Ralph C Mahar,2011,In-District FTE Pupils,814.7
Ralph C Mahar,2012,In-District FTE Pupils,829.5
Ralph C Mahar,2013,In-District FTE Pupils,780.9
Ralph C Mahar,2014,In-District FTE Pupils,810.0
Ralph C Mahar,2015,In-District FTE Pupils,811.2
Ralph C Mahar,2016,In-District FTE Pupils,801.5
Ralph C Mahar,2017,In-District FTE Pupils,751.5
Ralph C Mahar,2018,In-District FTE Pupils,772.9
Ralph C Mahar,2019,In-District FTE Pupils,763.5
Ralph C Mahar,2020,In-District FTE Pupils,630.6
Ralph C Mahar,2021,In-District FTE Pupils,619.6
Ralph C Mahar,2022,In-District FTE Pupils,555.5
Ralph C Mahar,2023,In-District FTE Pupils,517.3
Ralph C Mahar,2024,In-District FTE Pupils,500.0
Ralph C Mahar,2009,Out-of-District FTE Pupils,148.6
Ralph C Mahar,2010,Out-of-District FTE Pupils,137.5
Ralph C Mahar,2011,Out-of-District FTE Pupils,121.4
Ralph C Mahar,2012,Out-of-District FTE Pupils,108.5
Ralph C Mahar,2013,Out-of-District FTE Pupils,104.4
Ralph C Mahar,2014,Out-of-District FTE Pupils,96.1
Ralph C Mahar,2015,Out-of-District FTE Pupils,107.2
Ralph C Mahar,2016,Out-of-District FTE Pupils,95.2
Ralph C Mahar,2017,Out-of-District FTE Pupils,102.9
Ralph C Mahar,2018,Out-of-District FTE Pupils,95.0
Ralph C Mahar,2019,Out-of-District FTE Pupils,102.2
Ralph C Mahar,2020,Out-of-District FTE Pupils,102.0
Ralph C Mahar,2021,Out-of-District FTE Pupils,102.3
Ralph C Mahar,2022,Out-of-District FTE Pupils,107.5
Ralph C Mahar,2023,Out-of-District FTE Pupils,113.5
Ralph C Mahar,2024,Out-of-District FTE Pupils,121.8
Randolph,2009,In-District FTE Pupils,2969.9
Randolph,2010,In-District FTE Pupils,2885.1
Randolph,2011,In-District FTE Pupils,2933.7
Randolph,2012,In-District FTE Pupils,2989.5
Randolph,2013,In-District FTE Pupils,2972.7
Randolph,2014,In-District FTE Pupils,2969.2
Randolph,2015,In-District FTE Pupils,2967.0
Randolph,2016,In-District FTE Pupils,2946.4
Randolph,2017,In-District FTE Pupils,2883.8
Randolph,2018,In-District FTE Pupils,2866.2
Randolph,2019,In-District FTE Pupils,2798.4
Randolph,2020,In-District FTE Pupils,2768.4
Randolph,2021,In-District FTE Pupils,2679.9
Randolph,2022,In-District FTE Pupils,2639.1
Randolph,2023,In-District FTE Pupils,2671.4
Randolph,2024,In-District FTE Pupils,2770.7
Randolph,2009,Out-of-District FTE Pupils,339.1
Randolph,2010,Out-of-District FTE Pupils,355.8
Randolph,2011,Out-of-District FTE Pupils,379.6
Randolph,2012,Out-of-District FTE Pupils,405.1
Randolph,2013,Out-of-District FTE Pupils,425.7
Randolph,2014,Out-of-District FTE Pupils,454.4
Randolph,2015,Out-of-District FTE Pupils,451.1
Randolph,2016,Out-of-District FTE Pupils,454.7
Randolph,2017,Out-of-District FTE Pupils,517.5
Randolph,2018,Out-of-District FTE Pupils,548.3
Randolph,2019,Out-of-District FTE Pupils,592.3
Randolph,2020,Out-of-District FTE Pupils,623.1
Randolph,2021,Out-of-District FTE Pupils,658.8
Randolph,2022,Out-of-District FTE Pupils,622.8
Randolph,2023,Out-of-District FTE Pupils,576.6
Randolph,2024,Out-of-District FTE Pupils,524.5
Reading,2009,In-District FTE Pupils,4396.8
Reading,2010,In-District FTE Pupils,4376.3
Reading,2011,In-District FTE Pupils,4439.6
Reading,2012,In-District FTE Pupils,4452.7
Reading,2013,In-District FTE Pupils,4444.3
Reading,2014,In-District FTE Pupils,4390.6
Reading,2015,In-District FTE Pupils,4375.7
Reading,2016,In-District FTE Pupils,4356.8
Reading,2017,In-District FTE Pupils,4275.7
Reading,2018,In-District FTE Pupils,4175.0
Reading,2019,In-District FTE Pupils,4182.3
Reading,2020,In-District FTE Pupils,4137.2
Reading,2021,In-District FTE Pupils,3919.7
Reading,2022,In-District FTE Pupils,3845.5
Reading,2023,In-District FTE Pupils,3841.3
Reading,2024,In-District FTE Pupils,3842.4
Reading,2009,Out-of-District FTE Pupils,82.3
Reading,2010,Out-of-District FTE Pupils,81.3
Reading,2011,Out-of-District FTE Pupils,72.2
Reading,2012,Out-of-District FTE Pupils,75.1
Reading,2013,Out-of-District FTE Pupils,67.0
Reading,2014,Out-of-District FTE Pupils,67.8
Reading,2015,Out-of-District FTE Pupils,82.6
Reading,2016,Out-of-District FTE Pupils,79.7
Reading,2017,Out-of-District FTE Pupils,88.9
Reading,2018,Out-of-District FTE Pupils,91.2
Reading,2019,Out-of-District FTE Pupils,85.9
Reading,2020,Out-of-District FTE Pupils,59.7
Reading,2021,Out-of-District FTE Pupils,81.5
Reading,2022,Out-of-District FTE Pupils,87.5
Reading,2023,Out-of-District FTE Pupils,92.1
Reading,2024,Out-of-District FTE Pupils,91.2
Revere,2009,In-District FTE Pupils,6053.3
Revere,2010,In-District FTE Pupils,6174.2
Revere,2011,In-District FTE Pupils,6326.6
Revere,2012,In-District FTE Pupils,6513.1
Revere,2013,In-District FTE Pupils,6645.8
Revere,2014,In-District FTE Pupils,6798.8
Revere,2015,In-District FTE Pupils,6976.9
Revere,2016,In-District FTE Pupils,7149.9
Revere,2017,In-District FTE Pupils,7495.9
Revere,2018,In-District FTE Pupils,7568.2
Revere,2019,In-District FTE Pupils,7530.2
Revere,2020,In-District FTE Pupils,7509.8
Revere,2021,In-District FTE Pupils,7168.2
Revere,2022,In-District FTE Pupils,7276.1
Revere,2023,In-District FTE Pupils,7425.3
Revere,2024,In-District FTE Pupils,7365.1
Revere,2009,Out-of-District FTE Pupils,257.7
Revere,2010,Out-of-District FTE Pupils,259.5
Revere,2011,Out-of-District FTE Pupils,250.7
Revere,2012,Out-of-District FTE Pupils,253.6
Revere,2013,Out-of-District FTE Pupils,262.5
Revere,2014,Out-of-District FTE Pupils,247.9
Revere,2015,Out-of-District FTE Pupils,294.5
Revere,2016,Out-of-District FTE Pupils,337.7
Revere,2017,Out-of-District FTE Pupils,402.0
Revere,2018,Out-of-District FTE Pupils,492.2
Revere,2019,Out-of-District FTE Pupils,623.8
Revere,2020,Out-of-District FTE Pupils,662.7
Revere,2021,Out-of-District FTE Pupils,693.0
Revere,2022,Out-of-District FTE Pupils,744.4
Revere,2023,Out-of-District FTE Pupils,792.3
Revere,2024,Out-of-District FTE Pupils,810.7
Richmond,2009,In-District FTE Pupils,183.0
Richmond,2010,In-District FTE Pupils,170.6
Richmond,2011,In-District FTE Pupils,164.6
Richmond,2012,In-District FTE Pupils,176.6
Richmond,2013,In-District FTE Pupils,153.0
Richmond,2014,In-District FTE Pupils,147.7
Richmond,2015,In-District FTE Pupils,158.5
Richmond,2016,In-District FTE Pupils,173.2
Richmond,2017,In-District FTE Pupils,167.3
Richmond,2018,In-District FTE Pupils,178.6
Richmond,2019,In-District FTE Pupils,179.3
Richmond,2020,In-District FTE Pupils,170.6
Richmond,2021,In-District FTE Pupils,151.4
Richmond,2022,In-District FTE Pupils,155.9
Richmond,2023,In-District FTE Pupils,151.7
Richmond,2024,In-District FTE Pupils,157.6
Richmond,2009,Out-of-District FTE Pupils,86.2
Richmond,2010,Out-of-District FTE Pupils,86.9
Richmond,2011,Out-of-District FTE Pupils,85.3
Richmond,2012,Out-of-District FTE Pupils,65.6
Richmond,2013,Out-of-District FTE Pupils,80.3
Richmond,2014,Out-of-District FTE Pupils,82.0
Richmond,2015,Out-of-District FTE Pupils,57.8
Richmond,2016,Out-of-District FTE Pupils,55.3
Richmond,2017,Out-of-District FTE Pupils,54.4
Richmond,2018,Out-of-District FTE Pupils,39.5
Richmond,2019,Out-of-District FTE Pupils,37.4
Richmond,2020,Out-of-District FTE Pupils,40.3
Richmond,2021,Out-of-District FTE Pupils,40.1
Richmond,2022,Out-of-District FTE Pupils,52.2
Richmond,2023,Out-of-District FTE Pupils,52.7
Richmond,2024,Out-of-District FTE Pupils,52.5
Rising Tide Charter Public (District),2019,In-District FTE Pupils,654.7
Rising Tide Charter Public (District),2020,In-District FTE Pupils,647.3
Rising Tide Charter Public (District),2021,In-District FTE Pupils,668.1
Rising Tide Charter Public (District),2022,In-District FTE Pupils,650.3
Rising Tide Charter Public (District),2023,In-District FTE Pupils,626.3
Rising Tide Charter Public (District),2024,In-District FTE Pupils,617.2
Rising Tide Charter Public (District),2019,Out-of-District FTE Pupils,0.0
Rising Tide Charter Public (District),2020,Out-of-District FTE Pupils,0.0
Rising Tide Charter Public (District),2021,Out-of-District FTE Pupils,0.0
Rising Tide Charter Public (District),2022,Out-of-District FTE Pupils,0.0
Rising Tide Charter Public (District),2023,Out-of-District FTE Pupils,0.0
Rising Tide Charter Public (District),2024,Out-of-District FTE Pupils,0.0
River Valley Charter (District),2019,In-District FTE Pupils,287.9
River Valley Charter (District),2020,In-District FTE Pupils,306.9
River Valley Charter (District),2021,In-District FTE Pupils,287.9
River Valley Charter (District),2022,In-District FTE Pupils,287.0
River Valley Charter (District),2023,In-District FTE Pupils,287.8
River Valley Charter (District),2024,In-District FTE Pupils,287.5
River Valley Charter (District),2019,Out-of-District FTE Pupils,0.0
River Valley Charter (District),2020,Out-of-District FTE Pupils,0.0
River Valley Charter (District),2021,Out-of-District FTE Pupils,0.0
River Valley Charter (District),2022,Out-of-District FTE Pupils,0.0
River Valley Charter (District),2023,Out-of-District FTE Pupils,0.0
River Valley Charter (District),2024,Out-of-District FTE Pupils,0.0
Rochester,2009,In-District FTE Pupils,609.7
Rochester,2010,In-District FTE Pupils,603.8
Rochester,2011,In-District FTE Pupils,553.5
Rochester,2012,In-District FTE Pupils,543.9
Rochester,2013,In-District FTE Pupils,524.6
Rochester,2014,In-District FTE Pupils,489.6
Rochester,2015,In-District FTE Pupils,475.5
Rochester,2016,In-District FTE Pupils,485.1
Rochester,2017,In-District FTE Pupils,465.3
Rochester,2018,In-District FTE Pupils,505.6
Rochester,2019,In-District FTE Pupils,513.7
Rochester,2020,In-District FTE Pupils,506.4
Rochester,2021,In-District FTE Pupils,473.7
Rochester,2022,In-District FTE Pupils,506.5
Rochester,2023,In-District FTE Pupils,485.0
Rochester,2024,In-District FTE Pupils,483.4
Rochester,2009,Out-of-District FTE Pupils,13.0
Rochester,2010,Out-of-District FTE Pupils,13.0
Rochester,2011,Out-of-District FTE Pupils,18.8
Rochester,2012,Out-of-District FTE Pupils,11.3
Rochester,2013,Out-of-District FTE Pupils,16.1
Rochester,2014,Out-of-District FTE Pupils,16.6
Rochester,2015,Out-of-District FTE Pupils,19.0
Rochester,2016,Out-of-District FTE Pupils,15.0
Rochester,2017,Out-of-District FTE Pupils,11.3
Rochester,2018,Out-of-District FTE Pupils,11.0
Rochester,2019,Out-of-District FTE Pupils,11.8
Rochester,2020,Out-of-District FTE Pupils,14.8
Rochester,2021,Out-of-District FTE Pupils,20.0
Rochester,2022,Out-of-District FTE Pupils,19.8
Rochester,2023,Out-of-District FTE Pupils,17.2
Rochester,2024,Out-of-District FTE Pupils,15.5
Rockland,2009,In-District FTE Pupils,2371.6
Rockland,2010,In-District FTE Pupils,2303.4
Rockland,2011,In-District FTE Pupils,2269.0
Rockland,2012,In-District FTE Pupils,2224.8
Rockland,2013,In-District FTE Pupils,2251.1
Rockland,2014,In-District FTE Pupils,2273.3
Rockland,2015,In-District FTE Pupils,2260.5
Rockland,2016,In-District FTE Pupils,2278.8
Rockland,2017,In-District FTE Pupils,2288.1
Rockland,2018,In-District FTE Pupils,2195.6
Rockland,2019,In-District FTE Pupils,2255.9
Rockland,2020,In-District FTE Pupils,2282.6
Rockland,2021,In-District FTE Pupils,2163.9
Rockland,2022,In-District FTE Pupils,2145.1
Rockland,2023,In-District FTE Pupils,2158.3
Rockland,2024,In-District FTE Pupils,2138.6
Rockland,2009,Out-of-District FTE Pupils,103.6
Rockland,2010,Out-of-District FTE Pupils,117.5
Rockland,2011,Out-of-District FTE Pupils,111.1
Rockland,2012,Out-of-District FTE Pupils,125.6
Rockland,2013,Out-of-District FTE Pupils,141.8
Rockland,2014,Out-of-District FTE Pupils,136.8
Rockland,2015,Out-of-District FTE Pupils,134.3
Rockland,2016,Out-of-District FTE Pupils,149.1
Rockland,2017,Out-of-District FTE Pupils,162.2
Rockland,2018,Out-of-District FTE Pupils,184.7
Rockland,2019,Out-of-District FTE Pupils,180.1
Rockland,2020,Out-of-District FTE Pupils,168.3
Rockland,2021,Out-of-District FTE Pupils,165.4
Rockland,2022,Out-of-District FTE Pupils,169.3
Rockland,2023,Out-of-District FTE Pupils,154.0
Rockland,2024,Out-of-District FTE Pupils,162.1
Rockport,2009,In-District FTE Pupils,1006.8
Rockport,2010,In-District FTE Pupils,976.5
Rockport,2011,In-District FTE Pupils,941.0
Rockport,2012,In-District FTE Pupils,922.0
Rockport,2013,In-District FTE Pupils,927.0
Rockport,2014,In-District FTE Pupils,961.0
Rockport,2015,In-District FTE Pupils,956.7
Rockport,2016,In-District FTE Pupils,950.8
Rockport,2017,In-District FTE Pupils,937.4
Rockport,2018,In-District FTE Pupils,918.2
Rockport,2019,In-District FTE Pupils,894.7
Rockport,2020,In-District FTE Pupils,845.2
Rockport,2021,In-District FTE Pupils,758.4
Rockport,2022,In-District FTE Pupils,747.1
Rockport,2023,In-District FTE Pupils,712.4
Rockport,2024,In-District FTE Pupils,662.2
Rockport,2009,Out-of-District FTE Pupils,45.4
Rockport,2010,Out-of-District FTE Pupils,38.4
Rockport,2011,Out-of-District FTE Pupils,45.7
Rockport,2012,Out-of-District FTE Pupils,39.6
Rockport,2013,Out-of-District FTE Pupils,58.1
Rockport,2014,Out-of-District FTE Pupils,53.8
Rockport,2015,Out-of-District FTE Pupils,51.1
Rockport,2016,Out-of-District FTE Pupils,49.5
Rockport,2017,Out-of-District FTE Pupils,50.9
Rockport,2018,Out-of-District FTE Pupils,39.0
Rockport,2019,Out-of-District FTE Pupils,51.0
Rockport,2020,Out-of-District FTE Pupils,47.0
Rockport,2021,Out-of-District FTE Pupils,46.9
Rockport,2022,Out-of-District FTE Pupils,52.7
Rockport,2023,Out-of-District FTE Pupils,56.4
Rockport,2024,Out-of-District FTE Pupils,61.2
Rowe,2009,In-District FTE Pupils,63.5
Rowe,2010,In-District FTE Pupils,66.0
Rowe,2011,In-District FTE Pupils,64.5
Rowe,2012,In-District FTE Pupils,69.1
Rowe,2013,In-District FTE Pupils,58.2
Rowe,2014,In-District FTE Pupils,55.2
Rowe,2015,In-District FTE Pupils,65.8
Rowe,2016,In-District FTE Pupils,52.2
Rowe,2017,In-District FTE Pupils,59.8
Rowe,2018,In-District FTE Pupils,65.5
Rowe,2019,In-District FTE Pupils,66.0
Rowe,2020,In-District FTE Pupils,73.0
Rowe,2021,In-District FTE Pupils,63.0
Rowe,2022,In-District FTE Pupils,70.4
Rowe,2023,In-District FTE Pupils,68.3
Rowe,2024,In-District FTE Pupils,59.9
Rowe,2009,Out-of-District FTE Pupils,19.4
Rowe,2010,Out-of-District FTE Pupils,20.7
Rowe,2011,Out-of-District FTE Pupils,24.0
Rowe,2012,Out-of-District FTE Pupils,28.2
Rowe,2013,Out-of-District FTE Pupils,32.8
Rowe,2014,Out-of-District FTE Pupils,33.1
Rowe,2015,Out-of-District FTE Pupils,35.0
Rowe,2016,Out-of-District FTE Pupils,41.0
Rowe,2017,Out-of-District FTE Pupils,34.9
Rowe,2018,Out-of-District FTE Pupils,29.5
Rowe,2019,Out-of-District FTE Pupils,28.2
Rowe,2020,Out-of-District FTE Pupils,26.0
Rowe,2021,Out-of-District FTE Pupils,21.7
Rowe,2022,Out-of-District FTE Pupils,23.7
Rowe,2023,Out-of-District FTE Pupils,22.3
Rowe,2024,Out-of-District FTE Pupils,26.0
Roxbury Preparatory Charter (District),2019,In-District FTE Pupils,1509.9
Roxbury Preparatory Charter (District),2020,In-District FTE Pupils,1536.8
Roxbury Preparatory Charter (District),2021,In-District FTE Pupils,1601.1
Roxbury Preparatory Charter (District),2022,In-District FTE Pupils,1501.6
Roxbury Preparatory Charter (District),2023,In-District FTE Pupils,1262.1
Roxbury Preparatory Charter (District),2024,In-District FTE Pupils,1105.4
Roxbury Preparatory Charter (District),2019,Out-of-District FTE Pupils,0.0
Roxbury Preparatory Charter (District),2020,Out-of-District FTE Pupils,0.0
Roxbury Preparatory Charter (District),2021,Out-of-District FTE Pupils,0.0
Roxbury Preparatory Charter (District),2022,Out-of-District FTE Pupils,0.0
Roxbury Preparatory Charter (District),2023,Out-of-District FTE Pupils,0.0
Roxbury Preparatory Charter (District),2024,Out-of-District FTE Pupils,0.0
Salem,2009,In-District FTE Pupils,4435.6
Salem,2010,In-District FTE Pupils,4492.5
Salem,2011,In-District FTE Pupils,4532.8
Salem,2012,In-District FTE Pupils,4523.9
Salem,2013,In-District FTE Pupils,4359.1
Salem,2014,In-District FTE Pupils,4277.3
Salem,2015,In-District FTE Pupils,4134.4
Salem,2016,In-District FTE Pupils,3762.5
Salem,2017,In-District FTE Pupils,3785.4
Salem,2018,In-District FTE Pupils,3737.0
Salem,2019,In-District FTE Pupils,3742.6
Salem,2020,In-District FTE Pupils,3589.1
Salem,2021,In-District FTE Pupils,3714.4
Salem,2022,In-District FTE Pupils,3720.4
Salem,2023,In-District FTE Pupils,3771.7
Salem,2024,In-District FTE Pupils,3841.6
Salem,2009,Out-of-District FTE Pupils,407.0
Salem,2010,Out-of-District FTE Pupils,408.4
Salem,2011,Out-of-District FTE Pupils,392.5
Salem,2012,Out-of-District FTE Pupils,419.8
Salem,2013,Out-of-District FTE Pupils,885.2
Salem,2014,Out-of-District FTE Pupils,511.7
Salem,2015,Out-of-District FTE Pupils,870.2
Salem,2016,Out-of-District FTE Pupils,877.8
Salem,2017,Out-of-District FTE Pupils,841.4
Salem,2018,Out-of-District FTE Pupils,919.5
Salem,2019,Out-of-District FTE Pupils,1002.0
Salem,2020,Out-of-District FTE Pupils,1005.0
Salem,2021,Out-of-District FTE Pupils,649.3
Salem,2022,Out-of-District FTE Pupils,643.3
Salem,2023,Out-of-District FTE Pupils,663.6
Salem,2024,Out-of-District FTE Pupils,647.4
Salem Academy Charter (District),2019,In-District FTE Pupils,486.6
Salem Academy Charter (District),2020,In-District FTE Pupils,492.2
Salem Academy Charter (District),2021,In-District FTE Pupils,493.2
Salem Academy Charter (District),2022,In-District FTE Pupils,490.2
Salem Academy Charter (District),2023,In-District FTE Pupils,487.2
Salem Academy Charter (District),2024,In-District FTE Pupils,483.3
Salem Academy Charter (District),2019,Out-of-District FTE Pupils,0.0
Salem Academy Charter (District),2020,Out-of-District FTE Pupils,0.0
Salem Academy Charter (District),2021,Out-of-District FTE Pupils,0.0
Salem Academy Charter (District),2022,Out-of-District FTE Pupils,0.0
Salem Academy Charter (District),2023,Out-of-District FTE Pupils,0.0
Salem Academy Charter (District),2024,Out-of-District FTE Pupils,0.0
Sandwich,2009,In-District FTE Pupils,3577.0
Sandwich,2010,In-District FTE Pupils,3564.2
Sandwich,2011,In-District FTE Pupils,3421.1
Sandwich,2012,In-District FTE Pupils,3293.9
Sandwich,2013,In-District FTE Pupils,3136.8
Sandwich,2014,In-District FTE Pupils,3017.0
Sandwich,2015,In-District FTE Pupils,2869.5
Sandwich,2016,In-District FTE Pupils,2775.3
Sandwich,2017,In-District FTE Pupils,2724.2
Sandwich,2018,In-District FTE Pupils,2616.0
Sandwich,2019,In-District FTE Pupils,2513.2
Sandwich,2020,In-District FTE Pupils,2487.2
Sandwich,2021,In-District FTE Pupils,2327.4
Sandwich,2022,In-District FTE Pupils,2300.1
Sandwich,2023,In-District FTE Pupils,2162.1
Sandwich,2024,In-District FTE Pupils,2119.2
Sandwich,2009,Out-of-District FTE Pupils,141.8
Sandwich,2010,Out-of-District FTE Pupils,129.1
Sandwich,2011,Out-of-District FTE Pupils,144.1
Sandwich,2012,Out-of-District FTE Pupils,225.7
Sandwich,2013,Out-of-District FTE Pupils,264.0
Sandwich,2014,Out-of-District FTE Pupils,293.2
Sandwich,2015,Out-of-District FTE Pupils,314.8
Sandwich,2016,Out-of-District FTE Pupils,317.1
Sandwich,2017,Out-of-District FTE Pupils,314.0
Sandwich,2018,Out-of-District FTE Pupils,326.7
Sandwich,2019,Out-of-District FTE Pupils,329.3
Sandwich,2020,Out-of-District FTE Pupils,337.0
Sandwich,2021,Out-of-District FTE Pupils,309.4
Sandwich,2022,Out-of-District FTE Pupils,306.7
Sandwich,2023,Out-of-District FTE Pupils,296.2
Sandwich,2024,Out-of-District FTE Pupils,273.0
Saugus,2009,In-District FTE Pupils,2941.3
Saugus,2010,In-District FTE Pupils,2891.4
Saugus,2011,In-District FTE Pupils,2881.4
Saugus,2012,In-District FTE Pupils,2845.3
Saugus,2013,In-District FTE Pupils,2819.1
Saugus,2014,In-District FTE Pupils,2775.5
Saugus,2015,In-District FTE Pupils,2698.6
Saugus,2016,In-District FTE Pupils,2668.5
Saugus,2017,In-District FTE Pupils,2626.9
Saugus,2018,In-District FTE Pupils,2630.2
Saugus,2019,In-District FTE Pupils,2615.5
Saugus,2020,In-District FTE Pupils,2627.1
Saugus,2021,In-District FTE Pupils,2453.7
Saugus,2022,In-District FTE Pupils,2510.8
Saugus,2023,In-District FTE Pupils,2590.0
Saugus,2024,In-District FTE Pupils,2671.8
Saugus,2009,Out-of-District FTE Pupils,143.6
Saugus,2010,Out-of-District FTE Pupils,158.7
Saugus,2011,Out-of-District FTE Pupils,163.8
Saugus,2012,Out-of-District FTE Pupils,178.6
Saugus,2013,Out-of-District FTE Pupils,192.5
Saugus,2014,Out-of-District FTE Pupils,224.1
Saugus,2015,Out-of-District FTE Pupils,230.7
Saugus,2016,Out-of-District FTE Pupils,243.0
Saugus,2017,Out-of-District FTE Pupils,229.6
Saugus,2018,Out-of-District FTE Pupils,254.2
Saugus,2019,Out-of-District FTE Pupils,287.4
Saugus,2020,Out-of-District FTE Pupils,321.4
Saugus,2021,Out-of-District FTE Pupils,328.1
Saugus,2022,Out-of-District FTE Pupils,343.6
Saugus,2023,Out-of-District FTE Pupils,405.0
Saugus,2024,Out-of-District FTE Pupils,412.4
Savoy,2009,In-District FTE Pupils,52.9
Savoy,2010,In-District FTE Pupils,40.2
Savoy,2011,In-District FTE Pupils,45.8
Savoy,2012,In-District FTE Pupils,41.0
Savoy,2013,In-District FTE Pupils,41.3
Savoy,2014,In-District FTE Pupils,34.6
Savoy,2015,In-District FTE Pupils,38.4
Savoy,2016,In-District FTE Pupils,41.7
Savoy,2017,In-District FTE Pupils,47.3
Savoy,2018,In-District FTE Pupils,54.2
Savoy,2019,In-District FTE Pupils,62.4
Savoy,2020,In-District FTE Pupils,57.8
Savoy,2021,In-District FTE Pupils,45.0
Savoy,2022,In-District FTE Pupils,51.0
Savoy,2023,In-District FTE Pupils,40.0
Savoy,2024,In-District FTE Pupils,47.0
Savoy,2009,Out-of-District FTE Pupils,63.1
Savoy,2010,Out-of-District FTE Pupils,56.3
Savoy,2011,Out-of-District FTE Pupils,53.6
Savoy,2012,Out-of-District FTE Pupils,48.4
Savoy,2013,Out-of-District FTE Pupils,40.0
Savoy,2014,Out-of-District FTE Pupils,48.3
Savoy,2015,Out-of-District FTE Pupils,44.4
Savoy,2016,Out-of-District FTE Pupils,47.4
Savoy,2017,Out-of-District FTE Pupils,32.5
Savoy,2018,Out-of-District FTE Pupils,31.7
Savoy,2019,Out-of-District FTE Pupils,30.5
Savoy,2020,Out-of-District FTE Pupils,23.3
Savoy,2021,Out-of-District FTE Pupils,19.1
Savoy,2022,Out-of-District FTE Pupils,15.4
Savoy,2023,Out-of-District FTE Pupils,16.9
Savoy,2024,Out-of-District FTE Pupils,15.5
Scituate,2009,In-District FTE Pupils,3267.4
Scituate,2010,In-District FTE Pupils,3218.4
Scituate,2011,In-District FTE Pupils,3241.8
Scituate,2012,In-District FTE Pupils,3211.0
Scituate,2013,In-District FTE Pupils,3229.6
Scituate,2014,In-District FTE Pupils,3101.5
Scituate,2015,In-District FTE Pupils,3071.1
Scituate,2016,In-District FTE Pupils,2990.3
Scituate,2017,In-District FTE Pupils,3001.0
Scituate,2018,In-District FTE Pupils,2952.3
Scituate,2019,In-District FTE Pupils,2972.3
Scituate,2020,In-District FTE Pupils,2976.9
Scituate,2021,In-District FTE Pupils,2823.4
Scituate,2022,In-District FTE Pupils,2772.0
Scituate,2023,In-District FTE Pupils,2753.0
Scituate,2024,In-District FTE Pupils,2743.8
Scituate,2009,Out-of-District FTE Pupils,59.1
Scituate,2010,Out-of-District FTE Pupils,62.9
Scituate,2011,Out-of-District FTE Pupils,54.1
Scituate,2012,Out-of-District FTE Pupils,52.9
Scituate,2013,Out-of-District FTE Pupils,49.7
Scituate,2014,Out-of-District FTE Pupils,53.3
Scituate,2015,Out-of-District FTE Pupils,55.1
Scituate,2016,Out-of-District FTE Pupils,51.5
Scituate,2017,Out-of-District FTE Pupils,57.6
Scituate,2018,Out-of-District FTE Pupils,54.6
Scituate,2019,Out-of-District FTE Pupils,55.2
Scituate,2020,Out-of-District FTE Pupils,70.5
Scituate,2021,Out-of-District FTE Pupils,63.0
Scituate,2022,Out-of-District FTE Pupils,60.3
Scituate,2023,Out-of-District FTE Pupils,49.7
Scituate,2024,Out-of-District FTE Pupils,50.1
Seekonk,2009,In-District FTE Pupils,2144.2
Seekonk,2010,In-District FTE Pupils,2147.7
Seekonk,2011,In-District FTE Pupils,2146.9
Seekonk,2012,In-District FTE Pupils,2129.5
Seekonk,2013,In-District FTE Pupils,2072.9
Seekonk,2014,In-District FTE Pupils,2039.6
Seekonk,2015,In-District FTE Pupils,1955.3
Seekonk,2016,In-District FTE Pupils,1967.7
Seekonk,2017,In-District FTE Pupils,1949.3
Seekonk,2018,In-District FTE Pupils,2009.2
Seekonk,2019,In-District FTE Pupils,2083.6
Seekonk,2020,In-District FTE Pupils,2085.0
Seekonk,2021,In-District FTE Pupils,2045.0
Seekonk,2022,In-District FTE Pupils,2091.4
Seekonk,2023,In-District FTE Pupils,2064.5
Seekonk,2024,In-District FTE Pupils,2059.8
Seekonk,2009,Out-of-District FTE Pupils,40.4
Seekonk,2010,Out-of-District FTE Pupils,39.4
Seekonk,2011,Out-of-District FTE Pupils,37.4
Seekonk,2012,Out-of-District FTE Pupils,39.5
Seekonk,2013,Out-of-District FTE Pupils,45.8
Seekonk,2014,Out-of-District FTE Pupils,44.9
Seekonk,2015,Out-of-District FTE Pupils,49.0
Seekonk,2016,Out-of-District FTE Pupils,53.4
Seekonk,2017,Out-of-District FTE Pupils,52.5
Seekonk,2018,Out-of-District FTE Pupils,50.7
Seekonk,2019,Out-of-District FTE Pupils,56.8
Seekonk,2020,Out-of-District FTE Pupils,38.0
Seekonk,2021,Out-of-District FTE Pupils,48.6
Seekonk,2022,Out-of-District FTE Pupils,55.5
Seekonk,2023,Out-of-District FTE Pupils,52.0
Seekonk,2024,Out-of-District FTE Pupils,58.7
Sharon,2009,In-District FTE Pupils,3391.7
Sharon,2010,In-District FTE Pupils,3436.0
Sharon,2011,In-District FTE Pupils,3458.0
Sharon,2012,In-District FTE Pupils,3402.7
Sharon,2013,In-District FTE Pupils,3478.6
Sharon,2014,In-District FTE Pupils,3496.0
Sharon,2015,In-District FTE Pupils,3515.6
Sharon,2016,In-District FTE Pupils,3537.8
Sharon,2017,In-District FTE Pupils,3495.8
Sharon,2018,In-District FTE Pupils,3573.0
Sharon,2019,In-District FTE Pupils,3640.9
Sharon,2020,In-District FTE Pupils,3666.3
Sharon,2021,In-District FTE Pupils,3527.9
Sharon,2022,In-District FTE Pupils,3584.8
Sharon,2023,In-District FTE Pupils,3611.4
Sharon,2024,In-District FTE Pupils,3568.5
Sharon,2009,Out-of-District FTE Pupils,83.1
Sharon,2010,Out-of-District FTE Pupils,83.4
Sharon,2011,Out-of-District FTE Pupils,77.9
Sharon,2012,Out-of-District FTE Pupils,67.5
Sharon,2013,Out-of-District FTE Pupils,69.8
Sharon,2014,Out-of-District FTE Pupils,60.2
Sharon,2015,Out-of-District FTE Pupils,51.7
Sharon,2016,Out-of-District FTE Pupils,49.9
Sharon,2017,Out-of-District FTE Pupils,50.8
Sharon,2018,Out-of-District FTE Pupils,48.8
Sharon,2019,Out-of-District FTE Pupils,51.7
Sharon,2020,Out-of-District FTE Pupils,53.3
Sharon,2021,Out-of-District FTE Pupils,71.8
Sharon,2022,Out-of-District FTE Pupils,75.7
Sharon,2023,Out-of-District FTE Pupils,76.7
Sharon,2024,Out-of-District FTE Pupils,80.1
Shawsheen Valley Regional Vocational Technical,2009,In-District FTE Pupils,1254.8
Shawsheen Valley Regional Vocational Technical,2010,In-District FTE Pupils,1290.8
Shawsheen Valley Regional Vocational Technical,2011,In-District FTE Pupils,1319.9
Shawsheen Valley Regional Vocational Technical,2012,In-District FTE Pupils,1344.1
Shawsheen Valley Regional Vocational Technical,2013,In-District FTE Pupils,1331.8
Shawsheen Valley Regional Vocational Technical,2014,In-District FTE Pupils,1344.5
Shawsheen Valley Regional Vocational Technical,2015,In-District FTE Pupils,1367.7
Shawsheen Valley Regional Vocational Technical,2016,In-District FTE Pupils,1339.3
Shawsheen Valley Regional Vocational Technical,2017,In-District FTE Pupils,1305.3
Shawsheen Valley Regional Vocational Technical,2018,In-District FTE Pupils,1274.3
Shawsheen Valley Regional Vocational Technical,2019,In-District FTE Pupils,1264.5
Shawsheen Valley Regional Vocational Technical,2020,In-District FTE Pupils,1262.4
Shawsheen Valley Regional Vocational Technical,2021,In-District FTE Pupils,1287.9
Shawsheen Valley Regional Vocational Technical,2022,In-District FTE Pupils,1305.6
Shawsheen Valley Regional Vocational Technical,2023,In-District FTE Pupils,1259.4
Shawsheen Valley Regional Vocational Technical,2024,In-District FTE Pupils,1272.1
Shawsheen Valley Regional Vocational Technical,2009,Out-of-District FTE Pupils,7.6
Shawsheen Valley Regional Vocational Technical,2010,Out-of-District FTE Pupils,10.0
Shawsheen Valley Regional Vocational Technical,2011,Out-of-District FTE Pupils,17.1
Shawsheen Valley Regional Vocational Technical,2012,Out-of-District FTE Pupils,16.6
Shawsheen Valley Regional Vocational Technical,2013,Out-of-District FTE Pupils,19.8
Shawsheen Valley Regional Vocational Technical,2014,Out-of-District FTE Pupils,25.4
Shawsheen Valley Regional Vocational Technical,2015,Out-of-District FTE Pupils,21.0
Shawsheen Valley Regional Vocational Technical,2016,Out-of-District FTE Pupils,18.2
Shawsheen Valley Regional Vocational Technical,2017,Out-of-District FTE Pupils,18.0
Shawsheen Valley Regional Vocational Technical,2018,Out-of-District FTE Pupils,11.0
Shawsheen Valley Regional Vocational Technical,2019,Out-of-District FTE Pupils,10.6
Shawsheen Valley Regional Vocational Technical,2020,Out-of-District FTE Pupils,10.0
Shawsheen Valley Regional Vocational Technical,2021,Out-of-District FTE Pupils,7.0
Shawsheen Valley Regional Vocational Technical,2022,Out-of-District FTE Pupils,7.7
Shawsheen Valley Regional Vocational Technical,2023,Out-of-District FTE Pupils,4.7
Shawsheen Valley Regional Vocational Technical,2024,Out-of-District FTE Pupils,1.8
Sherborn,2009,In-District FTE Pupils,484.4
Sherborn,2010,In-District FTE Pupils,452.6
Sherborn,2011,In-District FTE Pupils,432.4
Sherborn,2012,In-District FTE Pupils,405.3
Sherborn,2013,In-District FTE Pupils,408.3
Sherborn,2014,In-District FTE Pupils,391.0
Sherborn,2015,In-District FTE Pupils,389.0
Sherborn,2016,In-District FTE Pupils,402.1
Sherborn,2017,In-District FTE Pupils,434.7
Sherborn,2018,In-District FTE Pupils,428.0
Sherborn,2019,In-District FTE Pupils,416.9
Sherborn,2020,In-District FTE Pupils,414.1
Sherborn,2021,In-District FTE Pupils,390.5
Sherborn,2022,In-District FTE Pupils,405.6
Sherborn,2023,In-District FTE Pupils,410.1
Sherborn,2024,In-District FTE Pupils,414.5
Sherborn,2009,Out-of-District FTE Pupils,9.5
Sherborn,2010,Out-of-District FTE Pupils,9.5
Sherborn,2011,Out-of-District FTE Pupils,5.9
Sherborn,2012,Out-of-District FTE Pupils,6.0
Sherborn,2013,Out-of-District FTE Pupils,7.0
Sherborn,2014,Out-of-District FTE Pupils,5.6
Sherborn,2015,Out-of-District FTE Pupils,4.0
Sherborn,2016,Out-of-District FTE Pupils,1.4
Sherborn,2017,Out-of-District FTE Pupils,4.6
Sherborn,2018,Out-of-District FTE Pupils,5.5
Sherborn,2019,Out-of-District FTE Pupils,5.5
Sherborn,2020,Out-of-District FTE Pupils,4.0
Sherborn,2021,Out-of-District FTE Pupils,6.0
Sherborn,2022,Out-of-District FTE Pupils,3.0
Sherborn,2023,Out-of-District FTE Pupils,6.7
Sherborn,2024,Out-of-District FTE Pupils,8.0
Shirley,2009,In-District FTE Pupils,592.4
Shirley,2010,In-District FTE Pupils,536.6
Shirley,2011,In-District FTE Pupils,777.8
Shirley,2009,Out-of-District FTE Pupils,372.9
Shirley,2010,Out-of-District FTE Pupils,383.8
Shirley,2011,Out-of-District FTE Pupils,345.8
Shrewsbury,2009,In-District FTE Pupils,5865.9
Shrewsbury,2010,In-District FTE Pupils,5804.3
Shrewsbury,2011,In-District FTE Pupils,5918.4
Shrewsbury,2012,In-District FTE Pupils,5892.3
Shrewsbury,2013,In-District FTE Pupils,5884.2
Shrewsbury,2014,In-District FTE Pupils,5925.8
Shrewsbury,2015,In-District FTE Pupils,5868.2
Shrewsbury,2016,In-District FTE Pupils,5967.9
Shrewsbury,2017,In-District FTE Pupils,6145.1
Shrewsbury,2018,In-District FTE Pupils,6147.5
Shrewsbury,2019,In-District FTE Pupils,6192.0
Shrewsbury,2020,In-District FTE Pupils,6268.8
Shrewsbury,2021,In-District FTE Pupils,6002.8
Shrewsbury,2022,In-District FTE Pupils,5944.1
Shrewsbury,2023,In-District FTE Pupils,5914.9
Shrewsbury,2024,In-District FTE Pupils,5927.8
Shrewsbury,2009,Out-of-District FTE Pupils,307.4
Shrewsbury,2010,Out-of-District FTE Pupils,327.2
Shrewsbury,2011,Out-of-District FTE Pupils,372.4
Shrewsbury,2012,Out-of-District FTE Pupils,365.1
Shrewsbury,2013,Out-of-District FTE Pupils,363.8
Shrewsbury,2014,Out-of-District FTE Pupils,357.8
Shrewsbury,2015,Out-of-District FTE Pupils,353.3
Shrewsbury,2016,Out-of-District FTE Pupils,302.8
Shrewsbury,2017,Out-of-District FTE Pupils,264.7
Shrewsbury,2018,Out-of-District FTE Pupils,231.5
Shrewsbury,2019,Out-of-District FTE Pupils,229.8
Shrewsbury,2020,Out-of-District FTE Pupils,233.0
Shrewsbury,2021,Out-of-District FTE Pupils,247.7
Shrewsbury,2022,Out-of-District FTE Pupils,232.6
Shrewsbury,2023,Out-of-District FTE Pupils,202.0
Shrewsbury,2024,Out-of-District FTE Pupils,201.1
Shutesbury,2009,In-District FTE Pupils,161.9
Shutesbury,2010,In-District FTE Pupils,151.2
Shutesbury,2011,In-District FTE Pupils,146.2
Shutesbury,2012,In-District FTE Pupils,151.3
Shutesbury,2013,In-District FTE Pupils,149.7
Shutesbury,2014,In-District FTE Pupils,157.0
Shutesbury,2015,In-District FTE Pupils,155.9
Shutesbury,2016,In-District FTE Pupils,131.1
Shutesbury,2017,In-District FTE Pupils,120.2
Shutesbury,2018,In-District FTE Pupils,123.5
Shutesbury,2019,In-District FTE Pupils,126.9
Shutesbury,2020,In-District FTE Pupils,124.8
Shutesbury,2021,In-District FTE Pupils,113.0
Shutesbury,2022,In-District FTE Pupils,115.3
Shutesbury,2023,In-District FTE Pupils,122.7
Shutesbury,2024,In-District FTE Pupils,110.2
Shutesbury,2009,Out-of-District FTE Pupils,7.0
Shutesbury,2010,Out-of-District FTE Pupils,5.0
Shutesbury,2011,Out-of-District FTE Pupils,7.0
Shutesbury,2012,Out-of-District FTE Pupils,10.0
Shutesbury,2013,Out-of-District FTE Pupils,9.3
Shutesbury,2014,Out-of-District FTE Pupils,13.0
Shutesbury,2015,Out-of-District FTE Pupils,9.0
Shutesbury,2016,Out-of-District FTE Pupils,12.0
Shutesbury,2017,Out-of-District FTE Pupils,12.9
Shutesbury,2018,Out-of-District FTE Pupils,16.4
Shutesbury,2019,Out-of-District FTE Pupils,18.0
Shutesbury,2020,Out-of-District FTE Pupils,15.0
Shutesbury,2021,Out-of-District FTE Pupils,16.0
Shutesbury,2022,Out-of-District FTE Pupils,18.1
Shutesbury,2023,Out-of-District FTE Pupils,19.0
Shutesbury,2024,Out-of-District FTE Pupils,18.5
Silver Lake,2009,In-District FTE Pupils,1890.4
Silver Lake,2010,In-District FTE Pupils,1904.0
Silver Lake,2011,In-District FTE Pupils,1916.5
Silver Lake,2012,In-District FTE Pupils,1879.7
Silver Lake,2013,In-District FTE Pupils,1910.3
Silver Lake,2014,In-District FTE Pupils,1867.2
Silver Lake,2015,In-District FTE Pupils,1877.0
Silver Lake,2016,In-District FTE Pupils,1874.7
Silver Lake,2017,In-District FTE Pupils,1865.1
Silver Lake,2018,In-District FTE Pupils,1854.3
Silver Lake,2019,In-District FTE Pupils,1755.1
Silver Lake,2020,In-District FTE Pupils,1744.3
Silver Lake,2021,In-District FTE Pupils,1711.4
Silver Lake,2022,In-District FTE Pupils,1712.3
Silver Lake,2023,In-District FTE Pupils,1566.9
Silver Lake,2009,Out-of-District FTE Pupils,26.5
Silver Lake,2010,Out-of-District FTE Pupils,24.2
Silver Lake,2011,Out-of-District FTE Pupils,17.6
Silver Lake,2012,Out-of-District FTE Pupils,24.2
Silver Lake,2013,Out-of-District FTE Pupils,26.1
Silver Lake,2014,Out-of-District FTE Pupils,32.2
Silver Lake,2015,Out-of-District FTE Pupils,42.6
Silver Lake,2016,Out-of-District FTE Pupils,50.0
Silver Lake,2017,Out-of-District FTE Pupils,63.6
Silver Lake,2018,Out-of-District FTE Pupils,74.8
Silver Lake,2019,Out-of-District FTE Pupils,79.4
Silver Lake,2020,Out-of-District FTE Pupils,76.4
Silver Lake,2021,Out-of-District FTE Pupils,95.0
Silver Lake,2022,Out-of-District FTE Pupils,85.3
Silver Lake,2023,Out-of-District FTE Pupils,89.5
Sizer School: A North Central Charter Essential (District),2019,In-District FTE Pupils,364.0
Sizer School: A North Central Charter Essential (District),2020,In-District FTE Pupils,358.8
Sizer School: A North Central Charter Essential (District),2021,In-District FTE Pupils,368.4
Sizer School: A North Central Charter Essential (District),2022,In-District FTE Pupils,353.2
Sizer School: A North Central Charter Essential (District),2023,In-District FTE Pupils,348.0
Sizer School: A North Central Charter Essential (District),2024,In-District FTE Pupils,309.6
Sizer School: A North Central Charter Essential (District),2019,Out-of-District FTE Pupils,0.0
Sizer School: A North Central Charter Essential (District),2020,Out-of-District FTE Pupils,0.0
Sizer School: A North Central Charter Essential (District),2021,Out-of-District FTE Pupils,0.0
Sizer School: A North Central Charter Essential (District),2022,Out-of-District FTE Pupils,0.0
Sizer School: A North Central Charter Essential (District),2023,Out-of-District FTE Pupils,0.0
Sizer School: A North Central Charter Essential (District),2024,Out-of-District FTE Pupils,0.0
Somerset,2009,In-District FTE Pupils,2725.1
Somerset,2010,In-District FTE Pupils,2709.3
Somerset,2011,In-District FTE Pupils,2759.7
Somerset,2012,In-District FTE Pupils,1851.7
Somerset,2013,In-District FTE Pupils,1838.0
Somerset,2014,In-District FTE Pupils,1832.1
Somerset,2015,In-District FTE Pupils,1825.9
Somerset,2016,In-District FTE Pupils,1757.9
Somerset,2017,In-District FTE Pupils,1810.3
Somerset,2018,In-District FTE Pupils,1808.1
Somerset,2019,In-District FTE Pupils,1793.3
Somerset,2020,In-District FTE Pupils,1756.2
Somerset,2021,In-District FTE Pupils,1631.1
Somerset,2022,In-District FTE Pupils,1680.6
Somerset,2023,In-District FTE Pupils,1632.8
Somerset,2024,In-District FTE Pupils,1609.3
Somerset,2009,Out-of-District FTE Pupils,43.8
Somerset,2010,Out-of-District FTE Pupils,43.9
Somerset,2011,Out-of-District FTE Pupils,45.7
Somerset,2012,Out-of-District FTE Pupils,42.7
Somerset,2013,Out-of-District FTE Pupils,51.5
Somerset,2014,Out-of-District FTE Pupils,51.5
Somerset,2015,Out-of-District FTE Pupils,50.6
Somerset,2016,Out-of-District FTE Pupils,58.6
Somerset,2017,Out-of-District FTE Pupils,52.9
Somerset,2018,Out-of-District FTE Pupils,48.9
Somerset,2019,Out-of-District FTE Pupils,54.1
Somerset,2020,Out-of-District FTE Pupils,55.6
Somerset,2021,Out-of-District FTE Pupils,62.0
Somerset,2022,Out-of-District FTE Pupils,68.5
Somerset,2023,Out-of-District FTE Pupils,54.7
Somerset,2024,Out-of-District FTE Pupils,54.4
Somerset Berkley Regional School District,2012,In-District FTE Pupils,966.1
Somerset Berkley Regional School District,2013,In-District FTE Pupils,948.7
Somerset Berkley Regional School District,2014,In-District FTE Pupils,933.4
Somerset Berkley Regional School District,2015,In-District FTE Pupils,926.3
Somerset Berkley Regional School District,2016,In-District FTE Pupils,945.8
Somerset Berkley Regional School District,2017,In-District FTE Pupils,986.6
Somerset Berkley Regional School District,2018,In-District FTE Pupils,978.2
Somerset Berkley Regional School District,2019,In-District FTE Pupils,1012.7
Somerset Berkley Regional School District,2020,In-District FTE Pupils,1024.8
Somerset Berkley Regional School District,2021,In-District FTE Pupils,977.9
Somerset Berkley Regional School District,2022,In-District FTE Pupils,994.5
Somerset Berkley Regional School District,2023,In-District FTE Pupils,982.4
Somerset Berkley Regional School District,2024,In-District FTE Pupils,940.3
Somerset Berkley Regional School District,2012,Out-of-District FTE Pupils,45.5
Somerset Berkley Regional School District,2013,Out-of-District FTE Pupils,40.1
Somerset Berkley Regional School District,2014,Out-of-District FTE Pupils,34.4
Somerset Berkley Regional School District,2015,Out-of-District FTE Pupils,29.4
Somerset Berkley Regional School District,2016,Out-of-District FTE Pupils,23.5
Somerset Berkley Regional School District,2017,Out-of-District FTE Pupils,30.6
Somerset Berkley Regional School District,2018,Out-of-District FTE Pupils,44.0
Somerset Berkley Regional School District,2019,Out-of-District FTE Pupils,55.0
Somerset Berkley Regional School District,2020,Out-of-District FTE Pupils,58.1
Somerset Berkley Regional School District,2021,Out-of-District FTE Pupils,65.7
Somerset Berkley Regional School District,2022,Out-of-District FTE Pupils,55.6
Somerset Berkley Regional School District,2023,Out-of-District FTE Pupils,45.9
Somerset Berkley Regional School District,2024,Out-of-District FTE Pupils,50.9
Somerville,2009,In-District FTE Pupils,4908.7
Somerville,2010,In-District FTE Pupils,4880.4
Somerville,2011,In-District FTE Pupils,4889.9
Somerville,2012,In-District FTE Pupils,4863.0
Somerville,2013,In-District FTE Pupils,4835.3
Somerville,2014,In-District FTE Pupils,4829.2
Somerville,2015,In-District FTE Pupils,4846.8
Somerville,2016,In-District FTE Pupils,4859.9
Somerville,2017,In-District FTE Pupils,4943.6
Somerville,2018,In-District FTE Pupils,4889.4
Somerville,2019,In-District FTE Pupils,4961.5
Somerville,2020,In-District FTE Pupils,4988.1
Somerville,2021,In-District FTE Pupils,4687.9
Somerville,2022,In-District FTE Pupils,4821.2
Somerville,2023,In-District FTE Pupils,4887.9
Somerville,2024,In-District FTE Pupils,4974.7
Somerville,2009,Out-of-District FTE Pupils,456.0
Somerville,2010,Out-of-District FTE Pupils,454.6
Somerville,2011,Out-of-District FTE Pupils,538.0
Somerville,2012,Out-of-District FTE Pupils,539.8
Somerville,2013,Out-of-District FTE Pupils,552.8
Somerville,2014,Out-of-District FTE Pupils,566.1
Somerville,2015,Out-of-District FTE Pupils,570.1
Somerville,2016,Out-of-District FTE Pupils,563.5
Somerville,2017,Out-of-District FTE Pupils,564.1
Somerville,2018,Out-of-District FTE Pupils,556.9
Somerville,2019,Out-of-District FTE Pupils,505.1
Somerville,2020,Out-of-District FTE Pupils,490.0
Somerville,2021,Out-of-District FTE Pupils,468.0
Somerville,2022,Out-of-District FTE Pupils,461.5
Somerville,2023,Out-of-District FTE Pupils,414.1
Somerville,2024,Out-of-District FTE Pupils,380.9
South Hadley,2009,In-District FTE Pupils,2200.9
South Hadley,2010,In-District FTE Pupils,2105.6
South Hadley,2011,In-District FTE Pupils,2064.3
South Hadley,2012,In-District FTE Pupils,1967.1
South Hadley,2013,In-District FTE Pupils,1935.2
South Hadley,2014,In-District FTE Pupils,1911.3
South Hadley,2015,In-District FTE Pupils,1854.5
South Hadley,2016,In-District FTE Pupils,1819.6
South Hadley,2017,In-District FTE Pupils,1882.3
South Hadley,2018,In-District FTE Pupils,1908.7
South Hadley,2019,In-District FTE Pupils,1919.5
South Hadley,2020,In-District FTE Pupils,1904.3
South Hadley,2021,In-District FTE Pupils,1771.6
South Hadley,2022,In-District FTE Pupils,1774.6
South Hadley,2023,In-District FTE Pupils,1677.6
South Hadley,2024,In-District FTE Pupils,1642.9
South Hadley,2009,Out-of-District FTE Pupils,147.2
South Hadley,2010,Out-of-District FTE Pupils,165.2
South Hadley,2011,Out-of-District FTE Pupils,171.4
South Hadley,2012,Out-of-District FTE Pupils,194.0
South Hadley,2013,Out-of-District FTE Pupils,203.9
South Hadley,2014,Out-of-District FTE Pupils,208.4
South Hadley,2015,Out-of-District FTE Pupils,236.2
South Hadley,2016,Out-of-District FTE Pupils,249.8
South Hadley,2017,Out-of-District FTE Pupils,231.9
South Hadley,2018,Out-of-District FTE Pupils,236.2
South Hadley,2019,Out-of-District FTE Pupils,251.8
South Hadley,2020,Out-of-District FTE Pupils,252.9
South Hadley,2021,Out-of-District FTE Pupils,262.4
South Hadley,2022,Out-of-District FTE Pupils,263.2
South Hadley,2023,Out-of-District FTE Pupils,304.4
South Hadley,2024,Out-of-District FTE Pupils,307.1
South Middlesex Regional Vocational Technical,2009,In-District FTE Pupils,598.6
South Middlesex Regional Vocational Technical,2010,In-District FTE Pupils,634.8
South Middlesex Regional Vocational Technical,2011,In-District FTE Pupils,650.6
South Middlesex Regional Vocational Technical,2012,In-District FTE Pupils,653.8
South Middlesex Regional Vocational Technical,2013,In-District FTE Pupils,681.5
South Middlesex Regional Vocational Technical,2014,In-District FTE Pupils,674.0
South Middlesex Regional Vocational Technical,2015,In-District FTE Pupils,676.4
South Middlesex Regional Vocational Technical,2016,In-District FTE Pupils,687.0
South Middlesex Regional Vocational Technical,2017,In-District FTE Pupils,699.9
South Middlesex Regional Vocational Technical,2018,In-District FTE Pupils,713.1
South Middlesex Regional Vocational Technical,2019,In-District FTE Pupils,739.4
South Middlesex Regional Vocational Technical,2020,In-District FTE Pupils,792.9
South Middlesex Regional Vocational Technical,2021,In-District FTE Pupils,800.4
South Middlesex Regional Vocational Technical,2022,In-District FTE Pupils,827.0
South Middlesex Regional Vocational Technical,2023,In-District FTE Pupils,822.5
South Middlesex Regional Vocational Technical,2024,In-District FTE Pupils,853.0
South Middlesex Regional Vocational Technical,2009,Out-of-District FTE Pupils,0.0
South Middlesex Regional Vocational Technical,2010,Out-of-District FTE Pupils,0.5
South Middlesex Regional Vocational Technical,2011,Out-of-District FTE Pupils,0.0
South Middlesex Regional Vocational Technical,2012,Out-of-District FTE Pupils,0.0
South Middlesex Regional Vocational Technical,2013,Out-of-District FTE Pupils,0.0
South Middlesex Regional Vocational Technical,2014,Out-of-District FTE Pupils,0.0
South Middlesex Regional Vocational Technical,2015,Out-of-District FTE Pupils,0.0
South Middlesex Regional Vocational Technical,2016,Out-of-District FTE Pupils,0.0
South Middlesex Regional Vocational Technical,2017,Out-of-District FTE Pupils,0.0
South Middlesex Regional Vocational Technical,2018,Out-of-District FTE Pupils,0.0
South Middlesex Regional Vocational Technical,2019,Out-of-District FTE Pupils,0.0
South Middlesex Regional Vocational Technical,2020,Out-of-District FTE Pupils,1.0
South Middlesex Regional Vocational Technical,2021,Out-of-District FTE Pupils,1.2
South Middlesex Regional Vocational Technical,2022,Out-of-District FTE Pupils,3.0
South Middlesex Regional Vocational Technical,2023,Out-of-District FTE Pupils,2.0
South Middlesex Regional Vocational Technical,2024,Out-of-District FTE Pupils,0.0
South Shore Charter Public (District),2019,In-District FTE Pupils,946.3
South Shore Charter Public (District),2020,In-District FTE Pupils,1002.7
South Shore Charter Public (District),2021,In-District FTE Pupils,1008.1
South Shore Charter Public (District),2022,In-District FTE Pupils,1043.7
South Shore Charter Public (District),2023,In-District FTE Pupils,1059.6
South Shore Charter Public (District),2024,In-District FTE Pupils,1060.2
South Shore Charter Public (District),2019,Out-of-District FTE Pupils,0.0
South Shore Charter Public (District),2020,Out-of-District FTE Pupils,0.0
South Shore Charter Public (District),2021,Out-of-District FTE Pupils,0.0
South Shore Charter Public (District),2022,Out-of-District FTE Pupils,0.0
South Shore Charter Public (District),2023,Out-of-District FTE Pupils,0.0
South Shore Charter Public (District),2024,Out-of-District FTE Pupils,0.0
South Shore Regional Vocational Technical,2009,In-District FTE Pupils,579.6
South Shore Regional Vocational Technical,2010,In-District FTE Pupils,585.7
South Shore Regional Vocational Technical,2011,In-District FTE Pupils,587.7
South Shore Regional Vocational Technical,2012,In-District FTE Pupils,601.1
South Shore Regional Vocational Technical,2013,In-District FTE Pupils,576.6
South Shore Regional Vocational Technical,2014,In-District FTE Pupils,594.6
South Shore Regional Vocational Technical,2015,In-District FTE Pupils,589.2
South Shore Regional Vocational Technical,2016,In-District FTE Pupils,617.8
South Shore Regional Vocational Technical,2017,In-District FTE Pupils,627.0
South Shore Regional Vocational Technical,2018,In-District FTE Pupils,639.8
South Shore Regional Vocational Technical,2019,In-District FTE Pupils,629.6
South Shore Regional Vocational Technical,2020,In-District FTE Pupils,635.3
South Shore Regional Vocational Technical,2021,In-District FTE Pupils,640.4
South Shore Regional Vocational Technical,2022,In-District FTE Pupils,650.7
South Shore Regional Vocational Technical,2023,In-District FTE Pupils,640.6
South Shore Regional Vocational Technical,2024,In-District FTE Pupils,659.9
South Shore Regional Vocational Technical,2009,Out-of-District FTE Pupils,0.0
South Shore Regional Vocational Technical,2010,Out-of-District FTE Pupils,0.0
South Shore Regional Vocational Technical,2011,Out-of-District FTE Pupils,1.0
South Shore Regional Vocational Technical,2012,Out-of-District FTE Pupils,1.0
South Shore Regional Vocational Technical,2013,Out-of-District FTE Pupils,1.0
South Shore Regional Vocational Technical,2014,Out-of-District FTE Pupils,2.0
South Shore Regional Vocational Technical,2015,Out-of-District FTE Pupils,1.0
South Shore Regional Vocational Technical,2016,Out-of-District FTE Pupils,1.0
South Shore Regional Vocational Technical,2017,Out-of-District FTE Pupils,1.0
South Shore Regional Vocational Technical,2018,Out-of-District FTE Pupils,0.0
South Shore Regional Vocational Technical,2019,Out-of-District FTE Pupils,0.0
South Shore Regional Vocational Technical,2020,Out-of-District FTE Pupils,0.0
South Shore Regional Vocational Technical,2021,Out-of-District FTE Pupils,0.0
South Shore Regional Vocational Technical,2022,Out-of-District FTE Pupils,0.0
South Shore Regional Vocational Technical,2023,Out-of-District FTE Pupils,0.0
South Shore Regional Vocational Technical,2024,Out-of-District FTE Pupils,0.0
Southampton,2009,In-District FTE Pupils,560.8
Southampton,2010,In-District FTE Pupils,565.6
Southampton,2011,In-District FTE Pupils,561.1
Southampton,2012,In-District FTE Pupils,549.5
Southampton,2013,In-District FTE Pupils,553.0
Southampton,2014,In-District FTE Pupils,551.5
Southampton,2015,In-District FTE Pupils,536.1
Southampton,2016,In-District FTE Pupils,520.9
Southampton,2017,In-District FTE Pupils,526.7
Southampton,2018,In-District FTE Pupils,514.3
Southampton,2019,In-District FTE Pupils,500.9
Southampton,2020,In-District FTE Pupils,492.0
Southampton,2021,In-District FTE Pupils,453.5
Southampton,2022,In-District FTE Pupils,466.8
Southampton,2023,In-District FTE Pupils,484.5
Southampton,2009,Out-of-District FTE Pupils,41.2
Southampton,2010,Out-of-District FTE Pupils,44.7
Southampton,2011,Out-of-District FTE Pupils,38.8
Southampton,2012,Out-of-District FTE Pupils,37.0
Southampton,2013,Out-of-District FTE Pupils,39.3
Southampton,2014,Out-of-District FTE Pupils,38.7
Southampton,2015,Out-of-District FTE Pupils,52.8
Southampton,2016,Out-of-District FTE Pupils,60.2
Southampton,2017,Out-of-District FTE Pupils,72.4
Southampton,2018,Out-of-District FTE Pupils,63.5
Southampton,2019,Out-of-District FTE Pupils,67.4
Southampton,2020,Out-of-District FTE Pupils,68.5
Southampton,2021,Out-of-District FTE Pupils,72.0
Southampton,2022,Out-of-District FTE Pupils,80.5
Southampton,2023,Out-of-District FTE Pupils,84.6
Southborough,2009,In-District FTE Pupils,1592.4
Southborough,2010,In-District FTE Pupils,1557.2
Southborough,2011,In-District FTE Pupils,1498.3
Southborough,2012,In-District FTE Pupils,1446.2
Southborough,2013,In-District FTE Pupils,1440.9
Southborough,2014,In-District FTE Pupils,1375.5
Southborough,2015,In-District FTE Pupils,1323.9
Southborough,2016,In-District FTE Pupils,1301.5
Southborough,2017,In-District FTE Pupils,1315.0
Southborough,2018,In-District FTE Pupils,1307.3
Southborough,2019,In-District FTE Pupils,1267.2
Southborough,2020,In-District FTE Pupils,1280.0
Southborough,2021,In-District FTE Pupils,1235.9
Southborough,2022,In-District FTE Pupils,1260.3
Southborough,2023,In-District FTE Pupils,1279.0
Southborough,2024,In-District FTE Pupils,1303.8
Southborough,2009,Out-of-District FTE Pupils,47.2
Southborough,2010,Out-of-District FTE Pupils,53.5
Southborough,2011,Out-of-District FTE Pupils,46.4
Southborough,2012,Out-of-District FTE Pupils,41.7
Southborough,2013,Out-of-District FTE Pupils,36.2
Southborough,2014,Out-of-District FTE Pupils,31.9
Southborough,2015,Out-of-District FTE Pupils,28.2
Southborough,2016,Out-of-District FTE Pupils,25.2
Southborough,2017,Out-of-District FTE Pupils,25.0
Southborough,2018,Out-of-District FTE Pupils,21.0
Southborough,2019,Out-of-District FTE Pupils,22.1
Southborough,2020,Out-of-District FTE Pupils,16.4
Southborough,2021,Out-of-District FTE Pupils,31.6
Southborough,2022,Out-of-District FTE Pupils,32.4
Southborough,2023,Out-of-District FTE Pupils,27.6
Southborough,2024,Out-of-District FTE Pupils,29.3
Southbridge,2009,In-District FTE Pupils,2090.5
Southbridge,2010,In-District FTE Pupils,2122.3
Southbridge,2011,In-District FTE Pupils,2156.8
Southbridge,2012,In-District FTE Pupils,2166.0
Southbridge,2013,In-District FTE Pupils,2236.2
Southbridge,2014,In-District FTE Pupils,2225.1
Southbridge,2015,In-District FTE Pupils,2237.5
Southbridge,2016,In-District FTE Pupils,2187.0
Southbridge,2017,In-District FTE Pupils,2104.0
Southbridge,2018,In-District FTE Pupils,2050.9
Southbridge,2019,In-District FTE Pupils,2005.1
Southbridge,2020,In-District FTE Pupils,1892.6
Southbridge,2021,In-District FTE Pupils,1836.5
Southbridge,2022,In-District FTE Pupils,1864.2
Southbridge,2023,In-District FTE Pupils,1828.7
Southbridge,2024,In-District FTE Pupils,1888.6
Southbridge,2009,Out-of-District FTE Pupils,219.1
Southbridge,2010,Out-of-District FTE Pupils,233.6
Southbridge,2011,Out-of-District FTE Pupils,252.8
Southbridge,2012,Out-of-District FTE Pupils,252.5
Southbridge,2013,Out-of-District FTE Pupils,241.7
Southbridge,2014,Out-of-District FTE Pupils,267.1
Southbridge,2015,Out-of-District FTE Pupils,275.4
Southbridge,2016,Out-of-District FTE Pupils,311.2
Southbridge,2017,Out-of-District FTE Pupils,332.1
Southbridge,2018,Out-of-District FTE Pupils,382.2
Southbridge,2019,Out-of-District FTE Pupils,362.8
Southbridge,2020,Out-of-District FTE Pupils,372.7
Southbridge,2021,Out-of-District FTE Pupils,391.4
Southbridge,2022,Out-of-District FTE Pupils,401.5
Southbridge,2023,Out-of-District FTE Pupils,399.3
Southbridge,2024,Out-of-District FTE Pupils,417.7
Southeastern Regional Vocational Technical,2009,In-District FTE Pupils,1295.9
Southeastern Regional Vocational Technical,2010,In-District FTE Pupils,1295.3
Southeastern Regional Vocational Technical,2011,In-District FTE Pupils,1289.6
Southeastern Regional Vocational Technical,2012,In-District FTE Pupils,1280.7
Southeastern Regional Vocational Technical,2013,In-District FTE Pupils,1298.4
Southeastern Regional Vocational Technical,2014,In-District FTE Pupils,1316.9
Southeastern Regional Vocational Technical,2015,In-District FTE Pupils,1376.4
Southeastern Regional Vocational Technical,2016,In-District FTE Pupils,1459.9
Southeastern Regional Vocational Technical,2017,In-District FTE Pupils,1524.1
Southeastern Regional Vocational Technical,2018,In-District FTE Pupils,1509.3
Southeastern Regional Vocational Technical,2019,In-District FTE Pupils,1495.3
Southeastern Regional Vocational Technical,2020,In-District FTE Pupils,1504.5
Southeastern Regional Vocational Technical,2021,In-District FTE Pupils,1585.2
Southeastern Regional Vocational Technical,2022,In-District FTE Pupils,1614.1
Southeastern Regional Vocational Technical,2023,In-District FTE Pupils,1551.0
Southeastern Regional Vocational Technical,2024,In-District FTE Pupils,1564.8
Southeastern Regional Vocational Technical,2009,Out-of-District FTE Pupils,1.0
Southeastern Regional Vocational Technical,2010,Out-of-District FTE Pupils,0.0
Southeastern Regional Vocational Technical,2011,Out-of-District FTE Pupils,1.0
Southeastern Regional Vocational Technical,2012,Out-of-District FTE Pupils,0.0
Southeastern Regional Vocational Technical,2013,Out-of-District FTE Pupils,2.4
Southeastern Regional Vocational Technical,2014,Out-of-District FTE Pupils,4.9
Southeastern Regional Vocational Technical,2015,Out-of-District FTE Pupils,4.0
Southeastern Regional Vocational Technical,2016,Out-of-District FTE Pupils,4.0
Southeastern Regional Vocational Technical,2017,Out-of-District FTE Pupils,4.0
Southeastern Regional Vocational Technical,2018,Out-of-District FTE Pupils,2.0
Southeastern Regional Vocational Technical,2019,Out-of-District FTE Pupils,2.0
Southeastern Regional Vocational Technical,2020,Out-of-District FTE Pupils,2.0
Southeastern Regional Vocational Technical,2021,Out-of-District FTE Pupils,2.4
Southeastern Regional Vocational Technical,2022,Out-of-District FTE Pupils,1.0
Southeastern Regional Vocational Technical,2023,Out-of-District FTE Pupils,1.9
Southeastern Regional Vocational Technical,2024,Out-of-District FTE Pupils,1.0
Southern Berkshire,2009,In-District FTE Pupils,894.6
Southern Berkshire,2010,In-District FTE Pupils,895.0
Southern Berkshire,2011,In-District FTE Pupils,863.6
Southern Berkshire,2012,In-District FTE Pupils,807.1
Southern Berkshire,2013,In-District FTE Pupils,768.6
Southern Berkshire,2014,In-District FTE Pupils,752.1
Southern Berkshire,2015,In-District FTE Pupils,765.9
Southern Berkshire,2016,In-District FTE Pupils,748.3
Southern Berkshire,2017,In-District FTE Pupils,709.4
Southern Berkshire,2018,In-District FTE Pupils,673.1
Southern Berkshire,2019,In-District FTE Pupils,677.8
Southern Berkshire,2020,In-District FTE Pupils,669.3
Southern Berkshire,2021,In-District FTE Pupils,641.5
Southern Berkshire,2022,In-District FTE Pupils,623.2
Southern Berkshire,2023,In-District FTE Pupils,605.3
Southern Berkshire,2024,In-District FTE Pupils,613.6
Southern Berkshire,2009,Out-of-District FTE Pupils,157.0
Southern Berkshire,2010,Out-of-District FTE Pupils,167.0
Southern Berkshire,2011,Out-of-District FTE Pupils,149.4
Southern Berkshire,2012,Out-of-District FTE Pupils,145.6
Southern Berkshire,2013,Out-of-District FTE Pupils,150.9
Southern Berkshire,2014,Out-of-District FTE Pupils,157.2
Southern Berkshire,2015,Out-of-District FTE Pupils,137.2
Southern Berkshire,2016,Out-of-District FTE Pupils,118.3
Southern Berkshire,2017,Out-of-District FTE Pupils,105.0
Southern Berkshire,2018,Out-of-District FTE Pupils,110.8
Southern Berkshire,2019,Out-of-District FTE Pupils,116.5
Southern Berkshire,2020,Out-of-District FTE Pupils,124.8
Southern Berkshire,2021,Out-of-District FTE Pupils,136.3
Southern Berkshire,2022,Out-of-District FTE Pupils,143.0
Southern Berkshire,2023,Out-of-District FTE Pupils,145.2
Southern Berkshire,2024,Out-of-District FTE Pupils,144.0
Southern Worcester County Regional Vocational School District,2009,In-District FTE Pupils,1085.7
Southern Worcester County Regional Vocational School District,2010,In-District FTE Pupils,1099.8
Southern Worcester County Regional Vocational School District,2011,In-District FTE Pupils,1062.0
Southern Worcester County Regional Vocational School District,2012,In-District FTE Pupils,1053.8
Southern Worcester County Regional Vocational School District,2013,In-District FTE Pupils,1105.3
Southern Worcester County Regional Vocational School District,2014,In-District FTE Pupils,1067.0
Southern Worcester County Regional Vocational School District,2015,In-District FTE Pupils,1082.5
Southern Worcester County Regional Vocational School District,2016,In-District FTE Pupils,1077.8
Southern Worcester County Regional Vocational School District,2017,In-District FTE Pupils,1101.4
Southern Worcester County Regional Vocational School District,2018,In-District FTE Pupils,1085.6
Southern Worcester County Regional Vocational School District,2019,In-District FTE Pupils,1106.2
Southern Worcester County Regional Vocational School District,2020,In-District FTE Pupils,1136.6
Southern Worcester County Regional Vocational School District,2021,In-District FTE Pupils,1143.4
Southern Worcester County Regional Vocational School District,2022,In-District FTE Pupils,1161.3
Southern Worcester County Regional Vocational School District,2023,In-District FTE Pupils,1146.6
Southern Worcester County Regional Vocational School District,2024,In-District FTE Pupils,1159.6
Southern Worcester County Regional Vocational School District,2009,Out-of-District FTE Pupils,25.5
Southern Worcester County Regional Vocational School District,2010,Out-of-District FTE Pupils,27.7
Southern Worcester County Regional Vocational School District,2011,Out-of-District FTE Pupils,30.7
Southern Worcester County Regional Vocational School District,2012,Out-of-District FTE Pupils,26.9
Southern Worcester County Regional Vocational School District,2013,Out-of-District FTE Pupils,26.8
Southern Worcester County Regional Vocational School District,2014,Out-of-District FTE Pupils,28.5
Southern Worcester County Regional Vocational School District,2015,Out-of-District FTE Pupils,30.4
Southern Worcester County Regional Vocational School District,2016,Out-of-District FTE Pupils,31.5
Southern Worcester County Regional Vocational School District,2017,Out-of-District FTE Pupils,31.6
Southern Worcester County Regional Vocational School District,2018,Out-of-District FTE Pupils,32.4
Southern Worcester County Regional Vocational School District,2019,Out-of-District FTE Pupils,30.6
Southern Worcester County Regional Vocational School District,2020,Out-of-District FTE Pupils,33.0
Southern Worcester County Regional Vocational School District,2021,Out-of-District FTE Pupils,31.5
Southern Worcester County Regional Vocational School District,2022,Out-of-District FTE Pupils,35.5
Southern Worcester County Regional Vocational School District,2023,Out-of-District FTE Pupils,53.6
Southern Worcester County Regional Vocational School District,2024,Out-of-District FTE Pupils,54.4
Southwick-Tolland-Granville Regional School District,2009,In-District FTE Pupils,1809.6
Southwick-Tolland-Granville Regional School District,2010,In-District FTE Pupils,1789.5
Southwick-Tolland-Granville Regional School District,2011,In-District FTE Pupils,1718.6
Southwick-Tolland-Granville Regional School District,2012,In-District FTE Pupils,1655.6
Southwick-Tolland-Granville Regional School District,2013,In-District FTE Pupils,1744.3
Southwick-Tolland-Granville Regional School District,2014,In-District FTE Pupils,1689.3
Southwick-Tolland-Granville Regional School District,2015,In-District FTE Pupils,1636.9
Southwick-Tolland-Granville Regional School District,2016,In-District FTE Pupils,1584.4
Southwick-Tolland-Granville Regional School District,2017,In-District FTE Pupils,1545.7
Southwick-Tolland-Granville Regional School District,2018,In-District FTE Pupils,1521.1
Southwick-Tolland-Granville Regional School District,2019,In-District FTE Pupils,1518.2
Southwick-Tolland-Granville Regional School District,2020,In-District FTE Pupils,1497.1
Southwick-Tolland-Granville Regional School District,2021,In-District FTE Pupils,1391.7
Southwick-Tolland-Granville Regional School District,2022,In-District FTE Pupils,1364.5
Southwick-Tolland-Granville Regional School District,2023,In-District FTE Pupils,1331.9
Southwick-Tolland-Granville Regional School District,2024,In-District FTE Pupils,1312.8
Southwick-Tolland-Granville Regional School District,2009,Out-of-District FTE Pupils,70.8
Southwick-Tolland-Granville Regional School District,2010,Out-of-District FTE Pupils,72.1
Southwick-Tolland-Granville Regional School District,2011,Out-of-District FTE Pupils,65.7
Southwick-Tolland-Granville Regional School District,2012,Out-of-District FTE Pupils,67.7
Southwick-Tolland-Granville Regional School District,2013,Out-of-District FTE Pupils,118.2
Southwick-Tolland-Granville Regional School District,2014,Out-of-District FTE Pupils,114.1
Southwick-Tolland-Granville Regional School District,2015,Out-of-District FTE Pupils,119.7
Southwick-Tolland-Granville Regional School District,2016,Out-of-District FTE Pupils,121.5
Southwick-Tolland-Granville Regional School District,2017,Out-of-District FTE Pupils,115.7
Southwick-Tolland-Granville Regional School District,2018,Out-of-District FTE Pupils,101.6
Southwick-Tolland-Granville Regional School District,2019,Out-of-District FTE Pupils,102.1
Southwick-Tolland-Granville Regional School District,2020,Out-of-District FTE Pupils,98.1
Southwick-Tolland-Granville Regional School District,2021,Out-of-District FTE Pupils,88.6
Southwick-Tolland-Granville Regional School District,2022,Out-of-District FTE Pupils,100.5
Southwick-Tolland-Granville Regional School District,2023,Out-of-District FTE Pupils,102.1
Southwick-Tolland-Granville Regional School District,2024,Out-of-District FTE Pupils,119.1
Spencer-E Brookfield,2009,In-District FTE Pupils,2034.5
Spencer-E Brookfield,2010,In-District FTE Pupils,1969.0
Spencer-E Brookfield,2011,In-District FTE Pupils,1978.9
Spencer-E Brookfield,2012,In-District FTE Pupils,1953.3
Spencer-E Brookfield,2013,In-District FTE Pupils,1924.2
Spencer-E Brookfield,2014,In-District FTE Pupils,1813.8
Spencer-E Brookfield,2015,In-District FTE Pupils,1673.2
Spencer-E Brookfield,2016,In-District FTE Pupils,1550.3
Spencer-E Brookfield,2017,In-District FTE Pupils,1482.6
Spencer-E Brookfield,2018,In-District FTE Pupils,1397.7
Spencer-E Brookfield,2019,In-District FTE Pupils,1407.7
Spencer-E Brookfield,2020,In-District FTE Pupils,1395.6
Spencer-E Brookfield,2021,In-District FTE Pupils,1325.8
Spencer-E Brookfield,2022,In-District FTE Pupils,1380.3
Spencer-E Brookfield,2023,In-District FTE Pupils,1404.1
Spencer-E Brookfield,2024,In-District FTE Pupils,1403.1
Spencer-E Brookfield,2009,Out-of-District FTE Pupils,145.4
Spencer-E Brookfield,2010,Out-of-District FTE Pupils,164.0
Spencer-E Brookfield,2011,Out-of-District FTE Pupils,167.5
Spencer-E Brookfield,2012,Out-of-District FTE Pupils,171.5
Spencer-E Brookfield,2013,Out-of-District FTE Pupils,186.5
Spencer-E Brookfield,2014,Out-of-District FTE Pupils,195.7
Spencer-E Brookfield,2015,Out-of-District FTE Pupils,232.5
Spencer-E Brookfield,2016,Out-of-District FTE Pupils,264.6
Spencer-E Brookfield,2017,Out-of-District FTE Pupils,259.3
Spencer-E Brookfield,2018,Out-of-District FTE Pupils,297.1
Spencer-E Brookfield,2019,Out-of-District FTE Pupils,287.8
Spencer-E Brookfield,2020,Out-of-District FTE Pupils,266.9
Spencer-E Brookfield,2021,Out-of-District FTE Pupils,278.0
Spencer-E Brookfield,2022,Out-of-District FTE Pupils,257.9
Spencer-E Brookfield,2023,Out-of-District FTE Pupils,283.2
Spencer-E Brookfield,2024,Out-of-District FTE Pupils,274.3
Springfield,2009,In-District FTE Pupils,25137.2
Springfield,2010,In-District FTE Pupils,24987.3
Springfield,2011,In-District FTE Pupils,24934.8
Springfield,2012,In-District FTE Pupils,24521.1
Springfield,2013,In-District FTE Pupils,24747.4
Springfield,2014,In-District FTE Pupils,25248.9
Springfield,2015,In-District FTE Pupils,25100.9
Springfield,2016,In-District FTE Pupils,25009.3
Springfield,2017,In-District FTE Pupils,25628.7
Springfield,2018,In-District FTE Pupils,25776.0
Springfield,2019,In-District FTE Pupils,25293.6
Springfield,2020,In-District FTE Pupils,24906.3
Springfield,2021,In-District FTE Pupils,24078.8
Springfield,2022,In-District FTE Pupils,24040.4
Springfield,2023,In-District FTE Pupils,23763.4
Springfield,2024,In-District FTE Pupils,23722.9
Springfield,2009,Out-of-District FTE Pupils,3570.8
Springfield,2010,Out-of-District FTE Pupils,3774.6
Springfield,2011,Out-of-District FTE Pupils,3719.3
Springfield,2012,Out-of-District FTE Pupils,3694.7
Springfield,2013,Out-of-District FTE Pupils,3816.7
Springfield,2014,Out-of-District FTE Pupils,3613.1
Springfield,2015,Out-of-District FTE Pupils,3974.3
Springfield,2016,Out-of-District FTE Pupils,4406.5
Springfield,2017,Out-of-District FTE Pupils,4596.3
Springfield,2018,Out-of-District FTE Pupils,4811.9
Springfield,2019,Out-of-District FTE Pupils,5150.4
Springfield,2020,Out-of-District FTE Pupils,5363.2
Springfield,2021,Out-of-District FTE Pupils,5559.2
Springfield,2022,Out-of-District FTE Pupils,5499.9
Springfield,2023,Out-of-District FTE Pupils,5651.8
Springfield,2024,Out-of-District FTE Pupils,5745.0
Springfield International Charter (District),2019,In-District FTE Pupils,1572.0
Springfield International Charter (District),2020,In-District FTE Pupils,1571.0
Springfield International Charter (District),2021,In-District FTE Pupils,1567.9
Springfield International Charter (District),2022,In-District FTE Pupils,1524.3
Springfield International Charter (District),2023,In-District FTE Pupils,1521.8
Springfield International Charter (District),2024,In-District FTE Pupils,1481.3
Springfield International Charter (District),2019,Out-of-District FTE Pupils,0.0
Springfield International Charter (District),2020,Out-of-District FTE Pupils,0.0
Springfield International Charter (District),2021,Out-of-District FTE Pupils,0.0
Springfield International Charter (District),2022,Out-of-District FTE Pupils,0.0
Springfield International Charter (District),2023,Out-of-District FTE Pupils,0.0
Springfield International Charter (District),2024,Out-of-District FTE Pupils,0.0
Springfield Preparatory Charter School (District),2019,In-District FTE Pupils,269.7
Springfield Preparatory Charter School (District),2020,In-District FTE Pupils,324.6
Springfield Preparatory Charter School (District),2021,In-District FTE Pupils,379.5
Springfield Preparatory Charter School (District),2022,In-District FTE Pupils,433.1
Springfield Preparatory Charter School (District),2023,In-District FTE Pupils,483.3
Springfield Preparatory Charter School (District),2024,In-District FTE Pupils,485.1
Springfield Preparatory Charter School (District),2019,Out-of-District FTE Pupils,0.0
Springfield Preparatory Charter School (District),2020,Out-of-District FTE Pupils,0.0
Springfield Preparatory Charter School (District),2021,Out-of-District FTE Pupils,0.0
Springfield Preparatory Charter School (District),2022,Out-of-District FTE Pupils,0.0
Springfield Preparatory Charter School (District),2023,Out-of-District FTE Pupils,0.0
Springfield Preparatory Charter School (District),2024,Out-of-District FTE Pupils,0.0
Stoneham,2009,In-District FTE Pupils,2714.0
Stoneham,2010,In-District FTE Pupils,2654.1
Stoneham,2011,In-District FTE Pupils,2540.9
Stoneham,2012,In-District FTE Pupils,2479.3
Stoneham,2013,In-District FTE Pupils,2370.2
Stoneham,2014,In-District FTE Pupils,2307.4
Stoneham,2015,In-District FTE Pupils,2267.6
Stoneham,2016,In-District FTE Pupils,2316.2
Stoneham,2017,In-District FTE Pupils,2342.0
Stoneham,2018,In-District FTE Pupils,2328.2
Stoneham,2019,In-District FTE Pupils,2384.5
Stoneham,2020,In-District FTE Pupils,2382.0
Stoneham,2021,In-District FTE Pupils,2250.6
Stoneham,2022,In-District FTE Pupils,2249.3
Stoneham,2023,In-District FTE Pupils,2265.0
Stoneham,2024,In-District FTE Pupils,2293.2
Stoneham,2009,Out-of-District FTE Pupils,122.4
Stoneham,2010,Out-of-District FTE Pupils,132.5
Stoneham,2011,Out-of-District FTE Pupils,148.2
Stoneham,2012,Out-of-District FTE Pupils,129.3
Stoneham,2013,Out-of-District FTE Pupils,159.4
Stoneham,2014,Out-of-District FTE Pupils,179.6
Stoneham,2015,Out-of-District FTE Pupils,169.9
Stoneham,2016,Out-of-District FTE Pupils,173.7
Stoneham,2017,Out-of-District FTE Pupils,158.7
Stoneham,2018,Out-of-District FTE Pupils,159.8
Stoneham,2019,Out-of-District FTE Pupils,172.7
Stoneham,2020,Out-of-District FTE Pupils,170.9
Stoneham,2021,Out-of-District FTE Pupils,188.5
Stoneham,2022,Out-of-District FTE Pupils,227.3
Stoneham,2023,Out-of-District FTE Pupils,228.9
Stoneham,2024,Out-of-District FTE Pupils,245.0
Stoughton,2009,In-District FTE Pupils,3902.1
Stoughton,2010,In-District FTE Pupils,3803.9
Stoughton,2011,In-District FTE Pupils,3798.7
Stoughton,2012,In-District FTE Pupils,3823.8
Stoughton,2013,In-District FTE Pupils,3751.5
Stoughton,2014,In-District FTE Pupils,3621.0
Stoughton,2015,In-District FTE Pupils,3660.1
Stoughton,2016,In-District FTE Pupils,3618.4
Stoughton,2017,In-District FTE Pupils,3573.8
Stoughton,2018,In-District FTE Pupils,3542.6
Stoughton,2019,In-District FTE Pupils,3486.9
Stoughton,2020,In-District FTE Pupils,3473.2
Stoughton,2021,In-District FTE Pupils,3389.5
Stoughton,2022,In-District FTE Pupils,3509.5
Stoughton,2023,In-District FTE Pupils,3578.1
Stoughton,2024,In-District FTE Pupils,3807.4
Stoughton,2009,Out-of-District FTE Pupils,80.0
Stoughton,2010,Out-of-District FTE Pupils,83.0
Stoughton,2011,Out-of-District FTE Pupils,81.8
Stoughton,2012,Out-of-District FTE Pupils,94.4
Stoughton,2013,Out-of-District FTE Pupils,106.9
Stoughton,2014,Out-of-District FTE Pupils,130.8
Stoughton,2015,Out-of-District FTE Pupils,155.4
Stoughton,2016,Out-of-District FTE Pupils,161.7
Stoughton,2017,Out-of-District FTE Pupils,168.6
Stoughton,2018,Out-of-District FTE Pupils,201.2
Stoughton,2019,Out-of-District FTE Pupils,214.6
Stoughton,2020,Out-of-District FTE Pupils,211.3
Stoughton,2021,Out-of-District FTE Pupils,222.1
Stoughton,2022,Out-of-District FTE Pupils,230.6
Stoughton,2023,Out-of-District FTE Pupils,223.5
Stoughton,2024,Out-of-District FTE Pupils,208.4
Sturbridge,2009,In-District FTE Pupils,883.7
Sturbridge,2010,In-District FTE Pupils,932.2
Sturbridge,2011,In-District FTE Pupils,947.1
Sturbridge,2012,In-District FTE Pupils,949.3
Sturbridge,2013,In-District FTE Pupils,960.8
Sturbridge,2014,In-District FTE Pupils,984.4
Sturbridge,2015,In-District FTE Pupils,982.4
Sturbridge,2016,In-District FTE Pupils,967.2
Sturbridge,2017,In-District FTE Pupils,920.3
Sturbridge,2018,In-District FTE Pupils,908.9
Sturbridge,2019,In-District FTE Pupils,889.7
Sturbridge,2020,In-District FTE Pupils,901.6
Sturbridge,2021,In-District FTE Pupils,808.0
Sturbridge,2022,In-District FTE Pupils,867.6
Sturbridge,2023,In-District FTE Pupils,888.5
Sturbridge,2024,In-District FTE Pupils,904.4
Sturbridge,2009,Out-of-District FTE Pupils,15.4
Sturbridge,2010,Out-of-District FTE Pupils,21.9
Sturbridge,2011,Out-of-District FTE Pupils,21.2
Sturbridge,2012,Out-of-District FTE Pupils,7.5
Sturbridge,2013,Out-of-District FTE Pupils,11.3
Sturbridge,2014,Out-of-District FTE Pupils,13.2
Sturbridge,2015,Out-of-District FTE Pupils,9.3
Sturbridge,2016,Out-of-District FTE Pupils,11.0
Sturbridge,2017,Out-of-District FTE Pupils,13.1
Sturbridge,2018,Out-of-District FTE Pupils,31.5
Sturbridge,2019,Out-of-District FTE Pupils,31.2
Sturbridge,2020,Out-of-District FTE Pupils,32.8
Sturbridge,2021,Out-of-District FTE Pupils,33.9
Sturbridge,2022,Out-of-District FTE Pupils,35.0
Sturbridge,2023,Out-of-District FTE Pupils,39.4
Sturbridge,2024,Out-of-District FTE Pupils,37.2
Sturgis Charter Public (District),2019,In-District FTE Pupils,838.2
Sturgis Charter Public (District),2020,In-District FTE Pupils,841.6
Sturgis Charter Public (District),2021,In-District FTE Pupils,851.5
Sturgis Charter Public (District),2022,In-District FTE Pupils,843.1
Sturgis Charter Public (District),2023,In-District FTE Pupils,832.2
Sturgis Charter Public (District),2024,In-District FTE Pupils,824.7
Sturgis Charter Public (District),2019,Out-of-District FTE Pupils,0.0
Sturgis Charter Public (District),2020,Out-of-District FTE Pupils,0.0
Sturgis Charter Public (District),2021,Out-of-District FTE Pupils,0.0
Sturgis Charter Public (District),2022,Out-of-District FTE Pupils,0.0
Sturgis Charter Public (District),2023,Out-of-District FTE Pupils,0.0
Sturgis Charter Public (District),2024,Out-of-District FTE Pupils,0.0
Sudbury,2009,In-District FTE Pupils,3240.6
Sudbury,2010,In-District FTE Pupils,3159.6
Sudbury,2011,In-District FTE Pupils,3099.7
Sudbury,2012,In-District FTE Pupils,3068.3
Sudbury,2013,In-District FTE Pupils,3008.1
Sudbury,2014,In-District FTE Pupils,2917.9
Sudbury,2015,In-District FTE Pupils,2853.9
Sudbury,2016,In-District FTE Pupils,2811.4
Sudbury,2017,In-District FTE Pupils,2810.4
Sudbury,2018,In-District FTE Pupils,2701.1
Sudbury,2019,In-District FTE Pupils,2667.8
Sudbury,2020,In-District FTE Pupils,2667.1
Sudbury,2021,In-District FTE Pupils,2540.8
Sudbury,2022,In-District FTE Pupils,2544.2
Sudbury,2023,In-District FTE Pupils,2565.0
Sudbury,2024,In-District FTE Pupils,2547.7
Sudbury,2009,Out-of-District FTE Pupils,53.8
Sudbury,2010,Out-of-District FTE Pupils,54.3
Sudbury,2011,Out-of-District FTE Pupils,55.5
Sudbury,2012,Out-of-District FTE Pupils,58.9
Sudbury,2013,Out-of-District FTE Pupils,46.3
Sudbury,2014,Out-of-District FTE Pupils,39.8
Sudbury,2015,Out-of-District FTE Pupils,46.8
Sudbury,2016,Out-of-District FTE Pupils,39.4
Sudbury,2017,Out-of-District FTE Pupils,37.6
Sudbury,2018,Out-of-District FTE Pupils,69.2
Sudbury,2019,Out-of-District FTE Pupils,68.6
Sudbury,2020,Out-of-District FTE Pupils,66.2
Sudbury,2021,Out-of-District FTE Pupils,39.6
Sudbury,2022,Out-of-District FTE Pupils,39.0
Sudbury,2023,Out-of-District FTE Pupils,36.4
Sudbury,2024,Out-of-District FTE Pupils,31.1
Sunderland,2009,In-District FTE Pupils,209.7
Sunderland,2010,In-District FTE Pupils,181.2
Sunderland,2011,In-District FTE Pupils,168.0
Sunderland,2012,In-District FTE Pupils,168.5
Sunderland,2013,In-District FTE Pupils,181.1
Sunderland,2014,In-District FTE Pupils,199.8
Sunderland,2015,In-District FTE Pupils,204.3
Sunderland,2016,In-District FTE Pupils,229.1
Sunderland,2017,In-District FTE Pupils,259.7
Sunderland,2018,In-District FTE Pupils,236.0
Sunderland,2019,In-District FTE Pupils,231.2
Sunderland,2020,In-District FTE Pupils,222.6
Sunderland,2021,In-District FTE Pupils,184.9
Sunderland,2022,In-District FTE Pupils,189.4
Sunderland,2023,In-District FTE Pupils,183.9
Sunderland,2024,In-District FTE Pupils,191.3
Sunderland,2009,Out-of-District FTE Pupils,24.8
Sunderland,2010,Out-of-District FTE Pupils,34.3
Sunderland,2011,Out-of-District FTE Pupils,31.6
Sunderland,2012,Out-of-District FTE Pupils,29.1
Sunderland,2013,Out-of-District FTE Pupils,24.1
Sunderland,2014,Out-of-District FTE Pupils,22.8
Sunderland,2015,Out-of-District FTE Pupils,24.8
Sunderland,2016,Out-of-District FTE Pupils,15.6
Sunderland,2017,Out-of-District FTE Pupils,13.9
Sunderland,2018,Out-of-District FTE Pupils,17.0
Sunderland,2019,Out-of-District FTE Pupils,19.4
Sunderland,2020,Out-of-District FTE Pupils,15.8
Sunderland,2021,Out-of-District FTE Pupils,20.9
Sunderland,2022,Out-of-District FTE Pupils,28.6
Sunderland,2023,Out-of-District FTE Pupils,23.3
Sunderland,2024,Out-of-District FTE Pupils,17.6
Sutton,2009,In-District FTE Pupils,1675.9
Sutton,2010,In-District FTE Pupils,1639.4
Sutton,2011,In-District FTE Pupils,1617.9
Sutton,2012,In-District FTE Pupils,1579.7
Sutton,2013,In-District FTE Pupils,1580.5
Sutton,2014,In-District FTE Pupils,1544.9
Sutton,2015,In-District FTE Pupils,1502.3
Sutton,2016,In-District FTE Pupils,1450.8
Sutton,2017,In-District FTE Pupils,1440.0
Sutton,2018,In-District FTE Pupils,1409.8
Sutton,2019,In-District FTE Pupils,1384.2
Sutton,2020,In-District FTE Pupils,1364.6
Sutton,2021,In-District FTE Pupils,1259.2
Sutton,2022,In-District FTE Pupils,1290.8
Sutton,2023,In-District FTE Pupils,1288.3
Sutton,2024,In-District FTE Pupils,1309.2
Sutton,2009,Out-of-District FTE Pupils,39.1
Sutton,2010,Out-of-District FTE Pupils,38.1
Sutton,2011,Out-of-District FTE Pupils,37.1
Sutton,2012,Out-of-District FTE Pupils,24.3
Sutton,2013,Out-of-District FTE Pupils,21.4
Sutton,2014,Out-of-District FTE Pupils,31.2
Sutton,2015,Out-of-District FTE Pupils,38.6
Sutton,2016,Out-of-District FTE Pupils,37.9
Sutton,2017,Out-of-District FTE Pupils,40.5
Sutton,2018,Out-of-District FTE Pupils,41.5
Sutton,2019,Out-of-District FTE Pupils,44.6
Sutton,2020,Out-of-District FTE Pupils,47.4
Sutton,2021,Out-of-District FTE Pupils,47.5
Sutton,2022,Out-of-District FTE Pupils,50.6
Sutton,2023,Out-of-District FTE Pupils,70.1
Sutton,2024,Out-of-District FTE Pupils,72.4
Swampscott,2009,In-District FTE Pupils,2293.3
Swampscott,2010,In-District FTE Pupils,2287.9
Swampscott,2011,In-District FTE Pupils,2297.0
Swampscott,2012,In-District FTE Pupils,2277.5
Swampscott,2013,In-District FTE Pupils,2267.0
Swampscott,2014,In-District FTE Pupils,2306.4
Swampscott,2015,In-District FTE Pupils,2234.9
Swampscott,2016,In-District FTE Pupils,2249.1
Swampscott,2017,In-District FTE Pupils,2237.2
Swampscott,2018,In-District FTE Pupils,2199.6
Swampscott,2019,In-District FTE Pupils,2206.1
Swampscott,2020,In-District FTE Pupils,2218.4
Swampscott,2021,In-District FTE Pupils,2109.4
Swampscott,2022,In-District FTE Pupils,2053.1
Swampscott,2023,In-District FTE Pupils,2037.0
Swampscott,2024,In-District FTE Pupils,2070.2
Swampscott,2009,Out-of-District FTE Pupils,86.8
Swampscott,2010,Out-of-District FTE Pupils,87.0
Swampscott,2011,Out-of-District FTE Pupils,67.2
Swampscott,2012,Out-of-District FTE Pupils,73.4
Swampscott,2013,Out-of-District FTE Pupils,54.1
Swampscott,2014,Out-of-District FTE Pupils,48.5
Swampscott,2015,Out-of-District FTE Pupils,46.5
Swampscott,2016,Out-of-District FTE Pupils,64.0
Swampscott,2017,Out-of-District FTE Pupils,58.0
Swampscott,2018,Out-of-District FTE Pupils,68.8
Swampscott,2019,Out-of-District FTE Pupils,76.5
Swampscott,2020,Out-of-District FTE Pupils,95.2
Swampscott,2021,Out-of-District FTE Pupils,101.0
Swampscott,2022,Out-of-District FTE Pupils,133.9
Swampscott,2023,Out-of-District FTE Pupils,132.5
Swampscott,2024,Out-of-District FTE Pupils,132.0
Swansea,2009,In-District FTE Pupils,2087.3
Swansea,2010,In-District FTE Pupils,2083.6
Swansea,2011,In-District FTE Pupils,2044.8
Swansea,2012,In-District FTE Pupils,2043.4
Swansea,2013,In-District FTE Pupils,2050.8
Swansea,2014,In-District FTE Pupils,2050.8
Swansea,2015,In-District FTE Pupils,2085.5
Swansea,2016,In-District FTE Pupils,2029.3
Swansea,2017,In-District FTE Pupils,2047.1
Swansea,2018,In-District FTE Pupils,2075.2
Swansea,2019,In-District FTE Pupils,2091.2
Swansea,2020,In-District FTE Pupils,2095.8
Swansea,2021,In-District FTE Pupils,1996.6
Swansea,2022,In-District FTE Pupils,2026.6
Swansea,2023,In-District FTE Pupils,1996.1
Swansea,2024,In-District FTE Pupils,2036.4
Swansea,2009,Out-of-District FTE Pupils,37.6
Swansea,2010,Out-of-District FTE Pupils,41.0
Swansea,2011,Out-of-District FTE Pupils,24.5
Swansea,2012,Out-of-District FTE Pupils,41.3
Swansea,2013,Out-of-District FTE Pupils,39.6
Swansea,2014,Out-of-District FTE Pupils,47.8
Swansea,2015,Out-of-District FTE Pupils,40.0
Swansea,2016,Out-of-District FTE Pupils,39.7
Swansea,2017,Out-of-District FTE Pupils,56.1
Swansea,2018,Out-of-District FTE Pupils,62.6
Swansea,2019,Out-of-District FTE Pupils,70.6
Swansea,2020,Out-of-District FTE Pupils,67.6
Swansea,2021,Out-of-District FTE Pupils,64.8
Swansea,2022,Out-of-District FTE Pupils,75.1
Swansea,2023,Out-of-District FTE Pupils,80.8
Swansea,2024,Out-of-District FTE Pupils,70.0
TEC Connections Academy Commonwealth Virtual School District,2019,In-District FTE Pupils,2228.0
TEC Connections Academy Commonwealth Virtual School District,2020,In-District FTE Pupils,2252.9
TEC Connections Academy Commonwealth Virtual School District,2023,In-District FTE Pupils,2944.9
TEC Connections Academy Commonwealth Virtual School District,2024,In-District FTE Pupils,5873.8
TEC Connections Academy Commonwealth Virtual School District,2019,Out-of-District FTE Pupils,0.0
TEC Connections Academy Commonwealth Virtual School District,2020,Out-of-District FTE Pupils,0.0
TEC Connections Academy Commonwealth Virtual School District,2023,Out-of-District FTE Pupils,0.0
TEC Connections Academy Commonwealth Virtual School District,2024,Out-of-District FTE Pupils,0.0
Tantasqua,2009,In-District FTE Pupils,1558.2
Tantasqua,2010,In-District FTE Pupils,1757.6
Tantasqua,2011,In-District FTE Pupils,1743.6
Tantasqua,2012,In-District FTE Pupils,1743.1
Tantasqua,2013,In-District FTE Pupils,1762.1
Tantasqua,2014,In-District FTE Pupils,1748.2
Tantasqua,2015,In-District FTE Pupils,1763.7
Tantasqua,2016,In-District FTE Pupils,1775.4
Tantasqua,2017,In-District FTE Pupils,1802.2
Tantasqua,2018,In-District FTE Pupils,1757.2
Tantasqua,2019,In-District FTE Pupils,1782.4
Tantasqua,2020,In-District FTE Pupils,1787.2
Tantasqua,2021,In-District FTE Pupils,1761.7
Tantasqua,2022,In-District FTE Pupils,1776.3
Tantasqua,2023,In-District FTE Pupils,1720.6
Tantasqua,2024,In-District FTE Pupils,1749.3
Tantasqua,2009,Out-of-District FTE Pupils,57.7
Tantasqua,2010,Out-of-District FTE Pupils,59.0
Tantasqua,2011,Out-of-District FTE Pupils,43.8
Tantasqua,2012,Out-of-District FTE Pupils,43.7
Tantasqua,2013,Out-of-District FTE Pupils,46.1
Tantasqua,2014,Out-of-District FTE Pupils,40.1
Tantasqua,2015,Out-of-District FTE Pupils,54.9
Tantasqua,2016,Out-of-District FTE Pupils,47.8
Tantasqua,2017,Out-of-District FTE Pupils,34.2
Tantasqua,2018,Out-of-District FTE Pupils,38.5
Tantasqua,2019,Out-of-District FTE Pupils,40.1
Tantasqua,2020,Out-of-District FTE Pupils,53.4
Tantasqua,2021,Out-of-District FTE Pupils,55.8
Tantasqua,2022,Out-of-District FTE Pupils,57.8
Tantasqua,2023,Out-of-District FTE Pupils,64.3
Tantasqua,2024,Out-of-District FTE Pupils,65.0
Taunton,2009,In-District FTE Pupils,7877.8
Taunton,2010,In-District FTE Pupils,7947.1
Taunton,2011,In-District FTE Pupils,7919.2
Taunton,2012,In-District FTE Pupils,7753.8
Taunton,2013,In-District FTE Pupils,7693.5
Taunton,2014,In-District FTE Pupils,7884.9
Taunton,2015,In-District FTE Pupils,7941.2
Taunton,2016,In-District FTE Pupils,8031.5
Taunton,2017,In-District FTE Pupils,8099.1
Taunton,2018,In-District FTE Pupils,8092.4
Taunton,2019,In-District FTE Pupils,8052.1
Taunton,2020,In-District FTE Pupils,8073.0
Taunton,2021,In-District FTE Pupils,7705.1
Taunton,2022,In-District FTE Pupils,7896.9
Taunton,2023,In-District FTE Pupils,7950.5
Taunton,2024,In-District FTE Pupils,8112.7
Taunton,2009,Out-of-District FTE Pupils,241.7
Taunton,2010,Out-of-District FTE Pupils,234.4
Taunton,2011,Out-of-District FTE Pupils,195.1
Taunton,2012,Out-of-District FTE Pupils,223.3
Taunton,2013,Out-of-District FTE Pupils,233.6
Taunton,2014,Out-of-District FTE Pupils,217.0
Taunton,2015,Out-of-District FTE Pupils,231.5
Taunton,2016,Out-of-District FTE Pupils,258.8
Taunton,2017,Out-of-District FTE Pupils,276.8
Taunton,2018,Out-of-District FTE Pupils,307.5
Taunton,2019,Out-of-District FTE Pupils,347.9
Taunton,2020,Out-of-District FTE Pupils,390.2
Taunton,2021,Out-of-District FTE Pupils,435.2
Taunton,2022,Out-of-District FTE Pupils,444.0
Taunton,2023,Out-of-District FTE Pupils,470.5
Taunton,2024,Out-of-District FTE Pupils,534.8
Tewksbury,2009,In-District FTE Pupils,4404.1
Tewksbury,2010,In-District FTE Pupils,4209.3
Tewksbury,2011,In-District FTE Pupils,4023.9
Tewksbury,2012,In-District FTE Pupils,3932.9
Tewksbury,2013,In-District FTE Pupils,3794.0
Tewksbury,2014,In-District FTE Pupils,3715.3
Tewksbury,2015,In-District FTE Pupils,3625.0
Tewksbury,2016,In-District FTE Pupils,3554.4
Tewksbury,2017,In-District FTE Pupils,3523.2
Tewksbury,2018,In-District FTE Pupils,3478.8
Tewksbury,2019,In-District FTE Pupils,3438.2
Tewksbury,2020,In-District FTE Pupils,3356.1
Tewksbury,2021,In-District FTE Pupils,3239.0
Tewksbury,2022,In-District FTE Pupils,3239.6
Tewksbury,2023,In-District FTE Pupils,3263.1
Tewksbury,2024,In-District FTE Pupils,3255.0
Tewksbury,2009,Out-of-District FTE Pupils,82.2
Tewksbury,2010,Out-of-District FTE Pupils,115.9
Tewksbury,2011,Out-of-District FTE Pupils,163.3
Tewksbury,2012,Out-of-District FTE Pupils,163.4
Tewksbury,2013,Out-of-District FTE Pupils,177.4
Tewksbury,2014,Out-of-District FTE Pupils,190.3
Tewksbury,2015,Out-of-District FTE Pupils,197.9
Tewksbury,2016,Out-of-District FTE Pupils,199.4
Tewksbury,2017,Out-of-District FTE Pupils,192.6
Tewksbury,2018,Out-of-District FTE Pupils,179.2
Tewksbury,2019,Out-of-District FTE Pupils,171.4
Tewksbury,2020,Out-of-District FTE Pupils,173.1
Tewksbury,2021,Out-of-District FTE Pupils,177.4
Tewksbury,2022,Out-of-District FTE Pupils,188.1
Tewksbury,2023,Out-of-District FTE Pupils,177.8
Tewksbury,2024,Out-of-District FTE Pupils,168.3
Tisbury,2009,In-District FTE Pupils,305.8
Tisbury,2010,In-District FTE Pupils,306.4
Tisbury,2011,In-District FTE Pupils,328.5
Tisbury,2012,In-District FTE Pupils,324.3
Tisbury,2013,In-District FTE Pupils,327.6
Tisbury,2014,In-District FTE Pupils,326.7
Tisbury,2015,In-District FTE Pupils,372.2
Tisbury,2016,In-District FTE Pupils,326.1
Tisbury,2017,In-District FTE Pupils,323.2
Tisbury,2018,In-District FTE Pupils,310.2
Tisbury,2019,In-District FTE Pupils,309.5
Tisbury,2020,In-District FTE Pupils,299.5
Tisbury,2021,In-District FTE Pupils,288.0
Tisbury,2022,In-District FTE Pupils,297.3
Tisbury,2023,In-District FTE Pupils,273.1
Tisbury,2009,Out-of-District FTE Pupils,73.9
Tisbury,2010,Out-of-District FTE Pupils,81.7
Tisbury,2011,Out-of-District FTE Pupils,78.1
Tisbury,2012,Out-of-District FTE Pupils,76.2
Tisbury,2013,Out-of-District FTE Pupils,76.4
Tisbury,2014,Out-of-District FTE Pupils,72.0
Tisbury,2015,Out-of-District FTE Pupils,72.4
Tisbury,2016,Out-of-District FTE Pupils,67.7
Tisbury,2017,Out-of-District FTE Pupils,68.4
Tisbury,2018,Out-of-District FTE Pupils,77.9
Tisbury,2019,Out-of-District FTE Pupils,66.8
Tisbury,2020,Out-of-District FTE Pupils,85.8
Tisbury,2021,Out-of-District FTE Pupils,75.4
Tisbury,2022,Out-of-District FTE Pupils,88.1
Tisbury,2023,Out-of-District FTE Pupils,104.2
Topsfield,2009,In-District FTE Pupils,652.1
Topsfield,2010,In-District FTE Pupils,670.1
Topsfield,2011,In-District FTE Pupils,654.0
Topsfield,2012,In-District FTE Pupils,618.6
Topsfield,2013,In-District FTE Pupils,599.6
Topsfield,2014,In-District FTE Pupils,605.2
Topsfield,2015,In-District FTE Pupils,606.9
Topsfield,2016,In-District FTE Pupils,634.7
Topsfield,2017,In-District FTE Pupils,632.9
Topsfield,2018,In-District FTE Pupils,640.2
Topsfield,2019,In-District FTE Pupils,648.9
Topsfield,2020,In-District FTE Pupils,650.9
Topsfield,2021,In-District FTE Pupils,590.9
Topsfield,2022,In-District FTE Pupils,630.4
Topsfield,2023,In-District FTE Pupils,634.2
Topsfield,2024,In-District FTE Pupils,616.7
Topsfield,2009,Out-of-District FTE Pupils,9.7
Topsfield,2010,Out-of-District FTE Pupils,10.7
Topsfield,2011,Out-of-District FTE Pupils,8.5
Topsfield,2012,Out-of-District FTE Pupils,9.9
Topsfield,2013,Out-of-District FTE Pupils,8.8
Topsfield,2014,Out-of-District FTE Pupils,7.4
Topsfield,2015,Out-of-District FTE Pupils,5.6
Topsfield,2016,Out-of-District FTE Pupils,6.0
Topsfield,2017,Out-of-District FTE Pupils,7.0
Topsfield,2018,Out-of-District FTE Pupils,6.0
Topsfield,2019,Out-of-District FTE Pupils,5.0
Topsfield,2020,Out-of-District FTE Pupils,7.0
Topsfield,2021,Out-of-District FTE Pupils,6.3
Topsfield,2022,Out-of-District FTE Pupils,11.3
Topsfield,2023,Out-of-District FTE Pupils,5.0
Topsfield,2024,Out-of-District FTE Pupils,8.0
Tri-County Regional Vocational Technical,2009,In-District FTE Pupils,941.8
Tri-County Regional Vocational Technical,2010,In-District FTE Pupils,993.5
Tri-County Regional Vocational Technical,2011,In-District FTE Pupils,976.5
Tri-County Regional Vocational Technical,2012,In-District FTE Pupils,1032.1
Tri-County Regional Vocational Technical,2013,In-District FTE Pupils,1038.2
Tri-County Regional Vocational Technical,2014,In-District FTE Pupils,1059.4
Tri-County Regional Vocational Technical,2015,In-District FTE Pupils,1041.8
Tri-County Regional Vocational Technical,2016,In-District FTE Pupils,1050.8
Tri-County Regional Vocational Technical,2017,In-District FTE Pupils,1054.6
Tri-County Regional Vocational Technical,2018,In-District FTE Pupils,1024.1
Tri-County Regional Vocational Technical,2019,In-District FTE Pupils,1042.2
Tri-County Regional Vocational Technical,2020,In-District FTE Pupils,991.8
Tri-County Regional Vocational Technical,2021,In-District FTE Pupils,958.5
Tri-County Regional Vocational Technical,2022,In-District FTE Pupils,947.0
Tri-County Regional Vocational Technical,2023,In-District FTE Pupils,946.9
Tri-County Regional Vocational Technical,2024,In-District FTE Pupils,955.8
Tri-County Regional Vocational Technical,2009,Out-of-District FTE Pupils,0.0
Tri-County Regional Vocational Technical,2010,Out-of-District FTE Pupils,0.0
Tri-County Regional Vocational Technical,2011,Out-of-District FTE Pupils,0.0
Tri-County Regional Vocational Technical,2012,Out-of-District FTE Pupils,0.0
Tri-County Regional Vocational Technical,2013,Out-of-District FTE Pupils,0.0
Tri-County Regional Vocational Technical,2014,Out-of-District FTE Pupils,0.0
Tri-County Regional Vocational Technical,2015,Out-of-District FTE Pupils,0.0
Tri-County Regional Vocational Technical,2016,Out-of-District FTE Pupils,0.7
Tri-County Regional Vocational Technical,2017,Out-of-District FTE Pupils,0.0
Tri-County Regional Vocational Technical,2018,Out-of-District FTE Pupils,0.0
Tri-County Regional Vocational Technical,2019,Out-of-District FTE Pupils,2.0
Tri-County Regional Vocational Technical,2020,Out-of-District FTE Pupils,2.0
Tri-County Regional Vocational Technical,2021,Out-of-District FTE Pupils,2.0
Tri-County Regional Vocational Technical,2022,Out-of-District FTE Pupils,3.0
Tri-County Regional Vocational Technical,2023,Out-of-District FTE Pupils,3.0
Tri-County Regional Vocational Technical,2024,Out-of-District FTE Pupils,0.3
Triton,2009,In-District FTE Pupils,3159.7
Triton,2010,In-District FTE Pupils,3075.2
Triton,2011,In-District FTE Pupils,2980.4
Triton,2012,In-District FTE Pupils,2892.0
Triton,2013,In-District FTE Pupils,2814.0
Triton,2014,In-District FTE Pupils,2738.8
Triton,2015,In-District FTE Pupils,2705.8
Triton,2016,In-District FTE Pupils,2605.3
Triton,2017,In-District FTE Pupils,2531.5
Triton,2018,In-District FTE Pupils,2506.7
Triton,2019,In-District FTE Pupils,2368.8
Triton,2020,In-District FTE Pupils,2350.3
Triton,2021,In-District FTE Pupils,2144.2
Triton,2022,In-District FTE Pupils,2185.1
Triton,2023,In-District FTE Pupils,2191.2
Triton,2024,In-District FTE Pupils,2113.3
Triton,2009,Out-of-District FTE Pupils,362.6
Triton,2010,Out-of-District FTE Pupils,333.9
Triton,2011,Out-of-District FTE Pupils,295.8
Triton,2012,Out-of-District FTE Pupils,284.1
Triton,2013,Out-of-District FTE Pupils,249.1
Triton,2014,Out-of-District FTE Pupils,208.7
Triton,2015,Out-of-District FTE Pupils,189.9
Triton,2016,Out-of-District FTE Pupils,174.4
Triton,2017,Out-of-District FTE Pupils,168.7
Triton,2018,Out-of-District FTE Pupils,155.4
Triton,2019,Out-of-District FTE Pupils,177.5
Triton,2020,Out-of-District FTE Pupils,207.8
Triton,2021,Out-of-District FTE Pupils,185.6
Triton,2022,Out-of-District FTE Pupils,188.5
Triton,2023,Out-of-District FTE Pupils,192.0
Triton,2024,Out-of-District FTE Pupils,199.0
Truro,2009,In-District FTE Pupils,141.8
Truro,2010,In-District FTE Pupils,147.5
Truro,2011,In-District FTE Pupils,146.9
Truro,2012,In-District FTE Pupils,151.6
Truro,2013,In-District FTE Pupils,139.4
Truro,2014,In-District FTE Pupils,137.5
Truro,2015,In-District FTE Pupils,124.9
Truro,2016,In-District FTE Pupils,117.9
Truro,2017,In-District FTE Pupils,114.6
Truro,2018,In-District FTE Pupils,104.5
Truro,2019,In-District FTE Pupils,108.1
Truro,2020,In-District FTE Pupils,114.0
Truro,2021,In-District FTE Pupils,112.3
Truro,2022,In-District FTE Pupils,113.6
Truro,2023,In-District FTE Pupils,98.9
Truro,2024,In-District FTE Pupils,91.3
Truro,2009,Out-of-District FTE Pupils,103.3
Truro,2010,Out-of-District FTE Pupils,101.3
Truro,2011,Out-of-District FTE Pupils,93.1
Truro,2012,Out-of-District FTE Pupils,93.8
Truro,2013,Out-of-District FTE Pupils,82.9
Truro,2014,Out-of-District FTE Pupils,94.9
Truro,2015,Out-of-District FTE Pupils,106.0
Truro,2016,Out-of-District FTE Pupils,115.1
Truro,2017,Out-of-District FTE Pupils,114.5
Truro,2018,Out-of-District FTE Pupils,117.8
Truro,2019,Out-of-District FTE Pupils,121.2
Truro,2020,Out-of-District FTE Pupils,127.5
Truro,2021,Out-of-District FTE Pupils,117.9
Truro,2022,Out-of-District FTE Pupils,106.7
Truro,2023,Out-of-District FTE Pupils,101.0
Truro,2024,Out-of-District FTE Pupils,103.8
Tyngsborough,2009,In-District FTE Pupils,2061.5
Tyngsborough,2010,In-District FTE Pupils,2025.2
Tyngsborough,2011,In-District FTE Pupils,1925.2
Tyngsborough,2012,In-District FTE Pupils,1871.1
Tyngsborough,2013,In-District FTE Pupils,1839.9
Tyngsborough,2014,In-District FTE Pupils,1790.1
Tyngsborough,2015,In-District FTE Pupils,1725.0
Tyngsborough,2016,In-District FTE Pupils,1678.8
Tyngsborough,2017,In-District FTE Pupils,1693.0
Tyngsborough,2018,In-District FTE Pupils,1690.1
Tyngsborough,2019,In-District FTE Pupils,1624.7
Tyngsborough,2020,In-District FTE Pupils,1640.7
Tyngsborough,2021,In-District FTE Pupils,1554.3
Tyngsborough,2022,In-District FTE Pupils,1628.0
Tyngsborough,2023,In-District FTE Pupils,1569.4
Tyngsborough,2024,In-District FTE Pupils,1540.9
Tyngsborough,2009,Out-of-District FTE Pupils,49.0
Tyngsborough,2010,Out-of-District FTE Pupils,81.4
Tyngsborough,2011,Out-of-District FTE Pupils,99.9
Tyngsborough,2012,Out-of-District FTE Pupils,126.4
Tyngsborough,2013,Out-of-District FTE Pupils,135.7
Tyngsborough,2014,Out-of-District FTE Pupils,144.3
Tyngsborough,2015,Out-of-District FTE Pupils,144.6
Tyngsborough,2016,Out-of-District FTE Pupils,144.0
Tyngsborough,2017,Out-of-District FTE Pupils,145.4
Tyngsborough,2018,Out-of-District FTE Pupils,134.6
Tyngsborough,2019,Out-of-District FTE Pupils,141.2
Tyngsborough,2020,Out-of-District FTE Pupils,129.1
Tyngsborough,2021,Out-of-District FTE Pupils,141.0
Tyngsborough,2022,Out-of-District FTE Pupils,146.8
Tyngsborough,2023,Out-of-District FTE Pupils,150.3
Tyngsborough,2024,Out-of-District FTE Pupils,148.5
UP Academy Charter School of Boston (District),2019,In-District FTE Pupils,1008.4
UP Academy Charter School of Boston (District),2020,In-District FTE Pupils,816.2
UP Academy Charter School of Boston (District),2021,In-District FTE Pupils,351.4
UP Academy Charter School of Boston (District),2022,In-District FTE Pupils,303.2
UP Academy Charter School of Boston (District),2023,In-District FTE Pupils,415.0
UP Academy Charter School of Boston (District),2024,In-District FTE Pupils,318.5
UP Academy Charter School of Boston (District),2019,Out-of-District FTE Pupils,0.0
UP Academy Charter School of Boston (District),2020,Out-of-District FTE Pupils,0.0
UP Academy Charter School of Boston (District),2021,Out-of-District FTE Pupils,0.0
UP Academy Charter School of Boston (District),2022,Out-of-District FTE Pupils,0.0
UP Academy Charter School of Boston (District),2023,Out-of-District FTE Pupils,0.0
UP Academy Charter School of Boston (District),2024,Out-of-District FTE Pupils,0.0
UP Academy Charter School of Dorchester (District),2019,In-District FTE Pupils,1445.5
UP Academy Charter School of Dorchester (District),2020,In-District FTE Pupils,1395.6
UP Academy Charter School of Dorchester (District),2021,In-District FTE Pupils,687.0
UP Academy Charter School of Dorchester (District),2022,In-District FTE Pupils,630.2
UP Academy Charter School of Dorchester (District),2023,In-District FTE Pupils,1216.1
UP Academy Charter School of Dorchester (District),2024,In-District FTE Pupils,1160.1
UP Academy Charter School of Dorchester (District),2019,Out-of-District FTE Pupils,0.0
UP Academy Charter School of Dorchester (District),2020,Out-of-District FTE Pupils,0.0
UP Academy Charter School of Dorchester (District),2021,Out-of-District FTE Pupils,0.0
UP Academy Charter School of Dorchester (District),2022,Out-of-District FTE Pupils,0.0
UP Academy Charter School of Dorchester (District),2023,Out-of-District FTE Pupils,0.0
UP Academy Charter School of Dorchester (District),2024,Out-of-District FTE Pupils,0.0
Up-Island Regional,2009,In-District FTE Pupils,338.6
Up-Island Regional,2010,In-District FTE Pupils,322.8
Up-Island Regional,2011,In-District FTE Pupils,315.9
Up-Island Regional,2012,In-District FTE Pupils,324.7
Up-Island Regional,2013,In-District FTE Pupils,326.2
Up-Island Regional,2014,In-District FTE Pupils,347.2
Up-Island Regional,2015,In-District FTE Pupils,352.2
Up-Island Regional,2016,In-District FTE Pupils,380.4
Up-Island Regional,2017,In-District FTE Pupils,386.1
Up-Island Regional,2018,In-District FTE Pupils,400.8
Up-Island Regional,2019,In-District FTE Pupils,411.6
Up-Island Regional,2020,In-District FTE Pupils,410.7
Up-Island Regional,2021,In-District FTE Pupils,409.6
Up-Island Regional,2022,In-District FTE Pupils,407.6
Up-Island Regional,2023,In-District FTE Pupils,414.5
Up-Island Regional,2024,In-District FTE Pupils,401.5
Up-Island Regional,2009,Out-of-District FTE Pupils,61.7
Up-Island Regional,2010,Out-of-District FTE Pupils,80.3
Up-Island Regional,2011,Out-of-District FTE Pupils,79.0
Up-Island Regional,2012,Out-of-District FTE Pupils,68.9
Up-Island Regional,2013,Out-of-District FTE Pupils,63.7
Up-Island Regional,2014,Out-of-District FTE Pupils,61.3
Up-Island Regional,2015,Out-of-District FTE Pupils,57.9
Up-Island Regional,2016,Out-of-District FTE Pupils,55.3
Up-Island Regional,2017,Out-of-District FTE Pupils,61.2
Up-Island Regional,2018,Out-of-District FTE Pupils,58.6
Up-Island Regional,2019,Out-of-District FTE Pupils,68.2
Up-Island Regional,2020,Out-of-District FTE Pupils,57.2
Up-Island Regional,2021,Out-of-District FTE Pupils,56.0
Up-Island Regional,2022,Out-of-District FTE Pupils,51.0
Up-Island Regional,2023,Out-of-District FTE Pupils,60.2
Up-Island Regional,2024,Out-of-District FTE Pupils,53.6
Upper Cape Cod Regional Vocational Technical,2009,In-District FTE Pupils,659.3
Upper Cape Cod Regional Vocational Technical,2010,In-District FTE Pupils,679.7
Upper Cape Cod Regional Vocational Technical,2011,In-District FTE Pupils,678.5
Upper Cape Cod Regional Vocational Technical,2012,In-District FTE Pupils,656.5
Upper Cape Cod Regional Vocational Technical,2013,In-District FTE Pupils,683.1
Upper Cape Cod Regional Vocational Technical,2014,In-District FTE Pupils,689.8
Upper Cape Cod Regional Vocational Technical,2015,In-District FTE Pupils,706.5
Upper Cape Cod Regional Vocational Technical,2016,In-District FTE Pupils,784.1
Upper Cape Cod Regional Vocational Technical,2017,In-District FTE Pupils,783.1
Upper Cape Cod Regional Vocational Technical,2018,In-District FTE Pupils,791.5
Upper Cape Cod Regional Vocational Technical,2019,In-District FTE Pupils,728.8
Upper Cape Cod Regional Vocational Technical,2020,In-District FTE Pupils,729.6
Upper Cape Cod Regional Vocational Technical,2021,In-District FTE Pupils,745.9
Upper Cape Cod Regional Vocational Technical,2022,In-District FTE Pupils,752.5
Upper Cape Cod Regional Vocational Technical,2023,In-District FTE Pupils,708.9
Upper Cape Cod Regional Vocational Technical,2024,In-District FTE Pupils,814.6
Upper Cape Cod Regional Vocational Technical,2009,Out-of-District FTE Pupils,0.0
Upper Cape Cod Regional Vocational Technical,2010,Out-of-District FTE Pupils,0.0
Upper Cape Cod Regional Vocational Technical,2011,Out-of-District FTE Pupils,0.0
Upper Cape Cod Regional Vocational Technical,2012,Out-of-District FTE Pupils,0.0
Upper Cape Cod Regional Vocational Technical,2013,Out-of-District FTE Pupils,0.0
Upper Cape Cod Regional Vocational Technical,2014,Out-of-District FTE Pupils,0.5
Upper Cape Cod Regional Vocational Technical,2015,Out-of-District FTE Pupils,4.0
Upper Cape Cod Regional Vocational Technical,2016,Out-of-District FTE Pupils,1.3
Upper Cape Cod Regional Vocational Technical,2017,Out-of-District FTE Pupils,3.5
Upper Cape Cod Regional Vocational Technical,2018,Out-of-District FTE Pupils,7.0
Upper Cape Cod Regional Vocational Technical,2019,Out-of-District FTE Pupils,1.3
Upper Cape Cod Regional Vocational Technical,2020,Out-of-District FTE Pupils,7.8
Upper Cape Cod Regional Vocational Technical,2021,Out-of-District FTE Pupils,6.5
Upper Cape Cod Regional Vocational Technical,2022,Out-of-District FTE Pupils,6.4
Upper Cape Cod Regional Vocational Technical,2023,Out-of-District FTE Pupils,3.7
Upper Cape Cod Regional Vocational Technical,2024,Out-of-District FTE Pupils,9.1
Uxbridge,2009,In-District FTE Pupils,2037.1
Uxbridge,2010,In-District FTE Pupils,1997.6
Uxbridge,2011,In-District FTE Pupils,1945.7
Uxbridge,2012,In-District FTE Pupils,1904.2
Uxbridge,2013,In-District FTE Pupils,1839.0
Uxbridge,2014,In-District FTE Pupils,1878.9
Uxbridge,2015,In-District FTE Pupils,1818.9
Uxbridge,2016,In-District FTE Pupils,1823.2
Uxbridge,2017,In-District FTE Pupils,1835.2
Uxbridge,2018,In-District FTE Pupils,1720.9
Uxbridge,2019,In-District FTE Pupils,1679.7
Uxbridge,2020,In-District FTE Pupils,1720.5
Uxbridge,2021,In-District FTE Pupils,1608.2
Uxbridge,2022,In-District FTE Pupils,1637.3
Uxbridge,2023,In-District FTE Pupils,1637.0
Uxbridge,2024,In-District FTE Pupils,1637.1
Uxbridge,2009,Out-of-District FTE Pupils,239.6
Uxbridge,2010,Out-of-District FTE Pupils,249.3
Uxbridge,2011,Out-of-District FTE Pupils,226.8
Uxbridge,2012,Out-of-District FTE Pupils,211.7
Uxbridge,2013,Out-of-District FTE Pupils,206.0
Uxbridge,2014,Out-of-District FTE Pupils,216.0
Uxbridge,2015,Out-of-District FTE Pupils,237.3
Uxbridge,2016,Out-of-District FTE Pupils,229.3
Uxbridge,2017,Out-of-District FTE Pupils,241.3
Uxbridge,2018,Out-of-District FTE Pupils,239.1
Uxbridge,2019,Out-of-District FTE Pupils,238.2
Uxbridge,2020,Out-of-District FTE Pupils,224.2
Uxbridge,2021,Out-of-District FTE Pupils,199.8
Uxbridge,2022,Out-of-District FTE Pupils,175.1
Uxbridge,2023,Out-of-District FTE Pupils,165.9
Uxbridge,2024,Out-of-District FTE Pupils,171.6
Veritas Preparatory Charter School (District),2019,In-District FTE Pupils,348.1
Veritas Preparatory Charter School (District),2020,In-District FTE Pupils,370.2
Veritas Preparatory Charter School (District),2021,In-District FTE Pupils,410.9
Veritas Preparatory Charter School (District),2022,In-District FTE Pupils,367.8
Veritas Preparatory Charter School (District),2023,In-District FTE Pupils,488.9
Veritas Preparatory Charter School (District),2024,In-District FTE Pupils,598.8
Veritas Preparatory Charter School (District),2019,Out-of-District FTE Pupils,0.0
Veritas Preparatory Charter School (District),2020,Out-of-District FTE Pupils,0.0
Veritas Preparatory Charter School (District),2021,Out-of-District FTE Pupils,0.0
Veritas Preparatory Charter School (District),2022,Out-of-District FTE Pupils,0.0
Veritas Preparatory Charter School (District),2023,Out-of-District FTE Pupils,0.0
Veritas Preparatory Charter School (District),2024,Out-of-District FTE Pupils,0.0
Wachusett,2009,In-District FTE Pupils,7339.7
Wachusett,2010,In-District FTE Pupils,7433.9
Wachusett,2011,In-District FTE Pupils,7481.4
Wachusett,2012,In-District FTE Pupils,7473.0
Wachusett,2013,In-District FTE Pupils,7431.4
Wachusett,2014,In-District FTE Pupils,7384.3
Wachusett,2015,In-District FTE Pupils,7329.2
Wachusett,2016,In-District FTE Pupils,7308.0
Wachusett,2017,In-District FTE Pupils,7328.0
Wachusett,2018,In-District FTE Pupils,7207.1
Wachusett,2019,In-District FTE Pupils,7108.6
Wachusett,2020,In-District FTE Pupils,7050.1
Wachusett,2021,In-District FTE Pupils,6575.7
Wachusett,2022,In-District FTE Pupils,6756.3
Wachusett,2023,In-District FTE Pupils,6723.0
Wachusett,2024,In-District FTE Pupils,6661.0
Wachusett,2009,Out-of-District FTE Pupils,267.1
Wachusett,2010,Out-of-District FTE Pupils,258.2
Wachusett,2011,Out-of-District FTE Pupils,252.7
Wachusett,2012,Out-of-District FTE Pupils,248.1
Wachusett,2013,Out-of-District FTE Pupils,251.0
Wachusett,2014,Out-of-District FTE Pupils,217.0
Wachusett,2015,Out-of-District FTE Pupils,216.0
Wachusett,2016,Out-of-District FTE Pupils,234.2
Wachusett,2017,Out-of-District FTE Pupils,224.3
Wachusett,2018,Out-of-District FTE Pupils,233.5
Wachusett,2019,Out-of-District FTE Pupils,233.3
Wachusett,2020,Out-of-District FTE Pupils,218.1
Wachusett,2021,Out-of-District FTE Pupils,282.1
Wachusett,2022,Out-of-District FTE Pupils,248.5
Wachusett,2023,Out-of-District FTE Pupils,270.7
Wachusett,2024,Out-of-District FTE Pupils,276.7
Wakefield,2009,In-District FTE Pupils,3385.1
Wakefield,2010,In-District FTE Pupils,3350.6
Wakefield,2011,In-District FTE Pupils,3349.6
Wakefield,2012,In-District FTE Pupils,3333.0
Wakefield,2013,In-District FTE Pupils,3351.2
Wakefield,2014,In-District FTE Pupils,3328.6
Wakefield,2015,In-District FTE Pupils,3416.9
Wakefield,2016,In-District FTE Pupils,3477.3
Wakefield,2017,In-District FTE Pupils,3516.1
Wakefield,2018,In-District FTE Pupils,3489.6
Wakefield,2019,In-District FTE Pupils,3499.8
Wakefield,2020,In-District FTE Pupils,3496.3
Wakefield,2021,In-District FTE Pupils,3314.1
Wakefield,2022,In-District FTE Pupils,3337.1
Wakefield,2023,In-District FTE Pupils,3296.9
Wakefield,2024,In-District FTE Pupils,3353.6
Wakefield,2009,Out-of-District FTE Pupils,107.0
Wakefield,2010,Out-of-District FTE Pupils,115.0
Wakefield,2011,Out-of-District FTE Pupils,115.9
Wakefield,2012,Out-of-District FTE Pupils,122.5
Wakefield,2013,Out-of-District FTE Pupils,118.5
Wakefield,2014,Out-of-District FTE Pupils,123.0
Wakefield,2015,Out-of-District FTE Pupils,120.4
Wakefield,2016,Out-of-District FTE Pupils,123.9
Wakefield,2017,Out-of-District FTE Pupils,117.6
Wakefield,2018,Out-of-District FTE Pupils,115.5
Wakefield,2019,Out-of-District FTE Pupils,129.6
Wakefield,2020,Out-of-District FTE Pupils,124.6
Wakefield,2021,Out-of-District FTE Pupils,121.0
Wakefield,2022,Out-of-District FTE Pupils,129.5
Wakefield,2023,Out-of-District FTE Pupils,131.2
Wakefield,2024,Out-of-District FTE Pupils,137.6
Wales,2009,In-District FTE Pupils,163.3
Wales,2010,In-District FTE Pupils,168.7
Wales,2011,In-District FTE Pupils,171.1
Wales,2012,In-District FTE Pupils,161.2
Wales,2013,In-District FTE Pupils,150.1
Wales,2014,In-District FTE Pupils,159.5
Wales,2015,In-District FTE Pupils,164.7
Wales,2016,In-District FTE Pupils,166.9
Wales,2017,In-District FTE Pupils,165.7
Wales,2018,In-District FTE Pupils,160.4
Wales,2019,In-District FTE Pupils,148.1
Wales,2020,In-District FTE Pupils,142.0
Wales,2021,In-District FTE Pupils,127.4
Wales,2022,In-District FTE Pupils,114.9
Wales,2023,In-District FTE Pupils,97.1
Wales,2024,In-District FTE Pupils,92.9
Wales,2009,Out-of-District FTE Pupils,5.3
Wales,2010,Out-of-District FTE Pupils,4.8
Wales,2011,Out-of-District FTE Pupils,5.0
Wales,2012,Out-of-District FTE Pupils,9.6
Wales,2013,Out-of-District FTE Pupils,7.5
Wales,2014,Out-of-District FTE Pupils,9.0
Wales,2015,Out-of-District FTE Pupils,17.0
Wales,2016,Out-of-District FTE Pupils,16.0
Wales,2017,Out-of-District FTE Pupils,13.7
Wales,2018,Out-of-District FTE Pupils,17.3
Wales,2019,Out-of-District FTE Pupils,15.6
Wales,2020,Out-of-District FTE Pupils,19.9
Wales,2021,Out-of-District FTE Pupils,16.4
Wales,2022,Out-of-District FTE Pupils,27.5
Wales,2023,Out-of-District FTE Pupils,32.6
Wales,2024,Out-of-District FTE Pupils,29.2
Walpole,2009,In-District FTE Pupils,3930.3
Walpole,2010,In-District FTE Pupils,3959.1
Walpole,2011,In-District FTE Pupils,3964.5
Walpole,2012,In-District FTE Pupils,3995.6
Walpole,2013,In-District FTE Pupils,4017.7
Walpole,2014,In-District FTE Pupils,3986.0
Walpole,2015,In-District FTE Pupils,3911.2
Walpole,2016,In-District FTE Pupils,3902.3
Walpole,2017,In-District FTE Pupils,3860.4
Walpole,2018,In-District FTE Pupils,3812.1
Walpole,2019,In-District FTE Pupils,3768.6
Walpole,2020,In-District FTE Pupils,3719.6
Walpole,2021,In-District FTE Pupils,3673.8
Walpole,2022,In-District FTE Pupils,3670.2
Walpole,2023,In-District FTE Pupils,3663.0
Walpole,2024,In-District FTE Pupils,3646.5
Walpole,2009,Out-of-District FTE Pupils,71.6
Walpole,2010,Out-of-District FTE Pupils,74.1
Walpole,2011,Out-of-District FTE Pupils,60.4
Walpole,2012,Out-of-District FTE Pupils,63.5
Walpole,2013,Out-of-District FTE Pupils,62.5
Walpole,2014,Out-of-District FTE Pupils,63.2
Walpole,2015,Out-of-District FTE Pupils,75.5
Walpole,2016,Out-of-District FTE Pupils,89.1
Walpole,2017,Out-of-District FTE Pupils,108.3
Walpole,2018,Out-of-District FTE Pupils,118.9
Walpole,2019,Out-of-District FTE Pupils,117.4
Walpole,2020,Out-of-District FTE Pupils,115.4
Walpole,2021,Out-of-District FTE Pupils,117.6
Walpole,2022,Out-of-District FTE Pupils,106.2
Walpole,2023,Out-of-District FTE Pupils,96.2
Walpole,2024,Out-of-District FTE Pupils,93.1
Waltham,2009,In-District FTE Pupils,4725.9
Waltham,2010,In-District FTE Pupils,4768.6
Waltham,2011,In-District FTE Pupils,4715.6
Waltham,2012,In-District FTE Pupils,4925.5
Waltham,2013,In-District FTE Pupils,5035.9
Waltham,2014,In-District FTE Pupils,5147.3
Waltham,2015,In-District FTE Pupils,5265.7
Waltham,2016,In-District FTE Pupils,5368.3
Waltham,2017,In-District FTE Pupils,5470.8
Waltham,2018,In-District FTE Pupils,5565.9
Waltham,2019,In-District FTE Pupils,5582.8
Waltham,2020,In-District FTE Pupils,5774.6
Waltham,2021,In-District FTE Pupils,5440.4
Waltham,2022,In-District FTE Pupils,5628.3
Waltham,2023,In-District FTE Pupils,5703.3
Waltham,2024,In-District FTE Pupils,5730.7
Waltham,2009,Out-of-District FTE Pupils,101.4
Waltham,2010,Out-of-District FTE Pupils,95.6
Waltham,2011,Out-of-District FTE Pupils,94.9
Waltham,2012,Out-of-District FTE Pupils,156.1
Waltham,2013,Out-of-District FTE Pupils,160.9
Waltham,2014,Out-of-District FTE Pupils,179.7
Waltham,2015,Out-of-District FTE Pupils,184.7
Waltham,2016,Out-of-District FTE Pupils,204.6
Waltham,2017,Out-of-District FTE Pupils,199.8
Waltham,2018,Out-of-District FTE Pupils,184.9
Waltham,2019,Out-of-District FTE Pupils,198.7
Waltham,2020,Out-of-District FTE Pupils,188.9
Waltham,2021,Out-of-District FTE Pupils,177.3
Waltham,2022,Out-of-District FTE Pupils,202.7
Waltham,2023,Out-of-District FTE Pupils,196.7
Waltham,2024,Out-of-District FTE Pupils,191.4
Ware,2009,In-District FTE Pupils,1216.6
Ware,2010,In-District FTE Pupils,1269.1
Ware,2011,In-District FTE Pupils,1232.9
Ware,2012,In-District FTE Pupils,1220.2
Ware,2013,In-District FTE Pupils,1253.1
Ware,2014,In-District FTE Pupils,1274.1
Ware,2015,In-District FTE Pupils,1213.1
Ware,2016,In-District FTE Pupils,1248.0
Ware,2017,In-District FTE Pupils,1202.1
Ware,2018,In-District FTE Pupils,1191.2
Ware,2019,In-District FTE Pupils,1166.5
Ware,2020,In-District FTE Pupils,1140.9
Ware,2021,In-District FTE Pupils,1119.5
Ware,2022,In-District FTE Pupils,1123.4
Ware,2023,In-District FTE Pupils,1109.3
Ware,2024,In-District FTE Pupils,1095.8
Ware,2009,Out-of-District FTE Pupils,186.5
Ware,2010,Out-of-District FTE Pupils,181.1
Ware,2011,Out-of-District FTE Pupils,188.8
Ware,2012,Out-of-District FTE Pupils,173.4
Ware,2013,Out-of-District FTE Pupils,155.3
Ware,2014,Out-of-District FTE Pupils,171.4
Ware,2015,Out-of-District FTE Pupils,189.8
Ware,2016,Out-of-District FTE Pupils,204.3
Ware,2017,Out-of-District FTE Pupils,191.3
Ware,2018,Out-of-District FTE Pupils,198.4
Ware,2019,Out-of-District FTE Pupils,212.5
Ware,2020,Out-of-District FTE Pupils,219.0
Ware,2021,Out-of-District FTE Pupils,199.6
Ware,2022,Out-of-District FTE Pupils,201.8
Ware,2023,Out-of-District FTE Pupils,218.7
Ware,2024,Out-of-District FTE Pupils,213.9
Wareham,2009,In-District FTE Pupils,3210.0
Wareham,2010,In-District FTE Pupils,3158.4
Wareham,2011,In-District FTE Pupils,3071.8
Wareham,2012,In-District FTE Pupils,2951.0
Wareham,2013,In-District FTE Pupils,2794.7
Wareham,2014,In-District FTE Pupils,2713.9
Wareham,2015,In-District FTE Pupils,2625.3
Wareham,2016,In-District FTE Pupils,2500.2
Wareham,2017,In-District FTE Pupils,2452.0
Wareham,2018,In-District FTE Pupils,2311.5
Wareham,2019,In-District FTE Pupils,2119.9
Wareham,2020,In-District FTE Pupils,2102.7
Wareham,2021,In-District FTE Pupils,1976.0
Wareham,2022,In-District FTE Pupils,2030.1
Wareham,2023,In-District FTE Pupils,1992.2
Wareham,2009,Out-of-District FTE Pupils,71.0
Wareham,2010,Out-of-District FTE Pupils,76.8
Wareham,2011,Out-of-District FTE Pupils,96.2
Wareham,2012,Out-of-District FTE Pupils,102.4
Wareham,2013,Out-of-District FTE Pupils,135.7
Wareham,2014,Out-of-District FTE Pupils,200.7
Wareham,2015,Out-of-District FTE Pupils,265.0
Wareham,2016,Out-of-District FTE Pupils,296.8
Wareham,2017,Out-of-District FTE Pupils,316.6
Wareham,2018,Out-of-District FTE Pupils,350.5
Wareham,2019,Out-of-District FTE Pupils,408.2
Wareham,2020,Out-of-District FTE Pupils,375.1
Wareham,2021,Out-of-District FTE Pupils,367.6
Wareham,2022,Out-of-District FTE Pupils,391.9
Wareham,2023,Out-of-District FTE Pupils,379.0
Watertown,2009,In-District FTE Pupils,2546.0
Watertown,2010,In-District FTE Pupils,2611.9
Watertown,2011,In-District FTE Pupils,2667.5
Watertown,2012,In-District FTE Pupils,2622.5
Watertown,2013,In-District FTE Pupils,2640.1
Watertown,2014,In-District FTE Pupils,2654.3
Watertown,2015,In-District FTE Pupils,2555.2
Watertown,2016,In-District FTE Pupils,2612.8
Watertown,2017,In-District FTE Pupils,2597.3
Watertown,2018,In-District FTE Pupils,2597.4
Watertown,2019,In-District FTE Pupils,2644.8
Watertown,2020,In-District FTE Pupils,2675.6
Watertown,2021,In-District FTE Pupils,2479.6
Watertown,2022,In-District FTE Pupils,2603.9
Watertown,2023,In-District FTE Pupils,2683.0
Watertown,2024,In-District FTE Pupils,2735.4
Watertown,2009,Out-of-District FTE Pupils,141.3
Watertown,2010,Out-of-District FTE Pupils,141.5
Watertown,2011,Out-of-District FTE Pupils,127.7
Watertown,2012,Out-of-District FTE Pupils,140.2
Watertown,2013,Out-of-District FTE Pupils,151.9
Watertown,2014,Out-of-District FTE Pupils,161.6
Watertown,2015,Out-of-District FTE Pupils,150.8
Watertown,2016,Out-of-District FTE Pupils,153.9
Watertown,2017,Out-of-District FTE Pupils,145.5
Watertown,2018,Out-of-District FTE Pupils,150.4
Watertown,2019,Out-of-District FTE Pupils,147.7
Watertown,2020,Out-of-District FTE Pupils,156.6
Watertown,2021,Out-of-District FTE Pupils,149.6
Watertown,2022,Out-of-District FTE Pupils,143.0
Watertown,2023,Out-of-District FTE Pupils,130.6
Watertown,2024,Out-of-District FTE Pupils,119.6
Wayland,2009,In-District FTE Pupils,2777.9
Wayland,2010,In-District FTE Pupils,2734.9
Wayland,2011,In-District FTE Pupils,2696.5
Wayland,2012,In-District FTE Pupils,2684.0
Wayland,2013,In-District FTE Pupils,2712.1
Wayland,2014,In-District FTE Pupils,2687.9
Wayland,2015,In-District FTE Pupils,2662.7
Wayland,2016,In-District FTE Pupils,2665.2
Wayland,2017,In-District FTE Pupils,2664.0
Wayland,2018,In-District FTE Pupils,2718.6
Wayland,2019,In-District FTE Pupils,2707.1
Wayland,2020,In-District FTE Pupils,2729.8
Wayland,2021,In-District FTE Pupils,2699.1
Wayland,2022,In-District FTE Pupils,2740.1
Wayland,2023,In-District FTE Pupils,2757.6
Wayland,2024,In-District FTE Pupils,2760.0
Wayland,2009,Out-of-District FTE Pupils,39.5
Wayland,2010,Out-of-District FTE Pupils,42.6
Wayland,2011,Out-of-District FTE Pupils,49.4
Wayland,2012,Out-of-District FTE Pupils,51.2
Wayland,2013,Out-of-District FTE Pupils,44.4
Wayland,2014,Out-of-District FTE Pupils,41.2
Wayland,2015,Out-of-District FTE Pupils,51.0
Wayland,2016,Out-of-District FTE Pupils,57.0
Wayland,2017,Out-of-District FTE Pupils,49.7
Wayland,2018,Out-of-District FTE Pupils,56.1
Wayland,2019,Out-of-District FTE Pupils,54.3
Wayland,2020,Out-of-District FTE Pupils,58.9
Wayland,2021,Out-of-District FTE Pupils,62.6
Wayland,2022,Out-of-District FTE Pupils,37.1
Wayland,2023,Out-of-District FTE Pupils,43.8
Wayland,2024,Out-of-District FTE Pupils,49.5
Webster,2009,In-District FTE Pupils,1915.8
Webster,2010,In-District FTE Pupils,1939.2
Webster,2011,In-District FTE Pupils,1872.6
Webster,2012,In-District FTE Pupils,1826.5
Webster,2013,In-District FTE Pupils,1814.9
Webster,2014,In-District FTE Pupils,1826.7
Webster,2015,In-District FTE Pupils,1857.8
Webster,2016,In-District FTE Pupils,1880.8
Webster,2017,In-District FTE Pupils,1855.7
Webster,2018,In-District FTE Pupils,1865.5
Webster,2019,In-District FTE Pupils,1843.5
Webster,2020,In-District FTE Pupils,1819.2
Webster,2021,In-District FTE Pupils,1665.0
Webster,2022,In-District FTE Pupils,1709.0
Webster,2023,In-District FTE Pupils,1712.1
Webster,2024,In-District FTE Pupils,1691.0
Webster,2009,Out-of-District FTE Pupils,123.3
Webster,2010,Out-of-District FTE Pupils,126.6
Webster,2011,Out-of-District FTE Pupils,149.9
Webster,2012,Out-of-District FTE Pupils,163.3
Webster,2013,Out-of-District FTE Pupils,175.9
Webster,2014,Out-of-District FTE Pupils,188.7
Webster,2015,Out-of-District FTE Pupils,179.1
Webster,2016,Out-of-District FTE Pupils,181.0
Webster,2017,Out-of-District FTE Pupils,199.1
Webster,2018,Out-of-District FTE Pupils,210.6
Webster,2019,Out-of-District FTE Pupils,211.3
Webster,2020,Out-of-District FTE Pupils,220.8
Webster,2021,Out-of-District FTE Pupils,233.8
Webster,2022,Out-of-District FTE Pupils,237.8
Webster,2023,Out-of-District FTE Pupils,274.2
Webster,2024,Out-of-District FTE Pupils,284.6
Wellesley,2009,In-District FTE Pupils,4873.3
Wellesley,2010,In-District FTE Pupils,4719.3
Wellesley,2011,In-District FTE Pupils,4905.4
Wellesley,2012,In-District FTE Pupils,4932.7
Wellesley,2013,In-District FTE Pupils,4921.5
Wellesley,2014,In-District FTE Pupils,4995.7
Wellesley,2015,In-District FTE Pupils,5022.0
Wellesley,2016,In-District FTE Pupils,5018.9
Wellesley,2017,In-District FTE Pupils,4992.4
Wellesley,2018,In-District FTE Pupils,5002.4
Wellesley,2019,In-District FTE Pupils,4954.8
Wellesley,2020,In-District FTE Pupils,4882.2
Wellesley,2021,In-District FTE Pupils,4423.9
Wellesley,2022,In-District FTE Pupils,4319.9
Wellesley,2023,In-District FTE Pupils,4165.4
Wellesley,2024,In-District FTE Pupils,4086.5
Wellesley,2009,Out-of-District FTE Pupils,79.5
Wellesley,2010,Out-of-District FTE Pupils,80.5
Wellesley,2011,Out-of-District FTE Pupils,74.4
Wellesley,2012,Out-of-District FTE Pupils,66.3
Wellesley,2013,Out-of-District FTE Pupils,70.4
Wellesley,2014,Out-of-District FTE Pupils,68.3
Wellesley,2015,Out-of-District FTE Pupils,72.1
Wellesley,2016,Out-of-District FTE Pupils,69.9
Wellesley,2017,Out-of-District FTE Pupils,64.0
Wellesley,2018,Out-of-District FTE Pupils,73.7
Wellesley,2019,Out-of-District FTE Pupils,72.7
Wellesley,2020,Out-of-District FTE Pupils,51.2
Wellesley,2021,Out-of-District FTE Pupils,63.4
Wellesley,2022,Out-of-District FTE Pupils,62.5
Wellesley,2023,Out-of-District FTE Pupils,69.3
Wellesley,2024,Out-of-District FTE Pupils,71.3
Wellfleet,2009,In-District FTE Pupils,126.9
Wellfleet,2010,In-District FTE Pupils,139.4
Wellfleet,2011,In-District FTE Pupils,140.7
Wellfleet,2012,In-District FTE Pupils,132.6
Wellfleet,2013,In-District FTE Pupils,138.3
Wellfleet,2014,In-District FTE Pupils,120.5
Wellfleet,2015,In-District FTE Pupils,109.9
Wellfleet,2016,In-District FTE Pupils,104.6
Wellfleet,2017,In-District FTE Pupils,117.0
Wellfleet,2018,In-District FTE Pupils,113.6
Wellfleet,2019,In-District FTE Pupils,102.2
Wellfleet,2020,In-District FTE Pupils,104.5
Wellfleet,2021,In-District FTE Pupils,100.3
Wellfleet,2022,In-District FTE Pupils,114.1
Wellfleet,2023,In-District FTE Pupils,94.3
Wellfleet,2024,In-District FTE Pupils,85.0
Wellfleet,2009,Out-of-District FTE Pupils,15.6
Wellfleet,2010,Out-of-District FTE Pupils,13.0
Wellfleet,2011,Out-of-District FTE Pupils,10.2
Wellfleet,2012,Out-of-District FTE Pupils,10.5
Wellfleet,2013,Out-of-District FTE Pupils,7.5
Wellfleet,2014,Out-of-District FTE Pupils,15.0
Wellfleet,2015,Out-of-District FTE Pupils,18.2
Wellfleet,2016,Out-of-District FTE Pupils,13.4
Wellfleet,2017,Out-of-District FTE Pupils,12.8
Wellfleet,2018,Out-of-District FTE Pupils,16.0
Wellfleet,2019,Out-of-District FTE Pupils,18.1
Wellfleet,2020,Out-of-District FTE Pupils,24.6
Wellfleet,2021,Out-of-District FTE Pupils,19.8
Wellfleet,2022,Out-of-District FTE Pupils,25.7
Wellfleet,2023,Out-of-District FTE Pupils,20.2
Wellfleet,2024,Out-of-District FTE Pupils,22.4
West Boylston,2009,In-District FTE Pupils,1065.7
West Boylston,2010,In-District FTE Pupils,1009.4
West Boylston,2011,In-District FTE Pupils,960.0
West Boylston,2012,In-District FTE Pupils,971.4
West Boylston,2013,In-District FTE Pupils,949.8
West Boylston,2014,In-District FTE Pupils,908.9
West Boylston,2015,In-District FTE Pupils,916.6
West Boylston,2016,In-District FTE Pupils,913.4
West Boylston,2017,In-District FTE Pupils,907.6
West Boylston,2018,In-District FTE Pupils,908.8
West Boylston,2019,In-District FTE Pupils,891.2
West Boylston,2020,In-District FTE Pupils,910.3
West Boylston,2021,In-District FTE Pupils,891.9
West Boylston,2022,In-District FTE Pupils,887.8
West Boylston,2023,In-District FTE Pupils,865.5
West Boylston,2024,In-District FTE Pupils,902.3
West Boylston,2009,Out-of-District FTE Pupils,81.6
West Boylston,2010,Out-of-District FTE Pupils,91.9
West Boylston,2011,Out-of-District FTE Pupils,111.7
West Boylston,2012,Out-of-District FTE Pupils,126.7
West Boylston,2013,Out-of-District FTE Pupils,134.8
West Boylston,2014,Out-of-District FTE Pupils,136.9
West Boylston,2015,Out-of-District FTE Pupils,130.9
West Boylston,2016,Out-of-District FTE Pupils,130.2
West Boylston,2017,Out-of-District FTE Pupils,132.1
West Boylston,2018,Out-of-District FTE Pupils,101.1
West Boylston,2019,Out-of-District FTE Pupils,105.7
West Boylston,2020,Out-of-District FTE Pupils,82.2
West Boylston,2021,Out-of-District FTE Pupils,84.6
West Boylston,2022,Out-of-District FTE Pupils,91.1
West Boylston,2023,Out-of-District FTE Pupils,88.5
West Boylston,2024,Out-of-District FTE Pupils,84.2
West Bridgewater,2009,In-District FTE Pupils,1300.5
West Bridgewater,2010,In-District FTE Pupils,1292.5
West Bridgewater,2011,In-District FTE Pupils,1290.4
West Bridgewater,2012,In-District FTE Pupils,1260.8
West Bridgewater,2013,In-District FTE Pupils,1327.8
West Bridgewater,2014,In-District FTE Pupils,1329.1
West Bridgewater,2015,In-District FTE Pupils,1293.8
West Bridgewater,2016,In-District FTE Pupils,1298.5
West Bridgewater,2017,In-District FTE Pupils,1283.7
West Bridgewater,2018,In-District FTE Pupils,1292.8
West Bridgewater,2019,In-District FTE Pupils,1346.6
West Bridgewater,2020,In-District FTE Pupils,1371.7
West Bridgewater,2021,In-District FTE Pupils,1374.9
West Bridgewater,2022,In-District FTE Pupils,1389.8
West Bridgewater,2023,In-District FTE Pupils,1405.4
West Bridgewater,2024,In-District FTE Pupils,1396.3
West Bridgewater,2009,Out-of-District FTE Pupils,21.7
West Bridgewater,2010,Out-of-District FTE Pupils,22.2
West Bridgewater,2011,Out-of-District FTE Pupils,21.4
West Bridgewater,2012,Out-of-District FTE Pupils,22.2
West Bridgewater,2013,Out-of-District FTE Pupils,24.5
West Bridgewater,2014,Out-of-District FTE Pupils,27.9
West Bridgewater,2015,Out-of-District FTE Pupils,36.5
West Bridgewater,2016,Out-of-District FTE Pupils,33.7
West Bridgewater,2017,Out-of-District FTE Pupils,37.5
West Bridgewater,2018,Out-of-District FTE Pupils,39.3
West Bridgewater,2019,Out-of-District FTE Pupils,40.9
West Bridgewater,2020,Out-of-District FTE Pupils,38.9
West Bridgewater,2021,Out-of-District FTE Pupils,40.6
West Bridgewater,2022,Out-of-District FTE Pupils,33.0
West Bridgewater,2023,Out-of-District FTE Pupils,44.0
West Bridgewater,2024,Out-of-District FTE Pupils,35.5
West Springfield,2009,In-District FTE Pupils,3974.8
West Springfield,2010,In-District FTE Pupils,3964.3
West Springfield,2011,In-District FTE Pupils,3938.4
West Springfield,2012,In-District FTE Pupils,3873.3
West Springfield,2013,In-District FTE Pupils,3892.3
West Springfield,2014,In-District FTE Pupils,3919.9
West Springfield,2015,In-District FTE Pupils,4015.9
West Springfield,2016,In-District FTE Pupils,4014.3
West Springfield,2017,In-District FTE Pupils,4098.5
West Springfield,2018,In-District FTE Pupils,4184.6
West Springfield,2019,In-District FTE Pupils,4097.0
West Springfield,2020,In-District FTE Pupils,4104.8
West Springfield,2021,In-District FTE Pupils,3895.3
West Springfield,2022,In-District FTE Pupils,3875.0
West Springfield,2023,In-District FTE Pupils,3905.8
West Springfield,2024,In-District FTE Pupils,4004.2
West Springfield,2009,Out-of-District FTE Pupils,107.1
West Springfield,2010,Out-of-District FTE Pupils,134.1
West Springfield,2011,Out-of-District FTE Pupils,138.4
West Springfield,2012,Out-of-District FTE Pupils,152.6
West Springfield,2013,Out-of-District FTE Pupils,144.8
West Springfield,2014,Out-of-District FTE Pupils,131.1
West Springfield,2015,Out-of-District FTE Pupils,141.2
West Springfield,2016,Out-of-District FTE Pupils,160.3
West Springfield,2017,Out-of-District FTE Pupils,158.8
West Springfield,2018,Out-of-District FTE Pupils,162.1
West Springfield,2019,Out-of-District FTE Pupils,185.5
West Springfield,2020,Out-of-District FTE Pupils,172.8
West Springfield,2021,Out-of-District FTE Pupils,175.5
West Springfield,2022,Out-of-District FTE Pupils,157.4
West Springfield,2023,Out-of-District FTE Pupils,205.2
West Springfield,2024,Out-of-District FTE Pupils,240.3
Westborough,2009,In-District FTE Pupils,3551.1
Westborough,2010,In-District FTE Pupils,3577.2
Westborough,2011,In-District FTE Pupils,3510.8
Westborough,2012,In-District FTE Pupils,3505.9
Westborough,2013,In-District FTE Pupils,3539.9
Westborough,2014,In-District FTE Pupils,3588.3
Westborough,2015,In-District FTE Pupils,3604.6
Westborough,2016,In-District FTE Pupils,3663.3
Westborough,2017,In-District FTE Pupils,3839.0
Westborough,2018,In-District FTE Pupils,3971.7
Westborough,2019,In-District FTE Pupils,3946.4
Westborough,2020,In-District FTE Pupils,3963.1
Westborough,2021,In-District FTE Pupils,3845.1
Westborough,2022,In-District FTE Pupils,3905.6
Westborough,2023,In-District FTE Pupils,3853.5
Westborough,2024,In-District FTE Pupils,3889.3
Westborough,2009,Out-of-District FTE Pupils,54.5
Westborough,2010,Out-of-District FTE Pupils,57.7
Westborough,2011,Out-of-District FTE Pupils,61.3
Westborough,2012,Out-of-District FTE Pupils,66.3
Westborough,2013,Out-of-District FTE Pupils,59.2
Westborough,2014,Out-of-District FTE Pupils,49.3
Westborough,2015,Out-of-District FTE Pupils,51.2
Westborough,2016,Out-of-District FTE Pupils,44.6
Westborough,2017,Out-of-District FTE Pupils,52.4
Westborough,2018,Out-of-District FTE Pupils,59.7
Westborough,2019,Out-of-District FTE Pupils,52.3
Westborough,2020,Out-of-District FTE Pupils,52.8
Westborough,2021,Out-of-District FTE Pupils,58.6
Westborough,2022,Out-of-District FTE Pupils,66.7
Westborough,2023,Out-of-District FTE Pupils,67.6
Westborough,2024,Out-of-District FTE Pupils,63.1
Westfield,2009,In-District FTE Pupils,6197.4
Westfield,2010,In-District FTE Pupils,6093.0
Westfield,2011,In-District FTE Pupils,5945.8
Westfield,2012,In-District FTE Pupils,5946.8
Westfield,2013,In-District FTE Pupils,5852.6
Westfield,2014,In-District FTE Pupils,5647.5
Westfield,2015,In-District FTE Pupils,5572.7
Westfield,2016,In-District FTE Pupils,5483.5
Westfield,2017,In-District FTE Pupils,5518.0
Westfield,2018,In-District FTE Pupils,5421.2
Westfield,2019,In-District FTE Pupils,5305.7
Westfield,2020,In-District FTE Pupils,5262.1
Westfield,2021,In-District FTE Pupils,4865.3
Westfield,2022,In-District FTE Pupils,4870.5
Westfield,2023,In-District FTE Pupils,4838.1
Westfield,2024,In-District FTE Pupils,4821.4
Westfield,2009,Out-of-District FTE Pupils,122.2
Westfield,2010,Out-of-District FTE Pupils,124.4
Westfield,2011,Out-of-District FTE Pupils,124.3
Westfield,2012,Out-of-District FTE Pupils,145.5
Westfield,2013,Out-of-District FTE Pupils,147.8
Westfield,2014,Out-of-District FTE Pupils,163.8
Westfield,2015,Out-of-District FTE Pupils,183.6
Westfield,2016,Out-of-District FTE Pupils,236.2
Westfield,2017,Out-of-District FTE Pupils,235.0
Westfield,2018,Out-of-District FTE Pupils,250.1
Westfield,2019,Out-of-District FTE Pupils,299.9
Westfield,2020,Out-of-District FTE Pupils,287.2
Westfield,2021,Out-of-District FTE Pupils,334.5
Westfield,2022,Out-of-District FTE Pupils,308.1
Westfield,2023,Out-of-District FTE Pupils,322.7
Westfield,2024,Out-of-District FTE Pupils,340.1
Westford,2009,In-District FTE Pupils,5287.7
Westford,2010,In-District FTE Pupils,5265.4
Westford,2011,In-District FTE Pupils,5273.8
Westford,2012,In-District FTE Pupils,5233.6
Westford,2013,In-District FTE Pupils,5215.1
Westford,2014,In-District FTE Pupils,5144.1
Westford,2015,In-District FTE Pupils,5100.2
Westford,2016,In-District FTE Pupils,5104.1
Westford,2017,In-District FTE Pupils,5110.3
Westford,2018,In-District FTE Pupils,5066.9
Westford,2019,In-District FTE Pupils,5084.3
Westford,2020,In-District FTE Pupils,4939.2
Westford,2021,In-District FTE Pupils,4742.1
Westford,2022,In-District FTE Pupils,4783.8
Westford,2023,In-District FTE Pupils,4739.1
Westford,2024,In-District FTE Pupils,4645.5
Westford,2009,Out-of-District FTE Pupils,50.4
Westford,2010,Out-of-District FTE Pupils,52.0
Westford,2011,Out-of-District FTE Pupils,64.5
Westford,2012,Out-of-District FTE Pupils,58.9
Westford,2013,Out-of-District FTE Pupils,62.9
Westford,2014,Out-of-District FTE Pupils,72.5
Westford,2015,Out-of-District FTE Pupils,68.2
Westford,2016,Out-of-District FTE Pupils,67.6
Westford,2017,Out-of-District FTE Pupils,72.0
Westford,2018,Out-of-District FTE Pupils,82.2
Westford,2019,Out-of-District FTE Pupils,81.9
Westford,2020,Out-of-District FTE Pupils,91.4
Westford,2021,Out-of-District FTE Pupils,108.5
Westford,2022,Out-of-District FTE Pupils,97.5
Westford,2023,Out-of-District FTE Pupils,93.0
Westford,2024,Out-of-District FTE Pupils,98.9
Westhampton,2009,In-District FTE Pupils,136.4
Westhampton,2010,In-District FTE Pupils,141.6
Westhampton,2011,In-District FTE Pupils,137.7
Westhampton,2012,In-District FTE Pupils,138.1
Westhampton,2013,In-District FTE Pupils,144.8
Westhampton,2014,In-District FTE Pupils,142.5
Westhampton,2015,In-District FTE Pupils,144.4
Westhampton,2016,In-District FTE Pupils,137.1
Westhampton,2017,In-District FTE Pupils,133.3
Westhampton,2018,In-District FTE Pupils,121.5
Westhampton,2019,In-District FTE Pupils,122.8
Westhampton,2020,In-District FTE Pupils,121.0
Westhampton,2021,In-District FTE Pupils,110.0
Westhampton,2022,In-District FTE Pupils,106.4
Westhampton,2023,In-District FTE Pupils,104.6
Westhampton,2009,Out-of-District FTE Pupils,26.0
Westhampton,2010,Out-of-District FTE Pupils,23.0
Westhampton,2011,Out-of-District FTE Pupils,20.3
Westhampton,2012,Out-of-District FTE Pupils,18.0
Westhampton,2013,Out-of-District FTE Pupils,19.0
Westhampton,2014,Out-of-District FTE Pupils,21.0
Westhampton,2015,Out-of-District FTE Pupils,22.4
Westhampton,2016,Out-of-District FTE Pupils,31.5
Westhampton,2017,Out-of-District FTE Pupils,34.3
Westhampton,2018,Out-of-District FTE Pupils,33.9
Westhampton,2019,Out-of-District FTE Pupils,31.9
Westhampton,2020,Out-of-District FTE Pupils,26.0
Westhampton,2021,Out-of-District FTE Pupils,23.4
Westhampton,2022,Out-of-District FTE Pupils,23.7
Westhampton,2023,Out-of-District FTE Pupils,18.9
Weston,2009,In-District FTE Pupils,2393.0
Weston,2010,In-District FTE Pupils,2387.2
Weston,2011,In-District FTE Pupils,2366.3
Weston,2012,In-District FTE Pupils,2343.7
Weston,2013,In-District FTE Pupils,2351.3
Weston,2014,In-District FTE Pupils,2310.6
Weston,2015,In-District FTE Pupils,2240.3
Weston,2016,In-District FTE Pupils,2157.5
Weston,2017,In-District FTE Pupils,2157.9
Weston,2018,In-District FTE Pupils,2104.1
Weston,2019,In-District FTE Pupils,2092.8
Weston,2020,In-District FTE Pupils,2042.4
Weston,2021,In-District FTE Pupils,1901.7
Weston,2022,In-District FTE Pupils,1957.8
Weston,2023,In-District FTE Pupils,2016.7
Weston,2024,In-District FTE Pupils,2058.8
Weston,2009,Out-of-District FTE Pupils,20.6
Weston,2010,Out-of-District FTE Pupils,21.6
Weston,2011,Out-of-District FTE Pupils,25.4
Weston,2012,Out-of-District FTE Pupils,23.9
Weston,2013,Out-of-District FTE Pupils,28.4
Weston,2014,Out-of-District FTE Pupils,32.8
Weston,2015,Out-of-District FTE Pupils,30.1
Weston,2016,Out-of-District FTE Pupils,33.2
Weston,2017,Out-of-District FTE Pupils,33.8
Weston,2018,Out-of-District FTE Pupils,34.7
Weston,2019,Out-of-District FTE Pupils,35.7
Weston,2020,Out-of-District FTE Pupils,30.8
Weston,2021,Out-of-District FTE Pupils,35.8
Weston,2022,Out-of-District FTE Pupils,34.1
Weston,2023,Out-of-District FTE Pupils,30.9
Weston,2024,Out-of-District FTE Pupils,22.5
Westport,2009,In-District FTE Pupils,1855.8
Westport,2010,In-District FTE Pupils,1835.2
Westport,2011,In-District FTE Pupils,1776.3
Westport,2012,In-District FTE Pupils,1710.1
Westport,2013,In-District FTE Pupils,1653.4
Westport,2014,In-District FTE Pupils,1615.6
Westport,2015,In-District FTE Pupils,1580.6
Westport,2016,In-District FTE Pupils,1521.1
Westport,2017,In-District FTE Pupils,1453.7
Westport,2018,In-District FTE Pupils,1439.2
Westport,2019,In-District FTE Pupils,1446.9
Westport,2020,In-District FTE Pupils,1438.1
Westport,2021,In-District FTE Pupils,1392.1
Westport,2022,In-District FTE Pupils,1462.2
Westport,2023,In-District FTE Pupils,1465.9
Westport,2024,In-District FTE Pupils,1531.6
Westport,2009,Out-of-District FTE Pupils,37.6
Westport,2010,Out-of-District FTE Pupils,39.8
Westport,2011,Out-of-District FTE Pupils,36.9
Westport,2012,Out-of-District FTE Pupils,41.8
Westport,2013,Out-of-District FTE Pupils,48.0
Westport,2014,Out-of-District FTE Pupils,31.6
Westport,2015,Out-of-District FTE Pupils,32.7
Westport,2016,Out-of-District FTE Pupils,62.5
Westport,2017,Out-of-District FTE Pupils,97.6
Westport,2018,Out-of-District FTE Pupils,103.0
Westport,2019,Out-of-District FTE Pupils,116.3
Westport,2020,Out-of-District FTE Pupils,138.4
Westport,2021,Out-of-District FTE Pupils,156.3
Westport,2022,Out-of-District FTE Pupils,163.6
Westport,2023,Out-of-District FTE Pupils,152.0
Westport,2024,Out-of-District FTE Pupils,137.3
Westwood,2009,In-District FTE Pupils,3066.6
Westwood,2010,In-District FTE Pupils,3108.9
Westwood,2011,In-District FTE Pupils,3134.8
Westwood,2012,In-District FTE Pupils,3166.4
Westwood,2013,In-District FTE Pupils,3136.6
Westwood,2014,In-District FTE Pupils,3164.2
Westwood,2015,In-District FTE Pupils,3206.4
Westwood,2016,In-District FTE Pupils,3133.8
Westwood,2017,In-District FTE Pupils,3144.7
Westwood,2018,In-District FTE Pupils,3127.3
Westwood,2019,In-District FTE Pupils,3098.8
Westwood,2020,In-District FTE Pupils,3015.8
Westwood,2021,In-District FTE Pupils,2956.2
Westwood,2022,In-District FTE Pupils,2906.1
Westwood,2023,In-District FTE Pupils,2900.8
Westwood,2024,In-District FTE Pupils,2871.6
Westwood,2009,Out-of-District FTE Pupils,35.9
Westwood,2010,Out-of-District FTE Pupils,35.9
Westwood,2011,Out-of-District FTE Pupils,32.0
Westwood,2012,Out-of-District FTE Pupils,27.8
Westwood,2013,Out-of-District FTE Pupils,25.4
Westwood,2014,Out-of-District FTE Pupils,32.3
Westwood,2015,Out-of-District FTE Pupils,24.7
Westwood,2016,Out-of-District FTE Pupils,26.1
Westwood,2017,Out-of-District FTE Pupils,26.6
Westwood,2018,Out-of-District FTE Pupils,22.9
Westwood,2019,Out-of-District FTE Pupils,23.3
Westwood,2020,Out-of-District FTE Pupils,24.4
Westwood,2021,Out-of-District FTE Pupils,23.6
Westwood,2022,Out-of-District FTE Pupils,33.7
Westwood,2023,Out-of-District FTE Pupils,33.8
Westwood,2024,Out-of-District FTE Pupils,32.4
Weymouth,2009,In-District FTE Pupils,6726.3
Weymouth,2010,In-District FTE Pupils,6813.4
Weymouth,2011,In-District FTE Pupils,6831.2
Weymouth,2012,In-District FTE Pupils,6791.4
Weymouth,2013,In-District FTE Pupils,6696.5
Weymouth,2014,In-District FTE Pupils,6686.6
Weymouth,2015,In-District FTE Pupils,6577.2
Weymouth,2016,In-District FTE Pupils,6390.9
Weymouth,2017,In-District FTE Pupils,6194.5
Weymouth,2018,In-District FTE Pupils,5949.2
Weymouth,2019,In-District FTE Pupils,5797.3
Weymouth,2020,In-District FTE Pupils,5747.0
Weymouth,2021,In-District FTE Pupils,5507.6
Weymouth,2022,In-District FTE Pupils,5555.4
Weymouth,2023,In-District FTE Pupils,5526.6
Weymouth,2024,In-District FTE Pupils,5567.1
Weymouth,2009,Out-of-District FTE Pupils,181.8
Weymouth,2010,Out-of-District FTE Pupils,183.0
Weymouth,2011,Out-of-District FTE Pupils,179.1
Weymouth,2012,Out-of-District FTE Pupils,188.9
Weymouth,2013,Out-of-District FTE Pupils,200.3
Weymouth,2014,Out-of-District FTE Pupils,216.0
Weymouth,2015,Out-of-District FTE Pupils,234.8
Weymouth,2016,Out-of-District FTE Pupils,253.3
Weymouth,2017,Out-of-District FTE Pupils,313.9
Weymouth,2018,Out-of-District FTE Pupils,382.7
Weymouth,2019,Out-of-District FTE Pupils,414.4
Weymouth,2020,Out-of-District FTE Pupils,415.7
Weymouth,2021,Out-of-District FTE Pupils,421.5
Weymouth,2022,Out-of-District FTE Pupils,441.6
Weymouth,2023,Out-of-District FTE Pupils,435.4
Weymouth,2024,Out-of-District FTE Pupils,430.0
Whately,2009,In-District FTE Pupils,133.6
Whately,2010,In-District FTE Pupils,132.5
Whately,2011,In-District FTE Pupils,130.7
Whately,2012,In-District FTE Pupils,126.5
Whately,2013,In-District FTE Pupils,146.4
Whately,2014,In-District FTE Pupils,138.2
Whately,2015,In-District FTE Pupils,131.3
Whately,2016,In-District FTE Pupils,129.1
Whately,2017,In-District FTE Pupils,132.3
Whately,2018,In-District FTE Pupils,139.3
Whately,2019,In-District FTE Pupils,135.7
Whately,2020,In-District FTE Pupils,127.9
Whately,2021,In-District FTE Pupils,117.0
Whately,2022,In-District FTE Pupils,122.4
Whately,2023,In-District FTE Pupils,130.0
Whately,2024,In-District FTE Pupils,127.3
Whately,2009,Out-of-District FTE Pupils,19.6
Whately,2010,Out-of-District FTE Pupils,21.1
Whately,2011,Out-of-District FTE Pupils,20.9
Whately,2012,Out-of-District FTE Pupils,26.6
Whately,2013,Out-of-District FTE Pupils,24.8
Whately,2014,Out-of-District FTE Pupils,17.1
Whately,2015,Out-of-District FTE Pupils,13.3
Whately,2016,Out-of-District FTE Pupils,9.4
Whately,2017,Out-of-District FTE Pupils,13.5
Whately,2018,Out-of-District FTE Pupils,16.8
Whately,2019,Out-of-District FTE Pupils,14.2
Whately,2020,Out-of-District FTE Pupils,9.5
Whately,2021,Out-of-District FTE Pupils,7.0
Whately,2022,Out-of-District FTE Pupils,7.0
Whately,2023,Out-of-District FTE Pupils,9.0
Whately,2024,Out-of-District FTE Pupils,9.0
Whitman-Hanson,2009,In-District FTE Pupils,4427.2
Whitman-Hanson,2010,In-District FTE Pupils,4423.3
Whitman-Hanson,2011,In-District FTE Pupils,4357.0
Whitman-Hanson,2012,In-District FTE Pupils,4297.1
Whitman-Hanson,2013,In-District FTE Pupils,4230.6
Whitman-Hanson,2014,In-District FTE Pupils,4137.9
Whitman-Hanson,2015,In-District FTE Pupils,4016.1
Whitman-Hanson,2016,In-District FTE Pupils,4043.8
Whitman-Hanson,2017,In-District FTE Pupils,3967.5
Whitman-Hanson,2018,In-District FTE Pupils,3866.5
Whitman-Hanson,2019,In-District FTE Pupils,3804.3
Whitman-Hanson,2020,In-District FTE Pupils,3763.8
Whitman-Hanson,2021,In-District FTE Pupils,3571.3
Whitman-Hanson,2022,In-District FTE Pupils,3564.6
Whitman-Hanson,2023,In-District FTE Pupils,3506.3
Whitman-Hanson,2024,In-District FTE Pupils,3455.3
Whitman-Hanson,2009,Out-of-District FTE Pupils,73.1
Whitman-Hanson,2010,Out-of-District FTE Pupils,77.8
Whitman-Hanson,2011,Out-of-District FTE Pupils,79.9
Whitman-Hanson,2012,Out-of-District FTE Pupils,75.1
Whitman-Hanson,2013,Out-of-District FTE Pupils,89.5
Whitman-Hanson,2014,Out-of-District FTE Pupils,89.5
Whitman-Hanson,2015,Out-of-District FTE Pupils,109.4
Whitman-Hanson,2016,Out-of-District FTE Pupils,94.0
Whitman-Hanson,2017,Out-of-District FTE Pupils,93.3
Whitman-Hanson,2018,Out-of-District FTE Pupils,115.5
Whitman-Hanson,2019,Out-of-District FTE Pupils,134.9
Whitman-Hanson,2020,Out-of-District FTE Pupils,134.6
Whitman-Hanson,2021,Out-of-District FTE Pupils,137.3
Whitman-Hanson,2022,Out-of-District FTE Pupils,133.6
Whitman-Hanson,2023,Out-of-District FTE Pupils,143.4
Whitman-Hanson,2024,Out-of-District FTE Pupils,167.6
Whittier Regional Vocational Technical,2009,In-District FTE Pupils,1134.8
Whittier Regional Vocational Technical,2010,In-District FTE Pupils,1176.3
Whittier Regional Vocational Technical,2011,In-District FTE Pupils,1214.0
Whittier Regional Vocational Technical,2012,In-District FTE Pupils,1198.4
Whittier Regional Vocational Technical,2013,In-District FTE Pupils,1196.4
Whittier Regional Vocational Technical,2014,In-District FTE Pupils,1244.2
Whittier Regional Vocational Technical,2015,In-District FTE Pupils,1272.1
Whittier Regional Vocational Technical,2016,In-District FTE Pupils,1299.6
Whittier Regional Vocational Technical,2017,In-District FTE Pupils,1275.5
Whittier Regional Vocational Technical,2018,In-District FTE Pupils,1216.7
Whittier Regional Vocational Technical,2019,In-District FTE Pupils,1216.1
Whittier Regional Vocational Technical,2020,In-District FTE Pupils,1250.1
Whittier Regional Vocational Technical,2021,In-District FTE Pupils,1237.0
Whittier Regional Vocational Technical,2022,In-District FTE Pupils,1267.3
Whittier Regional Vocational Technical,2023,In-District FTE Pupils,1274.5
Whittier Regional Vocational Technical,2024,In-District FTE Pupils,1275.6
Whittier Regional Vocational Technical,2009,Out-of-District FTE Pupils,6.0
Whittier Regional Vocational Technical,2010,Out-of-District FTE Pupils,5.0
Whittier Regional Vocational Technical,2011,Out-of-District FTE Pupils,8.8
Whittier Regional Vocational Technical,2012,Out-of-District FTE Pupils,12.9
Whittier Regional Vocational Technical,2013,Out-of-District FTE Pupils,7.8
Whittier Regional Vocational Technical,2014,Out-of-District FTE Pupils,7.3
Whittier Regional Vocational Technical,2015,Out-of-District FTE Pupils,5.9
Whittier Regional Vocational Technical,2016,Out-of-District FTE Pupils,4.8
Whittier Regional Vocational Technical,2017,Out-of-District FTE Pupils,3.4
Whittier Regional Vocational Technical,2018,Out-of-District FTE Pupils,1.7
Whittier Regional Vocational Technical,2019,Out-of-District FTE Pupils,0.0
Whittier Regional Vocational Technical,2020,Out-of-District FTE Pupils,3.5
Whittier Regional Vocational Technical,2021,Out-of-District FTE Pupils,2.0
Whittier Regional Vocational Technical,2022,Out-of-District FTE Pupils,1.1
Whittier Regional Vocational Technical,2023,Out-of-District FTE Pupils,2.8
Whittier Regional Vocational Technical,2024,Out-of-District FTE Pupils,4.0
Williamsburg,2009,In-District FTE Pupils,175.4
Williamsburg,2010,In-District FTE Pupils,166.8
Williamsburg,2011,In-District FTE Pupils,168.4
Williamsburg,2012,In-District FTE Pupils,159.3
Williamsburg,2013,In-District FTE Pupils,158.6
Williamsburg,2014,In-District FTE Pupils,150.6
Williamsburg,2015,In-District FTE Pupils,154.8
Williamsburg,2016,In-District FTE Pupils,166.8
Williamsburg,2017,In-District FTE Pupils,160.8
Williamsburg,2018,In-District FTE Pupils,165.9
Williamsburg,2019,In-District FTE Pupils,151.2
Williamsburg,2020,In-District FTE Pupils,139.9
Williamsburg,2021,In-District FTE Pupils,117.3
Williamsburg,2022,In-District FTE Pupils,140.0
Williamsburg,2023,In-District FTE Pupils,128.4
Williamsburg,2009,Out-of-District FTE Pupils,37.4
Williamsburg,2010,Out-of-District FTE Pupils,42.9
Williamsburg,2011,Out-of-District FTE Pupils,46.4
Williamsburg,2012,Out-of-District FTE Pupils,45.8
Williamsburg,2013,Out-of-District FTE Pupils,56.2
Williamsburg,2014,Out-of-District FTE Pupils,48.0
Williamsburg,2015,Out-of-District FTE Pupils,48.7
Williamsburg,2016,Out-of-District FTE Pupils,44.6
Williamsburg,2017,Out-of-District FTE Pupils,43.1
Williamsburg,2018,Out-of-District FTE Pupils,48.8
Williamsburg,2019,Out-of-District FTE Pupils,46.3
Williamsburg,2020,Out-of-District FTE Pupils,58.6
Williamsburg,2021,Out-of-District FTE Pupils,61.0
Williamsburg,2022,Out-of-District FTE Pupils,48.9
Williamsburg,2023,Out-of-District FTE Pupils,47.1
Williamstown,2009,In-District FTE Pupils,454.6
Williamstown,2010,In-District FTE Pupils,427.6
Williamstown,2011,In-District FTE Pupils,404.6
Williamstown,2012,In-District FTE Pupils,413.6
Williamstown,2013,In-District FTE Pupils,430.6
Williamstown,2014,In-District FTE Pupils,432.8
Williamstown,2015,In-District FTE Pupils,446.8
Williamstown,2016,In-District FTE Pupils,446.2
Williamstown,2017,In-District FTE Pupils,447.2
Williamstown,2018,In-District FTE Pupils,457.1
Williamstown,2009,Out-of-District FTE Pupils,4.4
Williamstown,2010,Out-of-District FTE Pupils,6.9
Williamstown,2011,Out-of-District FTE Pupils,5.8
Williamstown,2012,Out-of-District FTE Pupils,6.0
Williamstown,2013,Out-of-District FTE Pupils,10.2
Williamstown,2014,Out-of-District FTE Pupils,5.8
Williamstown,2015,Out-of-District FTE Pupils,9.3
Williamstown,2016,Out-of-District FTE Pupils,2.0
Williamstown,2017,Out-of-District FTE Pupils,5.8
Williamstown,2018,Out-of-District FTE Pupils,9.5
Wilmington,2009,In-District FTE Pupils,3794.6
Wilmington,2010,In-District FTE Pupils,3788.0
Wilmington,2011,In-District FTE Pupils,3756.3
Wilmington,2012,In-District FTE Pupils,3607.7
Wilmington,2013,In-District FTE Pupils,3552.8
Wilmington,2014,In-District FTE Pupils,3509.8
Wilmington,2015,In-District FTE Pupils,3429.8
Wilmington,2016,In-District FTE Pupils,3377.0
Wilmington,2017,In-District FTE Pupils,3379.6
Wilmington,2018,In-District FTE Pupils,3309.8
Wilmington,2019,In-District FTE Pupils,3186.7
Wilmington,2020,In-District FTE Pupils,3176.4
Wilmington,2021,In-District FTE Pupils,2845.5
Wilmington,2022,In-District FTE Pupils,2839.2
Wilmington,2023,In-District FTE Pupils,2799.0
Wilmington,2024,In-District FTE Pupils,2775.9
Wilmington,2009,Out-of-District FTE Pupils,64.7
Wilmington,2010,Out-of-District FTE Pupils,66.7
Wilmington,2011,Out-of-District FTE Pupils,68.3
Wilmington,2012,Out-of-District FTE Pupils,71.2
Wilmington,2013,Out-of-District FTE Pupils,74.0
Wilmington,2014,Out-of-District FTE Pupils,80.9
Wilmington,2015,Out-of-District FTE Pupils,81.6
Wilmington,2016,Out-of-District FTE Pupils,84.8
Wilmington,2017,Out-of-District FTE Pupils,78.1
Wilmington,2018,Out-of-District FTE Pupils,84.3
Wilmington,2019,Out-of-District FTE Pupils,90.3
Wilmington,2020,Out-of-District FTE Pupils,70.0
Wilmington,2021,Out-of-District FTE Pupils,89.2
Wilmington,2022,Out-of-District FTE Pupils,91.0
Wilmington,2023,Out-of-District FTE Pupils,97.7
Wilmington,2024,Out-of-District FTE Pupils,105.7
Winchendon,2009,In-District FTE Pupils,1617.9
Winchendon,2010,In-District FTE Pupils,1590.5
Winchendon,2011,In-District FTE Pupils,1520.3
Winchendon,2012,In-District FTE Pupils,1443.7
Winchendon,2013,In-District FTE Pupils,1387.7
Winchendon,2014,In-District FTE Pupils,1351.3
Winchendon,2015,In-District FTE Pupils,1340.4
Winchendon,2016,In-District FTE Pupils,1280.1
Winchendon,2017,In-District FTE Pupils,1265.2
Winchendon,2018,In-District FTE Pupils,1267.3
Winchendon,2019,In-District FTE Pupils,1256.9
Winchendon,2020,In-District FTE Pupils,1219.5
Winchendon,2021,In-District FTE Pupils,1149.4
Winchendon,2022,In-District FTE Pupils,1211.0
Winchendon,2023,In-District FTE Pupils,1238.6
Winchendon,2024,In-District FTE Pupils,1195.0
Winchendon,2009,Out-of-District FTE Pupils,155.5
Winchendon,2010,Out-of-District FTE Pupils,170.1
Winchendon,2011,Out-of-District FTE Pupils,180.0
Winchendon,2012,Out-of-District FTE Pupils,191.7
Winchendon,2013,Out-of-District FTE Pupils,202.7
Winchendon,2014,Out-of-District FTE Pupils,183.0
Winchendon,2015,Out-of-District FTE Pupils,190.3
Winchendon,2016,Out-of-District FTE Pupils,214.2
Winchendon,2017,Out-of-District FTE Pupils,210.5
Winchendon,2018,Out-of-District FTE Pupils,200.9
Winchendon,2019,Out-of-District FTE Pupils,199.3
Winchendon,2020,Out-of-District FTE Pupils,205.1
Winchendon,2021,Out-of-District FTE Pupils,189.1
Winchendon,2022,Out-of-District FTE Pupils,178.9
Winchendon,2023,Out-of-District FTE Pupils,173.4
Winchendon,2024,Out-of-District FTE Pupils,164.7
Winchester,2009,In-District FTE Pupils,4124.9
Winchester,2010,In-District FTE Pupils,4220.3
Winchester,2011,In-District FTE Pupils,4298.0
Winchester,2012,In-District FTE Pupils,4335.2
Winchester,2013,In-District FTE Pupils,4353.1
Winchester,2014,In-District FTE Pupils,4425.5
Winchester,2015,In-District FTE Pupils,4488.2
Winchester,2016,In-District FTE Pupils,4555.9
Winchester,2017,In-District FTE Pupils,4593.2
Winchester,2018,In-District FTE Pupils,4649.7
Winchester,2019,In-District FTE Pupils,4635.8
Winchester,2020,In-District FTE Pupils,4685.4
Winchester,2021,In-District FTE Pupils,4462.0
Winchester,2022,In-District FTE Pupils,4372.8
Winchester,2023,In-District FTE Pupils,4304.8
Winchester,2024,In-District FTE Pupils,4311.8
Winchester,2009,Out-of-District FTE Pupils,45.2
Winchester,2010,Out-of-District FTE Pupils,45.2
Winchester,2011,Out-of-District FTE Pupils,46.3
Winchester,2012,Out-of-District FTE Pupils,58.9
Winchester,2013,Out-of-District FTE Pupils,67.2
Winchester,2014,Out-of-District FTE Pupils,69.1
Winchester,2015,Out-of-District FTE Pupils,71.1
Winchester,2016,Out-of-District FTE Pupils,71.1
Winchester,2017,Out-of-District FTE Pupils,65.9
Winchester,2018,Out-of-District FTE Pupils,64.4
Winchester,2019,Out-of-District FTE Pupils,65.3
Winchester,2020,Out-of-District FTE Pupils,58.9
Winchester,2021,Out-of-District FTE Pupils,68.6
Winchester,2022,Out-of-District FTE Pupils,77.2
Winchester,2023,Out-of-District FTE Pupils,81.0
Winchester,2024,Out-of-District FTE Pupils,68.4
Winthrop,2009,In-District FTE Pupils,1997.1
Winthrop,2010,In-District FTE Pupils,1946.4
Winthrop,2011,In-District FTE Pupils,1945.3
Winthrop,2012,In-District FTE Pupils,1935.6
Winthrop,2013,In-District FTE Pupils,1947.6
Winthrop,2014,In-District FTE Pupils,1969.5
Winthrop,2015,In-District FTE Pupils,1920.4
Winthrop,2016,In-District FTE Pupils,1938.2
Winthrop,2017,In-District FTE Pupils,1973.1
Winthrop,2018,In-District FTE Pupils,1986.9
Winthrop,2019,In-District FTE Pupils,1977.7
Winthrop,2020,In-District FTE Pupils,1966.9
Winthrop,2021,In-District FTE Pupils,1833.2
Winthrop,2022,In-District FTE Pupils,1904.6
Winthrop,2023,In-District FTE Pupils,1950.7
Winthrop,2024,In-District FTE Pupils,1963.4
Winthrop,2009,Out-of-District FTE Pupils,40.8
Winthrop,2010,Out-of-District FTE Pupils,40.6
Winthrop,2011,Out-of-District FTE Pupils,41.5
Winthrop,2012,Out-of-District FTE Pupils,44.7
Winthrop,2013,Out-of-District FTE Pupils,38.4
Winthrop,2014,Out-of-District FTE Pupils,41.0
Winthrop,2015,Out-of-District FTE Pupils,38.9
Winthrop,2016,Out-of-District FTE Pupils,43.3
Winthrop,2017,Out-of-District FTE Pupils,37.6
Winthrop,2018,Out-of-District FTE Pupils,40.7
Winthrop,2019,Out-of-District FTE Pupils,56.6
Winthrop,2020,Out-of-District FTE Pupils,50.8
Winthrop,2021,Out-of-District FTE Pupils,54.0
Winthrop,2022,Out-of-District FTE Pupils,49.4
Winthrop,2023,Out-of-District FTE Pupils,54.1
Winthrop,2024,Out-of-District FTE Pupils,63.6
Woburn,2009,In-District FTE Pupils,4728.9
Woburn,2010,In-District FTE Pupils,4792.4
Woburn,2011,In-District FTE Pupils,4817.3
Woburn,2012,In-District FTE Pupils,4765.3
Woburn,2013,In-District FTE Pupils,4777.9
Woburn,2014,In-District FTE Pupils,4830.8
Woburn,2015,In-District FTE Pupils,4756.7
Woburn,2016,In-District FTE Pupils,4690.9
Woburn,2017,In-District FTE Pupils,4664.7
Woburn,2018,In-District FTE Pupils,4594.3
Woburn,2019,In-District FTE Pupils,4533.6
Woburn,2020,In-District FTE Pupils,4491.9
Woburn,2021,In-District FTE Pupils,4300.8
Woburn,2022,In-District FTE Pupils,4393.3
Woburn,2023,In-District FTE Pupils,4289.4
Woburn,2024,In-District FTE Pupils,4479.6
Woburn,2009,Out-of-District FTE Pupils,70.7
Woburn,2010,Out-of-District FTE Pupils,71.4
Woburn,2011,Out-of-District FTE Pupils,88.3
Woburn,2012,Out-of-District FTE Pupils,106.5
Woburn,2013,Out-of-District FTE Pupils,119.6
Woburn,2014,Out-of-District FTE Pupils,125.5
Woburn,2015,Out-of-District FTE Pupils,140.0
Woburn,2016,Out-of-District FTE Pupils,136.9
Woburn,2017,Out-of-District FTE Pupils,156.5
Woburn,2018,Out-of-District FTE Pupils,153.7
Woburn,2019,Out-of-District FTE Pupils,150.3
Woburn,2020,Out-of-District FTE Pupils,180.6
Woburn,2021,Out-of-District FTE Pupils,193.6
Woburn,2022,Out-of-District FTE Pupils,194.3
Woburn,2023,Out-of-District FTE Pupils,227.3
Woburn,2024,Out-of-District FTE Pupils,233.3
Worcester,2009,In-District FTE Pupils,23252.7
Worcester,2010,In-District FTE Pupils,24100.9
Worcester,2011,In-District FTE Pupils,24307.7
Worcester,2012,In-District FTE Pupils,24259.0
Worcester,2013,In-District FTE Pupils,24679.0
Worcester,2014,In-District FTE Pupils,24863.0
Worcester,2015,In-District FTE Pupils,25025.6
Worcester,2016,In-District FTE Pupils,24827.2
Worcester,2017,In-District FTE Pupils,25351.7
Worcester,2018,In-District FTE Pupils,25559.0
Worcester,2019,In-District FTE Pupils,25430.4
Worcester,2020,In-District FTE Pupils,25190.7
Worcester,2021,In-District FTE Pupils,24019.1
Worcester,2022,In-District FTE Pupils,24164.8
Worcester,2023,In-District FTE Pupils,24319.6
Worcester,2024,In-District FTE Pupils,24576.0
Worcester,2009,Out-of-District FTE Pupils,2722.5
Worcester,2010,Out-of-District FTE Pupils,2744.6
Worcester,2011,Out-of-District FTE Pupils,2989.0
Worcester,2012,Out-of-District FTE Pupils,2968.8
Worcester,2013,Out-of-District FTE Pupils,3032.9
Worcester,2014,Out-of-District FTE Pupils,3043.0
Worcester,2015,Out-of-District FTE Pupils,2940.2
Worcester,2016,Out-of-District FTE Pupils,3088.4
Worcester,2017,Out-of-District FTE Pupils,3106.4
Worcester,2018,Out-of-District FTE Pupils,3154.1
Worcester,2019,Out-of-District FTE Pupils,3150.0
Worcester,2020,Out-of-District FTE Pupils,3046.1
Worcester,2021,Out-of-District FTE Pupils,2938.9
Worcester,2022,Out-of-District FTE Pupils,3046.3
Worcester,2023,Out-of-District FTE Pupils,2915.2
Worcester,2024,Out-of-District FTE Pupils,3030.3
Worthington,2016,In-District FTE Pupils,51.0
Worthington,2017,In-District FTE Pupils,60.2
Worthington,2018,In-District FTE Pupils,64.5
Worthington,2019,In-District FTE Pupils,75.7
Worthington,2020,In-District FTE Pupils,89.0
Worthington,2021,In-District FTE Pupils,61.7
Worthington,2022,In-District FTE Pupils,71.0
Worthington,2023,In-District FTE Pupils,75.5
Worthington,2024,In-District FTE Pupils,77.2
Worthington,2016,Out-of-District FTE Pupils,83.3
Worthington,2017,Out-of-District FTE Pupils,75.2
Worthington,2018,Out-of-District FTE Pupils,72.3
Worthington,2019,Out-of-District FTE Pupils,68.4
Worthington,2020,Out-of-District FTE Pupils,61.9
Worthington,2021,Out-of-District FTE Pupils,57.0
Worthington,2022,Out-of-District FTE Pupils,65.9
Worthington,2023,Out-of-District FTE Pupils,66.6
Worthington,2024,Out-of-District FTE Pupils,62.6
Wrentham,2009,In-District FTE Pupils,1253.1
Wrentham,2010,In-District FTE Pupils,1236.9
Wrentham,2011,In-District FTE Pupils,1193.7
Wrentham,2012,In-District FTE Pupils,1143.0
Wrentham,2013,In-District FTE Pupils,1122.8
Wrentham,2014,In-District FTE Pupils,1107.3
Wrentham,2015,In-District FTE Pupils,1039.9
Wrentham,2016,In-District FTE Pupils,1019.9
Wrentham,2017,In-District FTE Pupils,1011.1
Wrentham,2018,In-District FTE Pupils,1019.1
Wrentham,2019,In-District FTE Pupils,967.5
Wrentham,2020,In-District FTE Pupils,945.1
Wrentham,2021,In-District FTE Pupils,857.7
Wrentham,2022,In-District FTE Pupils,894.4
Wrentham,2023,In-District FTE Pupils,920.9
Wrentham,2024,In-District FTE Pupils,946.2
Wrentham,2009,Out-of-District FTE Pupils,26.4
Wrentham,2010,Out-of-District FTE Pupils,21.9
Wrentham,2011,Out-of-District FTE Pupils,20.8
Wrentham,2012,Out-of-District FTE Pupils,18.4
Wrentham,2013,Out-of-District FTE Pupils,15.0
Wrentham,2014,Out-of-District FTE Pupils,18.3
Wrentham,2015,Out-of-District FTE Pupils,16.0
Wrentham,2016,Out-of-District FTE Pupils,21.3
Wrentham,2017,Out-of-District FTE Pupils,24.5
Wrentham,2018,Out-of-District FTE Pupils,28.3
Wrentham,2019,Out-of-District FTE Pupils,36.9
Wrentham,2020,Out-of-District FTE Pupils,46.8
Wrentham,2021,Out-of-District FTE Pupils,50.1
Wrentham,2022,Out-of-District FTE Pupils,61.5
Wrentham,2023,Out-of-District FTE Pupils,60.2
Wrentham,2024,Out-of-District FTE Pupils,56.2
