Year,Cohort,District,FTE_In_District,FTE_Out_District,FTE_Foundation,Teachers_PPE,"Insurance, Retirement and Other_PPE",Pupil Services_PPE,Other Teaching Services_PPE,Operations and Maintenance_PPE,Instructional Leadership_PPE,Administration_PPE,"Guidance, Counseling and Testing_PPE",Other_PPE,Ch70 Aid,Req NSS (minus Ch70),Actual NSS (minus Req NSS)
2009,Tiny,Chesterfield-Goshen,,,,3873.0,1320.0,1309.0,616.0,1070.0,741.0,529.0,172.0,628.0,4741.116564417178,3794.361963190184,2822.711656441718
2009,Tiny,Clarksburg,,,,4264.0,1814.0,1314.0,1392.0,758.0,1165.0,507.0,353.0,881.0,6382.851851851852,1447.4444444444443,931.7070625379474
2009,Tiny,Conway,,,,4554.0,1688.0,1389.0,2084.0,1081.0,744.0,913.0,462.0,642.0,4498.114084507042,4493.408450704225,3302.233802816901
2009,Tiny,Erving,,,,4278.0,3363.0,1101.0,2609.0,1314.0,945.0,1089.0,355.0,874.0,1535.6579925650558,6932.624535315985,3982.9848814165257
2009,Tiny,Farmington River Reg,,,,6177.0,3585.0,2925.0,1741.0,1884.0,1659.0,1103.0,137.0,954.0,,,
2009,Tiny,Florida,,,,3887.0,1998.0,1656.0,875.0,931.0,1084.0,516.0,73.0,329.0,5117.178217821782,3236.4455445544554,4264.833663366337
2009,Tiny,Hancock,,,,9868.0,1133.0,1137.0,757.0,1214.0,650.0,636.0,0.0,674.0,2012.774509803921,7295.607843137255,1720.1570587340907
2009,Tiny,Hawlemont,,,,4965.0,2199.0,1365.0,1757.0,1544.0,1082.0,959.0,205.0,455.0,6082.1289719626175,3445.766355140187,4102.525233644859
2009,Tiny,Leverett,,,,5218.0,2098.0,1085.0,2385.0,1755.0,1015.0,715.0,310.0,575.0,2302.5056,6554.976,7014.3184
2009,Tiny,New Salem-Wendell,,,,4214.0,2146.0,682.0,1968.0,1514.0,1735.0,777.0,322.0,721.0,,,
2009,Tiny,Pelham,,,,5889.0,2615.0,594.0,2184.0,920.0,1123.0,390.0,438.0,580.0,2743.1623529411763,5482.658823529412,7694.437647058823
2009,Tiny,Petersham,,,,4419.0,1893.0,1757.0,1722.0,1943.0,962.0,637.0,622.0,269.0,4218.476635514019,3674.635514018692,2433.056074766356
2009,Tiny,Richmond,,,,7221.0,1567.0,887.0,1045.0,1375.0,640.0,316.0,0.0,384.0,1680.5481132075472,8494.844339622643,3318.763207547169
2009,Tiny,Rowe,,,,6891.0,4774.0,2656.0,1406.0,2061.0,1983.0,1790.0,198.0,857.0,1488.2408163265306,10323.081632653062,16198.2
2009,Tiny,Savoy,,,,4763.0,2770.0,1281.0,1067.0,790.0,1059.0,701.0,123.0,218.0,5272.77,2814.49,2254.9
2009,Tiny,Shutesbury,,,,4821.0,2332.0,990.0,2185.0,1180.0,969.0,652.0,302.0,580.0,3951.623076923077,4279.775641025641,4330.979487179488
2009,Tiny,Westhampton,,,,4680.0,1820.0,1008.0,1042.0,783.0,939.0,470.0,314.0,379.0,3024.620143884892,5283.53237410072,3538.4647482014398
2009,Tiny,Whately,,,,4354.0,1977.0,1286.0,1959.0,1319.0,915.0,695.0,682.0,553.0,2415.5372549019608,5640.401960784314,8958.103921568627
2009,Tiny,Williamsburg,,,,5473.0,1603.0,1081.0,1040.0,1123.0,649.0,471.0,291.0,412.0,2719.6000000000004,6322.025157232703,3511.803773584906
2009,Small,Deerfield,,,,4147.0,1252.0,1191.0,1438.0,980.0,560.0,669.0,236.0,391.0,2745.9007444168733,5174.665012406948,2576.606947890818
2009,Small,Frontier,,,,5268.0,2780.0,1358.0,936.0,1260.0,973.0,475.0,601.0,637.0,4083.446778711485,5059.4467787114845,3587.280112044818
2009,Small,Hadley,,,,3508.0,1149.0,985.0,640.0,1260.0,768.0,526.0,181.0,371.0,1302.0563426688632,8187.774299835255,473.678089213958
2009,Small,Hampshire,,,,4566.0,2452.0,1798.0,737.0,845.0,819.0,476.0,453.0,852.0,3611.512367491166,4639.844522968197,2717.9611307420496
2009,Small,Hatfield,,,,4529.0,697.0,1019.0,814.0,1225.0,680.0,690.0,318.0,504.0,1915.1367924528304,6869.521226415094,2142.421911537722
2009,Small,Lee,,,,4857.0,2220.0,1079.0,1351.0,1027.0,790.0,423.0,429.0,1272.0,2654.243902439024,6324.96919127086,2926.985879332477
2009,Small,Lenox,,,,5779.0,2623.0,1177.0,1136.0,1306.0,785.0,561.0,375.0,617.0,1787.9366568914957,7912.222873900293,5158.363929618768
2009,Small,Mount Greylock,,,,5321.0,3131.0,1706.0,1544.0,1485.0,605.0,528.0,536.0,708.0,,,
2009,Small,Orange,,,,4157.0,2720.0,1147.0,970.0,749.0,702.0,352.0,193.0,186.0,7694.20920502092,1326.244072524407,897.6610878661088
2009,Small,Ralph C Mahar,,,,4094.0,2417.0,2044.0,698.0,1435.0,894.0,591.0,561.0,544.0,,,
2009,Small,Southampton,,,,4223.0,1118.0,725.0,855.0,793.0,570.0,383.0,194.0,454.0,4904.482176360225,3859.74296435272,511.8968105065666
2009,Small,Southern Berkshire,,,,5397.0,2977.0,1798.0,1376.0,1141.0,999.0,585.0,248.0,529.0,,,
2009,Small,Sunderland,,,,4710.0,1203.0,1229.0,2417.0,1188.0,698.0,762.0,387.0,429.0,4792.182795698925,3621.489247311828,4548.306451612903
2009,Medium,Amherst,,,,5944.0,3353.0,865.0,1762.0,1264.0,1134.0,627.0,396.0,684.0,4482.623032904149,3946.491416309013,6169.091416309014
2009,Medium,Amherst-Pelham,,,,5491.0,3305.0,1645.0,1199.0,1459.0,1289.0,652.0,525.0,646.0,5487.857856746252,4382.675180455302,3406.991116046641
2009,Medium,Athol-Royalston,,,,4463.0,2180.0,1508.0,1084.0,1100.0,822.0,414.0,313.0,454.0,8761.455938697318,0.0,721.4238505747127
2009,Medium,Berkshire Hills,,,,6237.0,2929.0,1780.0,926.0,1317.0,948.0,737.0,504.0,361.0,,,
2009,Medium,Easthampton,,,,4561.0,1988.0,953.0,641.0,1085.0,628.0,467.0,422.0,336.0,4314.391856160762,4175.682707562137,1428.832538301733
2009,Medium,Gateway,,,,4133.0,2129.0,1884.0,1136.0,1350.0,1059.0,695.0,396.0,631.0,4626.221792890263,3886.21483771252,2002.2387944358577
2009,Medium,Gill-Montague,,,,4761.0,2966.0,1562.0,1307.0,1440.0,1158.0,661.0,528.0,758.0,5564.898788927335,3894.206747404845,3874.84169550173
2009,Medium,Granby,,,,4125.0,1199.0,1335.0,703.0,715.0,576.0,373.0,655.0,224.0,4481.508522727273,3603.851325757576,903.378029702196
2009,Medium,Greenfield,,,,4768.0,3790.0,1454.0,1020.0,1825.0,900.0,536.0,62.0,615.0,4984.499743983615,4118.800307219663,1886.326842172496
2009,Medium,Hoosac Valley Regional,,,,4227.0,2524.0,1260.0,732.0,916.0,582.0,367.0,401.0,439.0,,,
2009,Medium,Mohawk Trail,,,,4897.0,2552.0,1883.0,1746.0,1331.0,1151.0,561.0,418.0,456.0,,,
2009,Medium,Monson,,,,3548.0,1493.0,1168.0,1073.0,841.0,739.0,305.0,275.0,697.0,5098.306878306878,2829.6858465608466,368.8658978383097
2009,Medium,North Adams,,,,5931.0,2929.0,1407.0,918.0,1268.0,1600.0,503.0,388.0,172.0,,,
2009,Medium,Pioneer Valley,,,,4389.0,2475.0,1489.0,1327.0,1053.0,702.0,463.0,360.0,627.0,,,
2009,Medium,Ware,,,,3961.0,2035.0,1155.0,1047.0,1027.0,679.0,450.0,388.0,202.0,6135.491359879789,3001.45830202855,537.9375605299232
2009,Large,Agawam,,,,4535.0,2076.0,1008.0,1059.0,1067.0,618.0,424.0,478.0,425.0,3783.053464892153,4469.489215236347,1771.206516750803
2009,Large,Belchertown,,,,3740.0,1439.0,1103.0,834.0,1106.0,494.0,296.0,531.0,453.0,4875.592592592592,3010.977037037037,725.7714482927736
2009,Large,Central Berkshire,,,,4199.0,2363.0,1470.0,792.0,1096.0,739.0,475.0,292.0,334.0,,,
2009,Large,Chicopee,,,,4792.0,1624.0,1254.0,772.0,1075.0,909.0,456.0,221.0,502.0,6386.96307120085,2844.325850159405,196.55447951774727
2009,Large,East Longmeadow,,,,4382.0,1223.0,876.0,1027.0,761.0,512.0,384.0,349.0,410.0,,,
2009,Large,Hampden-Wilbraham,,,,4112.0,1615.0,1336.0,864.0,889.0,618.0,328.0,399.0,324.0,3217.372398685652,4762.77108433735,1052.4759036144578
2009,Large,Holyoke,,,,6122.0,1872.0,1649.0,1319.0,1170.0,1179.0,548.0,452.0,906.0,9717.463512544802,121.26637992831542,482.8273605073054
2009,Large,Longmeadow,,,,4843.0,1422.0,715.0,1012.0,1142.0,626.0,467.0,497.0,612.0,1463.8169200264376,6872.062128222075,2505.553881176032
2009,Large,Ludlow,,,,4184.0,1837.0,1222.0,917.0,754.0,732.0,353.0,306.0,383.0,4194.614545454546,4042.635041322314,1317.8433114917466
2009,Large,Northampton,,,,4068.0,1980.0,906.0,1169.0,1073.0,815.0,494.0,360.0,389.0,2608.3304809052333,6369.864214992928,680.3694396496012
2009,Large,Palmer,,,,4655.0,1899.0,1221.0,659.0,682.0,620.0,300.0,236.0,272.0,5810.472049689441,2417.2080745341614,309.14778377586885
2009,Large,Pittsfield,,,,4406.0,2567.0,850.0,1042.0,1143.0,1157.0,251.0,387.0,587.0,5611.4783427495295,3489.5706214689267,545.2866518385042
2009,Large,South Hadley,,,,4556.0,1638.0,934.0,1037.0,986.0,600.0,431.0,319.0,593.0,,,
2009,Large,Southwick-Tolland-Granville Regional School District,,,,4299.0,909.0,1125.0,716.0,707.0,692.0,395.0,412.0,499.0,,,
2009,Large,West Springfield,,,,4281.0,1705.0,1167.0,912.0,861.0,621.0,350.0,530.0,456.0,,,
2009,Large,Westfield,,,,4603.0,2637.0,1099.0,924.0,897.0,828.0,311.0,458.0,420.0,5489.039825862625,3179.8053853595616,1132.922507173539
2009,Springfield,Springfield,,,,5839.0,2050.0,1651.0,1143.0,1150.0,719.0,533.0,380.0,1143.0,9305.291765539225,247.4353721937184,-150.18947189120735
2010,Tiny,Chesterfield-Goshen,,,,4224.0,1237.0,1315.0,756.0,989.0,722.0,568.0,193.0,547.0,4403.174418604651,4261.447674418605,1665.4825581395348
2010,Tiny,Clarksburg,,,,5139.0,2283.0,1251.0,1495.0,683.0,1176.0,617.0,246.0,1195.0,6255.196296296296,1955.896296296296,1126.6059259259262
2010,Tiny,Conway,,,,4304.0,1583.0,1304.0,2037.0,1439.0,720.0,872.0,419.0,481.0,4439.418439716312,6439.90780141844,1969.436879432625
2010,Tiny,Erving,,,,4641.0,3710.0,1803.0,2814.0,1521.0,1091.0,1126.0,406.0,1145.0,1451.0035842293908,7294.172043010752,4270.440380652653
2010,Tiny,Farmington River Reg,,,,6296.0,3843.0,3019.0,1653.0,1090.0,1622.0,760.0,201.0,516.0,,,
2010,Tiny,Florida,,,,3829.0,1991.0,1812.0,1101.0,1069.0,1063.0,689.0,62.0,453.0,5116.141414141414,3865.969696969697,3542.0969696969705
2010,Tiny,Hancock,,,,8884.0,650.0,1216.0,744.0,1105.0,857.0,481.0,0.0,829.0,2032.292929292929,7870.010101010101,1922.0793838196744
2010,Tiny,Hawlemont,,,,5439.0,2634.0,1322.0,1750.0,1471.0,1381.0,1046.0,234.0,388.0,5905.2962962962965,4220.268518518518,3873.055555555556
2010,Tiny,Leverett,,,,5690.0,2041.0,664.0,2040.0,1427.0,1008.0,676.0,306.0,602.0,2350.475,7291.933333333333,7315.303333333332
2010,Tiny,New Salem-Wendell,,,,4612.0,2284.0,723.0,2090.0,1232.0,1474.0,854.0,347.0,909.0,,,
2010,Tiny,Pelham,,,,5474.0,2585.0,641.0,2109.0,847.0,1159.0,398.0,449.0,361.0,2821.0493827160494,6131.654320987655,7722.506172839506
2010,Tiny,Petersham,,,,3919.0,1233.0,1989.0,1512.0,1551.0,933.0,630.0,612.0,451.0,5204.105882352941,4556.870588235294,2681.929411764706
2010,Tiny,Richmond,,,,8579.0,1876.0,1080.0,1291.0,1271.0,708.0,378.0,561.0,385.0,1745.755,8898.535,4963.42
2010,Tiny,Rowe,,,,7270.0,5239.0,3296.0,1633.0,1476.0,1774.0,1881.0,212.0,838.0,1429.3,10036.14,17429.76
2010,Tiny,Savoy,,,,5891.0,4006.0,1497.0,1349.0,896.0,1611.0,1103.0,0.0,373.0,5116.148514851485,3377.079207920792,1666.039603960396
2010,Tiny,Shutesbury,,,,5363.0,2687.0,800.0,2447.0,1079.0,1138.0,943.0,328.0,498.0,4054.5234899328857,4886.51677852349,4697.812080536913
2010,Tiny,Sunderland,,,,4410.0,1467.0,1389.0,2264.0,1228.0,868.0,828.0,340.0,384.0,4597.468421052631,5920.373684210526,1411.9684210526316
2010,Tiny,Westhampton,,,,4729.0,1838.0,882.0,986.0,727.0,944.0,471.0,310.0,487.0,2841.4758620689654,5721.296551724138,3467.508965517242
2010,Tiny,Whately,,,,4605.0,2132.0,1390.0,2099.0,1927.0,971.0,792.0,497.0,625.0,2489.2474226804125,5993.154639175258,9937.34639175258
2010,Tiny,Williamsburg,,,,5518.0,1602.0,1051.0,1015.0,1171.0,747.0,534.0,316.0,419.0,2552.8192771084337,6618.55421686747,3564.793975903613
2010,Small,Deerfield,,,,4360.0,1334.0,1060.0,1735.0,698.0,567.0,666.0,209.0,452.0,2717.9598997493736,6491.320802005012,1830.7578947368431
2010,Small,Frontier,,,,5463.0,2432.0,1393.0,975.0,1152.0,983.0,508.0,571.0,618.0,4245.5705794948,6758.401188707281,2318.4903417533437
2010,Small,Hadley,,,,3588.0,1075.0,1117.0,627.0,2025.0,580.0,454.0,170.0,403.0,1271.824302134647,8202.862068965518,411.75905873330254
2010,Small,Hampshire,,,,5072.0,2433.0,1676.0,821.0,865.0,875.0,476.0,512.0,870.0,3526.8204225352115,5041.841549295775,2540.56220657277
2010,Small,Hatfield,,,,4510.0,676.0,1210.0,966.0,700.0,708.0,520.0,350.0,268.0,2019.7411167512687,7690.2639593908625,1457.487978023373
2010,Small,Lee,,,,5103.0,2399.0,1142.0,1483.0,1021.0,823.0,542.0,469.0,686.0,2705.344459279039,6956.177570093458,2913.915620827772
2010,Small,Lenox,,,,5948.0,2512.0,1212.0,1140.0,1305.0,704.0,617.0,374.0,874.0,1799.676204819277,8379.69126506024,5242.175903614459
2010,Small,Mount Greylock,,,,5381.0,3414.0,1525.0,1508.0,1288.0,537.0,526.0,621.0,737.0,,,
2010,Small,Orange,,,,3856.0,2509.0,773.0,995.0,772.0,567.0,354.0,192.0,219.0,7646.977369165488,2525.5544554455446,-339.7029702970297
2010,Small,Ralph C Mahar,,,,4362.0,2735.0,1821.0,667.0,1350.0,850.0,558.0,481.0,615.0,,,
2010,Small,Southampton,,,,4248.0,1043.0,655.0,919.0,645.0,568.0,397.0,197.0,406.0,4898.2925430210325,4536.089866156788,426.66156787762907
2010,Small,Southern Berkshire,,,,5299.0,3005.0,1788.0,1311.0,1089.0,1016.0,573.0,422.0,631.0,,,
2010,Medium,Amherst,,,,6213.0,3610.0,1003.0,1813.0,1271.0,1079.0,698.0,383.0,547.0,4371.083985765124,5898.4405693950175,4746.001708185052
2010,Medium,Amherst-Pelham,,,,5511.0,3636.0,1616.0,1264.0,1416.0,1337.0,664.0,580.0,534.0,5494.020986954056,6187.722064662507,2263.700510493477
2010,Medium,Athol-Royalston,,,,4839.0,2023.0,1580.0,1191.0,1021.0,874.0,424.0,389.0,368.0,9241.2587628866,1065.5886597938145,371.2829896907217
2010,Medium,Berkshire Hills,,,,5763.0,3051.0,1738.0,912.0,1140.0,898.0,702.0,456.0,391.0,,,
2010,Medium,Easthampton,,,,4956.0,2034.0,626.0,686.0,989.0,650.0,508.0,448.0,325.0,4317.140928725702,5350.661447084233,297.5056432355376
2010,Medium,Gateway,,,,4021.0,2230.0,1874.0,1190.0,1156.0,1157.0,591.0,420.0,308.0,4659.73312152502,4663.752978554408,1208.5131056393964
2010,Medium,Gill-Montague,,,,5097.0,3258.0,1569.0,1417.0,1354.0,1178.0,706.0,533.0,459.0,5633.925826630921,4652.584450402145,3044.3270777479893
2010,Medium,Granby,,,,4188.0,1104.0,1222.0,595.0,606.0,598.0,452.0,838.0,212.0,4498.374393792435,4212.876818622696,383.4026507374846
2010,Medium,Greenfield,,,,5199.0,3055.0,1471.0,1063.0,1514.0,987.0,557.0,165.0,1067.0,4981.74046997389,4655.332637075718,1774.767886243782
2010,Medium,Hoosac Valley Regional,,,,4211.0,2846.0,1195.0,840.0,793.0,595.0,363.0,260.0,211.0,,,
2010,Medium,Mohawk Trail,,,,5504.0,2855.0,1911.0,1791.0,1506.0,1314.0,659.0,476.0,615.0,,,
2010,Medium,Monson,,,,3710.0,1615.0,1140.0,1224.0,833.0,728.0,336.0,322.0,575.0,5167.214090287278,3525.1169630642958,151.16838907262263
2010,Medium,North Adams,,,,5756.0,2388.0,1319.0,872.0,1164.0,1568.0,534.0,318.0,150.0,,,
2010,Medium,Palmer,,,,4510.0,2131.0,1136.0,684.0,669.0,587.0,335.0,241.0,643.0,5817.723426758329,3308.0491803278687,254.01498968975096
2010,Medium,Pioneer Valley,,,,4478.0,2396.0,1387.0,1408.0,910.0,793.0,402.0,348.0,648.0,,,
2010,Medium,Southwick-Tolland-Granville Regional School District,,,,4351.0,1152.0,997.0,824.0,734.0,710.0,286.0,434.0,481.0,,,
2010,Medium,Ware,,,,3949.0,2291.0,1195.0,963.0,872.0,608.0,408.0,382.0,205.0,5871.615553925165,3639.9090242112975,-52.43816131279993
2010,Large,Agawam,,,,4721.0,2055.0,1150.0,1131.0,1067.0,744.0,435.0,491.0,477.0,3733.953316385487,4899.567598798244,1685.673445805408
2010,Large,Belchertown,,,,3866.0,1488.0,1061.0,927.0,966.0,667.0,400.0,280.0,292.0,4742.947794117647,3598.65625,522.0106530619292
2010,Large,Central Berkshire,,,,4116.0,2405.0,1561.0,1074.0,1126.0,789.0,658.0,364.0,472.0,,,
2010,Large,Chicopee,,,,4811.0,1783.0,1345.0,892.0,995.0,940.0,498.0,268.0,709.0,6250.920270628814,3466.045370124701,113.4168479702843
2010,Large,East Longmeadow,,,,4638.0,1360.0,871.0,888.0,688.0,532.0,439.0,355.0,386.0,,,
2010,Large,Hampden-Wilbraham,,,,4202.0,1679.0,1299.0,830.0,907.0,643.0,335.0,344.0,307.0,3210.160858656259,5325.690270420964,902.3902982994146
2010,Large,Holyoke,,,,5513.0,2156.0,1427.0,1349.0,1279.0,996.0,498.0,426.0,1756.0,9696.893722627738,1211.2540145985402,-33.49468613138599
2010,Large,Longmeadow,,,,4730.0,1337.0,672.0,1083.0,1083.0,668.0,504.0,514.0,624.0,1436.4394440767703,7074.43481138319,2550.3752433960294
2010,Large,Ludlow,,,,4077.0,1967.0,1283.0,859.0,708.0,740.0,417.0,344.0,299.0,4147.743495663776,4535.717144763175,1270.170206195805
2010,Large,Northampton,,,,4254.0,2161.0,911.0,1214.0,1055.0,815.0,515.0,392.0,361.0,2582.6477313326186,6868.786709539121,729.3128208019725
2010,Large,Pittsfield,,,,4380.0,2487.0,889.0,1090.0,1149.0,1289.0,275.0,373.0,725.0,5563.8636074944425,4104.825658939346,679.0649557049694
2010,Large,South Hadley,,,,4938.0,1801.0,966.0,1121.0,981.0,609.0,491.0,331.0,851.0,,,
2010,Large,West Springfield,,,,4459.0,1734.0,1252.0,996.0,854.0,665.0,338.0,554.0,478.0,,,
2010,Large,Westfield,,,,4433.0,2306.0,1064.0,995.0,876.0,1014.0,328.0,465.0,461.0,5449.553250571708,3868.577915713819,489.2458229462967
2010,Springfield,Springfield,,,,4859.0,2226.0,1511.0,1002.0,1081.0,778.0,654.0,362.0,1337.0,9084.43760364111,1321.6430772624003,-383.9149129962537
2011,Tiny,Chesterfield-Goshen,,,,4736.0,1466.0,1285.0,916.0,1015.0,835.0,607.0,165.0,779.0,4244.6547619047615,4431.916666666667,1909.744047619048
2011,Tiny,Clarksburg,,,,4009.0,2312.0,996.0,1692.0,736.0,1069.0,591.0,232.0,903.0,6852.326771653543,2140.0236220472443,506.6952755905516
2011,Tiny,Conway,,,,4074.0,1564.0,1340.0,1917.0,1105.0,739.0,934.0,451.0,499.0,3955.6375838926174,6751.140939597315,1607.8469798657716
2011,Tiny,Erving,,,,5520.0,4088.0,1848.0,2663.0,1672.0,1095.0,1163.0,433.0,1119.0,1456.8566308243728,7284.591397849463,4830.546953405018
2011,Tiny,Farmington River Reg,,,,5071.0,4375.0,3154.0,1808.0,1719.0,1882.0,858.0,166.0,604.0,,,
2011,Tiny,Florida,,,,4033.0,2261.0,1803.0,1064.0,913.0,1104.0,710.0,51.0,194.0,5428.865979381443,3954.896907216495,2536.098969072166
2011,Tiny,Hancock,,,,7623.0,455.0,1033.0,634.0,1092.0,621.0,558.0,0.0,618.0,1994.1368421052632,8088.347368421053,1483.8526315789477
2011,Tiny,Hawlemont,,,,5349.0,2787.0,1533.0,1736.0,1973.0,1584.0,1298.0,258.0,509.0,5774.163461538462,4574.826923076923,3278.288461538461
2011,Tiny,Leverett,,,,5818.0,2253.0,782.0,2074.0,1532.0,1072.0,710.0,314.0,651.0,2159.1869918699185,7625.235772357723,6989.590243902439
2011,Tiny,New Salem-Wendell,,,,4395.0,2459.0,727.0,2454.0,1267.0,1528.0,795.0,343.0,814.0,,,
2011,Tiny,Pelham,,,,5627.0,2602.0,888.0,2166.0,925.0,1089.0,478.0,459.0,384.0,2656.246913580247,5947.691358024691,8142.358024691358
2011,Tiny,Petersham,,,,4386.0,1399.0,1518.0,1735.0,1900.0,1055.0,414.0,586.0,669.0,5553.426666666666,5065.546666666667,3153.96
2011,Tiny,Richmond,,,,10680.0,2282.0,896.0,1392.0,1481.0,690.0,352.0,606.0,491.0,1758.042780748663,9042.72192513369,8606.577540106951
2011,Tiny,Rowe,,,,7635.0,5687.0,2907.0,1529.0,1718.0,2011.0,2121.0,207.0,1221.0,1140.5084745762713,8446.694915254237,15431.372881355932
2011,Tiny,Savoy,,,,4607.0,5246.0,1339.0,1592.0,938.0,836.0,970.0,200.0,121.0,5395.369565217391,3914.586956521739,1658.5043478260873
2011,Tiny,Shutesbury,,,,5603.0,2596.0,850.0,2361.0,1221.0,1149.0,767.0,345.0,564.0,4034.2624113475176,4682.531914893617,5858.985815602837
2011,Tiny,Sunderland,,,,4540.0,1326.0,1342.0,2540.0,1629.0,842.0,785.0,400.0,643.0,4925.077844311377,6398.377245508982,2292.329341317365
2011,Tiny,Westhampton,,,,4999.0,1862.0,924.0,1009.0,930.0,1013.0,472.0,327.0,683.0,3077.328671328671,5636.979020979021,3393.237762237762
2011,Tiny,Whately,,,,4674.0,2308.0,1516.0,2373.0,1956.0,957.0,787.0,516.0,627.0,2531.7634408602157,5894.1505376344085,10820.6688172043
2011,Tiny,Williamsburg,,,,5739.0,1940.0,1046.0,1246.0,1259.0,752.0,441.0,194.0,419.0,2303.681818181818,6736.244318181818,3903.525
2011,Small,Deerfield,,,,4406.0,1246.0,1212.0,2097.0,781.0,590.0,719.0,244.0,445.0,2565.605527638191,6540.075376884422,2172.906030150753
2011,Small,Frontier,,,,5696.0,2590.0,1455.0,1107.0,1206.0,910.0,473.0,591.0,728.0,4113.680428134557,7025.350152905199,2607.302752293578
2011,Small,Hadley,,,,3776.0,1173.0,1073.0,684.0,959.0,600.0,582.0,177.0,370.0,1121.9876923076922,7596.806153846153,1025.9812307692305
2011,Small,Hampshire,,,,5120.0,2587.0,1631.0,838.0,849.0,850.0,475.0,506.0,927.0,3781.117139334156,5226.162762022195,2938.557336621455
2011,Small,Hatfield,,,,4123.0,831.0,1252.0,1439.0,1281.0,662.0,623.0,323.0,310.0,2025.1054054054052,8125.943243243243,2026.6167567567568
2011,Small,Lee,,,,5171.0,2727.0,1153.0,1487.0,1112.0,866.0,557.0,450.0,735.0,2585.2669376693766,7123.043360433604,3365.183468834689
2011,Small,Lenox,,,,6181.0,2849.0,1216.0,1126.0,1394.0,730.0,686.0,386.0,1029.0,1704.8090909090909,8239.075757575758,6108.660909090908
2011,Small,Mount Greylock,,,,5791.0,4075.0,1787.0,1236.0,1265.0,680.0,478.0,535.0,591.0,,,
2011,Small,Orange,,,,3671.0,2557.0,1339.0,1202.0,764.0,1013.0,530.0,249.0,163.0,7200.24045261669,2913.3026874115985,-635.9383309759553
2011,Small,Ralph C Mahar,,,,4266.0,2520.0,1841.0,691.0,1268.0,790.0,606.0,496.0,845.0,,,
2011,Small,Southampton,,,,4482.0,1215.0,608.0,867.0,650.0,577.0,392.0,203.0,335.0,4629.840690978886,4728.750479846449,443.380038387716
2011,Small,Southern Berkshire,,,,5376.0,3496.0,1840.0,1471.0,1177.0,1033.0,577.0,450.0,641.0,,,
2011,Medium,Amherst,,,,6355.0,3821.0,973.0,1923.0,1636.0,965.0,735.0,362.0,606.0,4264.449852507375,6080.30383480826,5231.456342182892
2011,Medium,Amherst-Pelham,,,,6254.0,3673.0,1588.0,1313.0,1559.0,1209.0,687.0,617.0,900.0,5283.954808806489,6365.596755504055,2746.479721900348
2011,Medium,Athol-Royalston,,,,4952.0,2279.0,1738.0,1422.0,977.0,1048.0,413.0,436.0,588.0,8755.543049792532,1091.2660788381745,882.6763485477178
2011,Medium,Berkshire Hills,,,,5722.0,3345.0,1706.0,934.0,1251.0,860.0,735.0,434.0,619.0,,,
2011,Medium,Easthampton,,,,5178.0,2197.0,1130.0,851.0,1067.0,705.0,479.0,453.0,371.0,4156.9613473219215,5493.801214798454,608.2053009387083
2011,Medium,Gateway,,,,4512.0,2286.0,1934.0,1261.0,1111.0,1190.0,644.0,404.0,426.0,4480.030819140308,4846.503649635037,1136.764801297648
2011,Medium,Gill-Montague,,,,4914.0,3306.0,1562.0,1216.0,1608.0,1115.0,669.0,540.0,613.0,5309.536672629696,4678.841681574239,2986.8774597495526
2011,Medium,Granby,,,,4222.0,1136.0,1325.0,657.0,647.0,599.0,478.0,724.0,209.0,4436.214214214214,4361.5695695695695,590.7437437437437
2011,Medium,Hoosac Valley Regional,,,,4448.0,3039.0,1233.0,889.0,1011.0,609.0,399.0,261.0,271.0,,,
2011,Medium,Mohawk Trail,,,,5144.0,2847.0,1871.0,1457.0,1431.0,1072.0,657.0,436.0,651.0,,,
2011,Medium,Monson,,,,3986.0,1712.0,1260.0,1363.0,890.0,783.0,360.0,364.0,455.0,5128.610795454545,3623.860085227273,203.51974431818235
2011,Medium,North Adams,,,,6083.0,3039.0,1350.0,841.0,1187.0,1648.0,466.0,350.0,155.0,,,
2011,Medium,Palmer,,,,4604.0,2328.0,1414.0,821.0,844.0,590.0,354.0,277.0,514.0,5793.504983388704,3505.968438538206,191.95404208194907
2011,Medium,Pioneer Valley,,,,4745.0,2512.0,1384.0,1460.0,1013.0,801.0,441.0,350.0,528.0,,,
2011,Medium,Southwick-Tolland-Granville Regional School District,,,,4655.0,1342.0,1151.0,861.0,757.0,719.0,294.0,479.0,467.0,,,
2011,Medium,Ware,,,,4204.0,2495.0,1310.0,998.0,818.0,637.0,519.0,401.0,88.0,5696.304593639576,3666.512518635581,-419.2253101550148
2011,Large,Agawam,,,,4354.0,1850.0,1045.0,1088.0,1072.0,678.0,415.0,471.0,661.0,3885.961655365911,4888.085807809212,1661.5862988075758
2011,Large,Belchertown,,,,3857.0,1547.0,1152.0,726.0,1022.0,905.0,406.0,282.0,567.0,4838.4431606410735,3713.896757361163,525.3934401789047
2011,Large,Central Berkshire,,,,4475.0,2781.0,1533.0,1138.0,1122.0,804.0,545.0,422.0,496.0,,,
2011,Large,Chicopee,,,,4982.0,1891.0,1441.0,954.0,1010.0,949.0,522.0,300.0,503.0,6714.666404302768,3425.0451265905813,213.18116227207136
2011,Large,East Longmeadow,,,,4625.0,1464.0,870.0,1282.0,763.0,515.0,393.0,355.0,684.0,,,
2011,Large,Greenfield,,,,4679.0,2469.0,1081.0,1058.0,1204.0,880.0,457.0,116.0,1398.0,4880.220115850448,4673.218536071617,2058.3125855713542
2011,Large,Hampden-Wilbraham,,,,4232.0,1671.0,1245.0,906.0,938.0,655.0,395.0,414.0,289.0,3109.061919504644,5335.379960596679,1085.311004784689
2011,Large,Holyoke,,,,5589.0,2171.0,1702.0,1507.0,1115.0,1215.0,541.0,406.0,1053.0,9631.46236720036,1320.0517133024082,120.24785276073708
2011,Large,Longmeadow,,,,4913.0,1412.0,728.0,1129.0,1087.0,668.0,472.0,660.0,538.0,1366.5409562019393,7128.638916750251,2609.450484787696
2011,Large,Ludlow,,,,4342.0,2168.0,1226.0,911.0,774.0,789.0,436.0,365.0,399.0,4281.890084033614,4571.637983193277,1314.7166386554622
2011,Large,Northampton,,,,4338.0,2140.0,1036.0,1354.0,1110.0,792.0,565.0,404.0,435.0,2484.132481751825,7129.686496350365,976.6714598540148
2011,Large,Pittsfield,,,,4506.0,2653.0,909.0,1103.0,1196.0,1128.0,319.0,414.0,796.0,5650.335401750199,4127.436117740653,1127.3928719172638
2011,Large,South Hadley,,,,5121.0,1967.0,1019.0,1124.0,1062.0,631.0,506.0,355.0,807.0,,,
2011,Large,West Springfield,,,,4630.0,1926.0,1249.0,1088.0,873.0,726.0,319.0,562.0,445.0,,,
2011,Large,Westfield,,,,4735.0,2625.0,1196.0,1007.0,933.0,849.0,301.0,457.0,582.0,5321.861745849088,3949.433174420516,839.4660858129217
2011,Springfield,Springfield,,,,4750.0,2280.0,1729.0,1146.0,1262.0,892.0,446.0,427.0,2068.0,9281.214449743862,1611.4284535966372,-34.79858608206471
2012,Tiny,Chesterfield-Goshen,,,,4921.0,1523.0,1323.0,1002.0,1029.0,816.0,555.0,147.0,464.0,4566.4331210191085,4797.089171974522,2990.0891719745223
2012,Tiny,Clarksburg,,,,4314.0,2818.0,1407.0,1371.0,791.0,880.0,592.0,285.0,692.0,7230.7231404958675,2271.4752066115702,608.7196280991732
2012,Tiny,Conway,,,,4132.0,1600.0,1216.0,2192.0,985.0,791.0,948.0,525.0,442.0,4058.5890410958905,6765.260273972603,2297.750342465754
2012,Tiny,Erving,,,,5582.0,4192.0,1574.0,2868.0,1698.0,1279.0,1250.0,437.0,956.0,1496.868131868132,7492.3003663003665,4598.500915750916
2012,Tiny,Farmington River Reg,,,,4589.0,4658.0,3486.0,2130.0,1803.0,1902.0,846.0,204.0,891.0,,,
2012,Tiny,Florida,,,,4118.0,2583.0,1877.0,1038.0,1066.0,1284.0,680.0,80.0,474.0,6302.702380952381,4572.166666666667,3182.867857142856
2012,Tiny,Hancock,,,,6779.0,430.0,1199.0,755.0,641.0,837.0,494.0,0.0,771.0,2047.956989247312,8153.623655913979,866.4516129032259
2012,Tiny,Hawlemont,,,,4879.0,2737.0,1361.0,1697.0,1671.0,1426.0,1063.0,243.0,422.0,6562.358695652174,4912.891304347826,3591.8478260869565
2012,Tiny,Leverett,,,,6301.0,2499.0,1249.0,2346.0,1741.0,1244.0,888.0,350.0,766.0,2170.7804878048782,7552.747967479675,7737.278455284553
2012,Tiny,New Salem-Wendell,,,,4594.0,2757.0,888.0,2462.0,1522.0,1804.0,902.0,382.0,765.0,,,
2012,Tiny,Pelham,,,,5576.0,2897.0,1058.0,2026.0,884.0,1064.0,391.0,449.0,366.0,3181.044117647059,7061.64705882353,9576.125
2012,Tiny,Petersham,,,,4432.0,1214.0,1609.0,2123.0,1597.0,994.0,489.0,653.0,402.0,6344.590909090909,5815.742424242424,4337.818181818182
2012,Tiny,Richmond,,,,7716.0,2427.0,934.0,1161.0,1398.0,885.0,247.0,576.0,464.0,2065.74375,10185.7,7075.21875
2012,Tiny,Rowe,,,,7082.0,5216.0,2205.0,1716.0,1424.0,1947.0,3029.0,197.0,1068.0,1109.032786885246,8213.803278688525,16770.383606557374
2012,Tiny,Savoy,,,,4665.0,5877.0,1365.0,2167.0,1049.0,1647.0,1043.0,168.0,543.0,6316.949367088608,4222.025316455696,2507.5898734177213
2012,Tiny,Shutesbury,,,,5169.0,2690.0,1222.0,2193.0,1276.0,1198.0,836.0,334.0,865.0,4144.094202898551,4728.978260869565,6304.304347826087
2012,Tiny,Sunderland,,,,4818.0,1660.0,1342.0,2793.0,1306.0,879.0,747.0,387.0,550.0,5168.14375,6915.46875,2511.86875
2012,Tiny,Westhampton,,,,4936.0,1811.0,993.0,1079.0,780.0,1057.0,474.0,337.0,436.0,3277.185185185185,6101.881481481481,3381.903703703704
2012,Tiny,Whately,,,,4583.0,2375.0,1594.0,2765.0,1946.0,1087.0,813.0,667.0,670.0,2601.296703296703,6279.120879120879,12286.407142857144
2012,Tiny,Williamsburg,,,,6446.0,1526.0,1052.0,991.0,1263.0,824.0,583.0,216.0,543.0,2349.0338983050847,6842.118644067797,3097.5697740113
2012,Small,Deerfield,,,,4598.0,1473.0,1375.0,2279.0,680.0,655.0,733.0,253.0,470.0,2547.377171215881,6706.669975186104,1868.6833746898271
2012,Small,Frontier,,,,5937.0,2854.0,1544.0,1061.0,1283.0,961.0,462.0,623.0,853.0,4199.984472049689,7165.5046583850935,2942.501552795031
2012,Small,Hadley,,,,4596.0,1270.0,1105.0,613.0,920.0,588.0,937.0,169.0,691.0,1131.492283950617,7874.947530864198,1884.1555555555556
2012,Small,Hampshire,,,,5158.0,2594.0,1703.0,864.0,958.0,980.0,506.0,540.0,707.0,3848.8739076154807,5530.666666666667,2633.65418227216
2012,Small,Hatfield,,,,4168.0,1039.0,1173.0,1340.0,1153.0,571.0,719.0,270.0,355.0,2080.9696132596687,8275.903314917126,2397.425414364641
2012,Small,Lee,,,,5273.0,2976.0,1278.0,1446.0,1134.0,759.0,635.0,477.0,562.0,2634.8475274725274,7460.526098901098,3565.292307692309
2012,Small,Lenox,,,,6271.0,2822.0,1252.0,1099.0,1344.0,795.0,648.0,436.0,774.0,1798.4340222575518,8997.262321144673,5932.941176470588
2012,Small,Mount Greylock,,,,5942.0,3891.0,1834.0,1363.0,1563.0,704.0,423.0,596.0,937.0,,,
2012,Small,Orange,,,,3655.0,2623.0,1385.0,989.0,979.0,798.0,335.0,294.0,174.0,7777.962006079028,3291.3297872340427,-412.04346504559214
2012,Small,Ralph C Mahar,,,,4353.0,2244.0,1849.0,655.0,1344.0,825.0,637.0,539.0,954.0,,,
2012,Small,Southampton,,,,4527.0,1272.0,793.0,874.0,583.0,619.0,423.0,210.0,296.0,4783.2268244575935,5035.2702169625245,326.1563116370809
2012,Small,Southern Berkshire,,,,5699.0,3770.0,2038.0,1859.0,1396.0,1093.0,677.0,474.0,636.0,,,
2012,Medium,Amherst,,,,6963.0,3852.0,975.0,2345.0,1436.0,1032.0,709.0,411.0,931.0,4545.455824863175,6513.447224394058,5637.515441751369
2012,Medium,Amherst-Pelham,,,,6199.0,3811.0,1618.0,1468.0,1468.0,1397.0,789.0,684.0,417.0,5567.132361870067,6758.983606557377,3363.5482695810565
2012,Medium,Athol-Royalston,,,,5023.0,2944.0,1746.0,1389.0,1126.0,1060.0,455.0,421.0,315.0,8998.573700954401,1152.1171792152704,730.7534464475079
2012,Medium,Berkshire Hills,,,,5780.0,3239.0,1828.0,941.0,1292.0,1182.0,1076.0,433.0,402.0,,,
2012,Medium,Easthampton,,,,4927.0,2105.0,682.0,699.0,897.0,623.0,506.0,532.0,177.0,4228.308379888268,5694.986592178771,396.9941899441349
2012,Medium,Gateway,,,,4540.0,2327.0,1966.0,1250.0,1180.0,1154.0,663.0,437.0,344.0,4804.094290657439,5170.684256055363,972.8217993079584
2012,Medium,Gill-Montague,,,,5156.0,3446.0,1628.0,1191.0,1568.0,1194.0,581.0,571.0,878.0,5342.819158460161,4765.146821844226,2858.109221128021
2012,Medium,Granby,,,,4125.0,1158.0,1367.0,681.0,689.0,618.0,499.0,891.0,217.0,4477.959798994975,4511.209045226131,380.6763819095477
2012,Medium,Hoosac Valley Regional,,,,4774.0,2755.0,1357.0,992.0,934.0,641.0,402.0,299.0,211.0,,,
2012,Medium,Mohawk Trail,,,,4982.0,2953.0,1902.0,1445.0,1437.0,1137.0,645.0,449.0,531.0,,,
2012,Medium,Monson,,,,4039.0,1920.0,1259.0,1350.0,742.0,836.0,378.0,415.0,444.0,5318.571428571428,3810.08717948718,246.22157509157452
2012,Medium,North Adams,,,,6039.0,2923.0,1309.0,741.0,1126.0,2063.0,499.0,347.0,134.0,,,
2012,Medium,Palmer,,,,4460.0,2248.0,1364.0,746.0,708.0,706.0,332.0,330.0,493.0,6217.044917257684,3776.727541371158,-251.81486406619385
2012,Medium,Pioneer Valley,,,,5276.0,2608.0,1710.0,1109.0,1124.0,835.0,428.0,345.0,463.0,,,
2012,Medium,Southwick-Tolland-Granville Regional School District,,,,4870.0,1271.0,1230.0,803.0,690.0,839.0,332.0,502.0,394.0,,,
2012,Medium,Ware,,,,4023.0,2451.0,1091.0,1306.0,942.0,667.0,463.0,418.0,199.0,5850.93285198556,4201.660515429131,-696.722898100611
2012,Large,Agawam,,,,4697.0,2174.0,1142.0,1120.0,949.0,743.0,485.0,424.0,566.0,4135.933333333333,5010.9498817966905,1852.941879432624
2012,Large,Belchertown,,,,4102.0,1617.0,1211.0,739.0,1131.0,900.0,518.0,321.0,447.0,4931.619278005211,3808.0133978414583,589.9743208038705
2012,Large,Central Berkshire,,,,4708.0,2885.0,1645.0,1218.0,1075.0,911.0,484.0,431.0,425.0,,,
2012,Large,Chicopee,,,,5057.0,1822.0,1360.0,959.0,1019.0,993.0,494.0,226.0,651.0,6940.399896466935,3446.18739484923,154.02915749967607
2012,Large,East Longmeadow,,,,5134.0,1477.0,953.0,1169.0,722.0,564.0,450.0,416.0,374.0,,,
2012,Large,Greenfield,,,,4010.0,2309.0,1032.0,1041.0,1138.0,1360.0,471.0,117.0,1081.0,5103.743208610968,4698.069195284469,2087.8366478728863
2012,Large,Hampden-Wilbraham,,,,4520.0,1749.0,1353.0,925.0,1059.0,651.0,421.0,490.0,349.0,3147.9022108843537,5507.805555555556,1207.8789682539682
2012,Large,Holyoke,,,,5763.0,2223.0,1556.0,1488.0,1143.0,1144.0,595.0,386.0,1189.0,9996.57593250444,1311.8901716992302,-31.017724985198345
2012,Large,Longmeadow,,,,5070.0,1526.0,755.0,1156.0,1035.0,728.0,505.0,467.0,644.0,1404.3971291866028,7341.598427887901,2995.855468215995
2012,Large,Ludlow,,,,4362.0,2454.0,1268.0,934.0,775.0,747.0,502.0,428.0,375.0,4445.817379497624,4684.980312287848,1379.7188221317035
2012,Large,Northampton,,,,4288.0,2091.0,880.0,1397.0,979.0,783.0,526.0,424.0,604.0,2496.557460780737,7309.6493980299165,1185.4224735497994
2012,Large,Pittsfield,,,,4667.0,2596.0,958.0,1112.0,1119.0,1044.0,294.0,417.0,719.0,5898.900271695701,4282.37973469714,902.462042512386
2012,Large,South Hadley,,,,5250.0,1994.0,1055.0,1218.0,1060.0,679.0,513.0,363.0,970.0,,,
2012,Large,West Springfield,,,,4640.0,2111.0,1313.0,1126.0,806.0,689.0,290.0,573.0,562.0,,,
2012,Large,Westfield,,,,4871.0,2616.0,1172.0,934.0,841.0,789.0,252.0,474.0,345.0,5525.751612903226,4186.685229202038,899.4078098471987
2012,Springfield,Springfield,,,,4711.0,2474.0,1965.0,1130.0,1176.0,1173.0,645.0,388.0,1143.0,9757.103202720897,1246.7487415522155,-84.21914472659482
2013,Tiny,Chesterfield-Goshen,,,,5207.0,1505.0,1411.0,924.0,1021.0,827.0,583.0,177.0,481.0,4520.8125,4907.61875,2353.49375
2013,Tiny,Clarksburg,,,,4909.0,2790.0,1449.0,1681.0,938.0,1050.0,666.0,385.0,416.0,7782.632743362832,2520.1858407079644,801.1171637384007
2013,Tiny,Conway,,,,4188.0,1602.0,1306.0,2513.0,1061.0,839.0,1046.0,457.0,584.0,3743.4625,6927.34375,1256.6226141606312
2013,Tiny,Erving,,,,6610.0,4416.0,1667.0,3594.0,1681.0,1319.0,1254.0,446.0,771.0,1642.529411764706,8044.9254901960785,6628.217049368648
2013,Tiny,Farmington River Reg,,,,4613.0,5293.0,3833.0,2743.0,1718.0,1714.0,1225.0,387.0,1498.0,,,
2013,Tiny,Florida,,,,3924.0,3405.0,1695.0,1504.0,1031.0,1393.0,916.0,49.0,178.0,6576.135802469136,4801.407407407408,4264.233278316937
2013,Tiny,Hancock,,,,7897.0,474.0,1388.0,1660.0,808.0,749.0,497.0,379.0,437.0,2003.5051546391755,7996.896907216495,1666.6700363165517
2013,Tiny,Hawlemont,,,,4587.0,3031.0,1597.0,2054.0,2044.0,1897.0,872.0,220.0,588.0,6674.472527472528,5144.9670329670325,3504.868131868132
2013,Tiny,Leverett,,,,6138.0,2753.0,1259.0,2540.0,1479.0,1257.0,925.0,354.0,616.0,2283.747899159664,7699.966386554622,8729.768368558873
2013,Tiny,New Salem-Wendell,,,,4578.0,2781.0,911.0,2649.0,1347.0,1798.0,936.0,388.0,678.0,,,
2013,Tiny,Pelham,,,,5035.0,3052.0,967.0,1937.0,992.0,1113.0,664.0,617.0,658.0,3473.5079365079364,7662.619047619048,11523.788241575236
2013,Tiny,Petersham,,,,4719.0,2126.0,1765.0,2300.0,1961.0,1210.0,669.0,755.0,440.0,6384.590909090909,6006.484848484848,4453.833333333333
2013,Tiny,Richmond,,,,9006.0,2785.0,1179.0,1282.0,1458.0,906.0,475.0,610.0,664.0,2105.74375,9096.2875,9655.74375
2013,Tiny,Rowe,,,,8463.0,6490.0,3450.0,2089.0,862.0,2392.0,2186.0,219.0,885.0,1573.7619047619048,8170.031746031746,16568.11111111111
2013,Tiny,Savoy,,,,5023.0,3905.0,1359.0,2106.0,944.0,1827.0,1160.0,149.0,432.0,6606.302631578948,4112.973684210527,977.0019710538096
2013,Tiny,Shutesbury,,,,5509.0,2564.0,1283.0,2179.0,1251.0,1227.0,877.0,345.0,704.0,4090.730490965035,4872.636363636365,5970.870907636363
2013,Tiny,Sunderland,,,,4466.0,1309.0,1397.0,3071.0,1251.0,908.0,763.0,432.0,423.0,5409.5,7608.162337662337,2207.2673369260965
2013,Tiny,Westhampton,,,,4994.0,1959.0,999.0,1224.0,798.0,1030.0,449.0,311.0,429.0,3443.230769230769,6683.6,4263.140009166828
2013,Tiny,Whately,,,,4604.0,2648.0,1516.0,2806.0,1235.0,966.0,742.0,452.0,480.0,2531.768421052632,6772.1894736842105,11184.851746009548
2013,Tiny,Williamsburg,,,,6442.0,2198.0,1145.0,1152.0,1043.0,806.0,485.0,217.0,428.0,2428.4303844748606,7098.122905027933,3688.451364551577
2013,Small,Deerfield,,,,4529.0,1617.0,1277.0,2211.0,804.0,689.0,871.0,309.0,549.0,2706.475324675325,7101.189610389611,2388.734355347088
2013,Small,Frontier,,,,6058.0,2973.0,1637.0,1353.0,1385.0,1008.0,544.0,720.0,797.0,4388.536977491962,7465.196141479099,3490.032154340836
2013,Small,Hadley,,,,4615.0,1478.0,1388.0,587.0,957.0,702.0,691.0,180.0,579.0,1247.1686205084095,8190.192660550459,1500.2365593244035
2013,Small,Hampshire,,,,5498.0,2611.0,1802.0,840.0,936.0,957.0,482.0,563.0,822.0,3997.571245186136,5800.97432605905,3034.627727856226
2013,Small,Hatfield,,,,5003.0,1418.0,1430.0,1531.0,1303.0,776.0,943.0,335.0,429.0,2138.359331476323,8561.122562674094,2784.898715678109
2013,Small,Lee,,,,5741.0,3272.0,1467.0,1580.0,1250.0,829.0,677.0,517.0,595.0,2696.74376731302,7753.890581717452,3912.8905817174514
2013,Small,Lenox,,,,6786.0,2928.0,1261.0,1189.0,1411.0,860.0,647.0,464.0,905.0,1861.6022544283412,9082.806763285023,6670.9194847020935
2013,Small,Mount Greylock,,,,6575.0,3703.0,1930.0,1262.0,1840.0,1086.0,515.0,728.0,902.0,,,
2013,Small,Orange,,,,4370.0,2659.0,1527.0,881.0,1136.0,827.0,599.0,350.0,315.0,8268.13344051447,3315.525080385852,-286.93705114683473
2013,Small,Ralph C Mahar,,,,4884.0,2057.0,2095.0,493.0,1392.0,959.0,633.0,493.0,548.0,,,
2013,Small,Southampton,,,,4621.0,1305.0,715.0,857.0,571.0,622.0,395.0,219.0,401.0,5124.058700209644,5357.067085953879,342.6814518533842
2013,Small,Southern Berkshire,,,,6111.0,4296.0,2151.0,2063.0,1465.0,1199.0,705.0,498.0,622.0,,,
2013,Medium,Amherst,,,,6804.0,3941.0,1084.0,2621.0,1399.0,1153.0,787.0,469.0,1098.0,4621.275019700552,6745.939322301025,6097.283184621574
2013,Medium,Amherst-Pelham,,,,6533.0,3526.0,1639.0,1588.0,1481.0,1390.0,987.0,652.0,459.0,5735.0726708074535,7055.811180124224,3735.101863354037
2013,Medium,Athol-Royalston,,,,4739.0,3081.0,1702.0,1165.0,942.0,1166.0,501.0,458.0,332.0,9431.981184283342,1265.441615938019,462.4377421140011
2013,Medium,Berkshire Hills,,,,5781.0,3358.0,1964.0,1022.0,1278.0,1364.0,820.0,452.0,329.0,,,
2013,Medium,Easthampton,,,,4719.0,1816.0,1044.0,823.0,943.0,698.0,538.0,515.0,269.0,4214.667402095974,5803.228902371759,340.9757049333528
2013,Medium,Gateway,,,,4717.0,2412.0,2116.0,1404.0,1234.0,1179.0,750.0,514.0,346.0,4950.285587975243,5326.303271441203,839.7577365163572
2013,Medium,Gill-Montague,,,,4864.0,3265.0,1671.0,1392.0,1463.0,1118.0,626.0,542.0,1107.0,5664.815268614515,5120.114985862394,3517.670122525919
2013,Medium,Granby,,,,4928.0,1313.0,1549.0,906.0,785.0,649.0,544.0,829.0,209.0,4764.888653234359,4902.685047720042,619.1928262789205
2013,Medium,Hoosac Valley Regional,,,,4824.0,3030.0,1460.0,1128.0,885.0,727.0,545.0,362.0,520.0,,,
2013,Medium,Mohawk Trail,,,,5375.0,3195.0,2075.0,1638.0,1637.0,1341.0,545.0,440.0,516.0,,,
2013,Medium,Monson,,,,4198.0,1624.0,1471.0,1352.0,802.0,976.0,439.0,534.0,418.0,5603.103448275862,4053.804597701149,238.5874032373087
2013,Medium,North Adams,,,,5275.0,3081.0,1380.0,1238.0,1190.0,1555.0,602.0,336.0,481.0,,,
2013,Medium,Palmer,,,,5025.0,2494.0,1323.0,821.0,781.0,677.0,358.0,325.0,419.0,6392.19806763285,4164.818689613527,-540.9286578367689
2013,Medium,Pioneer Valley,,,,6118.0,2785.0,2289.0,1569.0,1282.0,995.0,435.0,376.0,1118.0,,,
2013,Medium,Ware,,,,4394.0,2322.0,1651.0,1208.0,1001.0,1094.0,468.0,405.0,166.0,5989.927060539752,4641.619412012652,-476.7463067712658
2013,Large,Agawam,,,,4708.0,2100.0,1156.0,1163.0,922.0,633.0,485.0,443.0,663.0,4417.501266274613,5196.531823599523,1895.2976987421812
2013,Large,Belchertown,,,,4135.0,1661.0,1245.0,953.0,982.0,830.0,429.0,369.0,470.0,5142.526376588371,4031.3530997304574,536.1805085410731
2013,Large,Central Berkshire,,,,5078.0,2892.0,1612.0,1232.0,1279.0,925.0,544.0,481.0,577.0,,,
2013,Large,Chicopee,,,,5129.0,1937.0,1439.0,1055.0,1064.0,1084.0,524.0,237.0,566.0,7228.536258064516,3533.197677419355,201.0911046992598
2013,Large,East Longmeadow,,,,5308.0,1538.0,984.0,1258.0,804.0,615.0,486.0,440.0,452.0,,,
2013,Large,Greenfield,,,,4290.0,2455.0,1136.0,1001.0,1164.0,1119.0,553.0,114.0,961.0,5280.484518734383,4758.796473551637,2171.481074143764
2013,Large,Hampden-Wilbraham,,,,4868.0,1791.0,1401.0,1061.0,964.0,726.0,474.0,485.0,402.0,3315.0808021232674,5869.946918313182,1231.2102624594515
2013,Large,Holyoke,,,,5845.0,2230.0,1832.0,1680.0,1242.0,1129.0,601.0,448.0,1212.0,10324.92611862643,1398.5003344730192,84.74855163265022
2013,Large,Longmeadow,,,,5301.0,1520.0,805.0,1167.0,1109.0,805.0,546.0,486.0,610.0,1460.4168683028,7573.8893881783615,3034.729267908845
2013,Large,Ludlow,,,,4346.0,2416.0,1270.0,954.0,809.0,746.0,474.0,419.0,515.0,4627.522942206655,4989.105429071804,1313.846105832601
2013,Large,Northampton,,,,4322.0,2249.0,849.0,1344.0,972.0,767.0,492.0,474.0,585.0,2505.080691642652,7494.198847262248,1059.42743583975
2013,Large,Pittsfield,,,,4998.0,2679.0,990.0,1140.0,1070.0,743.0,279.0,388.0,851.0,6126.928739340531,4483.891539081386,1000.0028622378334
2013,Large,South Hadley,,,,5251.0,2025.0,1253.0,1190.0,1043.0,705.0,546.0,386.0,1042.0,,,
2013,Large,Southwick-Tolland-Granville Regional School District,,,,4908.0,1291.0,1270.0,857.0,747.0,894.0,345.0,507.0,440.0,,,
2013,Large,West Springfield,,,,4658.0,1587.0,1402.0,1158.0,820.0,709.0,296.0,567.0,565.0,,,
2013,Large,Westfield,,,,5132.0,2538.0,1220.0,1075.0,811.0,792.0,242.0,499.0,470.0,5599.026439057304,4383.07447712974,1067.020949573773
2013,Springfield,Springfield,,,,4848.0,2437.0,1783.0,1051.0,1132.0,1257.0,550.0,400.0,1424.0,10226.8847626203,1328.8934413456716,-144.37496999826615
2014,Tiny,Chesterfield-Goshen,,,,5549.0,1651.0,1389.0,864.0,1474.0,931.0,761.0,216.0,739.0,4661.7307692307695,5110.102564102564,3357.8205128205127
2014,Tiny,Clarksburg,,,,4957.0,2602.0,1489.0,1848.0,885.0,909.0,643.0,281.0,461.0,8440.66985645933,2759.7416267942585,578.6980840530821
2014,Tiny,Conway,,,,4647.0,1741.0,1405.0,2573.0,1224.0,898.0,516.0,573.0,728.0,4018.026666666666,7115.926666666666,2132.0822280678726
2014,Tiny,Erving,,,,6921.0,4876.0,1659.0,4068.0,2004.0,1468.0,1306.0,472.0,570.0,1605.5471698113208,7937.041509433962,6617.92167713161
2014,Tiny,Farmington River Reg,,,,5501.0,6115.0,4104.0,3344.0,1965.0,1784.0,1474.0,528.0,1869.0,,,
2014,Tiny,Florida,,,,5103.0,4869.0,1978.0,1405.0,1329.0,1535.0,804.0,104.0,613.0,6147.609195402299,4771.505747126437,5646.559348117512
2014,Tiny,Hancock,,,,7263.0,460.0,1069.0,1616.0,989.0,1598.0,500.0,376.0,402.0,1949.158415841584,8122.316831683168,1402.0756147685668
2014,Tiny,Hawlemont,,,,5179.0,2978.0,1625.0,2019.0,2319.0,1622.0,1020.0,248.0,381.0,6222.724489795918,5509.010204081633,2917.1428571428573
2014,Tiny,Leverett,,,,7547.0,3245.0,1980.0,2352.0,2421.0,1393.0,1029.0,412.0,556.0,2328.101694915254,7923.491525423728,7671.33408072508
2014,Tiny,New Salem-Wendell,,,,5573.0,2760.0,972.0,2452.0,1482.0,1816.0,940.0,421.0,746.0,,,
2014,Tiny,Pelham,,,,6090.0,3283.0,951.0,2063.0,947.0,1252.0,796.0,664.0,639.0,3291.134328358209,8454.880597014926,10168.08370861392
2014,Tiny,Petersham,,,,5575.0,2874.0,1733.0,1278.0,1732.0,1508.0,567.0,720.0,434.0,7048.05,7314.083333333333,7054.1
2014,Tiny,Richmond,,,,7151.0,3180.0,1262.0,1089.0,1771.0,976.0,473.0,658.0,600.0,2364.715277777778,9313.458333333334,9485.187757096994
2014,Tiny,Rowe,,,,8437.0,6272.0,3976.0,1611.0,683.0,2506.0,2161.0,207.0,479.0,1574.171875,8244.953125,13463.637421780066
2014,Tiny,Savoy,,,,6495.0,5560.0,1601.0,3179.0,1150.0,1274.0,1415.0,158.0,91.0,7749.292307692308,4487.307692307692,2737.3090838197404
2014,Tiny,Shutesbury,,,,6012.0,2484.0,1074.0,2591.0,1338.0,1003.0,726.0,344.0,515.0,4456.624698545455,4981.969696969698,7163.602574181817
2014,Tiny,Sunderland,,,,5394.0,1117.0,879.0,2326.0,1268.0,777.0,507.0,352.0,663.0,5365.147435897436,8213.044871794871,1525.8001824984065
2014,Tiny,Westhampton,,,,4995.0,2192.0,1064.0,1383.0,1467.0,1087.0,535.0,316.0,807.0,3441.946564885496,7033.374045801526,4761.103893462479
2014,Tiny,Whately,,,,4440.0,2335.0,1140.0,3051.0,1550.0,1164.0,646.0,619.0,576.0,2271.9274085091743,6983.385321100917,8605.107846387526
2014,Tiny,Williamsburg,,,,6925.0,2644.0,1221.0,1266.0,973.0,955.0,503.0,257.0,697.0,2588.4271324187816,6865.401015228426,2546.6080581975066
2014,Small,Deerfield,,,,5034.0,1812.0,772.0,2682.0,921.0,675.0,606.0,331.0,539.0,3054.0494186046512,7884.677325581395,3213.3915705926024
2014,Small,Frontier,,,,5624.0,2944.0,1698.0,1578.0,1433.0,1052.0,573.0,824.0,934.0,4772.252173913043,8258.104347826087,4250.255652173913
2014,Small,Hadley,,,,4794.0,1589.0,1264.0,761.0,1101.0,1113.0,662.0,224.0,453.0,1362.006184476587,8680.681114551084,1171.5532241508872
2014,Small,Hampshire,,,,5690.0,2535.0,1850.0,878.0,1136.0,1148.0,426.0,576.0,726.0,4095.7294117647057,6042.900653594771,3508.142483660131
2014,Small,Hatfield,,,,4996.0,1287.0,1345.0,1082.0,1346.0,770.0,899.0,398.0,394.0,2116.7465940054494,8681.316076294277,2785.493418149054
2014,Small,Lee,,,,6178.0,3391.0,1506.0,1614.0,1346.0,1042.0,653.0,519.0,516.0,2871.562865497076,8404.051169590643,4436.349606381773
2014,Small,Lenox,,,,7252.0,2970.0,1374.0,1239.0,1398.0,862.0,733.0,467.0,899.0,2001.162393162393,9434.353846153846,7557.090598290598
2014,Small,Mount Greylock,,,,6880.0,3733.0,2006.0,1177.0,1725.0,836.0,519.0,650.0,921.0,,,
2014,Small,Orange,,,,4232.0,2493.0,1447.0,966.0,1091.0,864.0,690.0,401.0,527.0,8360.136142625608,3200.606158833063,-103.80776831685344
2014,Small,Ralph C Mahar,,,,4653.0,2270.0,2133.0,538.0,1380.0,784.0,824.0,522.0,521.0,,,
2014,Small,Southampton,,,,4478.0,1204.0,756.0,903.0,603.0,634.0,388.0,232.0,466.0,5074.9504132231405,5550.382231404959,168.22353237859852
2014,Small,Southern Berkshire,,,,6517.0,4329.0,2426.0,1790.0,1616.0,1227.0,677.0,536.0,542.0,,,
2014,Medium,Amherst,,,,6627.0,4189.0,1223.0,2610.0,1451.0,1275.0,809.0,538.0,1098.0,4804.460472697637,7157.3365933170335,6496.46503727782
2014,Medium,Amherst-Pelham,,,,6765.0,3954.0,1764.0,1739.0,1585.0,1545.0,907.0,733.0,424.0,5865.270082226439,7379.941808981657,3837.705249841872
2014,Medium,Athol-Royalston,,,,4824.0,2849.0,1724.0,1292.0,1000.0,1034.0,507.0,482.0,255.0,9899.617612977983,1371.8783314020857,217.43684820393972
2014,Medium,Berkshire Hills,,,,5926.0,3286.0,1887.0,1006.0,1270.0,1493.0,820.0,450.0,320.0,,,
2014,Medium,Easthampton,,,,4605.0,2238.0,801.0,796.0,1080.0,739.0,592.0,355.0,401.0,4184.603701687534,5964.525857376157,426.5931982297104
2014,Medium,Gateway,,,,4855.0,2612.0,2187.0,1432.0,1344.0,1115.0,736.0,539.0,386.0,5189.919741697417,5637.64298892989,1310.8459409594095
2014,Medium,Gill-Montague,,,,5138.0,3681.0,1878.0,1632.0,1607.0,1436.0,477.0,649.0,723.0,5464.247963800905,5106.420814479638,2995.433484162896
2014,Medium,Granby,,,,4810.0,1370.0,1423.0,979.0,910.0,701.0,588.0,661.0,270.0,4924.989094874592,5155.641221374046,800.918502056896
2014,Medium,Greenfield,,,,5371.0,3001.0,1424.0,1311.0,1359.0,984.0,656.0,125.0,662.0,5817.741276050829,4793.953681131156,1393.303921677372
2014,Medium,Hoosac Valley Regional,,,,4875.0,3052.0,1495.0,1059.0,959.0,718.0,487.0,395.0,355.0,,,
2014,Medium,Mohawk Trail,,,,5532.0,3479.0,2071.0,1686.0,1853.0,1437.0,607.0,413.0,574.0,,,
2014,Medium,Monson,,,,4140.0,1813.0,1525.0,1603.0,928.0,951.0,466.0,572.0,545.0,5984.290953545233,4399.107579462103,418.6564482096446
2014,Medium,North Adams,,,,5460.0,3213.0,1352.0,1411.0,1252.0,1488.0,539.0,353.0,366.0,,,
2014,Medium,Palmer,,,,5239.0,2585.0,1291.0,836.0,753.0,736.0,409.0,386.0,528.0,6535.135301353013,4700.710947109471,-590.3833034122534
2014,Medium,Pioneer Valley,,,,5981.0,3033.0,2392.0,1437.0,1290.0,1026.0,440.0,305.0,381.0,,,
2014,Medium,Southwick-Tolland-Granville Regional School District,,,,4963.0,1528.0,1488.0,871.0,786.0,978.0,342.0,544.0,518.0,,,
2014,Medium,Ware,,,,4326.0,2462.0,1515.0,1256.0,996.0,923.0,452.0,387.0,347.0,6182.694226657163,4392.207545675984,-267.62961407334507
2014,Large,Agawam,,,,4939.0,2140.0,1125.0,1275.0,952.0,832.0,499.0,488.0,500.0,4559.234845124052,5460.515292390506,2217.6014987674657
2014,Large,Belchertown,,,,4320.0,1799.0,1210.0,1011.0,1106.0,884.0,480.0,410.0,376.0,5225.60007788162,4217.080218068536,746.0572156382557
2014,Large,Central Berkshire,,,,5399.0,3039.0,1774.0,1261.0,1186.0,945.0,538.0,523.0,794.0,,,
2014,Large,Chicopee,,,,5114.0,2079.0,1567.0,1111.0,1048.0,1066.0,560.0,261.0,555.0,7379.233515057113,3689.001817237799,331.78693791928
2014,Large,East Longmeadow,,,,5248.0,1685.0,1075.0,1397.0,770.0,676.0,546.0,447.0,569.0,,,
2014,Large,Hampden-Wilbraham,,,,4854.0,1988.0,1503.0,1051.0,1099.0,766.0,419.0,537.0,433.0,3430.464707664344,6184.793395940624,1346.6691911541957
2014,Large,Holyoke,,,,6015.0,2364.0,2057.0,1635.0,1305.0,1317.0,603.0,513.0,1072.0,10496.246494798734,1426.6641037238053,196.025374775819
2014,Large,Longmeadow,,,,5393.0,1595.0,866.0,1226.0,1067.0,778.0,572.0,487.0,813.0,1534.4626652375848,7953.939264022865,3058.8135983518387
2014,Large,Ludlow,,,,4623.0,2626.0,1288.0,1138.0,868.0,802.0,462.0,416.0,479.0,4668.788400702988,5189.701933216169,1489.8519828699543
2014,Large,Northampton,,,,4454.0,2572.0,1101.0,1268.0,966.0,753.0,529.0,442.0,589.0,2532.7908402452217,7798.113234763794,1408.452801648987
2014,Large,Pittsfield,,,,5200.0,3076.0,1019.0,1286.0,1140.0,739.0,317.0,423.0,813.0,6228.667981517002,4558.938966391884,1211.363885529878
2014,Large,South Hadley,,,,5083.0,2022.0,1200.0,1120.0,1085.0,717.0,602.0,399.0,1212.0,,,
2014,Large,West Springfield,,,,4718.0,1834.0,1444.0,1184.0,816.0,709.0,318.0,607.0,476.0,,,
2014,Large,Westfield,,,,5048.0,2703.0,1314.0,1088.0,899.0,895.0,250.0,446.0,469.0,5716.94027451962,4635.657389801209,1303.196239018131
2014,Springfield,Springfield,,,,4823.0,2496.0,1852.0,1086.0,997.0,1245.0,677.0,405.0,1734.0,10403.488570021806,1378.9451285932876,4.550710654823876e-05
2015,Tiny,Chesterfield-Goshen,,,,6138.0,1819.0,1804.0,926.0,1447.0,979.0,705.0,228.0,561.0,5006.027397260274,5363.842465753424,3860.123287671233
2015,Tiny,Clarksburg,,,,5459.0,3043.0,1547.0,1826.0,906.0,1025.0,623.0,264.0,386.0,8845.5,2973.54,862.92
2015,Tiny,Conway,,,,4927.0,2286.0,1461.0,2886.0,1302.0,1123.0,505.0,495.0,901.0,4125.027210884354,7245.687074829932,2817.714285714286
2015,Tiny,Erving,,,,8494.0,4592.0,1878.0,3943.0,1961.0,1443.0,1104.0,510.0,834.0,1680.5252918287938,7979.906614785992,7706.241245136187
2015,Tiny,Farmington River Reg,,,,5953.0,6990.0,4162.0,2929.0,2265.0,2086.0,1490.0,564.0,1307.0,,,
2015,Tiny,Florida,,,,6008.0,4139.0,2140.0,2127.0,1367.0,1612.0,849.0,155.0,366.0,6034.460674157303,5174.471910112359,5667.0224719101125
2015,Tiny,Hancock,,,,7612.0,519.0,1485.0,1661.0,878.0,2758.0,581.0,371.0,822.0,2212.3888888888887,8062.355555555556,743.7555555555556
2015,Tiny,Hawlemont,,,,5318.0,3011.0,1654.0,2217.0,1804.0,2101.0,799.0,265.0,314.0,6444.231578947369,5593.063157894737,3364.0421052631577
2015,Tiny,Leverett,,,,6868.0,3041.0,1781.0,2274.0,2272.0,1357.0,809.0,292.0,563.0,2772.16,8408.84,9738.89
2015,Tiny,New Salem-Wendell,,,,4379.0,2610.0,887.0,2879.0,1292.0,1672.0,818.0,434.0,472.0,,,
2015,Tiny,Pelham,,,,6540.0,3376.0,1000.0,2218.0,1080.0,1288.0,806.0,696.0,780.0,3175.0857142857144,8859.614285714286,9427.157142857142
2015,Tiny,Petersham,,,,5670.0,2888.0,1697.0,1172.0,1740.0,1356.0,214.0,746.0,416.0,7444.0,7966.771929824561,7648.070175438596
2015,Tiny,Richmond,,,,9760.0,3010.0,1639.0,1365.0,1524.0,1540.0,546.0,625.0,588.0,2357.321917808219,8516.465753424658,10677.684931506848
2015,Tiny,Rowe,,,,7946.0,4167.0,2591.0,1784.0,1319.0,2288.0,1237.0,254.0,847.0,1640.6666666666667,8347.063492063493,16298.380952380952
2015,Tiny,Savoy,,,,5569.0,7349.0,1622.0,2818.0,1093.0,1913.0,1159.0,263.0,446.0,7774.292307692308,4594.261538461538,4288.123076923077
2015,Tiny,Shutesbury,,,,5620.0,2328.0,1073.0,2164.0,1384.0,1192.0,884.0,354.0,636.0,4209.861419914894,4888.425531914894,7170.599572992906
2015,Tiny,Westhampton,,,,5096.0,2250.0,1174.0,1367.0,1041.0,1161.0,459.0,317.0,756.0,3292.355072463768,6932.775362318841,4619.862154549104
2015,Tiny,Whately,,,,4693.0,2810.0,1310.0,3063.0,1761.0,1487.0,564.0,793.0,623.0,2526.415025530303,7815.666666666667,9760.665782550504
2015,Tiny,Williamsburg,,,,6822.0,1925.0,1284.0,948.0,1270.0,981.0,495.0,243.0,461.0,2737.3411972686167,7413.005319148936,3264.246658133843
2015,Small,Deerfield,,,,5270.0,1668.0,817.0,2370.0,933.0,840.0,522.0,298.0,859.0,3026.694285714286,7800.717142857143,3008.2951484370524
2015,Small,Frontier,,,,5640.0,3048.0,1764.0,1566.0,1744.0,966.0,618.0,814.0,813.0,4788.967013888889,8247.029513888889,4903.201388888889
2015,Small,Hadley,,,,4887.0,1703.0,1443.0,995.0,914.0,882.0,734.0,279.0,403.0,1496.417855138557,8535.647527910685,1686.047104973193
2015,Small,Hampshire,,,,6154.0,2850.0,2209.0,932.0,1200.0,1136.0,470.0,626.0,811.0,4202.644,6252.458666666666,3592.729333333333
2015,Small,Hatfield,,,,5280.0,1219.0,1386.0,1129.0,1820.0,777.0,779.0,500.0,219.0,2096.5893333333333,8254.349333333334,2978.291172213336
2015,Small,Lee,,,,6477.0,3736.0,1568.0,1790.0,1453.0,1034.0,686.0,549.0,517.0,2996.481089258699,8720.82602118003,4663.497496558058
2015,Small,Lenox,,,,7639.0,3284.0,1309.0,1295.0,1534.0,1046.0,716.0,479.0,971.0,2053.908145580589,8735.97227036395,9290.951669687773
2015,Small,Mount Greylock,,,,7123.0,3946.0,1904.0,969.0,1787.0,887.0,566.0,626.0,650.0,,,
2015,Small,Orange,,,,4250.0,2364.0,1544.0,1146.0,909.0,922.0,549.0,561.0,590.0,8331.286634460548,3024.24217882689,-40.29141470600796
2015,Small,Southampton,,,,4370.0,1247.0,855.0,941.0,610.0,663.0,418.0,217.0,308.0,4977.169354838709,5726.542338709677,-52.29698634491445
2015,Small,Southern Berkshire,,,,7360.0,4556.0,2559.0,2096.0,1599.0,1246.0,704.0,516.0,516.0,,,
2015,Small,Sunderland,,,,5187.0,821.0,1348.0,3090.0,1222.0,889.0,577.0,394.0,721.0,4862.936416184971,7780.757225433526,663.4782816919773
2015,Medium,Amherst,,,,6841.0,4201.0,1257.0,2840.0,1577.0,1175.0,919.0,545.0,1265.0,4917.176763485477,7309.774273858921,7158.729996591868
2015,Medium,Amherst-Pelham,,,,6704.0,4086.0,1975.0,1770.0,1473.0,1429.0,953.0,778.0,599.0,6089.742969260955,7511.051667756704,4343.611510791367
2015,Medium,Athol-Royalston,,,,4705.0,3019.0,1792.0,1410.0,1103.0,1145.0,540.0,507.0,326.0,9964.930191972076,1454.8801628853985,260.4194299011053
2015,Medium,Berkshire Hills,,,,6004.0,3674.0,1847.0,1116.0,1413.0,1679.0,864.0,548.0,308.0,,,
2015,Medium,Easthampton,,,,5075.0,2278.0,728.0,774.0,1096.0,764.0,632.0,436.0,389.0,4338.758136924804,6366.076879910213,314.68986372359507
2015,Medium,Gateway,,,,5281.0,2741.0,2229.0,1450.0,1340.0,1156.0,777.0,537.0,358.0,5302.554409005628,5742.1904315197,1381.3480300187616
2015,Medium,Gill-Montague,,,,5542.0,3913.0,1950.0,1560.0,1544.0,1362.0,577.0,682.0,589.0,5524.083788706739,5305.687613843352,3574.650273224044
2015,Medium,Granby,,,,4429.0,1465.0,1056.0,1136.0,725.0,739.0,647.0,739.0,361.0,5325.721830985915,5511.735915492958,334.5958231155883
2015,Medium,Hoosac Valley Regional,,,,4799.0,3125.0,1441.0,1122.0,943.0,757.0,456.0,226.0,374.0,,,
2015,Medium,Mohawk Trail,,,,5499.0,3510.0,2375.0,1803.0,1737.0,1512.0,606.0,412.0,523.0,,,
2015,Medium,Monson,,,,4504.0,1950.0,1579.0,1595.0,1007.0,1198.0,499.0,583.0,600.0,6290.123720136518,4706.705631399317,190.14505119453923
2015,Medium,North Adams,,,,5393.0,3231.0,1576.0,1513.0,1109.0,1431.0,564.0,364.0,318.0,,,
2015,Medium,Palmer,,,,5376.0,2721.0,1360.0,816.0,907.0,791.0,443.0,380.0,346.0,6956.591650358773,5074.630789302022,-407.228962818004
2015,Medium,Pioneer Valley,,,,5398.0,3467.0,1962.0,1044.0,1390.0,743.0,1017.0,180.0,276.0,,,
2015,Medium,Ralph C Mahar,,,,4716.0,2186.0,2250.0,552.0,1356.0,1101.0,554.0,564.0,397.0,,,
2015,Medium,Ware,,,,4485.0,2577.0,1899.0,1219.0,1058.0,814.0,603.0,424.0,390.0,6267.373027259684,4268.682459501365,4.760973748772364
2015,Large,Agawam,,,,5135.0,2372.0,1154.0,1460.0,1005.0,846.0,613.0,502.0,458.0,4647.5800572752405,5487.196494692668,2889.013050064673
2015,Large,Belchertown,,,,4514.0,1904.0,1347.0,1089.0,1249.0,846.0,500.0,408.0,405.0,5407.808263136783,4464.04171680706,905.0276998017644
2015,Large,Central Berkshire,,,,5479.0,3314.0,1807.0,1287.0,1392.0,930.0,504.0,532.0,646.0,,,
2015,Large,Chicopee,,,,5378.0,2128.0,1515.0,1113.0,1057.0,1086.0,532.0,269.0,633.0,7380.548794637102,3750.026814490138,323.2483922214976
2015,Large,East Longmeadow,,,,5398.0,1747.0,1123.0,1418.0,749.0,641.0,571.0,478.0,621.0,,,
2015,Large,Greenfield,,,,5333.0,3035.0,1685.0,1365.0,1231.0,1119.0,654.0,161.0,521.0,5803.298962314891,4727.234382566586,1787.697647854601
2015,Large,Hampden-Wilbraham,,,,5006.0,2099.0,1609.0,1083.0,1274.0,787.0,455.0,522.0,404.0,3507.1537515375157,6273.35209102091,1553.4572570725709
2015,Large,Holyoke,,,,5454.0,2245.0,2098.0,1712.0,1280.0,1239.0,595.0,526.0,877.0,10651.007783882784,1479.2535103785103,88.459383532157
2015,Large,Longmeadow,,,,5689.0,1731.0,778.0,1271.0,1142.0,766.0,606.0,539.0,819.0,1582.273749093546,7885.108411892676,3916.273489713058
2015,Large,Ludlow,,,,5049.0,2851.0,1373.0,1225.0,1019.0,891.0,529.0,416.0,502.0,4835.83049619703,5415.177834118073,2035.825568735651
2015,Large,Northampton,,,,4740.0,2550.0,1178.0,1408.0,1200.0,751.0,581.0,438.0,716.0,2528.896256684492,8013.14688057041,1561.0804850775423
2015,Large,Pittsfield,,,,5349.0,3301.0,1160.0,1364.0,1169.0,928.0,328.0,431.0,750.0,6292.417072485126,4626.843037167012,1608.3270838105557
2015,Large,South Hadley,,,,5256.0,2067.0,1294.0,1167.0,1200.0,820.0,611.0,416.0,1078.0,,,
2015,Large,Southwick-Tolland-Granville Regional School District,,,,5443.0,1597.0,1530.0,1009.0,852.0,988.0,404.0,558.0,537.0,,,
2015,Large,West Springfield,,,,4821.0,2066.0,1409.0,1194.0,853.0,706.0,343.0,608.0,441.0,,,
2015,Large,Westfield,,,,5269.0,2641.0,1353.0,1130.0,1030.0,928.0,258.0,451.0,408.0,5842.502108724011,4828.917150395778,1074.6693092358605
2015,Springfield,Springfield,,,,4963.0,2467.0,1985.0,1150.0,1121.0,1208.0,596.0,408.0,1241.0,10488.14185359068,1254.2830116501475,1.721965400357181
2016,Tiny,Chesterfield-Goshen,,,,6500.0,2041.0,1815.0,1281.0,1402.0,964.0,700.0,459.0,485.0,5399.117647058823,5852.286764705882,4695.095588235294
2016,Tiny,Clarksburg,,,,5876.0,2740.0,1516.0,2040.0,688.0,1053.0,606.0,249.0,593.0,9853.333333333334,3254.911111111111,1512.2174683181647
2016,Tiny,Conway,,,,5178.0,2234.0,1617.0,3289.0,1349.0,1836.0,589.0,510.0,1037.0,4206.924137931034,7632.489655172414,2409.718032250078
2016,Tiny,Erving,,,,9410.0,5415.0,1666.0,4942.0,2090.0,1640.0,1004.0,558.0,894.0,1718.7058823529412,7917.760784313726,8480.945098039216
2016,Tiny,Farmington River Reg,,,,6689.0,7806.0,4790.0,3283.0,2439.0,2071.0,1551.0,479.0,1281.0,,,
2016,Tiny,Florida,,,,6277.0,4846.0,1659.0,1883.0,1208.0,1898.0,774.0,198.0,509.0,6343.435294117647,5525.011764705882,7557.327357337605
2016,Tiny,Hancock,,,,8138.0,590.0,2176.0,1935.0,897.0,3083.0,895.0,0.0,507.0,2679.866666666667,8400.213333333333,4489.3196
2016,Tiny,Hawlemont,,,,5411.0,3230.0,1937.0,2610.0,1855.0,1834.0,875.0,279.0,295.0,6607.817204301075,5723.4731182795695,4377.602150537635
2016,Tiny,Leverett,,,,6967.0,2937.0,1397.0,2281.0,1707.0,1344.0,842.0,304.0,529.0,2690.538461538461,8112.192307692308,9977.019347011148
2016,Tiny,New Salem-Wendell,,,,4381.0,2748.0,1084.0,2977.0,1202.0,1543.0,871.0,449.0,454.0,,,
2016,Tiny,Pelham,,,,6418.0,3473.0,1114.0,2541.0,942.0,1322.0,980.0,683.0,652.0,3069.6027397260277,8588.356164383562,10087.368493150683
2016,Tiny,Petersham,,,,5410.0,2139.0,1634.0,1217.0,1502.0,1205.0,268.0,752.0,710.0,7340.6551724137935,8263.327586206897,5223.689655172414
2016,Tiny,Richmond,,,,7749.0,3459.0,2180.0,763.0,1077.0,1009.0,810.0,0.0,296.0,2823.121951219512,9065.21138211382,11635.27
2016,Tiny,Rowe,,,,10680.0,5142.0,3034.0,2161.0,2320.0,3027.0,1544.0,264.0,939.0,1873.7857142857144,7788.071428571428,15810.007796062637
2016,Tiny,Savoy,,,,5499.0,4297.0,1425.0,2252.0,1154.0,2278.0,871.0,174.0,275.0,8175.467741935484,5179.387096774193,2214.9352673327967
2016,Tiny,Shutesbury,,,,6612.0,3107.0,906.0,2817.0,1637.0,1517.0,1084.0,434.0,684.0,4201.13698630137,4954.568493150685,6322.546619502537
2016,Tiny,Westhampton,,,,5742.0,2316.0,1215.0,1121.0,1024.0,1247.0,542.0,260.0,529.0,3341.3868613138684,7041.014598540146,5547.998164863054
2016,Tiny,Whately,,,,4907.0,2001.0,1148.0,3354.0,1807.0,1649.0,583.0,708.0,781.0,2835.281882331461,8378.14606741573,9322.481976661187
2016,Tiny,Williamsburg,,,,6656.0,2029.0,1421.0,931.0,1057.0,1335.0,436.0,373.0,454.0,2806.730513981081,7589.416216216216,4036.9447159928673
2016,Tiny,Worthington,,,,5395.0,1426.0,3382.0,1507.0,244.0,2439.0,649.0,50.0,521.0,1957.1304347826087,8263.878260869566,2049.7707910076147
2016,Small,Deerfield,,,,5830.0,1803.0,867.0,2417.0,930.0,1110.0,539.0,381.0,985.0,3095.559420289855,7991.840579710145,3042.51806450064
2016,Small,Frontier,,,,5484.0,3400.0,1857.0,1557.0,1522.0,964.0,663.0,739.0,859.0,4898.577738515901,8454.09363957597,5452.885159010601
2016,Small,Hadley,,,,5256.0,1758.0,1488.0,828.0,870.0,1068.0,774.0,351.0,515.0,1560.6039200849018,8611.486088379705,2651.788148947609
2016,Small,Hampshire,,,,6534.0,2660.0,2066.0,980.0,1169.0,1109.0,510.0,637.0,1096.0,4319.25476839237,6569.568119891008,3916.261580381472
2016,Small,Hatfield,,,,5605.0,1329.0,1524.0,1302.0,1713.0,864.0,944.0,503.0,407.0,2088.57217847769,8153.475065616798,3175.393337853678
2016,Small,Lee,,,,6498.0,3994.0,1592.0,1849.0,1720.0,921.0,492.0,565.0,518.0,3320.630615640599,9256.349417637271,6024.456085886223
2016,Small,Lenox,,,,7711.0,3568.0,1333.0,1346.0,2027.0,1000.0,811.0,452.0,1035.0,2299.6737044145875,9085.038387715931,12470.026811760426
2016,Small,Mount Greylock,,,,6645.0,4362.0,2004.0,1194.0,1518.0,849.0,540.0,706.0,204.0,,,
2016,Small,Orange,,,,4379.0,2497.0,1632.0,1442.0,601.0,933.0,545.0,525.0,432.0,8289.742811501597,3048.499949732318,44.216726767412496
2016,Small,Southampton,,,,4766.0,1419.0,858.0,993.0,644.0,685.0,484.0,229.0,304.0,5063.114285714286,6123.329194340975,138.1920854267018
2016,Small,Southern Berkshire,,,,6515.0,5214.0,2591.0,2093.0,1640.0,1288.0,848.0,611.0,818.0,,,
2016,Small,Sunderland,,,,4678.0,775.0,1200.0,3072.0,1040.0,940.0,471.0,378.0,1052.0,4832.36,8232.565714285714,-33.61523348158492
2016,Medium,Amherst,,,,7712.0,4295.0,1267.0,2652.0,1530.0,1131.0,944.0,583.0,1242.0,4995.803691275168,7578.545302013423,7611.235382081412
2016,Medium,Amherst-Pelham,,,,6590.0,4103.0,2110.0,1883.0,1577.0,1437.0,926.0,798.0,860.0,6102.8178851174935,7614.05091383812,4345.805483028721
2016,Medium,Athol-Royalston,,,,4709.0,3061.0,1837.0,1516.0,985.0,929.0,571.0,516.0,517.0,10001.537565521256,1565.219569015725,665.743412929529
2016,Medium,Berkshire Hills,,,,6223.0,4194.0,2065.0,1318.0,1399.0,1393.0,937.0,604.0,614.0,,,
2016,Medium,Easthampton,,,,4767.0,2260.0,1186.0,836.0,1096.0,812.0,596.0,464.0,379.0,4383.3241262683205,6647.691093573844,347.48364976865344
2016,Medium,Gateway,,,,5697.0,3168.0,2631.0,1567.0,1370.0,1275.0,886.0,568.0,389.0,5822.498947368421,5859.345263157895,1761.1231578947368
2016,Medium,Gill-Montague,,,,5647.0,4265.0,1983.0,1803.0,1513.0,1644.0,727.0,530.0,677.0,5594.737373737374,5535.683195592286,4023.507125803491
2016,Medium,Granby,,,,5197.0,1552.0,1822.0,1231.0,854.0,810.0,690.0,825.0,324.0,5613.072660098522,5888.786945812808,796.0183057949346
2016,Medium,Hoosac Valley Regional,,,,4920.0,3338.0,1486.0,1074.0,975.0,797.0,611.0,247.0,368.0,,,
2016,Medium,Mohawk Trail,,,,5332.0,3460.0,2348.0,1971.0,1380.0,1490.0,622.0,463.0,460.0,,,
2016,Medium,Monson,,,,4722.0,2167.0,1751.0,1520.0,968.0,1356.0,519.0,599.0,641.0,6751.300182481752,4941.220802919708,327.80565693430657
2016,Medium,North Adams,,,,4861.0,3324.0,1536.0,1356.0,1085.0,2161.0,599.0,377.0,368.0,,,
2016,Medium,Palmer,,,,5419.0,2728.0,1344.0,822.0,1006.0,785.0,442.0,415.0,437.0,7129.900066622252,4956.390406395736,179.71144570286654
2016,Medium,Pioneer Valley,,,,5739.0,3556.0,2556.0,1329.0,1501.0,961.0,979.0,629.0,516.0,,,
2016,Medium,Ralph C Mahar,,,,5138.0,2409.0,2142.0,672.0,1319.0,1025.0,617.0,539.0,402.0,,,
2016,Medium,Southwick-Tolland-Granville Regional School District,,,,5694.0,1846.0,1585.0,1010.0,819.0,1022.0,414.0,588.0,556.0,,,
2016,Medium,Ware,,,,4439.0,2609.0,1882.0,1425.0,946.0,764.0,492.0,360.0,425.0,6451.8530909090905,4005.6792727272727,612.4835868063338
2016,Large,Agawam,,,,5619.0,2536.0,1254.0,1506.0,1070.0,983.0,647.0,505.0,585.0,4716.5890386299525,5663.725641664591,3219.727749753648
2016,Large,Belchertown,,,,4566.0,1942.0,1380.0,1148.0,1158.0,840.0,526.0,452.0,487.0,5640.021241149521,4741.236151603499,1134.2671251466938
2016,Large,Central Berkshire,,,,5459.0,3791.0,1815.0,1196.0,1375.0,1033.0,620.0,502.0,572.0,,,
2016,Large,Chicopee,,,,5847.0,2066.0,1798.0,1134.0,1001.0,1134.0,505.0,254.0,461.0,7579.205934793683,3848.0236882322974,253.8615603883311
2016,Large,East Longmeadow,,,,5616.0,2342.0,1181.0,1421.0,712.0,667.0,649.0,505.0,625.0,,,
2016,Large,Greenfield,,,,5953.0,3224.0,1701.0,1493.0,1393.0,1006.0,799.0,179.0,702.0,5876.470877529418,4823.93017578125,2156.5398646580816
2016,Large,Hampden-Wilbraham,,,,5152.0,2197.0,1582.0,1198.0,1324.0,826.0,527.0,528.0,399.0,3654.937619350732,6657.231699554424,2056.33047422024
2016,Large,Holyoke,,,,5057.0,2271.0,2216.0,1973.0,1483.0,1472.0,544.0,458.0,1036.0,10625.310137068836,1514.6137972586232,-103.03123825908354
2016,Large,Longmeadow,,,,5813.0,1835.0,888.0,1324.0,1187.0,740.0,683.0,533.0,649.0,1577.4407684098185,7756.767698327997,4140.901138052562
2016,Large,Ludlow,,,,5301.0,3026.0,1480.0,1331.0,895.0,928.0,603.0,429.0,633.0,5006.988059701493,5758.912686567164,2512.451675209742
2016,Large,Northampton,,,,4965.0,2260.0,1102.0,1457.0,1324.0,787.0,587.0,504.0,700.0,2588.6263100831225,8256.881821467294,1713.1236944523478
2016,Large,Pittsfield,,,,5682.0,3157.0,1141.0,1429.0,1164.0,686.0,339.0,473.0,710.0,6430.699935400517,4697.386627906977,1626.3621698357936
2016,Large,South Hadley,,,,5318.0,2192.0,1322.0,1260.0,1314.0,780.0,564.0,418.0,1055.0,,,
2016,Large,West Springfield,,,,5005.0,2047.0,1540.0,1313.0,881.0,750.0,338.0,606.0,603.0,,,
2016,Large,Westfield,,,,5529.0,2847.0,1295.0,1120.0,903.0,924.0,266.0,434.0,605.0,5983.849029080732,4946.669716541083,1354.0760224525368
2016,Springfield,Springfield,,,,5196.0,2566.0,2078.0,1135.0,1027.0,1282.0,580.0,389.0,1376.0,10672.630100103555,1256.6771487745943,2.0525955899423427
2017,Tiny,Chesterfield-Goshen,,,,8001.0,2323.0,1754.0,1412.0,1267.0,1035.0,776.0,490.0,277.0,5976.612903225807,6192.129032258064,4996.5161290322585
2017,Tiny,Clarksburg,,,,5615.0,3094.0,1264.0,1773.0,717.0,1001.0,608.0,270.0,609.0,10189.857142857143,3500.9142857142856,1514.0342857142855
2017,Tiny,Conway,,,,5637.0,2859.0,1507.0,3865.0,1383.0,1945.0,560.0,534.0,1036.0,4607.268656716418,7628.104477611941,4648.178667877481
2017,Tiny,Erving,,,,9088.0,6317.0,2553.0,4674.0,2247.0,1650.0,1386.0,536.0,890.0,1919.9787234042556,8018.263829787234,11235.15671169782
2017,Tiny,Farmington River Reg,,,,5953.0,7948.0,4646.0,2797.0,2048.0,2319.0,1477.0,593.0,1346.0,,,
2017,Tiny,Florida,,,,6852.0,4907.0,1826.0,1950.0,1584.0,1694.0,794.0,177.0,800.0,6113.337078651685,5479.044943820225,6876.3707865168535
2017,Tiny,Hancock,,,,11071.0,400.0,2474.0,2113.0,855.0,2651.0,890.0,0.0,381.0,2771.0810810810813,8170.2972972972975,5214.225945945946
2017,Tiny,Hawlemont,,,,5226.0,2644.0,1662.0,1798.0,1417.0,1432.0,731.0,266.0,337.0,6959.797752808989,6030.0224719101125,5081.490449438204
2017,Tiny,Leverett,,,,6814.0,2943.0,1759.0,2193.0,1209.0,1431.0,1244.0,323.0,596.0,2825.4554455445545,8292.009900990099,10136.683994835805
2017,Tiny,New Salem-Wendell,,,,4284.0,2814.0,1150.0,2936.0,1223.0,1092.0,878.0,425.0,836.0,,,
2017,Tiny,Pelham,,,,5904.0,3863.0,1092.0,2850.0,987.0,1278.0,739.0,682.0,569.0,3083.1216216216217,8230.72972972973,11602.077361107244
2017,Tiny,Petersham,,,,4924.0,2235.0,1704.0,1577.0,1383.0,1192.0,326.0,840.0,445.0,6813.063492063492,8132.730158730159,5894.31746031746
2017,Tiny,Richmond,,,,8287.0,10583.0,2337.0,902.0,1372.0,1249.0,687.0,0.0,273.0,2973.016806722689,8535.151260504203,19576.86798319328
2017,Tiny,Rowe,,,,10255.0,4667.0,3016.0,1682.0,2031.0,2458.0,1454.0,217.0,1058.0,2042.3484848484848,8107.393939393939,18218.79059882364
2017,Tiny,Savoy,,,,4578.0,4148.0,1286.0,2144.0,1063.0,1888.0,809.0,247.0,291.0,7734.984848484848,4761.80303030303,1770.1689193558573
2017,Tiny,Shutesbury,,,,7043.0,3773.0,1847.0,3301.0,1791.0,1604.0,1040.0,318.0,1510.0,5253.016949152542,5288.381355932203,9036.805369764264
2017,Tiny,Westhampton,,,,6147.0,2479.0,1374.0,1185.0,1052.0,1273.0,575.0,273.0,710.0,3324.785714285714,6916.642857142857,5796.628571428571
2017,Tiny,Whately,,,,5011.0,2421.0,1191.0,3138.0,1680.0,1614.0,504.0,596.0,888.0,3132.3181405792684,8708.231707317073,12080.61223088175
2017,Tiny,Williamsburg,,,,7331.0,2349.0,1400.0,1027.0,1267.0,1316.0,456.0,419.0,367.0,3005.2565061732957,7362.375,5170.178954599295
2017,Tiny,Worthington,,,,6661.0,2147.0,2763.0,2709.0,1594.0,2030.0,2270.0,196.0,502.0,1943.3688524590164,7942.868852459016,4400.557681941122
2017,Small,Deerfield,,,,5704.0,1794.0,892.0,2599.0,927.0,1090.0,489.0,288.0,817.0,3382.003115264797,7789.688473520249,4430.4571624908285
2017,Small,Frontier,,,,5462.0,3398.0,1737.0,1522.0,1508.0,999.0,714.0,793.0,898.0,4802.594178082192,8308.667808219177,5409.813356164384
2017,Small,Granby,,,,5584.0,1763.0,1663.0,1332.0,818.0,801.0,892.0,841.0,399.0,5920.913770913771,6069.844272844273,898.1436679536666
2017,Small,Hadley,,,,5943.0,1932.0,1859.0,1069.0,1005.0,1131.0,861.0,271.0,509.0,1679.410553955494,8327.666098807496,3595.2195427791203
2017,Small,Hampshire,,,,6788.0,3196.0,1988.0,1008.0,1014.0,1045.0,581.0,680.0,990.0,4433.912983425415,6727.860497237569,3914.208563535912
2017,Small,Hatfield,,,,5537.0,1528.0,1588.0,1228.0,1141.0,988.0,870.0,516.0,558.0,2328.56,8101.465714285714,4558.213210309635
2017,Small,Lee,,,,6684.0,3989.0,1559.0,2096.0,1424.0,931.0,406.0,599.0,571.0,3315.9460784313724,8865.825163398693,6387.561503267975
2017,Small,Lenox,,,,7741.0,4135.0,1330.0,1253.0,1786.0,987.0,879.0,464.0,1042.0,2345.879541108987,8428.621414913958,14002.907208413004
2017,Small,Mount Greylock,,,,7186.0,4310.0,2015.0,1146.0,1680.0,813.0,519.0,714.0,1931.0,,,
2017,Small,Orange,,,,4778.0,2496.0,1659.0,1664.0,636.0,855.0,536.0,556.0,252.0,8762.011744966443,3117.498322147651,419.49207590276455
2017,Small,Ralph C Mahar,,,,5196.0,2960.0,2450.0,853.0,1396.0,970.0,691.0,770.0,352.0,,,
2017,Small,Southampton,,,,5031.0,1741.0,810.0,942.0,743.0,677.0,495.0,236.0,236.0,5097.532520325203,6256.418699186992,422.22283139773566
2017,Small,Southern Berkshire,,,,7007.0,5744.0,2507.0,2267.0,1606.0,1395.0,837.0,657.0,744.0,,,
2017,Small,Sunderland,,,,4829.0,883.0,958.0,3070.0,927.0,891.0,432.0,341.0,933.0,4727.171270718232,8268.948430161754,837.4383101697383
2017,Medium,Amherst,,,,7792.0,4231.0,1219.0,2751.0,1555.0,1087.0,981.0,599.0,1119.0,5021.637197664721,7551.389491242702,7523.201264432674
2017,Medium,Amherst-Pelham,,,,6927.0,4218.0,2128.0,2014.0,1904.0,1541.0,996.0,803.0,635.0,6304.677139037433,7658.493315508022,4996.802807486631
2017,Medium,Athol-Royalston,,,,4789.0,3073.0,1792.0,1353.0,1125.0,953.0,435.0,504.0,401.0,10004.385863267673,1678.7485515643104,520.6178215527249
2017,Medium,Berkshire Hills,,,,6251.0,4410.0,1977.0,1516.0,1533.0,1575.0,884.0,753.0,576.0,,,
2017,Medium,Easthampton,,,,4694.0,2406.0,1250.0,862.0,978.0,753.0,631.0,428.0,278.0,4460.675354107649,6740.82776203966,110.83376792483138
2017,Medium,Gateway,,,,5685.0,3329.0,2502.0,1504.0,1257.0,1231.0,891.0,596.0,313.0,6249.147816349384,6086.526315789473,1088.1332586786114
2017,Medium,Gill-Montague,,,,5614.0,4220.0,1793.0,1634.0,1398.0,1419.0,786.0,611.0,770.0,5639.481209899175,5546.734188817599,4179.271934005499
2017,Medium,Hoosac Valley Regional,,,,5068.0,3420.0,1563.0,1017.0,918.0,832.0,543.0,249.0,448.0,,,
2017,Medium,Mohawk Trail,,,,5209.0,3558.0,1758.0,2071.0,1503.0,1446.0,654.0,522.0,348.0,,,
2017,Medium,Monson,,,,5057.0,2397.0,1846.0,1695.0,1269.0,1451.0,598.0,663.0,640.0,7252.884241245136,5278.643968871596,696.3132295719844
2017,Medium,North Adams,,,,5277.0,3482.0,1693.0,1508.0,1094.0,1678.0,523.0,378.0,452.0,,,
2017,Medium,Palmer,,,,5461.0,2874.0,1305.0,949.0,931.0,773.0,581.0,388.0,393.0,7218.30655957162,4412.579651941098,1010.107937356295
2017,Medium,Pioneer Valley,,,,6479.0,3959.0,1931.0,1755.0,1368.0,957.0,3296.0,578.0,208.0,,,
2017,Medium,Southwick-Tolland-Granville Regional School District,,,,5814.0,1809.0,1777.0,1046.0,1182.0,1181.0,485.0,574.0,510.0,,,
2017,Medium,Ware,,,,4795.0,2522.0,1887.0,1448.0,1059.0,879.0,512.0,352.0,419.0,6726.0279971285,3926.5470208183774,630.1745384618004
2017,Large,Agawam,,,,5837.0,2585.0,1307.0,1603.0,1022.0,1018.0,589.0,552.0,444.0,4981.515307657991,5909.097865694951,3814.3287839609575
2017,Large,Belchertown,,,,4682.0,2068.0,1401.0,1135.0,1019.0,847.0,559.0,477.0,524.0,5713.876305892186,4714.8671124112,1366.183557121182
2017,Large,Central Berkshire,,,,5523.0,3893.0,1794.0,1252.0,1247.0,1054.0,537.0,503.0,561.0,,,
2017,Large,Chicopee,,,,5790.0,2126.0,1723.0,1307.0,1050.0,1133.0,487.0,271.0,480.0,7759.806447436561,3886.1271361988606,590.4965892898575
2017,Large,East Longmeadow,,,,5764.0,2326.0,1230.0,1381.0,971.0,682.0,622.0,498.0,737.0,,,
2017,Large,Greenfield,,,,5479.0,2518.0,1608.0,1294.0,782.0,907.0,905.0,507.0,638.0,6359.354299203902,5015.916710319539,1924.4509094245304
2017,Large,Hampden-Wilbraham,,,,5183.0,2329.0,1838.0,1339.0,1333.0,849.0,504.0,525.0,619.0,3812.792539267016,6704.92244764398,2358.6383671465974
2017,Large,Holyoke,,,,5243.0,2521.0,2254.0,1713.0,1430.0,1546.0,528.0,362.0,1374.0,10942.703966661522,1707.723165735768,38.14111727328695
2017,Large,Longmeadow,,,,5969.0,1942.0,954.0,1361.0,1220.0,747.0,610.0,478.0,718.0,1643.744536008599,7695.290576854174,4478.197506270152
2017,Large,Ludlow,,,,5504.0,3363.0,1468.0,1401.0,932.0,994.0,642.0,444.0,513.0,5116.760844964165,5827.977744247454,3235.575322519804
2017,Large,Northampton,,,,5142.0,2793.0,1128.0,1453.0,1361.0,795.0,604.0,538.0,527.0,2667.227935813275,8295.918672501823,2419.7723304157566
2017,Large,Pittsfield,,,,5918.0,3532.0,1209.0,1436.0,1224.0,704.0,337.0,473.0,869.0,6566.675224856909,4651.25167620605,2296.635029344681
2017,Large,South Hadley,,,,5270.0,2212.0,1329.0,1277.0,1168.0,751.0,550.0,425.0,889.0,,,
2017,Large,West Springfield,,,,5147.0,2015.0,1525.0,1293.0,822.0,786.0,334.0,630.0,452.0,,,
2017,Large,Westfield,,,,5377.0,2709.0,1257.0,1170.0,917.0,946.0,271.0,453.0,490.0,6114.951760191861,4865.795239825581,1408.682273238372
2017,Springfield,Springfield,,,,4962.0,2562.0,2222.0,1070.0,1063.0,1280.0,507.0,391.0,1286.0,10988.73303789206,1260.181455907108,-3.989454422932758e-05
2018,Tiny,Chesterfield-Goshen,,,,7824.0,2417.0,1831.0,1665.0,1343.0,1172.0,902.0,522.0,277.0,6104.5901639344265,6254.655737704919,6660.9412983606535
2018,Tiny,Clarksburg,,,,4928.0,2915.0,1166.0,1637.0,641.0,983.0,561.0,389.0,283.0,9936.805555555557,3565.8555555555554,935.0550724821164
2018,Tiny,Conway,,,,6053.0,2327.0,1457.0,4010.0,1367.0,1921.0,722.0,593.0,664.0,5306.700854700855,7771.25641025641,5383.245906571973
2018,Tiny,Erving,,,,9203.0,6477.0,2257.0,4836.0,1846.0,1612.0,1664.0,524.0,631.0,2026.438053097345,8022.030973451328,12573.46296186438
2018,Tiny,Farmington River Reg,,,,5653.0,6552.0,4057.0,2990.0,2184.0,2151.0,1441.0,548.0,1270.0,,,
2018,Tiny,Florida,,,,6892.0,3914.0,2037.0,1706.0,1713.0,1742.0,872.0,79.0,708.0,6431.023529411765,5539.917647058824,4817.398588235293
2018,Tiny,Hancock,,,,9572.0,99.0,2254.0,1942.0,812.0,2825.0,711.0,0.0,555.0,2959.428571428572,8040.771428571428,6560.500285714286
2018,Tiny,Hawlemont,,,,4931.0,2267.0,1480.0,1839.0,1257.0,1160.0,591.0,380.0,505.0,7583.926829268293,6444.329268292683,4995.545559098203
2018,Tiny,Leverett,,,,7967.0,3677.0,1726.0,2175.0,1765.0,1461.0,899.0,355.0,453.0,2350.089430894309,8049.747967479675,7832.394037830242
2018,Tiny,New Salem-Wendell,,,,5499.0,3336.0,1387.0,3105.0,1459.0,1280.0,970.0,462.0,500.0,,,
2018,Tiny,Pelham,,,,6310.0,4561.0,1173.0,2269.0,889.0,1431.0,731.0,499.0,414.0,2846.679012345679,7658.432098765432,12498.133566251356
2018,Tiny,Petersham,,,,5489.0,2462.0,1775.0,1359.0,1724.0,1413.0,493.0,671.0,600.0,6161.757142857143,8189.6,6356.114285714286
2018,Tiny,Richmond,,,,8419.0,3264.0,2316.0,1103.0,1364.0,1195.0,812.0,444.0,243.0,2906.333333333333,8516.056910569107,15552.266859425265
2018,Tiny,Rowe,,,,7490.0,7915.0,2947.0,2043.0,1687.0,2327.0,1253.0,244.0,700.0,2136.171875,8286.328125,19885.57618881278
2018,Tiny,Savoy,,,,4437.0,3252.0,1175.0,1735.0,1168.0,1578.0,787.0,55.0,114.0,8538.483333333334,5272.05,1743.028478874881
2018,Tiny,Shutesbury,,,,7838.0,4388.0,1755.0,3491.0,1941.0,1481.0,846.0,546.0,420.0,5373.586206896552,5863.137931034483,10404.70764427264
2018,Tiny,Westhampton,,,,7040.0,3310.0,1534.0,1731.0,1176.0,1404.0,746.0,381.0,703.0,3583.206106870229,7014.2900763358775,7876.588621770071
2018,Tiny,Whately,,,,5579.0,1224.0,1155.0,2710.0,1434.0,1742.0,679.0,578.0,450.0,3124.5793678012046,8686.638554216868,11629.6973202814
2018,Tiny,Williamsburg,,,,7062.0,2786.0,1244.0,1089.0,1385.0,1150.0,530.0,406.0,552.0,3123.1295034298246,7159.6549707602335,7288.31986830587
2018,Tiny,Worthington,,,,5594.0,2678.0,2639.0,2094.0,0.0,2000.0,561.0,233.0,1017.0,2205.146788990826,8873.009174311926,4015.9224607969736
2018,Small,Deerfield,,,,5562.0,1844.0,639.0,2610.0,943.0,1015.0,654.0,308.0,683.0,3329.7659574468084,7947.376899696049,4528.37995082414
2018,Small,Frontier,,,,5706.0,3685.0,1919.0,2186.0,1470.0,956.0,712.0,729.0,782.0,5120.226860304985,8412.288566327315,7365.238447771647
2018,Small,Hadley,,,,6570.0,2225.0,2045.0,1196.0,973.0,1170.0,738.0,370.0,439.0,1774.8035312776549,8361.849557522124,4999.032914477356
2018,Small,Hatfield,,,,5988.0,1674.0,1640.0,1457.0,1229.0,900.0,1018.0,271.0,225.0,2332.2485875706216,8090.87570621469,4910.625137053525
2018,Small,Lee,,,,6870.0,4285.0,1499.0,1954.0,1443.0,952.0,504.0,597.0,645.0,3297.8888888888887,8997.08695652174,6595.795331239134
2018,Small,Mount Greylock,,,,6811.0,4389.0,2220.0,1264.0,1722.0,1132.0,546.0,745.0,643.0,,,
2018,Small,Orange,,,,5092.0,2689.0,1668.0,1958.0,661.0,887.0,589.0,603.0,362.0,8521.315447154471,3084.2845528455287,550.7261346411506
2018,Small,Southampton,,,,5263.0,1988.0,928.0,1095.0,794.0,699.0,565.0,244.0,240.0,5127.532520325203,6395.943089430894,793.4768769647832
2018,Small,Southern Berkshire,,,,7299.0,5967.0,2759.0,2431.0,1632.0,1512.0,979.0,711.0,754.0,,,
2018,Small,Sunderland,,,,5453.0,1151.0,975.0,3871.0,984.0,926.0,721.0,426.0,704.0,4373.238578680203,7853.649746192893,1796.6613261057064
2018,Medium,Amherst,,,,8091.0,4840.0,1278.0,2973.0,1340.0,1231.0,799.0,631.0,798.0,5330.12588028169,7761.68926056338,8831.430408757691
2018,Medium,Amherst-Pelham,,,,7208.0,5006.0,2218.0,2066.0,1678.0,1555.0,857.0,891.0,384.0,6360.065100734441,7815.549664507685,5043.503735537313
2018,Medium,Athol-Royalston,,,,4710.0,2870.0,1885.0,1400.0,1118.0,981.0,421.0,503.0,550.0,10017.02718334297,1787.5378831694618,463.0130396686998
2018,Medium,Berkshire Hills,,,,6612.0,4735.0,2176.0,1922.0,1615.0,1408.0,1102.0,787.0,534.0,,,
2018,Medium,Easthampton,,,,5018.0,2669.0,2395.0,1044.0,990.0,716.0,674.0,388.0,458.0,4475.562958780351,6641.362507058159,1946.641435722782
2018,Medium,Gateway,,,,5824.0,3515.0,2396.0,1716.0,1397.0,1191.0,904.0,575.0,362.0,6371.464772727272,5892.320454545454,1814.9413751714249
2018,Medium,Gill-Montague,,,,5884.0,4252.0,1812.0,1730.0,1430.0,1306.0,731.0,507.0,540.0,5737.489795918367,5600.36827458256,4347.049016818919
2018,Medium,Granby,,,,4882.0,2057.0,1213.0,1206.0,927.0,791.0,908.0,1101.0,362.0,6230.202156334231,6266.50269541779,49.40119890835528
2018,Medium,Hampshire,,,,7299.0,3532.0,1739.0,1083.0,1536.0,1153.0,531.0,731.0,712.0,4589.876420408947,6774.136363568622,6086.526184718661
2018,Medium,Hoosac Valley Regional,,,,5632.0,3801.0,1890.0,1330.0,940.0,769.0,585.0,279.0,495.0,,,
2018,Medium,Lenox,,,,8277.0,3772.0,1466.0,1349.0,1863.0,829.0,742.0,482.0,1030.0,2384.884836852207,8502.389635316698,13345.832235316704
2018,Medium,Mohawk Trail,,,,6441.0,4153.0,2629.0,2405.0,1538.0,1185.0,714.0,483.0,505.0,,,
2018,Medium,Monson,,,,5353.0,2551.0,1906.0,1789.0,1284.0,1469.0,627.0,723.0,721.0,7740.40847983454,5441.040330920372,1008.5135220323576
2018,Medium,North Adams,,,,5548.0,3846.0,1796.0,1432.0,1305.0,1457.0,550.0,409.0,419.0,,,
2018,Medium,Palmer,,,,5890.0,2973.0,1440.0,1146.0,969.0,677.0,643.0,498.0,346.0,7243.478260869565,4411.503678929766,1689.1907169733036
2018,Medium,Pioneer Valley,,,,5697.0,4294.0,2312.0,2108.0,1346.0,1173.0,779.0,590.0,321.0,,,
2018,Medium,Ralph C Mahar,,,,5225.0,2695.0,2359.0,820.0,1340.0,1066.0,564.0,639.0,1111.0,,,
2018,Medium,Southwick-Tolland-Granville Regional School District,,,,5850.0,1978.0,1609.0,1163.0,936.0,1048.0,628.0,642.0,542.0,,,
2018,Medium,Ware,,,,4861.0,3033.0,1973.0,1743.0,1015.0,658.0,531.0,412.0,421.0,7060.370618941089,3840.116331096197,1387.4932905967507
2018,Large,Agawam,,,,6222.0,2850.0,1311.0,1861.0,1170.0,809.0,599.0,549.0,533.0,5025.818797186636,5777.941268598277,4419.480094506038
2018,Large,Belchertown,,,,4866.0,2205.0,1485.0,1233.0,1084.0,867.0,507.0,523.0,481.0,5789.606571187868,4731.212299915754,1522.053212341938
2018,Large,Central Berkshire,,,,5713.0,3997.0,1883.0,1232.0,1254.0,889.0,597.0,546.0,408.0,,,
2018,Large,Chicopee,,,,5903.0,2335.0,1881.0,1250.0,1158.0,1035.0,507.0,266.0,641.0,8038.488141273524,3792.261794276876,621.46389653502
2018,Large,East Longmeadow,,,,5757.0,2431.0,1312.0,1388.0,916.0,688.0,663.0,524.0,664.0,,,
2018,Large,Greenfield,,,,5490.0,3202.0,1330.0,1357.0,723.0,921.0,962.0,325.0,891.0,6376.057165279795,5020.787767903816,2676.374553920305
2018,Large,Hampden-Wilbraham,,,,5400.0,2437.0,1904.0,1342.0,1337.0,859.0,540.0,569.0,559.0,3893.360079575597,6899.061671087533,2659.845546363272
2018,Large,Holyoke,,,,5158.0,2471.0,2371.0,1735.0,1364.0,1572.0,590.0,382.0,1502.0,11047.582701531795,1637.1118675537675,38.64831754844448
2018,Large,Longmeadow,,,,6202.0,2050.0,995.0,1441.0,1250.0,754.0,652.0,517.0,637.0,1654.5364730878186,7798.270892351275,4752.71576902403
2018,Large,Ludlow,,,,5812.0,3561.0,1438.0,1566.0,969.0,977.0,676.0,452.0,416.0,5243.117986164489,5933.483089930823,3874.429398119716
2018,Large,Northampton,,,,5288.0,2751.0,1197.0,1347.0,1345.0,816.0,564.0,621.0,576.0,2693.3426802622,8428.233794610342,2738.9956358108784
2018,Large,Pittsfield,,,,5712.0,3776.0,1350.0,1300.0,1318.0,742.0,343.0,524.0,778.0,6728.4503816793895,4650.732824427481,2506.3825976433045
2018,Large,South Hadley,,,,5293.0,2234.0,1441.0,1306.0,1113.0,728.0,528.0,438.0,777.0,,,
2018,Large,West Springfield,,,,5172.0,1903.0,1619.0,1416.0,864.0,814.0,304.0,625.0,350.0,,,
2018,Large,Westfield,,,,5538.0,2903.0,1345.0,1053.0,976.0,973.0,290.0,543.0,419.0,6269.902813299233,4858.689989039094,1585.348113591523
2018,Springfield,Springfield,,,,5274.0,2635.0,2407.0,1036.0,1156.0,1060.0,490.0,438.0,1371.0,11276.14536281448,1264.943729431155,-106.24320288133424
2019,Tiny,Chesterfield-Goshen,,,,7713.0,2454.0,2100.0,1571.0,1670.0,1268.0,916.0,582.0,735.0,5988.08,6288.296,6323.64
2019,Tiny,Clarksburg,,,,6388.0,2872.0,1126.0,1637.0,854.0,1040.0,555.0,138.0,591.0,9202.435897435897,3637.415384615385,248.7435962985676
2019,Tiny,Conway,,,,6316.0,3592.0,1580.0,4377.0,1876.0,2069.0,602.0,862.0,835.0,6238.84,8588.67,12454.694143906114
2019,Tiny,Erving,,,,10960.0,8210.0,2355.0,5247.0,2279.0,1680.0,1052.0,423.0,797.0,1987.15811965812,8169.25641025641,12834.192172267409
2019,Tiny,Farmington River Reg,,,,5766.0,7069.0,4058.0,3563.0,2259.0,2316.0,1504.0,606.0,1346.0,,,
2019,Tiny,Florida,,,,6739.0,3711.0,1710.0,1652.0,5512.0,1633.0,790.0,299.0,1224.0,7839.1,6435.185714285714,7259.507406409015
2019,Tiny,Hancock,,,,12114.0,754.0,2917.0,2488.0,1283.0,3126.0,1020.0,0.0,367.0,2989.428571428572,8169.428571428572,10070.431714285718
2019,Tiny,Hawlemont,,,,5963.0,2721.0,1645.0,2319.0,1338.0,1249.0,623.0,389.0,397.0,5976.943396226415,6472.38679245283,2907.122550571836
2019,Tiny,Leverett,,,,7665.0,3781.0,1494.0,2477.0,1491.0,1278.0,826.0,351.0,503.0,2836.4174757281558,8334.747572815533,11372.310462528822
2019,Tiny,New Salem-Wendell,,,,5579.0,3986.0,1598.0,4063.0,1415.0,1290.0,1054.0,495.0,506.0,,,
2019,Tiny,Pelham,,,,6129.0,3791.0,1233.0,2273.0,1229.0,1194.0,489.0,499.0,466.0,2808.0843373493976,8053.168674698795,11170.93198796436
2019,Tiny,Petersham,,,,4874.0,2348.0,2594.0,1828.0,2091.0,1493.0,661.0,368.0,703.0,6191.757142857143,8306.985714285714,9037.620285714283
2019,Tiny,Richmond,,,,8429.0,2900.0,1823.0,1101.0,1732.0,1284.0,784.0,0.0,296.0,3034.025210084033,8858.680672268907,14790.255648316965
2019,Tiny,Rowe,,,,9379.0,8320.0,2636.0,2551.0,2020.0,2304.0,903.0,413.0,1221.0,2561.759259259259,9146.018518518518,26052.93196707578
2019,Tiny,Savoy,,,,3696.0,4186.0,1167.0,1543.0,1596.0,1516.0,649.0,254.0,988.0,8862.913793103447,6165.396551724138,2160.4167554498777
2019,Tiny,Shutesbury,,,,7914.0,2970.0,1664.0,3545.0,1663.0,1517.0,856.0,542.0,385.0,5312.508474576272,5670.881355932203,10001.876310734922
2019,Tiny,Westhampton,,,,7266.0,3452.0,1379.0,2149.0,964.0,1439.0,761.0,397.0,741.0,3613.206106870229,7274.6106870229,8452.0278583491
2019,Tiny,Whately,,,,5656.0,2078.0,1441.0,3028.0,1480.0,1597.0,471.0,590.0,676.0,2788.9371013563828,8358.489361702128,9948.807386320495
2019,Tiny,Williamsburg,,,,7296.0,3268.0,1379.0,1285.0,1635.0,1469.0,551.0,498.0,604.0,3418.1853932584268,7197.887640449439,6794.35757781076
2019,Tiny,Worthington,,,,4980.0,2741.0,2980.0,2294.0,0.0,1959.0,875.0,176.0,667.0,2276.3644859813085,8781.943925233645,5650.420724096924
2019,Small,Deerfield,,,,6035.0,2653.0,1127.0,2948.0,1210.0,1168.0,474.0,345.0,788.0,3529.977635782748,8276.041533546326,6855.42535287575
2019,Small,Frontier,,,,5644.0,3617.0,1814.0,1450.0,1577.0,948.0,552.0,685.0,855.0,5014.531802120141,8718.480565371025,7002.303904593642
2019,Small,Granby,,,,4627.0,2024.0,1243.0,1324.0,893.0,1001.0,1089.0,1521.0,197.0,6652.936962750717,6886.71776504298,522.566433302311
2019,Small,Hadley,,,,6479.0,2354.0,2251.0,1340.0,2200.0,920.0,870.0,433.0,459.0,1833.688612099644,8644.52846975089,4958.975723322096
2019,Small,Hampshire,,,,7355.0,3669.0,2147.0,1119.0,1110.0,945.0,513.0,757.0,841.0,4774.894273128063,7052.453744493391,6674.353891335959
2019,Small,Hatfield,,,,5102.0,1634.0,1501.0,1127.0,1023.0,1109.0,955.0,353.0,492.0,2451.1612903225805,8605.706744868035,4089.114597236055
2019,Small,Lee,,,,6951.0,4138.0,1723.0,2404.0,1506.0,768.0,502.0,607.0,483.0,3327.8888888888887,9303.962962962964,7116.225026980028
2019,Small,Lenox,,,,8116.0,3737.0,1453.0,1557.0,2115.0,877.0,791.0,633.0,897.0,2485.583003952569,8743.44466403162,14469.568300395254
2019,Small,Orange,,,,5383.0,2623.0,1608.0,2200.0,738.0,925.0,618.0,599.0,294.0,8565.193811074918,3076.171009771987,1147.8064297075484
2019,Small,Pioneer Valley,,,,5533.0,4588.0,2369.0,2003.0,1449.0,1002.0,1042.0,712.0,427.0,,,
2019,Small,Ralph C Mahar,,,,5372.0,2841.0,2210.0,1759.0,1460.0,1038.0,563.0,667.0,537.0,,,
2019,Small,Southampton,,,,5362.0,2032.0,939.0,1211.0,904.0,725.0,607.0,256.0,293.0,5285.720833333334,6872.429166666667,1179.7087299478474
2019,Small,Southern Berkshire,,,,7984.0,5531.0,3512.0,1986.0,1853.0,1623.0,1069.0,721.0,893.0,,,
2019,Small,Sunderland,,,,6001.0,1528.0,1028.0,4266.0,1253.0,1043.0,457.0,379.0,714.0,4517.125,8138.911458333333,3718.805949492414
2019,Medium,Amherst,,,,8538.0,5212.0,1362.0,3084.0,1646.0,1325.0,767.0,668.0,1092.0,5504.704339963833,8089.282097649187,9833.643316856684
2019,Medium,Amherst-Pelham,,,,7285.0,5047.0,2236.0,2122.0,1776.0,1544.0,759.0,925.0,610.0,6643.047452896021,8271.117236566643,5364.706908583391
2019,Medium,Athol-Royalston,,,,4817.0,2833.0,2033.0,1354.0,1187.0,1042.0,430.0,474.0,504.0,9995.155350978135,1852.8688147295743,466.303411967778
2019,Medium,Berkshire Hills,,,,7038.0,4776.0,2660.0,2025.0,1978.0,1187.0,960.0,878.0,961.0,,,
2019,Medium,Central Berkshire,,,,5677.0,3578.0,1937.0,1174.0,1303.0,1028.0,490.0,639.0,751.0,,,
2019,Medium,Easthampton,,,,5192.0,2758.0,1264.0,1109.0,1070.0,816.0,577.0,416.0,418.0,4649.01048951049,7070.134615384615,1308.2626823311464
2019,Medium,Gateway,,,,6115.0,3508.0,2525.0,1764.0,1566.0,921.0,879.0,550.0,429.0,6496.9999999353295,5946.592848844803,1943.5912752974475
2019,Medium,Gill-Montague,,,,5842.0,4282.0,1797.0,1833.0,1854.0,1338.0,741.0,609.0,597.0,5657.856232939035,5580.170154686079,4395.509554140127
2019,Medium,Hoosac Valley Regional,,,,5931.0,3625.0,1841.0,1374.0,976.0,807.0,638.0,365.0,372.0,,,
2019,Medium,Mohawk Trail,,,,6605.0,4348.0,2825.0,2683.0,1623.0,1301.0,731.0,541.0,439.0,,,
2019,Medium,Monson,,,,5706.0,2468.0,1983.0,1884.0,1602.0,1356.0,808.0,535.0,870.0,8043.891862955032,5915.989293361884,885.6727949102715
2019,Medium,Mount Greylock,,,,6506.0,3298.0,1852.0,1924.0,1487.0,720.0,487.0,512.0,351.0,,,
2019,Medium,North Adams,,,,6203.0,4052.0,2112.0,1640.0,1408.0,1378.0,461.0,441.0,700.0,,,
2019,Medium,Palmer,,,,6285.0,3106.0,1820.0,1288.0,990.0,764.0,589.0,514.0,466.0,7391.658735554045,4581.345343303875,1793.2307741379454
2019,Medium,Southwick-Tolland-Granville Regional School District,,,,5966.0,2047.0,1688.0,1104.0,1144.0,940.0,523.0,655.0,691.0,,,
2019,Medium,Ware,,,,5123.0,3112.0,2066.0,1838.0,1182.0,700.0,452.0,424.0,526.0,7330.711009174312,3985.663608562691,1650.186851161777
2019,Large,Agawam,,,,6896.0,3050.0,1388.0,1820.0,1341.0,1046.0,400.0,603.0,499.0,5133.077657036841,5956.647495361781,4918.891266607433
2019,Large,Belchertown,,,,5388.0,2277.0,1640.0,1089.0,1211.0,889.0,499.0,558.0,467.0,5893.705631399317,4933.415102389078,1789.1649021289547
2019,Large,Chicopee,,,,6082.0,2359.0,1976.0,1218.0,1276.0,997.0,533.0,266.0,591.0,8288.083095299922,3903.376006232148,832.5010953555225
2019,Large,East Longmeadow,,,,5956.0,2518.0,1562.0,1580.0,908.0,743.0,645.0,567.0,671.0,,,
2019,Large,Greenfield,,,,6291.0,3482.0,1790.0,1229.0,564.0,998.0,905.0,177.0,790.0,6177.881732449722,5014.849798387097,2869.6792316971228
2019,Large,Hampden-Wilbraham,,,,5792.0,2591.0,1787.0,1344.0,1343.0,982.0,422.0,596.0,480.0,3987.658914728682,6954.324570273003,2987.8736097067745
2019,Large,Holyoke,,,,5138.0,2738.0,2353.0,1643.0,1516.0,1718.0,448.0,393.0,1741.0,11309.70410742496,1719.8159557661927,27.565939041875644
2019,Large,Longmeadow,,,,6490.0,2193.0,1013.0,1518.0,1467.0,774.0,592.0,533.0,532.0,1841.6193977591035,7936.824579831933,4708.119895188036
2019,Large,Ludlow,,,,6165.0,3530.0,1552.0,1636.0,991.0,1198.0,485.0,453.0,762.0,5338.401945525292,6132.464591439689,3800.468863256368
2019,Large,Northampton,,,,5576.0,2776.0,1341.0,1509.0,1328.0,904.0,513.0,650.0,551.0,2756.1035753778106,8689.960560265388,2825.0797092287885
2019,Large,Pittsfield,,,,5926.0,4028.0,1468.0,1321.0,1415.0,775.0,351.0,570.0,897.0,7100.246463637876,4679.747378931603,2487.4149189853574
2019,Large,South Hadley,,,,5635.0,2358.0,1596.0,1418.0,1109.0,667.0,567.0,466.0,837.0,,,
2019,Large,West Springfield,,,,5590.0,2015.0,1613.0,1425.0,976.0,867.0,326.0,668.0,457.0,,,
2019,Large,Westfield,,,,5926.0,3021.0,1411.0,1100.0,1040.0,943.0,328.0,606.0,543.0,6425.589084181313,5041.456429232192,2070.5540066404765
2019,Springfield,Springfield,,,,5510.0,2765.0,2499.0,1357.0,1337.0,983.0,416.0,469.0,1673.0,11642.981631277384,1394.8221607918586,-6.317230318787526e-05
2020,Tiny,Florida,,,,7142.0,3244.0,1312.0,2587.0,1874.0,1567.0,656.0,339.0,644.0,8344.19696969697,6684.424242424242,9016.30529144762
2020,Tiny,Hancock,,,,10389.0,31.0,1617.0,1482.0,1356.0,3093.0,750.0,0.0,375.0,2896.575342465753,8344.452054794521,8761.41410958904
2020,Tiny,Rowe,,,,7968.0,6425.0,2292.0,2879.0,2114.0,2234.0,1019.0,351.0,724.0,2911.9791666666665,10012.25,26453.877534831743
2020,Tiny,Savoy,,,,5061.0,4496.0,1418.0,2155.0,1745.0,2286.0,1047.0,251.0,332.0,8597.483333333334,6035.383333333333,1417.109943750037
2020,Tiny,Worthington,,,,4948.0,2775.0,2432.0,1380.0,1182.0,1857.0,642.0,558.0,128.0,2264.5963302752293,8887.19266055046,3438.8269917214816
2020,Small,Chesterfield-Goshen,,,,8442.0,2441.0,1914.0,1435.0,1801.0,1268.0,946.0,620.0,1049.0,6595.877192982456,6517.315789473684,7447.730701754384
2020,Small,Clarksburg,,,,5301.0,2921.0,1109.0,1388.0,1677.0,1057.0,908.0,158.0,508.0,9889.752747252747,3766.186813186813,179.27896819512645
2020,Small,Conway,,,,7229.0,3866.0,2309.0,4674.0,1779.0,1429.0,638.0,631.0,1167.0,7284.46511627907,9425.13953488372,14562.972285416015
2020,Small,Deerfield,,,,6584.0,2775.0,1303.0,2807.0,1256.0,1143.0,515.0,371.0,687.0,3526.465189873418,8514.060126582279,6973.783984305378
2020,Small,Erving,,,,10591.0,7872.0,2315.0,5979.0,2442.0,1421.0,1671.0,429.0,1004.0,2172.8341013824884,8671.276497695853,14027.85944346854
2020,Small,Farmington River Reg,,,,5333.0,6819.0,3784.0,4034.0,2401.0,2528.0,1731.0,795.0,1827.0,,,
2020,Small,Frontier,,,,5715.0,3661.0,1889.0,1373.0,1681.0,951.0,559.0,698.0,767.0,4948.934142163875,9004.412478426268,7043.823934212557
2020,Small,Granby,,,,4948.0,1942.0,1166.0,1619.0,942.0,1059.0,1225.0,1511.0,140.0,6654.465049928674,7119.335235378031,309.1662605080206
2020,Small,Hadley,,,,6478.0,2402.0,2206.0,1260.0,1394.0,1105.0,907.0,411.0,485.0,2288.7656529516994,8887.336314847942,4627.816598588687
2020,Small,Hampshire,,,,7203.0,3608.0,2077.0,1164.0,1052.0,1038.0,486.0,745.0,941.0,4934.529411764706,7477.689291101055,6806.733951734542
2020,Small,Hatfield,,,,6409.0,1623.0,1286.0,1580.0,1090.0,875.0,1040.0,218.0,280.0,2438.778097982709,8799.409221902017,4413.384077097281
2020,Small,Hawlemont,,,,6947.0,3292.0,1791.0,2361.0,1264.0,1240.0,722.0,409.0,650.0,6842.430107526883,6426.688172043012,3582.6259961175133
2020,Small,Lee,,,,6857.0,4097.0,1316.0,2383.0,1340.0,1114.0,512.0,623.0,498.0,3390.356097560976,9526.650406504064,7012.068093754454
2020,Small,Lenox,,,,8099.0,3753.0,1380.0,1510.0,1516.0,898.0,620.0,698.0,880.0,2575.9615384615386,9205.232793522267,14694.774375633284
2020,Small,Leverett,,,,7134.0,3686.0,1279.0,2386.0,1458.0,1317.0,857.0,362.0,606.0,2638.491071428572,7903.303571428572,11295.87267473548
2020,Small,New Salem-Wendell,,,,6154.0,4213.0,1446.0,4091.0,1638.0,1391.0,1097.0,529.0,559.0,,,
2020,Small,Orange,,,,4957.0,2561.0,1701.0,2662.0,702.0,1065.0,725.0,485.0,262.0,8861.412724306689,3245.7226753670475,98.3842715936839
2020,Small,Pelham,,,,6860.0,4168.0,1060.0,2324.0,1304.0,1609.0,574.0,582.0,407.0,2872.329268292683,8384.536585365853,11486.25149633487
2020,Small,Petersham,,,,3856.0,1964.0,995.0,1629.0,1156.0,1516.0,498.0,446.0,786.0,6221.757142857143,8162.285714285715,4487.131714285714
2020,Small,Pioneer Valley,,,,6012.0,4558.0,2689.0,2111.0,1799.0,992.0,842.0,733.0,672.0,,,
2020,Small,Ralph C Mahar,,,,6629.0,3429.0,2958.0,1039.0,1558.0,1218.0,675.0,805.0,382.0,,,
2020,Small,Richmond,,,,8654.0,3408.0,2333.0,1228.0,1789.0,1581.0,648.0,0.0,450.0,3038.741666666667,9167.016666666666,13531.297800482984
2020,Small,Shutesbury,,,,8204.0,3963.0,1815.0,3560.0,1916.0,1541.0,938.0,383.0,873.0,5387.91452991453,6243.51282051282,11527.43882076342
2020,Small,Southampton,,,,5854.0,2106.0,924.0,1165.0,740.0,851.0,412.0,270.0,210.0,5337.836820083682,7273.824267782426,1031.331405660192
2020,Small,Southern Berkshire,,,,8470.0,5351.0,3730.0,2130.0,1808.0,1494.0,1090.0,510.0,632.0,,,
2020,Small,Sunderland,,,,6506.0,1646.0,659.0,4033.0,1389.0,1011.0,517.0,468.0,785.0,4718.043243243244,8915.340540540541,4343.675094132191
2020,Small,Westhampton,,,,7901.0,3081.0,1488.0,1949.0,860.0,1777.0,649.0,434.0,485.0,3757.007874015748,7825.866141732284,7388.973129774135
2020,Small,Whately,,,,6360.0,2875.0,1286.0,3789.0,1816.0,1720.0,550.0,639.0,750.0,3043.333333333333,9105.96551724138,12629.52956833303
2020,Small,Williamsburg,,,,8132.0,3533.0,1511.0,1525.0,1616.0,1656.0,582.0,549.0,419.0,3915.5117647058814,7265.494117647058,8797.345839113112
2020,Medium,Amherst,,,,8725.0,5363.0,1148.0,3053.0,1764.0,1527.0,827.0,696.0,733.0,5398.785714285715,8385.25749559083,9229.483763642109
2020,Medium,Amherst-Pelham,,,,7155.0,5074.0,1957.0,2214.0,1601.0,1501.0,780.0,945.0,559.0,6834.493924231594,8636.868477483917,5391.045746962116
2020,Medium,Berkshire Hills,,,,7545.0,4833.0,2357.0,2014.0,2040.0,1317.0,986.0,962.0,1019.0,,,
2020,Medium,Gateway,,,,6291.0,3782.0,2382.0,1702.0,1601.0,1210.0,823.0,580.0,413.0,6579.882558205333,6095.832558200493,2734.070744213387
2020,Medium,Gill-Montague,,,,5994.0,4558.0,1838.0,1924.0,1864.0,1422.0,801.0,659.0,673.0,6127.545708955224,5747.149253731343,4965.482416044778
2020,Medium,Hoosac Valley Regional,,,,6306.0,3727.0,1724.0,1311.0,1043.0,862.0,653.0,371.0,384.0,,,
2020,Medium,Mohawk Trail,,,,6788.0,4948.0,2769.0,2989.0,1744.0,1613.0,885.0,604.0,501.0,,,
2020,Medium,Monson,,,,5606.0,2686.0,2153.0,1752.0,1551.0,1186.0,741.0,616.0,798.0,8056.70405982906,6139.892094017094,897.8203504412718
2020,Medium,Mount Greylock,,,,6711.0,3386.0,1503.0,1681.0,1882.0,743.0,600.0,588.0,600.0,,,
2020,Medium,North Adams,,,,6181.0,4285.0,2330.0,1751.0,1368.0,1450.0,557.0,487.0,671.0,,,
2020,Medium,Palmer,,,,6562.0,3303.0,1727.0,1137.0,1175.0,775.0,606.0,557.0,378.0,7703.345095271701,4817.101623147495,1626.938894701421
2020,Medium,Southwick-Tolland-Granville Regional School District,,,,5770.0,2085.0,1682.0,1529.0,1215.0,955.0,538.0,698.0,879.0,,,
2020,Medium,Ware,,,,5562.0,2988.0,1861.0,1713.0,1093.0,868.0,504.0,468.0,456.0,7993.384150943396,3978.192452830189,981.2128520225804
2020,Large,Agawam,,,,7018.0,3129.0,1199.0,1789.0,1337.0,990.0,426.0,656.0,546.0,5297.09328256731,6241.830568398151,5051.85582136577
2020,Large,Athol-Royalston,,,,4855.0,2877.0,1831.0,1176.0,1120.0,1087.0,454.0,512.0,467.0,10053.99307559146,1966.6964800923247,738.373377380268
2020,Large,Belchertown,,,,5603.0,2382.0,1610.0,1132.0,1199.0,927.0,611.0,582.0,348.0,6010.452813852814,5215.611255411255,2076.8983343739787
2020,Large,Central Berkshire,,,,6107.0,3771.0,1730.0,1265.0,1105.0,1046.0,556.0,572.0,280.0,,,
2020,Large,Chicopee,,,,6409.0,2527.0,1756.0,1310.0,1271.0,1005.0,703.0,320.0,601.0,8977.654317766763,3980.420949647796,638.3913253172999
2020,Large,East Longmeadow,,,,6232.0,2676.0,1641.0,1661.0,969.0,705.0,698.0,570.0,478.0,,,
2020,Large,Easthampton,,,,5285.0,2926.0,1129.0,1182.0,948.0,889.0,562.0,387.0,688.0,4633.405654933641,7109.178880553953,1917.4782100865737
2020,Large,Greenfield,,,,6085.0,3744.0,1672.0,1399.0,1023.0,910.0,990.0,476.0,548.0,6843.315736551031,5101.78431372549,2721.3375470754286
2020,Large,Hampden-Wilbraham,,,,5770.0,2849.0,1859.0,1354.0,1340.0,951.0,469.0,613.0,532.0,4019.0033715441673,7125.97943358058,3017.9207451112584
2020,Large,Holyoke,,,,5245.0,2657.0,2365.0,1659.0,1564.0,1737.0,529.0,435.0,1541.0,12170.043601895735,1749.568720379147,-150.53561497184714
2020,Large,Longmeadow,,,,6627.0,2247.0,933.0,1457.0,1289.0,779.0,524.0,527.0,560.0,1985.738003502627,8219.078458844133,4242.461751504746
2020,Large,Ludlow,,,,6716.0,3340.0,1599.0,1704.0,1101.0,1238.0,567.0,480.0,240.0,5425.081793157688,6367.78765237908,3806.622763954938
2020,Large,Northampton,,,,5610.0,2903.0,1275.0,1638.0,1325.0,923.0,555.0,675.0,598.0,2797.3238341968918,9084.762398223538,3127.1560452910626
2020,Large,Pittsfield,,,,6091.0,4224.0,1460.0,1318.0,1416.0,1038.0,378.0,615.0,1251.0,7918.641979408834,4678.050315509798,2512.319642597632
2020,Large,South Hadley,,,,5592.0,2461.0,1475.0,1502.0,1009.0,627.0,512.0,487.0,821.0,,,
2020,Large,West Springfield,,,,5825.0,2077.0,1612.0,1394.0,989.0,894.0,312.0,728.0,370.0,,,
2020,Large,Westfield,,,,6009.0,3060.0,1269.0,1087.0,1009.0,928.0,333.0,542.0,685.0,6982.898520876241,5188.55588841041,1749.8249781990187
2020,Springfield,Springfield,,,,5800.0,3001.0,2148.0,1390.0,1093.0,1090.0,407.0,483.0,1765.0,12505.441929499071,1377.3712894019982,-498.9759580697393
2021,Tiny,Florida,,,,6022.0,3734.0,1145.0,2475.0,3510.0,2030.0,753.0,513.0,638.0,8344.19696969697,7203.393939393939,11470.34566960308
2021,Tiny,Hancock,,,,9167.0,0.0,2374.0,1056.0,844.0,2757.0,574.0,0.0,1353.0,2746.103896103896,8747.961038961039,5676.082337662336
2021,Tiny,Rowe,,,,6538.0,8146.0,2249.0,3695.0,2391.0,2687.0,1599.0,376.0,1162.0,2795.5,10623.92,25852.66942
2021,Tiny,Savoy,,,,7968.0,4453.0,1778.0,2167.0,3212.0,2925.0,1503.0,356.0,1075.0,10316.98,7457.74,-205.57
2021,Tiny,Worthington,,,,5222.0,2082.0,3390.0,2236.0,0.0,2732.0,533.0,270.0,437.0,2896.3821138211383,8280.447154471545,1508.312601626016
2021,Small,Chesterfield-Goshen,,,,9160.0,2487.0,2354.0,1436.0,2615.0,1497.0,1077.0,741.0,2226.0,6713.660714285715,6913.482142857143,7806.883660714287
2021,Small,Clarksburg,,,,5895.0,3425.0,1405.0,1473.0,2491.0,1105.0,771.0,133.0,402.0,10525.93567251462,3996.87134502924,2268.203918128658
2021,Small,Conway,,,,8393.0,3721.0,2102.0,4415.0,2027.0,1657.0,694.0,659.0,1970.0,7929.924050632911,9342.291139240506,14211.393037974687
2021,Small,Deerfield,,,,7092.0,3606.0,1286.0,3225.0,1716.0,1331.0,704.0,524.0,1781.0,3537.6603174603174,8673.88253968254,7295.912793650795
2021,Small,Erving,,,,12626.0,8785.0,3829.0,6085.0,1951.0,1764.0,1576.0,544.0,2998.0,2152.990867579909,8763.04109589041,14110.045878698667
2021,Small,Farmington River Reg,,,,6350.0,6730.0,3966.0,3711.0,2491.0,2527.0,1921.0,949.0,2411.0,,,
2021,Small,Frontier,,,,5852.0,3789.0,1780.0,1423.0,1811.0,1066.0,532.0,726.0,1222.0,4931.839378238342,9395.810017271157,7055.420794473224
2021,Small,Hadley,,,,6728.0,2362.0,1842.0,1282.0,1999.0,1134.0,912.0,374.0,499.0,2460.423076923077,9395.192307692309,4689.306568846153
2021,Small,Hampshire,,,,7752.0,4076.0,2109.0,1461.0,1603.0,1274.0,551.0,810.0,2387.0,4868.441964285715,7651.330357142857,7664.123288690475
2021,Small,Hatfield,,,,6906.0,1770.0,1356.0,1379.0,1163.0,1053.0,1016.0,444.0,828.0,2397.325779036827,8973.348441926346,4423.46107613818
2021,Small,Hawlemont,,,,6550.0,4043.0,2295.0,2576.0,1628.0,1372.0,828.0,386.0,996.0,6842.43010752688,6944.68817204301,3903.518275776457
2021,Small,Lee,,,,7916.0,4586.0,1342.0,2456.0,1439.0,1165.0,637.0,771.0,1055.0,3384.8522727272725,9799.592532467532,7450.867067249734
2021,Small,Leverett,,,,9224.0,4766.0,2192.0,2178.0,2131.0,1318.0,1010.0,498.0,1041.0,2547.508620689656,8560.103448275862,9787.807918452012
2021,Small,New Salem-Wendell,,,,7309.0,4632.0,1290.0,4141.0,2223.0,1611.0,1158.0,599.0,1056.0,,,
2021,Small,Orange,,,,6205.0,3026.0,2208.0,2136.0,735.0,1114.0,799.0,728.0,1165.0,9129.489075630252,3395.8,-194.30756302521007
2021,Small,Pelham,,,,7406.0,4850.0,1317.0,2540.0,1498.0,1670.0,656.0,795.0,292.0,2839.083333333333,8220.142857142857,13177.22619047619
2021,Small,Petersham,,,,5292.0,2372.0,2312.0,2275.0,1993.0,1444.0,817.0,458.0,1144.0,5512.949367088608,8111.658227848101,5505.50240506329
2021,Small,Pioneer Valley,,,,6749.0,4905.0,3236.0,1881.0,1630.0,1998.0,1066.0,639.0,743.0,,,
2021,Small,Ralph C Mahar,,,,6333.0,3304.0,2466.0,883.0,1784.0,744.0,670.0,961.0,1298.0,,,
2021,Small,Richmond,,,,11451.0,3711.0,2260.0,1558.0,1771.0,1590.0,794.0,0.0,635.0,2917.192,9568.864,14951.04808
2021,Small,Shutesbury,,,,8933.0,3350.0,1937.0,3722.0,2665.0,1707.0,925.0,519.0,1296.0,6003.676190476191,6785.638095238095,12242.264999938614
2021,Small,Southampton,,,,6677.0,2257.0,880.0,1459.0,1173.0,898.0,658.0,326.0,316.0,5522.69696969697,7289.231601731602,2486.0859779743155
2021,Small,Southern Berkshire,,,,8458.0,5634.0,3734.0,1799.0,2914.0,1527.0,1120.0,792.0,456.0,,,
2021,Small,Sunderland,,,,7966.0,2943.0,1085.0,4985.0,1559.0,1513.0,633.0,618.0,2031.0,5104.315789473684,9720.964912280702,5421.108679765966
2021,Small,Westhampton,,,,8279.0,3428.0,1806.0,2567.0,1512.0,1822.0,723.0,252.0,1027.0,4113.275862068966,8281.362068965518,8687.852413793102
2021,Small,Whately,,,,6987.0,3149.0,1425.0,3517.0,2033.0,1963.0,589.0,728.0,1739.0,3351.518987341772,9365.886075949367,15498.511748493336
2021,Small,Williamsburg,,,,10170.0,3747.0,1814.0,1603.0,2266.0,2019.0,734.0,669.0,310.0,4066.505681818182,7336.431818181818,7791.257455804872
2021,Medium,Amherst,,,,9528.0,5661.0,1205.0,3908.0,1897.0,1750.0,874.0,830.0,1563.0,5580.877848678213,8792.723792160437,9385.844576116682
2021,Medium,Amherst-Pelham,,,,7592.0,5237.0,2950.0,3010.0,1705.0,1436.0,788.0,1001.0,477.0,6834.493924299939,9174.380986510614,4838.674052943312
2021,Medium,Berkshire Hills,,,,7927.0,5182.0,2352.0,2053.0,2157.0,1144.0,993.0,1007.0,1161.0,,,
2021,Medium,Gateway,,,,6720.0,4019.0,2238.0,1768.0,1749.0,1258.0,964.0,654.0,804.0,6649.47003531914,6319.106933083169,2172.7150764024555
2021,Medium,Gill-Montague,,,,6889.0,5241.0,2021.0,1949.0,2741.0,1600.0,828.0,697.0,1101.0,6611.5046554934825,5701.580074487896,5251.716005586587
2021,Medium,Granby,,,,5189.0,2399.0,1655.0,1963.0,907.0,1034.0,1156.0,1900.0,600.0,6570.112676056338,7254.905633802817,437.4623435609987
2021,Medium,Hoosac Valley Regional,,,,6336.0,4001.0,1778.0,1465.0,1207.0,1042.0,787.0,522.0,1464.0,,,
2021,Medium,Lenox,,,,8901.0,4224.0,1704.0,1746.0,1731.0,928.0,673.0,870.0,1086.0,2509.9112426035504,9326.175542406312,14506.509825437188
2021,Medium,Mohawk Trail,,,,7106.0,5395.0,2788.0,3116.0,1837.0,1748.0,1112.0,801.0,1058.0,,,
2021,Medium,Monson,,,,6487.0,3053.0,2298.0,1924.0,1601.0,1118.0,834.0,678.0,1118.0,8073.956102783726,6310.029978586724,1010.248220252286
2021,Medium,Mount Greylock,,,,7962.0,3965.0,1702.0,2172.0,2054.0,977.0,620.0,683.0,885.0,,,
2021,Medium,North Adams,,,,6567.0,4783.0,2106.0,1698.0,1555.0,1581.0,686.0,551.0,997.0,,,
2021,Medium,Palmer,,,,6826.0,3990.0,1708.0,1209.0,1322.0,826.0,674.0,584.0,348.0,7725.152158527954,4852.81457891012,1704.9538446671138
2021,Medium,Southwick-Tolland-Granville Regional School District,,,,6305.0,2506.0,1864.0,1548.0,1352.0,983.0,574.0,752.0,1065.0,,,
2021,Medium,Ware,,,,5769.0,3211.0,1871.0,1683.0,1206.0,897.0,493.0,449.0,1142.0,8216.628394103956,4116.11326609775,1387.2947092389527
2021,Large,Agawam,,,,7588.0,3594.0,1249.0,1966.0,1507.0,962.0,500.0,716.0,841.0,5376.045266353851,6419.117306099917,5681.821005036552
2021,Large,Athol-Royalston,,,,5408.0,3351.0,2657.0,1310.0,1330.0,1224.0,541.0,618.0,612.0,10233.19661016949,2043.164406779661,154.37777401130165
2021,Large,Belchertown,,,,5942.0,2551.0,1752.0,1180.0,1366.0,948.0,581.0,582.0,448.0,6094.884108867427,5451.327919227392,2368.738381651429
2021,Large,Central Berkshire,,,,6067.0,3806.0,1892.0,1314.0,1308.0,1147.0,756.0,646.0,450.0,,,
2021,Large,Chicopee,,,,6963.0,2678.0,1854.0,1448.0,1471.0,899.0,645.0,335.0,1024.0,9124.030114912164,4081.774138158764,474.3701237955303
2021,Large,East Longmeadow,,,,6561.0,2937.0,1789.0,1835.0,1018.0,677.0,835.0,611.0,881.0,,,
2021,Large,Easthampton,,,,5904.0,3186.0,1247.0,1192.0,972.0,1087.0,577.0,486.0,805.0,4671.141361256545,7359.646887725422,1653.447770317103
2021,Large,Greenfield,,,,5407.0,4337.0,1945.0,1825.0,1323.0,955.0,840.0,565.0,844.0,7074.972519083969,5219.832569974555,2338.92748750886
2021,Large,Hampden-Wilbraham,,,,6066.0,2939.0,1935.0,1539.0,1567.0,826.0,563.0,645.0,554.0,4083.714970880439,7553.428228845495,2633.8571428571427
2021,Large,Holyoke,,,,5589.0,2777.0,1860.0,1929.0,1692.0,1735.0,575.0,583.0,2259.0,12419.908919301555,1912.9398211061496,-94.0570304726882
2021,Large,Longmeadow,,,,7039.0,2397.0,782.0,1418.0,1655.0,848.0,551.0,628.0,661.0,2018.9750712250711,8590.19301994302,4668.317624643875
2021,Large,Ludlow,,,,6866.0,3171.0,1533.0,1933.0,1074.0,1336.0,652.0,531.0,373.0,5498.598246313272,6553.89159027501,3666.580053093496
2021,Large,Northampton,,,,6345.0,2949.0,1254.0,2003.0,1670.0,998.0,631.0,779.0,775.0,2753.504189435337,9335.97632058288,3001.8681238615663
2021,Large,Pittsfield,,,,6539.0,4675.0,1515.0,1288.0,1577.0,1274.0,394.0,662.0,1212.0,8135.653547297297,4780.541722972973,2577.413985300509
2021,Large,South Hadley,,,,6057.0,2612.0,1306.0,1633.0,1281.0,741.0,541.0,523.0,783.0,,,
2021,Large,West Springfield,,,,6251.0,2296.0,1627.0,1489.0,922.0,983.0,318.0,768.0,554.0,,,
2021,Large,Westfield,,,,6380.0,3066.0,1428.0,1134.0,1166.0,945.0,396.0,594.0,989.0,7145.445891591649,5360.357594330588,1403.9653577220306
2021,Springfield,Springfield,,,,6442.0,3217.0,2077.0,1337.0,1534.0,1103.0,441.0,513.0,2487.0,12763.350648032216,1917.5504475983016,0.0001139344872486
2022,Tiny,Hancock,,,,6917.0,370.0,2787.0,3021.0,685.0,1960.0,799.0,1121.0,937.0,3055.320987654321,8511.395061728395,7032.098765432099
2022,Tiny,Rowe,,,,8904.0,6808.0,1796.0,4742.0,2432.0,2480.0,1401.0,455.0,851.0,3280.5813953488373,11140.186046511628,33605.909046511624
2022,Tiny,Savoy,,,,6830.0,4255.0,709.0,3175.0,1278.0,2513.0,934.0,586.0,1610.0,11493.31111111111,10171.166666666666,-865.1453333333342
2022,Tiny,Worthington,,,,7848.0,4334.0,2633.0,2765.0,2362.0,2595.0,415.0,175.0,1538.0,3522.6960784313724,9616.666666666666,2699.4384313725463
2022,Small,Chesterfield-Goshen,,,,8002.0,2167.0,1733.0,1405.0,1747.0,1121.0,900.0,575.0,1303.0,7549.3,8089.79,9492.232600000005
2022,Small,Clarksburg,,,,5776.0,2915.0,734.0,1571.0,924.0,1070.0,861.0,227.0,432.0,10029.638888888889,4088.011111111111,3225.3491666666678
2022,Small,Conway,,,,7838.0,4036.0,1910.0,4268.0,2303.0,1478.0,671.0,396.0,1438.0,8061.589743589743,9794.46153846154,12094.193333333336
2022,Small,Deerfield,,,,7209.0,3028.0,1818.0,3320.0,1480.0,1269.0,697.0,465.0,1104.0,3833.286689419795,8997.122866894199,7681.934607508535
2022,Small,Erving,,,,10402.0,7041.0,2135.0,7099.0,2581.0,1538.0,1537.0,791.0,692.0,2307.8019323671497,9388.840579710144,14032.529951690822
2022,Small,Farmington River Reg,,,,7853.0,6830.0,4055.0,4593.0,4951.0,2354.0,2089.0,1205.0,1263.0,,,
2022,Small,Florida,,,,6065.0,2979.0,1160.0,2341.0,2019.0,1580.0,633.0,429.0,620.0,9525.120689655172,7461.0,10642.212415210195
2022,Small,Frontier,,,,6495.0,3554.0,2607.0,1423.0,2013.0,1211.0,645.0,785.0,1224.0,5129.169642857143,9760.65,6515.8371428571445
2022,Small,Hadley,,,,7236.0,2529.0,2408.0,1379.0,1263.0,1824.0,996.0,553.0,670.0,2599.116465863454,9703.481927710844,5779.558666465864
2022,Small,Hampshire,,,,7981.0,3879.0,2546.0,1235.0,1193.0,1333.0,567.0,781.0,1878.0,5157.888714733543,8081.3934169279,7770.336018808779
2022,Small,Hatfield,,,,9321.0,2123.0,1596.0,1623.0,1464.0,1061.0,1018.0,564.0,699.0,2563.7005988023952,9576.865269461076,6944.406822214829
2022,Small,Hawlemont,,,,7147.0,4226.0,2908.0,2924.0,1677.0,1652.0,1082.0,791.0,722.0,8085.012658227848,7927.797468354431,6521.277120576449
2022,Small,Lee,,,,7608.0,4517.0,1654.0,1994.0,3125.0,1127.0,789.0,851.0,726.0,3631.155440414508,10492.22452504318,6088.692319832736
2022,Small,Leverett,,,,6888.0,3630.0,1120.0,3119.0,2296.0,1354.0,987.0,790.0,840.0,2844.390476190476,8976.352380952381,13027.129048363287
2022,Small,New Salem-Wendell,,,,6650.0,4615.0,470.0,4842.0,4683.0,1570.0,1939.0,672.0,1187.0,,,
2022,Small,Orange,,,,6163.0,2700.0,2601.0,2322.0,738.0,1002.0,704.0,444.0,815.0,10240.612781954887,3910.368421052632,1034.9120300751883
2022,Small,Pelham,,,,6714.0,4157.0,1431.0,2292.0,1380.0,1873.0,688.0,772.0,365.0,3436.9,9223.957142857143,15934.228571428572
2022,Small,Petersham,,,,5653.0,2534.0,3686.0,2252.0,2102.0,1543.0,618.0,508.0,916.0,6530.3432835820895,8782.059701492537,9920.263880597018
2022,Small,Pioneer Valley,,,,6823.0,4701.0,2953.0,2285.0,1912.0,1197.0,1155.0,835.0,549.0,,,
2022,Small,Ralph C Mahar,,,,7523.0,3887.0,3459.0,985.0,2905.0,1228.0,814.0,1136.0,582.0,,,
2022,Small,Richmond,,,,10558.0,3389.0,2595.0,1509.0,1885.0,1443.0,827.0,19.0,793.0,3285.7946428571427,9533.660714285714,19029.726607142857
2022,Small,Shutesbury,,,,10075.0,3154.0,1355.0,5320.0,2048.0,1736.0,1100.0,1393.0,551.0,6462.510204081633,7279.724489795918,14869.845360583691
2022,Small,Southampton,,,,7036.0,2320.0,1041.0,1310.0,1044.0,738.0,641.0,289.0,555.0,5725.28125,7841.178571428572,2540.478603499871
2022,Small,Southern Berkshire,,,,8414.0,5864.0,4719.0,2123.0,2415.0,1624.0,1664.0,999.0,865.0,,,
2022,Small,Sunderland,,,,8263.0,3101.0,1881.0,4226.0,1767.0,1543.0,628.0,601.0,1838.0,6220.340425531915,10071.432624113477,8969.344207837923
2022,Small,Westhampton,,,,10062.0,4233.0,2729.0,2238.0,1579.0,2231.0,523.0,445.0,872.0,4662.42718446602,9488.16504854369,11649.771165048542
2022,Small,Whately,,,,7027.0,3070.0,1580.0,3089.0,2918.0,1836.0,657.0,737.0,1443.0,3298.7654320987654,9567.0,13494.609950193928
2022,Small,Williamsburg,,,,8621.0,3598.0,1642.0,1779.0,1993.0,1642.0,681.0,573.0,803.0,4674.803571428572,7652.458333333333,8217.362870848245
2022,Medium,Amherst,,,,9598.0,5561.0,1849.0,3898.0,1874.0,1783.0,896.0,891.0,1561.0,5888.586602870813,9463.8019138756,10737.406220095694
2022,Medium,Amherst-Pelham,,,,7404.0,5062.0,2539.0,3050.0,1778.0,1472.0,859.0,1241.0,527.0,7219.065413461943,9614.636090129416,5090.599999948794
2022,Medium,Berkshire Hills,,,,7970.0,5190.0,2721.0,2474.0,2202.0,1370.0,1120.0,1053.0,1855.0,,,
2022,Medium,Easthampton,,,,6207.0,3206.0,1506.0,1515.0,1230.0,1148.0,601.0,503.0,1059.0,4956.191411042945,7960.738650306748,1000.4831438910217
2022,Medium,Gateway,,,,7561.0,4226.0,3050.0,2021.0,2054.0,1340.0,955.0,767.0,765.0,7284.742307692309,6689.760256410257,3231.079628205128
2022,Medium,Gill-Montague,,,,7401.0,5601.0,2399.0,2400.0,2256.0,1605.0,845.0,900.0,987.0,7350.367010309278,6252.916494845361,6031.539000000002
2022,Medium,Granby,,,,5597.0,3024.0,2389.0,1762.0,1049.0,1286.0,1040.0,1818.0,443.0,6839.8978102189785,7515.732846715328,944.1634101727012
2022,Medium,Hoosac Valley Regional,,,,6256.0,3896.0,2147.0,1969.0,1453.0,1215.0,1042.0,567.0,1246.0,,,
2022,Medium,Lenox,,,,9017.0,4242.0,1677.0,2042.0,1920.0,1036.0,748.0,860.0,1099.0,2595.5745967741937,9646.449596774191,15671.617001841185
2022,Medium,Mohawk Trail,,,,7428.0,5668.0,3316.0,3228.0,2048.0,1771.0,1399.0,839.0,873.0,,,
2022,Medium,Monson,,,,6206.0,3376.0,2667.0,2192.0,1323.0,1368.0,872.0,841.0,1152.0,8570.288788221971,6803.451868629672,1195.444070146876
2022,Medium,Mount Greylock,,,,6645.0,3833.0,1748.0,2233.0,1968.0,988.0,580.0,669.0,825.0,,,
2022,Medium,North Adams,,,,6669.0,4861.0,2838.0,2002.0,1791.0,1593.0,769.0,557.0,1381.0,,,
2022,Medium,Palmer,,,,6364.0,3863.0,1699.0,1280.0,1114.0,840.0,711.0,719.0,755.0,8311.97268588771,5152.592564491654,1296.3215245670626
2022,Medium,Southwick-Tolland-Granville Regional School District,,,,6813.0,2281.0,2118.0,1615.0,1395.0,1064.0,604.0,776.0,1078.0,,,
2022,Medium,Ware,,,,5720.0,3322.0,2516.0,2019.0,1539.0,903.0,377.0,443.0,1084.0,8772.75646045419,4223.270947533281,1285.3215604028755
2022,Large,Agawam,,,,7770.0,3722.0,2166.0,1966.0,967.0,989.0,440.0,834.0,741.0,5673.930034129693,6661.33276450512,6667.506971547276
2022,Large,Athol-Royalston,,,,5245.0,3397.0,2164.0,1398.0,1440.0,1226.0,581.0,620.0,487.0,10902.003601440576,2296.830732292917,698.4078631452581
2022,Large,Belchertown,,,,6368.0,2612.0,2239.0,1151.0,1541.0,1053.0,519.0,598.0,490.0,6329.521778584392,5833.497277676951,2014.0815220791155
2022,Large,Central Berkshire,,,,5939.0,3771.0,2240.0,1480.0,1666.0,1280.0,581.0,617.0,710.0,,,
2022,Large,Chicopee,,,,7475.0,2736.0,2196.0,1612.0,1645.0,993.0,745.0,338.0,1520.0,9973.30843307195,4307.049525381758,229.87207300844372
2022,Large,East Longmeadow,,,,6495.0,2889.0,1671.0,1768.0,1172.0,728.0,530.0,694.0,890.0,,,
2022,Large,Greenfield,,,,5982.0,4234.0,1875.0,2275.0,1618.0,982.0,881.0,603.0,1005.0,7508.386767079075,5476.606777837547,2580.7462944162107
2022,Large,Hampden-Wilbraham,,,,6156.0,3157.0,2149.0,1770.0,1655.0,877.0,530.0,692.0,656.0,4278.169636493229,7831.21560940841,3625.333888096936
2022,Large,Holyoke,,,,6396.0,3205.0,2557.0,2090.0,1827.0,2026.0,896.0,626.0,2863.0,13452.4887157006,1963.205640966858,-0.1622950819879407
2022,Large,Longmeadow,,,,7152.0,2524.0,1260.0,1602.0,1426.0,928.0,513.0,642.0,637.0,2125.852865064695,8884.374121996303,5264.206990757857
2022,Large,Ludlow,,,,6951.0,3342.0,1546.0,2203.0,1433.0,1446.0,551.0,546.0,681.0,5824.196976060479,7004.441411171777,4312.045926058114
2022,Large,Northampton,,,,6461.0,3355.0,1608.0,2235.0,1513.0,1008.0,688.0,794.0,821.0,2875.771460843373,9529.296310240965,4044.957989457832
2022,Large,Pittsfield,,,,7057.0,4876.0,1963.0,1488.0,1617.0,1398.0,432.0,860.0,1215.0,8701.697038724373,5160.297879796741,2625.5744143228217
2022,Large,South Hadley,,,,6358.0,2603.0,1773.0,1866.0,1337.0,772.0,689.0,615.0,735.0,,,
2022,Large,West Springfield,,,,6733.0,2406.0,1998.0,1626.0,1095.0,1024.0,350.0,849.0,429.0,,,
2022,Large,Westfield,,,,6476.0,3356.0,1821.0,1379.0,1252.0,1040.0,397.0,723.0,672.0,7521.239558232932,5757.935140562249,1503.7204958652517
2022,Springfield,Springfield,,,,7095.0,3461.0,3080.0,1518.0,1536.0,1402.0,501.0,522.0,2260.0,13839.861172110895,1481.4594427669504,0.0002294873270136
2023,Tiny,Florida,,,,7410.0,3557.0,1646.0,2163.0,1707.0,1755.0,1072.0,364.0,678.0,8692.140625,7166.109375,7481.591603232115
2023,Tiny,Hancock,,,,6790.0,249.0,2015.0,3909.0,1045.0,1922.0,733.0,704.0,502.0,3633.7901234567903,9008.456790123457,5209.941728395063
2023,Tiny,Hawlemont,,,,9600.0,5007.0,3441.0,3837.0,2265.0,1806.0,1561.0,924.0,1753.0,8464.157894736842,8239.618421052632,12910.088450526317
2023,Tiny,Rowe,,,,8719.0,6588.0,2435.0,3682.0,2142.0,3015.0,1419.0,235.0,856.0,3266.0227272727275,12889.25,30534.297045454536
2023,Tiny,Savoy,,,,9493.0,6091.0,2533.0,2903.0,1720.0,3773.0,1341.0,239.0,719.0,11553.31111111111,10374.90088888889,1753.723869888888
2023,Tiny,Worthington,,,,6039.0,3681.0,3671.0,2846.0,4262.0,1523.0,1663.0,372.0,1166.0,3418.0841121495328,9599.065420560748,5628.237203322954
2023,Small,Chesterfield-Goshen,,,,7141.0,2710.0,2016.0,1446.0,1991.0,1147.0,807.0,482.0,915.0,6247.950819672131,8123.803278688524,5059.300852459016
2023,Small,Clarksburg,,,,6500.0,3545.0,1033.0,1634.0,933.0,1228.0,1050.0,233.0,262.0,9270.892857142857,3883.6989795918366,2898.5940912244887
2023,Small,Conway,,,,8600.0,4618.0,1977.0,4817.0,2876.0,1817.0,917.0,490.0,1540.0,8121.589743589743,10390.076923076924,13522.698133333335
2023,Small,Deerfield,,,,7603.0,3246.0,1566.0,3523.0,1836.0,1384.0,715.0,394.0,1172.0,4014.7640845070414,9617.214788732394,8595.377504253518
2023,Small,Erving,,,,9148.0,8734.0,845.0,6166.0,2597.0,2086.0,1163.0,759.0,709.0,2392.3024390243904,9822.760975609755,14092.473520780486
2023,Small,Farmington River Reg,,,,7993.0,8246.0,5620.0,4576.0,3161.0,1955.0,2359.0,639.0,1136.0,,,
2023,Small,Frontier,,,,6837.0,3852.0,3059.0,1448.0,1950.0,1275.0,727.0,932.0,1367.0,5637.349514563107,10373.429126213592,7227.865454373592
2023,Small,Hadley,,,,7672.0,2812.0,2753.0,1721.0,1813.0,1626.0,1256.0,454.0,845.0,2796.4904862579283,10509.471458773784,6517.949260443425
2023,Small,Hampshire,,,,7608.0,4025.0,3297.0,1252.0,1604.0,1000.0,744.0,784.0,1504.0,5481.306424986973,8424.364085582974,8174.591013426715
2023,Small,Hatfield,,,,9462.0,2463.0,2104.0,2052.0,1745.0,1316.0,1240.0,655.0,491.0,2646.936555891238,9932.31419939577,9041.558814144655
2023,Small,Lee,,,,8608.0,4595.0,1901.0,2244.0,1624.0,1172.0,681.0,896.0,1056.0,3814.355357142857,11398.214285714286,8900.375979535715
2023,Small,Leverett,,,,6724.0,3611.0,1976.0,3266.0,2292.0,1430.0,1061.0,659.0,756.0,3490.25,8667.785714285714,9931.4170886199
2023,Small,New Salem-Wendell,,,,6509.0,5058.0,1639.0,4148.0,1744.0,1578.0,1884.0,892.0,819.0,,,
2023,Small,Orange,,,,6464.0,2733.0,2893.0,2576.0,1262.0,915.0,805.0,745.0,2186.0,10670.44406779661,3816.81186440678,71.61661281807947
2023,Small,Pelham,,,,6430.0,3983.0,1113.0,2594.0,1524.0,1782.0,614.0,775.0,422.0,3761.276923076923,9779.8,18639.092307692303
2023,Small,Petersham,,,,5661.0,2917.0,2309.0,2128.0,1631.0,1444.0,634.0,477.0,1612.0,6791.276923076923,8515.046153846153,12789.50723076923
2023,Small,Pioneer Valley,,,,6474.0,4593.0,2994.0,2990.0,2115.0,1538.0,1036.0,961.0,476.0,,,
2023,Small,Ralph C Mahar,,,,7789.0,4071.0,3157.0,1471.0,5538.0,1749.0,930.0,1066.0,1256.0,,,
2023,Small,Richmond,,,,9092.0,3783.0,2779.0,1968.0,2169.0,1746.0,959.0,0.0,2964.0,4223.401639344263,9164.44262295082,16489.39410327869
2023,Small,Shutesbury,,,,8898.0,4007.0,2249.0,3441.0,2051.0,1323.0,934.0,697.0,1102.0,6393.26,7190.67,12784.601091200002
2023,Small,Southampton,,,,6043.0,2388.0,981.0,1269.0,1257.0,780.0,648.0,128.0,514.0,5403.595833333334,8095.802083333333,1555.9748293283822
2023,Small,Southern Berkshire,,,,9960.0,6656.0,5217.0,2280.0,3648.0,1981.0,1305.0,983.0,737.0,,,
2023,Small,Sunderland,,,,9107.0,3352.0,2198.0,4581.0,2407.0,1403.0,675.0,542.0,2069.0,5507.627329192546,9784.875776397515,8310.508210225222
2023,Small,Westhampton,,,,9720.0,5485.0,1637.0,1910.0,1681.0,1730.0,584.0,424.0,625.0,4960.306122448979,10499.673469387755,10169.132653061224
2023,Small,Whately,,,,6693.0,3307.0,2150.0,3701.0,2012.0,1970.0,631.0,680.0,1669.0,3530.12987012987,9489.324675324677,17046.939554438286
2023,Small,Williamsburg,,,,8215.0,4231.0,1878.0,1595.0,2374.0,1724.0,733.0,569.0,1084.0,4849.982558139535,7816.994186046511,6075.296943731113
2023,Medium,Amherst,,,,9451.0,6022.0,1728.0,3746.0,1941.0,1847.0,981.0,1093.0,1475.0,5838.002816901409,9823.315492957749,10546.69137712676
2023,Medium,Amherst-Pelham,,,,8158.0,5887.0,2771.0,2968.0,1957.0,1644.0,928.0,1406.0,457.0,7389.28015267206,10160.76106870229,5321.47879554542
2023,Medium,Berkshire Hills,,,,8596.0,5647.0,3440.0,2767.0,2288.0,1559.0,1306.0,1210.0,2268.0,,,
2023,Medium,Gateway,,,,7490.0,4094.0,2892.0,2351.0,2122.0,1262.0,989.0,826.0,1304.0,7595.940318302389,7160.286472148542,3337.247128384848
2023,Medium,Gill-Montague,,,,7370.0,5510.0,2461.0,2826.0,2690.0,1737.0,795.0,882.0,1103.0,7625.540196078431,6360.302941176471,5781.656284618451
2023,Medium,Granby,,,,5505.0,3005.0,2645.0,1831.0,1223.0,1226.0,1013.0,1546.0,395.0,7126.862745098039,8192.425339366517,1033.3102922777268
2023,Medium,Hoosac Valley Regional,,,,6440.0,4166.0,2259.0,1834.0,1420.0,1489.0,1008.0,601.0,1200.0,,,
2023,Medium,Lenox,,,,8432.0,4245.0,2014.0,1934.0,1904.0,865.0,751.0,973.0,1632.0,2770.326315789473,10614.976842105263,18939.916926906782
2023,Medium,Mohawk Trail,,,,7165.0,5718.0,3275.0,3384.0,2085.0,1738.0,1242.0,874.0,927.0,,,
2023,Medium,Monson,,,,6888.0,3829.0,2554.0,1891.0,1428.0,1535.0,868.0,818.0,1161.0,8942.118544600939,7353.163145539906,1145.1006063875882
2023,Medium,Mount Greylock,,,,7636.0,3911.0,2062.0,2432.0,1805.0,1064.0,625.0,769.0,662.0,,,
2023,Medium,North Adams,,,,7251.0,5342.0,2864.0,1878.0,2024.0,1647.0,863.0,532.0,1841.0,,,
2023,Medium,Palmer,,,,7022.0,3939.0,2821.0,2696.0,2171.0,1180.0,751.0,751.0,585.0,8614.589051657671,5457.205088666153,2530.650761749725
2023,Medium,Southwick-Tolland-Granville Regional School District,,,,6853.0,2568.0,2443.0,1642.0,1560.0,1146.0,628.0,805.0,1343.0,,,
2023,Medium,Ware,,,,6349.0,3660.0,3185.0,1896.0,2003.0,956.0,606.0,519.0,969.0,9758.886867088608,4454.422468354431,959.9134936764942
2023,Large,Agawam,,,,7765.0,3734.0,1700.0,2005.0,1727.0,996.0,456.0,1000.0,1032.0,6421.41432748538,7168.133918128655,5740.078665904659
2023,Large,Athol-Royalston,,,,5367.0,3390.0,2457.0,1670.0,1683.0,1215.0,721.0,698.0,702.0,11916.72200113701,2352.878908470722,214.7971448439569
2023,Large,Belchertown,,,,6411.0,2770.0,2475.0,1294.0,1599.0,894.0,755.0,540.0,549.0,6468.022967386311,6016.996784565917,2175.0968639466364
2023,Large,Central Berkshire,,,,6106.0,3952.0,2384.0,1595.0,1736.0,1123.0,699.0,824.0,583.0,,,
2023,Large,Chicopee,,,,7519.0,2806.0,2645.0,2209.0,1954.0,976.0,890.0,414.0,2303.0,11216.886142738127,4458.404054429325,1404.4674544657264
2023,Large,East Longmeadow,,,,6612.0,3084.0,1844.0,1810.0,1686.0,739.0,545.0,694.0,1068.0,,,
2023,Large,Easthampton,,,,6134.0,3154.0,1682.0,1601.0,1195.0,1119.0,651.0,603.0,866.0,5170.8034825870645,8132.597636815921,1410.0887288955685
2023,Large,Greenfield,,,,6932.0,4905.0,2647.0,2367.0,1639.0,1273.0,832.0,495.0,680.0,8498.142316017316,5747.818722943723,2875.942748514165
2023,Large,Hampden-Wilbraham,,,,6366.0,3268.0,2252.0,1921.0,1617.0,929.0,616.0,720.0,509.0,4285.46427314326,8026.523759239704,3612.7466100250535
2023,Large,Holyoke,,,,6522.0,3489.0,2858.0,2509.0,2579.0,2032.0,684.0,790.0,3461.0,14879.90800596718,1963.1797738123596,-109.42852783252278
2023,Large,Longmeadow,,,,7240.0,2676.0,1439.0,1694.0,1531.0,892.0,542.0,658.0,603.0,2365.9248723559444,9132.598468271335,5138.349762462126
2023,Large,Ludlow,,,,7253.0,4099.0,2353.0,2005.0,1299.0,1488.0,636.0,548.0,394.0,6060.611423626136,7538.46603202077,4842.150770763316
2023,Large,Northampton,,,,7083.0,3107.0,1931.0,2579.0,1463.0,1045.0,815.0,864.0,775.0,2914.2784005979074,9954.76644245142,3703.848178549064
2023,Large,Pittsfield,,,,7507.0,5214.0,2231.0,1982.0,1658.0,1649.0,497.0,1005.0,1452.0,9657.317728729086,5424.470274118904,2873.528981063169
2023,Large,South Hadley,,,,6920.0,2801.0,2195.0,1890.0,1350.0,970.0,717.0,681.0,883.0,,,
2023,Large,West Springfield,,,,7031.0,2574.0,2098.0,1685.0,1239.0,1145.0,402.0,948.0,539.0,,,
2023,Large,Westfield,,,,6773.0,3332.0,1917.0,1441.0,1334.0,1084.0,408.0,756.0,1027.0,8009.530750307503,6189.886428864289,1440.5503441996173
2023,Springfield,Springfield,,,,7561.0,3852.0,3054.0,1776.0,3453.0,1534.0,599.0,621.0,2923.0,15348.472617341768,1562.821969035054,-6.3272102132512e-05
2024,Tiny,Conway,,,,8063.0,3648.0,3001.0,5577.0,2617.0,1644.0,763.0,441.0,1446.0,9658.242424242424,11772.636363636364,14940.881230303024
2024,Tiny,Erving,,,,9898.0,8391.0,2483.0,6045.0,3154.0,2028.0,1164.0,592.0,811.0,2738.9162561576354,10420.635467980295,12943.731653940888
2024,Tiny,Farmington River Reg,,,,8302.0,12927.0,4774.0,4172.0,6295.0,2256.0,3416.0,721.0,1315.0,,,
2024,Tiny,Florida,,,,7927.0,4031.0,1772.0,2444.0,1794.0,2004.0,1155.0,377.0,1671.0,9819.59649122807,7463.0,9055.17701754386
2024,Tiny,Hancock,,,,8217.0,311.0,3072.0,4760.0,891.0,2314.0,818.0,649.0,804.0,5067.5,9077.790697674418,8037.941409302323
2024,Tiny,Hawlemont,,,,13116.0,7098.0,5182.0,4347.0,4059.0,2576.0,2085.0,1137.0,1589.0,7052.130434782609,8127.423913043478,9334.208633185535
2024,Tiny,Leverett,,,,6395.0,3793.0,2148.0,3526.0,2158.0,1663.0,953.0,666.0,608.0,3930.3762376237614,9452.871287128712,10957.431683168315
2024,Tiny,New Salem-Wendell,,,,7086.0,5649.0,3623.0,4085.0,1978.0,2612.0,1054.0,932.0,534.0,,,
2024,Tiny,Pelham,,,,7127.0,4670.0,1755.0,3010.0,1614.0,1885.0,917.0,1855.0,207.0,3940.68253968254,10030.666666666666,20252.19047619048
2024,Tiny,Petersham,,,,6546.0,2844.0,2718.0,2090.0,1900.0,1475.0,763.0,506.0,749.0,6444.2467532467535,8280.987012987012,9335.425974025977
2024,Tiny,Richmond,,,,12193.0,3937.0,2643.0,1672.0,2620.0,1821.0,818.0,76.0,851.0,4353.791666666667,11367.491666666669,16580.229723999997
2024,Tiny,Rowe,,,,11161.0,7749.0,2430.0,3971.0,2108.0,3203.0,2224.0,229.0,1222.0,3565.0,15118.975609756097,34082.380731707315
2024,Tiny,Savoy,,,,8590.0,4603.0,2074.0,2637.0,1726.0,1386.0,1376.0,349.0,358.0,13057.475,10748.1,1275.0474999999976
2024,Tiny,Shutesbury,,,,9669.0,3501.0,2136.0,4359.0,2754.0,2103.0,1015.0,826.0,545.0,5819.693693693694,7391.0,10450.082232612613
2024,Tiny,Sunderland,,,,8947.0,4031.0,2476.0,4549.0,3037.0,1563.0,658.0,882.0,1810.0,6133.479452054795,10656.30821917808,10949.694876712332
2024,Tiny,Whately,,,,7249.0,3694.0,2079.0,3560.0,2115.0,2018.0,691.0,711.0,1476.0,3874.6235294117646,9387.29411764706,15247.469529411766
2024,Tiny,Worthington,,,,6107.0,4277.0,2426.0,2422.0,2873.0,2582.0,401.0,5.0,1892.0,3874.7166666666662,9198.533333333333,5858.623114166665
2024,Small,Clarksburg,,,,6097.0,2996.0,1075.0,1502.0,813.0,1096.0,965.0,268.0,266.0,10686.286549707602,4309.146198830409,1989.302375789473
2024,Small,Deerfield,,,,7753.0,3780.0,2859.0,3766.0,2270.0,1464.0,775.0,502.0,1213.0,4117.626334519573,10191.039145907473,9451.530696028472
2024,Small,Frontier,,,,6693.0,4151.0,2988.0,1637.0,2147.0,1199.0,720.0,1006.0,1340.0,6009.252049180328,11274.715163934428,7934.611342110659
2024,Small,Gateway,,,,7920.0,4798.0,3525.0,2406.0,2193.0,1520.0,953.0,862.0,1253.0,7551.076335877864,7171.105597964378,2834.9467116703045
2024,Small,Granby,,,,5890.0,3122.0,2448.0,1771.0,1345.0,1331.0,905.0,1523.0,489.0,7091.413690476191,8433.510416666666,1277.319507542515
2024,Small,Hadley,,,,7832.0,2539.0,3246.0,1912.0,4656.0,1868.0,1258.0,601.0,1261.0,2960.745614035088,11356.607456140351,6827.376153037279
2024,Small,Hatfield,,,,10385.0,2916.0,2245.0,1884.0,1670.0,1372.0,1588.0,715.0,1977.0,2823.8359621451104,10952.776025236592,9143.287733596217
2024,Small,Lee,,,,9235.0,4749.0,1986.0,2866.0,1840.0,1240.0,720.0,702.0,817.0,3807.436842105263,11861.18245614035,8762.501902736842
2024,Small,Lenox,,,,8840.0,4578.0,1842.0,1983.0,2143.0,1098.0,907.0,1169.0,1384.0,2751.01226993865,11088.525562372188,18876.96871030675
2024,Small,Orange,,,,6833.0,3454.0,2515.0,3380.0,1130.0,1111.0,821.0,671.0,1894.0,11800.861063464838,4001.025728987993,147.25859423670568
2024,Small,Pioneer Valley,,,,7543.0,5580.0,3481.0,2972.0,2990.0,1998.0,1061.0,1085.0,780.0,,,
2024,Small,Ralph C Mahar,,,,9061.0,4394.0,4375.0,1571.0,4325.0,1683.0,1009.0,1269.0,1353.0,,,
2024,Small,Southern Berkshire,,,,7733.0,6202.0,6705.0,3514.0,3683.0,1945.0,1260.0,1197.0,923.0,,,
2024,Medium,Amherst,,,,9745.0,6605.0,1965.0,4612.0,2248.0,2498.0,1213.0,1053.0,1328.0,5953.339336492891,10585.922274881515,11077.950241327017
2024,Medium,Amherst-Pelham,,,,8270.0,6248.0,2766.0,2851.0,2221.0,2336.0,1277.0,1465.0,799.0,7658.082417582729,10834.806122448976,6058.931852417268
2024,Medium,Berkshire Hills,,,,9050.0,5692.0,3801.0,2920.0,2559.0,1833.0,1267.0,1179.0,1956.0,,,
2024,Medium,Central Berkshire,,,,6552.0,4022.0,2253.0,1593.0,1744.0,1013.0,696.0,853.0,1047.0,,,
2024,Medium,Easthampton,,,,6238.0,3297.0,1873.0,1732.0,1117.0,1203.0,644.0,595.0,672.0,5445.928346951603,8733.213702074167,1307.963110340983
2024,Medium,Gill-Montague,,,,7460.0,5672.0,2536.0,2880.0,2535.0,1802.0,837.0,934.0,1689.0,8273.359028511088,7228.554382259767,6382.417874009157
2024,Medium,Greenfield,,,,6852.0,5321.0,3548.0,2538.0,2109.0,1299.0,1017.0,598.0,955.0,9047.03908431044,6192.654383026243,3104.802073659967
2024,Medium,Hoosac Valley Regional,,,,6554.0,4401.0,2500.0,2106.0,2258.0,1822.0,1052.0,622.0,1135.0,,,
2024,Medium,Mohawk Trail,,,,7352.0,5913.0,3305.0,3505.0,1944.0,1580.0,1273.0,1023.0,1229.0,,,
2024,Medium,Monson,,,,7413.0,4124.0,2779.0,2059.0,1734.0,1513.0,840.0,716.0,1497.0,9465.783950617284,7895.095061728395,1448.537836000001
2024,Medium,Mount Greylock,,,,7662.0,4023.0,2288.0,2519.0,1764.0,1128.0,768.0,825.0,728.0,,,
2024,Medium,North Adams,,,,7970.0,5827.0,2989.0,2001.0,2335.0,1940.0,853.0,602.0,1783.0,,,
2024,Medium,Palmer,,,,7734.0,4735.0,2761.0,1835.0,1726.0,1883.0,860.0,786.0,834.0,9421.760450160771,5852.65996784566,2677.0072608279734
2024,Medium,Southwick-Tolland-Granville Regional School District,,,,7242.0,2687.0,2844.0,1558.0,1623.0,1168.0,700.0,810.0,1679.0,,,
2024,Medium,Ware,,,,6126.0,3706.0,3332.0,2268.0,1731.0,1144.0,608.0,425.0,1008.0,10701.947784810129,4646.159018987341,545.605305392746
2024,Large,Agawam,,,,8125.0,4008.0,2009.0,1926.0,1569.0,1067.0,485.0,868.0,863.0,7314.951183864367,7416.849751534639,5324.984644758844
2024,Large,Athol-Royalston,,,,5830.0,3241.0,2839.0,1934.0,1630.0,1279.0,684.0,637.0,907.0,13393.279495990835,2505.343642611684,-491.3777644680354
2024,Large,Belchertown,,,,6795.0,2871.0,2858.0,1385.0,1385.0,817.0,496.0,651.0,629.0,6603.162639405205,6395.553903345725,2073.3021470058857
2024,Large,Chicopee,,,,8184.0,2971.0,3096.0,1899.0,2141.0,1120.0,1110.0,491.0,1854.0,12395.695087915155,4725.901758303098,1323.4023549167694
2024,Large,East Longmeadow,,,,6867.0,3280.0,1993.0,2392.0,1728.0,774.0,626.0,698.0,1086.0,,,
2024,Large,Hampden-Wilbraham,,,,6511.0,3354.0,2405.0,1876.0,1637.0,912.0,509.0,759.0,473.0,4420.674785100287,8584.81124641834,3441.649983918337
2024,Large,Holyoke,,,,6605.0,3118.0,3141.0,2959.0,1672.0,1997.0,710.0,752.0,3665.0,16361.689335133313,2212.7832110046597,-358.8869146798692
2024,Large,Longmeadow,,,,7392.0,2768.0,1401.0,1656.0,1613.0,931.0,655.0,715.0,579.0,2605.273027522936,9575.534678899085,5252.861193577981
2024,Large,Ludlow,,,,7279.0,4166.0,1927.0,1815.0,1477.0,1659.0,625.0,529.0,451.0,6431.947953736655,8082.194395017794,5026.9640335364775
2024,Large,Northampton,,,,7490.0,3687.0,1902.0,2663.0,1577.0,1085.0,756.0,968.0,1139.0,2983.0168665667165,10523.613568215893,4749.564266996143
2024,Large,Pittsfield,,,,7695.0,5333.0,2366.0,1939.0,1918.0,1548.0,529.0,927.0,1484.0,10910.441097364172,5750.134480903712,2541.7990592709416
2024,Large,South Hadley,,,,7270.0,3115.0,2342.0,2275.0,1646.0,1102.0,656.0,643.0,761.0,,,
2024,Large,West Springfield,,,,7090.0,2814.0,2221.0,1737.0,1621.0,1097.0,437.0,968.0,775.0,,,
2024,Large,Westfield,,,,7120.0,3354.0,2153.0,1700.0,1291.0,1202.0,445.0,717.0,1254.0,8867.144359661786,6601.765518663642,1003.0658827861404
2024,Springfield,Springfield,,,,7737.0,3906.0,3204.0,2014.0,3806.0,1571.0,609.0,697.0,3071.0,16865.6982277766,1695.4771874039632,-0.0001819911800534
